country,year,adaptation_and_nature_solutions,climate_science_and_phenomena,energy_and_technology,extreme_weather_and_impacts,greenhouse_gases_and_emissions,policy_agreements_and_economics,total_sentences,climate_sentences_BERT,climate_sentence_ratio_BERT
AFG,1952,0.0,0.0,0.0,0.0,0.0,0.0,19,0,0.0
AFG,1957,0.0,0.0,0.0,0.0,0.0,0.0,24,0,0.0
AFG,1958,0.0,0.0,0.0,0.0,0.0,0.0,51,0,0.0
AFG,1959,0.0,0.0,0.0,0.0,0.0,0.0,95,0,0.0
AFG,1960,0.0,0.0,0.0,0.0,0.0,0.0,54,0,0.0
AFG,1961,0.0,0.0,0.0,0.0,0.0,0.0,40,1,0.025
AFG,1962,0.0,0.0,0.0,0.0,0.0,0.0,62,0,0.0
AFG,1963,0.0,0.0,0.0,0.0,0.0,0.0,66,0,0.0
AFG,1964,0.0,0.0,0.0,0.0,0.0,0.0,67,0,0.0
AFG,1965,0.0,0.0,0.0,0.0,0.0,0.0,171,2,0.011695906432748537
AFG,1966,0.0,0.0,0.0,0.0,0.0,0.0,139,3,0.02158273381294964
AFG,1968,0.0,0.0,0.0,0.0,0.0,0.0,175,4,0.022857142857142857
AFG,1969,0.0,0.0,0.0,0.0,0.0,0.0,129,1,0.007751937984496124
AFG,1971,0.0,0.0,0.0,0.0,0.0,0.0,91,0,0.0
AFG,1972,0.0,0.0,0.0,0.0,0.0,0.0,70,2,0.02857142857142857
AFG,1973,0.0,0.0,0.0,0.0,0.0,0.0,80,1,0.0125
AFG,1974,0.0,0.0,0.0,0.0,0.0,0.0,83,1,0.012048192771084338
AFG,1975,0.0,0.0,0.0,0.0,0.0,0.0,51,0,0.0
AFG,1976,0.0,0.0,0.0,0.0,0.0,0.0,49,0,0.0
AFG,1977,0.0,0.0,0.0,0.0,0.0,0.0,40,1,0.025
AFG,1978,0.0,0.0,0.0,0.0,0.0,0.0,56,1,0.017857142857142856
AFG,1979,0.0,0.0,0.0,0.0,0.0,0.0,65,0,0.0
AFG,1980,0.0,0.0,0.0,0.0,0.0,0.0,97,1,0.010309278350515464
AFG,1981,0.0,0.0,0.0,0.0,0.0,0.0,115,2,0.017391304347826087
AFG,1982,0.0,0.0,0.0,0.0,0.0,0.0,72,3,0.041666666666666664
AFG,1983,0.0,0.0,1.0,0.0,0.0,0.0,58,0,0.0
AFG,1984,0.0,0.0,1.0,0.0,0.0,0.0,82,1,0.012195121951219513
AFG,1985,0.0,0.0,0.0,0.0,0.0,0.0,76,1,0.013157894736842105
AFG,1986,0.0,0.0,0.0,0.0,0.0,0.0,42,2,0.047619047619047616
AFG,1987,0.0,0.0,0.0,0.0,0.0,0.0,67,1,0.014925373134328358
AFG,1988,0.0,0.0,0.0,0.0,0.0,0.0,96,4,0.041666666666666664
AFG,1989,0.0,0.0,0.0,0.0,0.0,0.0,99,4,0.04040404040404041
AFG,1990,0.0,0.0,0.0,0.0,0.0,0.0,119,2,0.01680672268907563
AFG,1991,0.0,0.0,0.0,0.0,0.0,0.0,113,0,0.0
AFG,1992,0.0,0.0,0.0,0.0,0.0,0.0,70,6,0.08571428571428572
AFG,1993,0.0,0.0,0.0,0.0,0.0,0.0,95,7,0.07368421052631578
AFG,1994,0.0,0.0,0.0,0.0,0.0,0.0,97,1,0.010309278350515464
AFG,1995,0.0,0.0,0.0,0.0,0.0,0.0,122,2,0.01639344262295082
AFG,1996,0.0,0.0,0.0,0.0,0.0,0.0,86,1,0.011627906976744186
AFG,1997,0.0,0.0,0.0,0.0,0.0,0.0,77,1,0.012987012987012988
AFG,1998,0.0,0.0,0.0,0.0,0.0,0.0,54,1,0.018518518518518517
AFG,1999,0.0,0.0,0.0,0.0,0.0,0.0,35,0,0.0
AFG,2000,0.0,0.0,0.0,0.0,0.0,0.0,34,0,0.0
AFG,2001,0.0,0.0,0.0,0.0,0.0,0.0,50,1,0.02
AFG,2002,0.0,0.0,0.0,0.0,0.0,0.0,41,1,0.024390243902439025
AFG,2003,0.0,0.0,0.0,0.0,0.0,0.0,59,0,0.0
AFG,2004,0.0,0.0,0.0,0.0,0.0,0.0,46,0,0.0
AFG,2005,0.0,0.0,0.0,0.0,0.0,0.0,32,0,0.0
AFG,2006,0.0,0.0,0.0,0.0,0.0,0.0,56,0,0.0
AFG,2007,0.0,0.0,0.0,0.0,0.0,0.0,56,3,0.05357142857142857
AFG,2008,0.0,0.0,0.0,1.0,0.0,0.0,48,2,0.041666666666666664
AFG,2009,0.0,0.0,0.0,0.0,0.0,0.0,53,1,0.018867924528301886
AFG,2010,0.0,0.0,0.0,0.0,0.0,0.0,60,4,0.06666666666666667
AFG,2011,0.0,0.0,0.0,0.0,0.0,0.0,95,3,0.031578947368421054
AFG,2012,0.0,0.0,0.0,0.0,0.0,0.0,42,1,0.023809523809523808
AFG,2013,0.0,0.0,0.0,0.0,0.0,0.0,74,1,0.013513513513513514
AFG,2014,0.0,0.0,0.0,0.0,0.0,0.0,38,3,0.07894736842105263
AFG,2015,0.0,0.0,0.0,0.0,0.0,0.0,49,1,0.02040816326530612
AFG,2016,0.0,0.0,0.0,0.0,0.0,0.0,65,1,0.015384615384615385
AFG,2017,0.0,0.0,0.0,0.0,0.0,0.0,67,1,0.014925373134328358
AFG,2018,0.0,0.0,0.0,0.0,0.0,0.0,43,2,0.046511627906976744
AFG,2019,0.0,0.0,0.0,0.0,0.0,0.0,75,9,0.12
AFG,2020,0.0,0.0,0.0,0.0,0.0,0.0,39,8,0.20512820512820512
AGO,1977,0.0,0.0,0.0,0.0,0.0,0.0,26,0,0.0
AGO,1978,0.0,0.0,0.0,0.0,0.0,0.0,40,0,0.0
AGO,1980,0.0,0.0,0.0,0.0,0.0,0.0,49,0,0.0
AGO,1981,0.0,0.0,0.0,0.0,0.0,0.0,41,0,0.0
AGO,1982,0.0,0.0,0.0,0.0,0.0,0.0,57,0,0.0
AGO,1983,0.0,0.0,0.0,0.0,0.0,0.0,59,1,0.01694915254237288
AGO,1984,0.0,0.0,0.0,0.0,0.0,0.0,46,0,0.0
AGO,1985,0.0,0.0,0.0,0.0,0.0,0.0,38,2,0.05263157894736842
AGO,1986,0.0,0.0,0.0,0.0,0.0,0.0,33,0,0.0
AGO,1987,0.0,0.0,0.0,0.0,0.0,0.0,64,0,0.0
AGO,1988,0.0,0.0,0.0,0.0,0.0,0.0,82,0,0.0
AGO,1989,0.0,0.0,0.0,0.0,0.0,0.0,59,4,0.06779661016949153
AGO,1990,0.0,0.0,0.0,0.0,0.0,0.0,34,3,0.08823529411764706
AGO,1991,0.0,0.0,0.0,0.0,0.0,0.0,54,0,0.0
AGO,1992,0.0,0.0,0.0,0.0,0.0,0.0,73,6,0.0821917808219178
AGO,1993,0.0,0.0,0.0,0.0,0.0,0.0,69,1,0.014492753623188406
AGO,1994,0.0,0.0,0.0,0.0,0.0,0.0,48,1,0.020833333333333332
AGO,1995,0.0,0.0,0.0,0.0,0.0,0.0,56,1,0.017857142857142856
AGO,1996,0.0,0.0,0.0,0.0,0.0,0.0,79,6,0.0759493670886076
AGO,1997,0.0,0.0,0.0,0.0,0.0,0.0,40,1,0.025
AGO,1998,0.0,0.0,0.0,0.0,0.0,0.0,70,0,0.0
AGO,1999,0.0,0.0,0.0,0.0,0.0,0.0,66,2,0.030303030303030304
AGO,2000,0.0,0.0,0.0,0.0,0.0,0.0,65,1,0.015384615384615385
AGO,2001,0.0,0.0,0.0,0.0,0.0,0.0,38,1,0.02631578947368421
AGO,2002,0.0,0.0,0.0,0.0,0.0,0.0,34,0,0.0
AGO,2003,0.0,0.0,0.0,0.0,0.0,0.0,30,0,0.0
AGO,2004,0.0,0.0,0.0,0.0,0.0,0.0,27,0,0.0
AGO,2005,0.0,0.0,0.0,0.0,0.0,0.0,19,0,0.0
AGO,2006,0.0,0.0,0.0,0.0,0.0,0.0,68,0,0.0
AGO,2007,0.0,0.0,0.0,0.0,0.0,0.0,47,8,0.1702127659574468
AGO,2008,0.0,0.0,0.0,0.0,0.0,0.0,62,7,0.11290322580645161
AGO,2009,0.0,0.0,0.0,0.0,0.0,0.0,73,3,0.0410958904109589
AGO,2010,0.0,0.0,0.0,0.0,0.0,0.0,55,6,0.10909090909090909
AGO,2011,0.0,0.0,0.0,0.0,0.0,0.0,61,3,0.04918032786885246
AGO,2012,0.0,0.0,0.0,0.0,0.0,0.0,31,3,0.0967741935483871
AGO,2013,0.0,0.0,0.0,0.0,0.0,0.0,27,4,0.14814814814814814
AGO,2014,0.0,0.0,0.0,0.0,0.0,0.0,25,0,0.0
AGO,2015,0.0,0.0,0.0,0.0,0.0,0.0,31,5,0.16129032258064516
AGO,2016,0.0,0.0,0.0,0.0,0.0,0.0,30,6,0.2
AGO,2017,0.0,0.0,0.0,0.0,0.0,0.0,39,5,0.1282051282051282
AGO,2018,0.0,0.0,0.0,0.0,0.0,0.0,13,1,0.07692307692307693
AGO,2019,0.0,0.0,0.0,0.0,0.0,0.0,18,6,0.3333333333333333
AGO,2020,0.0,0.0,0.0,0.0,0.0,0.0,2,0,0.0
AGO,2021,0.0,0.0,0.0,0.0,0.0,0.0,25,2,0.08
AGO,2022,0.0,0.0,1.0,0.0,0.0,0.0,20,3,0.15
AGO,2023,0.0,0.0,0.0,0.0,0.0,0.0,48,7,0.14583333333333334
AGO,2024,0.0,0.0,1.0,0.0,0.0,0.0,66,10,0.15151515151515152
AGO,2025,0.0,0.0,0.0,0.0,0.0,1.0,54,8,0.14814814814814814
ALB,1956,0.0,0.0,0.0,0.0,0.0,0.0,72,1,0.013888888888888888
ALB,1957,0.0,0.0,0.0,0.0,0.0,0.0,91,1,0.01098901098901099
ALB,1958,0.0,0.0,0.0,0.0,0.0,0.0,82,2,0.024390243902439025
ALB,1959,0.0,0.0,0.0,0.0,0.0,0.0,116,4,0.034482758620689655
ALB,1960,0.0,0.0,0.0,0.0,0.0,0.0,90,1,0.011111111111111112
ALB,1961,0.0,0.0,0.0,0.0,0.0,0.0,108,3,0.027777777777777776
ALB,1962,0.0,0.0,0.0,0.0,0.0,0.0,141,1,0.0070921985815602835
ALB,1963,0.0,0.0,0.0,0.0,0.0,0.0,214,5,0.02336448598130841
ALB,1964,0.0,0.0,0.0,0.0,0.0,0.0,100,1,0.01
ALB,1965,0.0,0.0,0.0,0.0,0.0,0.0,190,0,0.0
ALB,1966,0.0,0.0,0.0,0.0,0.0,0.0,138,0,0.0
ALB,1967,0.0,0.0,0.0,0.0,0.0,0.0,132,2,0.015151515151515152
ALB,1968,0.0,0.0,0.0,0.0,0.0,0.0,263,1,0.0038022813688212928
ALB,1969,0.0,0.0,0.0,0.0,0.0,0.0,180,0,0.0
ALB,1970,0.0,0.0,0.0,0.0,0.0,0.0,133,0,0.0
ALB,1971,0.0,0.0,0.0,0.0,0.0,0.0,143,0,0.0
ALB,1972,0.0,0.0,0.0,0.0,0.0,0.0,118,1,0.00847457627118644
ALB,1973,0.0,0.0,0.0,0.0,0.0,0.0,151,1,0.006622516556291391
ALB,1974,0.0,0.0,1.0,0.0,0.0,0.0,119,2,0.01680672268907563
ALB,1975,0.0,0.0,0.0,0.0,0.0,0.0,110,0,0.0
ALB,1976,0.0,0.0,0.0,0.0,0.0,0.0,111,0,0.0
ALB,1977,0.0,0.0,0.0,0.0,0.0,0.0,125,2,0.016
ALB,1978,0.0,0.0,0.0,0.0,0.0,0.0,91,0,0.0
ALB,1979,0.0,0.0,0.0,0.0,0.0,0.0,105,1,0.009523809523809525
ALB,1980,0.0,0.0,0.0,0.0,0.0,0.0,60,1,0.016666666666666666
ALB,1981,0.0,0.0,0.0,0.0,0.0,0.0,91,4,0.04395604395604396
ALB,1982,0.0,0.0,0.0,0.0,0.0,0.0,106,0,0.0
ALB,1983,0.0,0.0,0.0,0.0,0.0,0.0,93,1,0.010752688172043012
ALB,1984,0.0,0.0,0.0,0.0,0.0,0.0,55,0,0.0
ALB,1985,0.0,0.0,0.0,0.0,0.0,0.0,75,0,0.0
ALB,1986,0.0,0.0,0.0,0.0,0.0,0.0,70,1,0.014285714285714285
ALB,1987,0.0,0.0,0.0,0.0,0.0,0.0,70,1,0.014285714285714285
ALB,1988,0.0,0.0,0.0,0.0,0.0,0.0,76,6,0.07894736842105263
ALB,1989,0.0,0.0,0.0,0.0,0.0,0.0,68,4,0.058823529411764705
ALB,1990,0.0,0.0,0.0,0.0,0.0,0.0,70,4,0.05714285714285714
ALB,1991,0.0,0.0,0.0,0.0,0.0,0.0,81,0,0.0
ALB,1992,0.0,0.0,0.0,0.0,0.0,0.0,85,4,0.047058823529411764
ALB,1993,0.0,0.0,0.0,0.0,0.0,0.0,65,1,0.015384615384615385
ALB,1994,0.0,0.0,0.0,0.0,0.0,0.0,97,1,0.010309278350515464
ALB,1995,0.0,0.0,0.0,0.0,0.0,0.0,47,0,0.0
ALB,1996,0.0,0.0,0.0,0.0,0.0,0.0,55,0,0.0
ALB,1997,0.0,0.0,0.0,0.0,0.0,0.0,61,1,0.01639344262295082
ALB,1998,0.0,0.0,0.0,0.0,0.0,0.0,67,1,0.014925373134328358
ALB,1999,0.0,0.0,0.0,0.0,0.0,0.0,57,0,0.0
ALB,2000,0.0,0.0,0.0,0.0,0.0,0.0,52,0,0.0
ALB,2001,0.0,0.0,0.0,0.0,0.0,0.0,31,1,0.03225806451612903
ALB,2002,0.0,0.0,0.0,0.0,0.0,0.0,65,2,0.03076923076923077
ALB,2003,0.0,0.0,0.0,0.0,0.0,0.0,39,1,0.02564102564102564
ALB,2004,0.0,0.0,0.0,0.0,0.0,0.0,55,2,0.03636363636363636
ALB,2005,0.0,0.0,0.0,0.0,0.0,0.0,68,0,0.0
ALB,2006,0.0,0.0,0.0,0.0,0.0,0.0,47,0,0.0
ALB,2007,0.0,0.0,0.0,0.0,0.0,0.0,56,1,0.017857142857142856
ALB,2008,0.0,0.0,0.0,0.0,0.0,0.0,69,6,0.08695652173913043
ALB,2009,0.0,0.0,2.0,0.0,0.0,0.0,70,5,0.07142857142857142
ALB,2010,0.0,0.0,0.0,0.0,0.0,0.0,75,2,0.02666666666666667
ALB,2011,0.0,0.0,1.0,0.0,0.0,0.0,118,16,0.13559322033898305
ALB,2012,0.0,0.0,0.0,0.0,0.0,0.0,52,3,0.057692307692307696
ALB,2013,0.0,0.0,0.0,0.0,0.0,0.0,69,4,0.057971014492753624
ALB,2014,0.0,0.0,0.0,0.0,0.0,0.0,50,3,0.06
ALB,2015,0.0,0.0,0.0,0.0,0.0,0.0,25,3,0.12
ALB,2016,0.0,0.0,0.0,0.0,0.0,0.0,30,2,0.06666666666666667
ALB,2017,0.0,0.0,0.0,0.0,0.0,0.0,62,4,0.06451612903225806
ALB,2018,0.0,0.0,0.0,0.0,0.0,0.0,56,8,0.14285714285714285
ALB,2019,0.0,0.0,0.0,0.0,0.0,0.0,64,13,0.203125
ALB,2020,0.0,0.0,0.0,0.0,0.0,0.0,25,3,0.12
ALB,2021,0.0,0.0,0.0,0.0,0.0,0.0,46,5,0.10869565217391304
ALB,2022,0.0,0.0,0.0,0.0,0.0,0.0,60,2,0.03333333333333333
ALB,2023,0.0,0.0,0.0,0.0,0.0,0.0,82,10,0.12195121951219512
ALB,2024,0.0,0.0,0.0,0.0,0.0,0.0,61,4,0.06557377049180328
ALB,2025,0.0,0.0,0.0,0.0,0.0,0.0,72,8,0.1111111111111111
AND,1994,0.0,0.0,0.0,0.0,0.0,0.0,31,3,0.0967741935483871
AND,1995,0.0,0.0,0.0,0.0,0.0,0.0,86,2,0.023255813953488372
AND,1996,0.0,0.0,0.0,0.0,0.0,0.0,75,0,0.0
AND,1997,0.0,0.0,0.0,0.0,0.0,0.0,66,5,0.07575757575757576
AND,1998,0.0,0.0,0.0,0.0,0.0,0.0,57,0,0.0
AND,1999,0.0,0.0,0.0,0.0,0.0,0.0,64,2,0.03125
AND,2000,0.0,0.0,0.0,0.0,0.0,0.0,70,4,0.05714285714285714
AND,2001,0.0,0.0,0.0,0.0,0.0,0.0,70,0,0.0
AND,2002,0.0,0.0,0.0,0.0,0.0,0.0,66,2,0.030303030303030304
AND,2003,0.0,0.0,0.0,0.0,0.0,0.0,46,6,0.13043478260869565
AND,2004,0.0,0.0,0.0,0.0,0.0,0.0,44,1,0.022727272727272728
AND,2005,0.0,0.0,0.0,0.0,0.0,0.0,31,3,0.0967741935483871
AND,2006,0.0,0.0,0.0,0.0,0.0,0.0,99,4,0.04040404040404041
AND,2007,0.0,0.0,0.0,0.0,0.0,0.0,63,12,0.19047619047619047
AND,2008,0.0,0.0,1.0,0.0,0.0,0.0,46,12,0.2608695652173913
AND,2009,0.0,0.0,0.0,0.0,0.0,0.0,63,6,0.09523809523809523
AND,2010,0.0,0.0,0.0,0.0,0.0,0.0,68,8,0.11764705882352941
AND,2011,0.0,0.0,0.0,0.0,0.0,0.0,76,14,0.18421052631578946
AND,2012,0.0,0.0,0.0,0.0,0.0,0.0,53,4,0.07547169811320754
AND,2013,0.0,0.0,0.0,0.0,0.0,0.0,48,5,0.10416666666666667
AND,2014,0.0,0.0,0.0,0.0,0.0,0.0,76,10,0.13157894736842105
AND,2015,0.0,0.0,0.0,0.0,0.0,0.0,95,17,0.17894736842105263
AND,2016,0.0,0.0,0.0,0.0,0.0,0.0,73,18,0.2465753424657534
AND,2017,0.0,0.0,1.0,0.0,0.0,0.0,67,23,0.34328358208955223
AND,2018,0.0,0.0,0.0,0.0,0.0,0.0,77,13,0.16883116883116883
AND,2019,0.0,0.0,0.0,0.0,0.0,0.0,65,26,0.4
AND,2020,0.0,0.0,0.0,0.0,0.0,0.0,50,12,0.24
AND,2021,0.0,0.0,0.0,0.0,0.0,0.0,74,20,0.2702702702702703
AND,2022,0.0,0.0,0.0,0.0,0.0,0.0,60,23,0.38333333333333336
AND,2023,0.0,0.0,0.0,0.0,0.0,0.0,69,25,0.36231884057971014
AND,2024,0.0,0.0,0.0,0.0,0.0,1.0,50,9,0.18
AND,2025,0.0,0.0,0.0,0.0,0.0,1.0,113,17,0.1504424778761062
ARE,1972,0.0,0.0,0.0,0.0,0.0,0.0,44,0,0.0
ARE,1973,0.0,0.0,0.0,0.0,0.0,0.0,53,6,0.11320754716981132
ARE,1974,0.0,0.0,0.0,0.0,0.0,0.0,69,13,0.18840579710144928
ARE,1975,0.0,0.0,0.0,0.0,0.0,0.0,53,2,0.03773584905660377
ARE,1976,0.0,0.0,0.0,0.0,0.0,0.0,40,0,0.0
ARE,1977,0.0,0.0,0.0,0.0,0.0,0.0,51,0,0.0
ARE,1978,0.0,0.0,0.0,0.0,0.0,0.0,48,1,0.020833333333333332
ARE,1979,0.0,0.0,0.0,0.0,0.0,0.0,31,1,0.03225806451612903
ARE,1980,0.0,0.0,0.0,0.0,0.0,0.0,73,7,0.0958904109589041
ARE,1981,0.0,0.0,0.0,0.0,0.0,0.0,76,2,0.02631578947368421
ARE,1982,0.0,0.0,0.0,0.0,0.0,0.0,61,3,0.04918032786885246
ARE,1983,0.0,0.0,0.0,0.0,0.0,0.0,42,1,0.023809523809523808
ARE,1984,0.0,0.0,0.0,0.0,0.0,0.0,48,0,0.0
ARE,1985,0.0,0.0,0.0,0.0,0.0,0.0,55,0,0.0
ARE,1986,0.0,0.0,0.0,0.0,0.0,0.0,57,1,0.017543859649122806
ARE,1987,0.0,0.0,0.0,0.0,0.0,0.0,92,1,0.010869565217391304
ARE,1988,0.0,0.0,0.0,0.0,0.0,0.0,77,0,0.0
ARE,1989,0.0,0.0,0.0,0.0,0.0,0.0,71,5,0.07042253521126761
ARE,1990,0.0,0.0,0.0,0.0,0.0,0.0,90,0,0.0
ARE,1991,0.0,0.0,0.0,0.0,0.0,0.0,57,4,0.07017543859649122
ARE,1992,0.0,0.0,0.0,0.0,0.0,0.0,76,5,0.06578947368421052
ARE,1993,0.0,0.0,0.0,0.0,0.0,0.0,40,2,0.05
ARE,1994,0.0,0.0,0.0,0.0,0.0,0.0,36,2,0.05555555555555555
ARE,1995,0.0,0.0,0.0,0.0,0.0,0.0,26,0,0.0
ARE,1996,0.0,0.0,0.0,0.0,0.0,0.0,62,3,0.04838709677419355
ARE,1997,0.0,0.0,0.0,0.0,0.0,0.0,42,3,0.07142857142857142
ARE,1998,0.0,0.0,0.0,0.0,0.0,0.0,28,0,0.0
ARE,1999,0.0,0.0,0.0,0.0,0.0,0.0,34,0,0.0
ARE,2000,0.0,0.0,0.0,0.0,0.0,0.0,18,1,0.05555555555555555
ARE,2001,0.0,0.0,0.0,0.0,0.0,0.0,32,2,0.0625
ARE,2002,0.0,0.0,0.0,0.0,0.0,0.0,44,2,0.045454545454545456
ARE,2003,0.0,0.0,0.0,0.0,0.0,0.0,21,1,0.047619047619047616
ARE,2004,0.0,0.0,0.0,0.0,0.0,0.0,23,1,0.043478260869565216
ARE,2005,0.0,0.0,0.0,0.0,0.0,0.0,11,1,0.09090909090909091
ARE,2006,0.0,0.0,0.0,0.0,0.0,0.0,39,3,0.07692307692307693
ARE,2007,0.0,0.0,0.0,0.0,0.0,0.0,46,1,0.021739130434782608
ARE,2008,0.0,0.0,0.0,0.0,0.0,0.0,49,4,0.08163265306122448
ARE,2009,0.0,0.0,0.0,0.0,0.0,0.0,50,4,0.08
ARE,2010,0.0,0.0,0.0,0.0,0.0,0.0,53,4,0.07547169811320754
ARE,2011,0.0,0.0,0.0,0.0,0.0,0.0,52,3,0.057692307692307696
ARE,2012,0.0,0.0,0.0,0.0,0.0,0.0,30,1,0.03333333333333333
ARE,2013,0.0,0.0,0.0,0.0,0.0,0.0,46,3,0.06521739130434782
ARE,2014,0.0,0.0,0.0,0.0,0.0,0.0,77,11,0.14285714285714285
ARE,2015,0.0,0.0,0.0,0.0,0.0,0.0,39,1,0.02564102564102564
ARE,2016,0.0,0.0,0.0,0.0,0.0,0.0,54,2,0.037037037037037035
ARE,2017,0.0,0.0,0.0,0.0,0.0,0.0,61,2,0.03278688524590164
ARE,2018,0.0,0.0,0.0,0.0,0.0,0.0,48,1,0.020833333333333332
ARE,2019,0.0,0.0,0.0,0.0,0.0,0.0,48,1,0.020833333333333332
ARE,2020,0.0,0.0,0.0,0.0,0.0,0.0,53,2,0.03773584905660377
ARE,2021,0.0,0.0,0.0,0.0,0.0,1.0,46,7,0.15217391304347827
ARE,2022,0.0,0.0,0.0,0.0,0.0,0.0,47,8,0.1702127659574468
ARE,2023,0.0,0.0,0.0,0.0,0.0,0.0,73,16,0.2191780821917808
ARE,2024,0.0,0.0,0.0,0.0,0.0,0.0,82,7,0.08536585365853659
ARE,2025,0.0,0.0,0.0,0.0,0.0,1.0,59,3,0.05084745762711865
ARG,1946,0.0,0.0,0.0,0.0,0.0,0.0,71,0,0.0
ARG,1947,0.0,0.0,0.0,0.0,0.0,0.0,97,2,0.020618556701030927
ARG,1949,0.0,0.0,0.0,0.0,0.0,0.0,78,0,0.0
ARG,1950,0.0,0.0,0.0,0.0,0.0,0.0,28,0,0.0
ARG,1951,0.0,0.0,0.0,0.0,0.0,0.0,36,1,0.027777777777777776
ARG,1952,0.0,0.0,0.0,0.0,0.0,0.0,63,0,0.0
ARG,1953,0.0,0.0,0.0,0.0,0.0,0.0,80,0,0.0
ARG,1954,0.0,0.0,0.0,0.0,0.0,0.0,74,1,0.013513513513513514
ARG,1955,0.0,0.0,0.0,0.0,0.0,0.0,59,0,0.0
ARG,1956,0.0,0.0,0.0,0.0,0.0,0.0,48,0,0.0
ARG,1957,0.0,0.0,0.0,0.0,0.0,0.0,47,0,0.0
ARG,1958,0.0,0.0,0.0,0.0,0.0,0.0,85,6,0.07058823529411765
ARG,1959,0.0,0.0,0.0,0.0,0.0,0.0,73,2,0.0273972602739726
ARG,1960,0.0,0.0,0.0,0.0,0.0,0.0,75,2,0.02666666666666667
ARG,1961,0.0,0.0,0.0,0.0,0.0,0.0,86,0,0.0
ARG,1962,0.0,0.0,0.0,0.0,0.0,0.0,94,3,0.031914893617021274
ARG,1963,0.0,0.0,0.0,0.0,0.0,0.0,88,3,0.03409090909090909
ARG,1964,0.0,0.0,0.0,0.0,0.0,0.0,140,0,0.0
ARG,1965,0.0,0.0,0.0,0.0,0.0,0.0,213,0,0.0
ARG,1966,0.0,0.0,0.0,0.0,0.0,0.0,101,2,0.019801980198019802
ARG,1967,0.0,0.0,0.0,0.0,0.0,0.0,98,1,0.01020408163265306
ARG,1968,0.0,0.0,0.0,0.0,0.0,0.0,151,3,0.019867549668874173
ARG,1969,0.0,0.0,0.0,0.0,0.0,0.0,146,2,0.0136986301369863
ARG,1970,0.0,0.0,0.0,0.0,0.0,0.0,121,2,0.01652892561983471
ARG,1971,0.0,0.0,0.0,0.0,0.0,0.0,118,6,0.05084745762711865
ARG,1972,0.0,0.0,0.0,0.0,0.0,0.0,86,4,0.046511627906976744
ARG,1973,0.0,0.0,0.0,0.0,0.0,0.0,71,2,0.028169014084507043
ARG,1974,0.0,0.0,0.0,0.0,0.0,0.0,102,7,0.06862745098039216
ARG,1975,0.0,0.0,0.0,0.0,0.0,0.0,62,2,0.03225806451612903
ARG,1976,0.0,0.0,0.0,0.0,0.0,0.0,81,5,0.06172839506172839
ARG,1977,0.0,0.0,0.0,0.0,0.0,0.0,74,3,0.04054054054054054
ARG,1978,0.0,0.0,0.0,0.0,0.0,0.0,51,0,0.0
ARG,1979,0.0,0.0,0.0,0.0,0.0,0.0,73,2,0.0273972602739726
ARG,1980,0.0,0.0,0.0,0.0,0.0,0.0,50,0,0.0
ARG,1981,0.0,0.0,0.0,0.0,0.0,0.0,90,5,0.05555555555555555
ARG,1982,0.0,0.0,0.0,0.0,0.0,0.0,93,1,0.010752688172043012
ARG,1983,0.0,0.0,0.0,0.0,0.0,0.0,143,6,0.04195804195804196
ARG,1984,0.0,0.0,0.0,0.0,0.0,0.0,82,1,0.012195121951219513
ARG,1985,0.0,0.0,0.0,0.0,0.0,0.0,93,2,0.021505376344086023
ARG,1986,0.0,0.0,0.0,0.0,0.0,0.0,86,0,0.0
ARG,1987,0.0,0.0,0.0,0.0,0.0,0.0,72,4,0.05555555555555555
ARG,1988,0.0,0.0,0.0,0.0,0.0,0.0,68,1,0.014705882352941176
ARG,1989,0.0,0.0,0.0,0.0,0.0,0.0,127,7,0.05511811023622047
ARG,1990,0.0,0.0,0.0,0.0,0.0,0.0,78,6,0.07692307692307693
ARG,1991,0.0,0.0,0.0,0.0,0.0,0.0,77,9,0.11688311688311688
ARG,1992,0.0,0.0,0.0,0.0,0.0,0.0,154,13,0.08441558441558442
ARG,1993,0.0,0.0,0.0,0.0,0.0,0.0,60,5,0.08333333333333333
ARG,1994,0.0,0.0,0.0,0.0,0.0,0.0,49,1,0.02040816326530612
ARG,1995,0.0,0.0,0.0,0.0,0.0,0.0,41,4,0.0975609756097561
ARG,1996,0.0,0.0,0.0,0.0,0.0,0.0,29,3,0.10344827586206896
ARG,1997,0.0,0.0,0.0,0.0,0.0,0.0,52,2,0.038461538461538464
ARG,1998,0.0,0.0,0.0,0.0,0.0,0.0,49,4,0.08163265306122448
ARG,1999,0.0,0.0,0.0,0.0,0.0,0.0,38,2,0.05263157894736842
ARG,2000,0.0,0.0,0.0,0.0,0.0,0.0,64,4,0.0625
ARG,2001,0.0,0.0,0.0,0.0,0.0,0.0,30,0,0.0
ARG,2002,0.0,0.0,0.0,0.0,0.0,0.0,37,1,0.02702702702702703
ARG,2003,0.0,0.0,0.0,0.0,0.0,0.0,46,2,0.043478260869565216
ARG,2004,0.0,0.0,0.0,0.0,0.0,0.0,49,5,0.10204081632653061
ARG,2005,0.0,0.0,0.0,0.0,0.0,0.0,49,0,0.0
ARG,2006,0.0,0.0,0.0,0.0,0.0,0.0,80,6,0.075
ARG,2007,0.0,0.0,0.0,0.0,0.0,0.0,125,6,0.048
ARG,2008,0.0,0.0,0.0,0.0,0.0,0.0,55,0,0.0
ARG,2009,0.0,0.0,0.0,0.0,0.0,0.0,69,5,0.07246376811594203
ARG,2010,0.0,0.0,0.0,0.0,0.0,0.0,92,13,0.14130434782608695
ARG,2011,0.0,0.0,0.0,0.0,0.0,0.0,116,1,0.008620689655172414
ARG,2012,0.0,0.0,0.0,0.0,0.0,0.0,111,0,0.0
ARG,2013,0.0,0.0,0.0,0.0,0.0,0.0,184,4,0.021739130434782608
ARG,2014,0.0,0.0,1.0,0.0,0.0,0.0,106,3,0.02830188679245283
ARG,2015,0.0,0.0,0.0,0.0,0.0,0.0,108,2,0.018518518518518517
ARG,2016,0.0,0.0,0.0,0.0,0.0,0.0,70,7,0.1
ARG,2017,0.0,0.0,0.0,0.0,0.0,0.0,69,14,0.2028985507246377
ARG,2018,0.0,0.0,0.0,0.0,0.0,0.0,42,2,0.047619047619047616
ARG,2019,1.0,0.0,0.0,0.0,0.0,0.0,43,4,0.09302325581395349
ARG,2020,0.0,0.0,0.0,0.0,0.0,0.0,16,2,0.125
ARG,2021,0.0,0.0,0.0,0.0,1.0,0.0,10,3,0.3
ARG,2022,0.0,0.0,0.0,0.0,0.0,0.0,73,15,0.2054794520547945
ARG,2023,0.0,0.0,0.0,0.0,0.0,0.0,92,13,0.14130434782608695
ARG,2024,0.0,0.0,0.0,0.0,0.0,0.0,33,3,0.09090909090909091
ARG,2025,0.0,0.0,0.0,0.0,0.0,0.0,145,10,0.06896551724137931
ARM,1992,0.0,0.0,0.0,0.0,0.0,0.0,43,1,0.023255813953488372
ARM,1993,0.0,0.0,0.0,0.0,0.0,0.0,39,0,0.0
ARM,1994,0.0,0.0,0.0,0.0,0.0,0.0,55,0,0.0
ARM,1995,0.0,0.0,0.0,0.0,0.0,0.0,48,2,0.041666666666666664
ARM,1996,0.0,0.0,0.0,0.0,0.0,0.0,31,0,0.0
ARM,1997,0.0,0.0,0.0,0.0,0.0,0.0,42,2,0.047619047619047616
ARM,1998,0.0,0.0,0.0,0.0,0.0,0.0,32,1,0.03125
ARM,1999,0.0,0.0,0.0,0.0,0.0,0.0,52,0,0.0
ARM,2000,0.0,0.0,0.0,0.0,0.0,0.0,47,2,0.0425531914893617
ARM,2001,0.0,0.0,0.0,0.0,0.0,0.0,57,0,0.0
ARM,2002,1.0,0.0,0.0,0.0,0.0,0.0,43,3,0.06976744186046512
ARM,2003,0.0,0.0,0.0,0.0,0.0,0.0,41,3,0.07317073170731707
ARM,2004,0.0,0.0,0.0,0.0,0.0,0.0,44,2,0.045454545454545456
ARM,2005,0.0,0.0,0.0,0.0,0.0,0.0,51,7,0.13725490196078433
ARM,2006,0.0,0.0,0.0,0.0,0.0,0.0,67,1,0.014925373134328358
ARM,2007,0.0,0.0,0.0,0.0,0.0,0.0,54,7,0.12962962962962962
ARM,2008,0.0,0.0,0.0,0.0,0.0,0.0,69,3,0.043478260869565216
ARM,2009,0.0,0.0,0.0,0.0,0.0,0.0,62,4,0.06451612903225806
ARM,2010,0.0,0.0,0.0,0.0,0.0,0.0,45,3,0.06666666666666667
ARM,2011,0.0,0.0,0.0,0.0,0.0,0.0,72,1,0.013888888888888888
ARM,2012,0.0,0.0,0.0,0.0,0.0,0.0,36,0,0.0
ARM,2013,0.0,0.0,0.0,0.0,0.0,0.0,33,1,0.030303030303030304
ARM,2014,0.0,0.0,0.0,0.0,0.0,0.0,50,1,0.02
ARM,2015,0.0,0.0,0.0,0.0,0.0,0.0,45,1,0.022222222222222223
ARM,2016,0.0,0.0,0.0,0.0,0.0,0.0,45,3,0.06666666666666667
ARM,2017,0.0,0.0,0.0,0.0,0.0,0.0,64,0,0.0
ARM,2018,0.0,0.0,0.0,0.0,0.0,0.0,58,2,0.034482758620689655
ARM,2019,0.0,0.0,0.0,0.0,0.0,0.0,87,7,0.08045977011494253
ARM,2020,0.0,0.0,0.0,0.0,0.0,0.0,37,2,0.05405405405405406
ARM,2021,0.0,0.0,0.0,0.0,0.0,0.0,32,0,0.0
ARM,2022,0.0,0.0,0.0,0.0,0.0,0.0,68,2,0.029411764705882353
ARM,2023,0.0,0.0,0.0,0.0,0.0,0.0,51,0,0.0
ARM,2024,0.0,0.0,0.0,0.0,0.0,0.0,52,0,0.0
ARM,2025,0.0,0.0,0.0,0.0,0.0,0.0,102,2,0.0196078431372549
ATG,1982,0.0,0.0,0.0,0.0,0.0,0.0,97,1,0.010309278350515464
ATG,1983,0.0,0.0,0.0,0.0,0.0,0.0,91,5,0.054945054945054944
ATG,1984,0.0,0.0,0.0,0.0,0.0,0.0,74,8,0.10810810810810811
ATG,1986,0.0,0.0,0.0,0.0,0.0,0.0,85,6,0.07058823529411765
ATG,1988,0.0,0.0,0.0,0.0,0.0,0.0,87,12,0.13793103448275862
ATG,1989,0.0,0.0,0.0,0.0,0.0,0.0,119,21,0.17647058823529413
ATG,1990,0.0,0.0,0.0,0.0,0.0,0.0,86,15,0.1744186046511628
ATG,1991,0.0,0.0,0.0,0.0,0.0,0.0,104,21,0.20192307692307693
ATG,1992,0.0,0.0,0.0,0.0,0.0,0.0,123,13,0.10569105691056911
ATG,1993,0.0,0.0,0.0,0.0,0.0,0.0,60,9,0.15
ATG,1994,0.0,0.0,0.0,0.0,0.0,0.0,79,0,0.0
ATG,1995,0.0,0.0,0.0,0.0,0.0,0.0,86,25,0.29069767441860467
ATG,1996,0.0,0.0,0.0,0.0,0.0,0.0,73,11,0.1506849315068493
ATG,1997,0.0,0.0,0.0,0.0,0.0,0.0,67,13,0.19402985074626866
ATG,1998,0.0,0.0,0.0,0.0,0.0,0.0,77,4,0.05194805194805195
ATG,1999,0.0,0.0,0.0,0.0,0.0,0.0,58,9,0.15517241379310345
ATG,2000,0.0,0.0,0.0,0.0,0.0,0.0,47,3,0.06382978723404255
ATG,2001,0.0,0.0,0.0,0.0,0.0,0.0,48,12,0.25
ATG,2002,0.0,0.0,0.0,0.0,0.0,0.0,54,4,0.07407407407407407
ATG,2003,0.0,0.0,0.0,0.0,0.0,0.0,58,8,0.13793103448275862
ATG,2004,0.0,0.0,0.0,0.0,0.0,0.0,68,4,0.058823529411764705
ATG,2005,0.0,0.0,0.0,0.0,0.0,0.0,54,5,0.09259259259259259
ATG,2006,0.0,0.0,0.0,0.0,0.0,0.0,57,5,0.08771929824561403
ATG,2007,0.0,0.0,0.0,0.0,0.0,0.0,109,11,0.10091743119266056
ATG,2008,0.0,0.0,0.0,0.0,0.0,1.0,63,20,0.31746031746031744
ATG,2009,0.0,0.0,0.0,0.0,0.0,0.0,97,22,0.2268041237113402
ATG,2010,0.0,0.0,0.0,0.0,0.0,0.0,131,27,0.20610687022900764
ATG,2011,0.0,0.0,0.0,0.0,0.0,0.0,102,13,0.12745098039215685
ATG,2012,0.0,0.0,0.0,0.0,0.0,0.0,91,12,0.13186813186813187
ATG,2013,0.0,0.0,0.0,0.0,0.0,0.0,84,11,0.13095238095238096
ATG,2014,0.0,0.0,0.0,0.0,0.0,0.0,78,5,0.0641025641025641
ATG,2015,0.0,0.0,0.0,0.0,0.0,0.0,73,11,0.1506849315068493
ATG,2016,0.0,0.0,0.0,0.0,0.0,0.0,71,12,0.16901408450704225
ATG,2017,0.0,0.0,0.0,0.0,0.0,0.0,76,11,0.14473684210526316
ATG,2018,0.0,0.0,0.0,0.0,0.0,0.0,98,12,0.12244897959183673
ATG,2019,0.0,0.0,0.0,0.0,0.0,0.0,124,29,0.23387096774193547
ATG,2020,0.0,0.0,0.0,0.0,0.0,0.0,6,0,0.0
ATG,2021,0.0,0.0,0.0,0.0,1.0,0.0,6,2,0.3333333333333333
ATG,2022,0.0,0.0,0.0,1.0,0.0,0.0,95,34,0.35789473684210527
ATG,2023,0.0,0.0,0.0,0.0,0.0,2.0,133,34,0.2556390977443609
ATG,2024,0.0,0.0,0.0,0.0,0.0,2.0,114,31,0.2719298245614035
ATG,2025,0.0,0.0,0.0,0.0,0.0,0.0,113,24,0.21238938053097345
AUS,1946,0.0,0.0,0.0,0.0,0.0,0.0,83,1,0.012048192771084338
AUS,1947,0.0,0.0,0.0,0.0,0.0,0.0,138,3,0.021739130434782608
AUS,1948,0.0,0.0,0.0,0.0,0.0,0.0,47,0,0.0
AUS,1950,0.0,0.0,0.0,0.0,0.0,0.0,139,0,0.0
AUS,1951,0.0,0.0,0.0,0.0,0.0,0.0,101,1,0.009900990099009901
AUS,1952,0.0,0.0,0.0,0.0,0.0,0.0,144,2,0.013888888888888888
AUS,1953,0.0,0.0,0.0,0.0,0.0,0.0,104,3,0.028846153846153848
AUS,1954,0.0,0.0,0.0,0.0,0.0,0.0,160,1,0.00625
AUS,1955,0.0,0.0,0.0,0.0,0.0,0.0,153,6,0.0392156862745098
AUS,1956,0.0,0.0,0.0,0.0,0.0,0.0,126,1,0.007936507936507936
AUS,1957,0.0,0.0,0.0,0.0,0.0,0.0,117,1,0.008547008547008548
AUS,1958,0.0,0.0,0.0,0.0,0.0,0.0,160,13,0.08125
AUS,1959,0.0,0.0,0.0,0.0,0.0,0.0,200,6,0.03
AUS,1960,0.0,0.0,0.0,0.0,0.0,0.0,120,3,0.025
AUS,1961,0.0,0.0,0.0,0.0,0.0,0.0,198,10,0.050505050505050504
AUS,1962,0.0,0.0,0.0,0.0,0.0,0.0,127,1,0.007874015748031496
AUS,1963,0.0,0.0,0.0,0.0,0.0,0.0,106,2,0.018867924528301886
AUS,1964,0.0,0.0,0.0,0.0,0.0,0.0,83,0,0.0
AUS,1965,0.0,0.0,0.0,0.0,0.0,0.0,228,6,0.02631578947368421
AUS,1966,0.0,0.0,0.0,0.0,0.0,0.0,192,1,0.005208333333333333
AUS,1967,0.0,0.0,0.0,0.0,0.0,0.0,188,0,0.0
AUS,1968,0.0,0.0,0.0,0.0,0.0,0.0,142,1,0.007042253521126761
AUS,1969,0.0,0.0,0.0,0.0,0.0,0.0,131,17,0.1297709923664122
AUS,1970,0.0,0.0,0.0,0.0,0.0,0.0,130,4,0.03076923076923077
AUS,1971,0.0,0.0,0.0,0.0,0.0,0.0,102,4,0.0392156862745098
AUS,1972,0.0,0.0,0.0,0.0,0.0,0.0,114,11,0.09649122807017543
AUS,1973,0.0,0.0,0.0,0.0,0.0,0.0,86,5,0.05813953488372093
AUS,1974,0.0,0.0,0.0,0.0,0.0,0.0,122,4,0.03278688524590164
AUS,1975,0.0,0.0,0.0,0.0,0.0,0.0,114,3,0.02631578947368421
AUS,1976,0.0,0.0,0.0,0.0,0.0,0.0,99,4,0.04040404040404041
AUS,1977,0.0,0.0,0.0,0.0,0.0,0.0,145,20,0.13793103448275862
AUS,1978,0.0,0.0,0.0,0.0,0.0,0.0,169,11,0.0650887573964497
AUS,1979,0.0,0.0,0.0,0.0,0.0,0.0,163,18,0.11042944785276074
AUS,1980,0.0,0.0,0.0,0.0,0.0,0.0,145,3,0.020689655172413793
AUS,1981,0.0,0.0,0.0,0.0,0.0,0.0,115,10,0.08695652173913043
AUS,1982,0.0,0.0,0.0,0.0,0.0,0.0,101,1,0.009900990099009901
AUS,1983,0.0,0.0,0.0,0.0,0.0,0.0,152,3,0.019736842105263157
AUS,1984,0.0,0.0,0.0,0.0,0.0,0.0,117,6,0.05128205128205128
AUS,1985,0.0,0.0,0.0,0.0,0.0,0.0,145,6,0.041379310344827586
AUS,1986,0.0,0.0,0.0,0.0,0.0,0.0,109,8,0.07339449541284404
AUS,1987,0.0,0.0,0.0,0.0,0.0,0.0,119,6,0.05042016806722689
AUS,1988,0.0,0.0,0.0,0.0,0.0,0.0,130,7,0.05384615384615385
AUS,1989,0.0,0.0,0.0,0.0,0.0,0.0,111,6,0.05405405405405406
AUS,1990,0.0,0.0,0.0,0.0,0.0,0.0,128,18,0.140625
AUS,1991,0.0,0.0,0.0,0.0,0.0,0.0,114,12,0.10526315789473684
AUS,1992,0.0,0.0,0.0,0.0,0.0,0.0,146,11,0.07534246575342465
AUS,1993,0.0,0.0,0.0,0.0,0.0,0.0,75,2,0.02666666666666667
AUS,1994,0.0,0.0,0.0,0.0,0.0,0.0,127,5,0.03937007874015748
AUS,1995,0.0,0.0,0.0,0.0,0.0,0.0,105,8,0.0761904761904762
AUS,1996,0.0,0.0,0.0,0.0,0.0,0.0,98,7,0.07142857142857142
AUS,1997,0.0,0.0,0.0,0.0,0.0,0.0,103,6,0.05825242718446602
AUS,1998,0.0,0.0,0.0,0.0,0.0,0.0,64,2,0.03125
AUS,1999,0.0,0.0,0.0,0.0,0.0,0.0,92,5,0.05434782608695652
AUS,2000,0.0,0.0,0.0,0.0,0.0,0.0,62,2,0.03225806451612903
AUS,2001,0.0,0.0,0.0,0.0,0.0,0.0,56,1,0.017857142857142856
AUS,2002,0.0,0.0,0.0,0.0,0.0,0.0,55,1,0.01818181818181818
AUS,2003,0.0,0.0,0.0,0.0,0.0,0.0,49,2,0.04081632653061224
AUS,2004,0.0,0.0,0.0,0.0,0.0,0.0,50,2,0.04
AUS,2005,0.0,0.0,0.0,0.0,0.0,0.0,37,0,0.0
AUS,2006,0.0,0.0,0.0,0.0,0.0,0.0,101,15,0.1485148514851485
AUS,2007,0.0,0.0,0.0,0.0,0.0,0.0,103,15,0.14563106796116504
AUS,2008,0.0,0.0,0.0,0.0,0.0,0.0,124,19,0.1532258064516129
AUS,2009,0.0,0.0,0.0,0.0,0.0,0.0,83,16,0.1927710843373494
AUS,2010,1.0,0.0,0.0,0.0,0.0,2.0,139,29,0.20863309352517986
AUS,2011,0.0,0.0,0.0,0.0,0.0,0.0,124,19,0.1532258064516129
AUS,2012,0.0,0.0,0.0,0.0,0.0,0.0,77,6,0.07792207792207792
AUS,2013,0.0,0.0,0.0,0.0,0.0,0.0,70,3,0.04285714285714286
AUS,2014,0.0,0.0,0.0,1.0,0.0,0.0,53,3,0.05660377358490566
AUS,2015,0.0,0.0,0.0,0.0,0.0,0.0,81,10,0.12345679012345678
AUS,2016,0.0,0.0,0.0,0.0,0.0,0.0,77,13,0.16883116883116883
AUS,2017,0.0,0.0,0.0,0.0,0.0,0.0,73,11,0.1506849315068493
AUS,2018,0.0,0.0,0.0,0.0,0.0,0.0,67,4,0.05970149253731343
AUS,2019,0.0,0.0,0.0,0.0,1.0,0.0,85,50,0.5882352941176471
AUS,2020,0.0,0.0,0.0,0.0,1.0,0.0,11,1,0.09090909090909091
AUS,2021,0.0,0.0,0.0,0.0,0.0,0.0,10,2,0.2
AUS,2022,0.0,0.0,0.0,0.0,0.0,0.0,83,14,0.1686746987951807
AUS,2023,0.0,0.0,0.0,0.0,0.0,0.0,109,25,0.22935779816513763
AUS,2024,0.0,0.0,0.0,0.0,0.0,0.0,187,22,0.11764705882352941
AUS,2025,0.0,0.0,0.0,0.0,0.0,0.0,129,13,0.10077519379844961
AUT,1956,0.0,0.0,0.0,0.0,0.0,0.0,53,5,0.09433962264150944
AUT,1957,0.0,0.0,0.0,0.0,0.0,0.0,48,2,0.041666666666666664
AUT,1958,0.0,0.0,0.0,0.0,0.0,0.0,34,2,0.058823529411764705
AUT,1959,0.0,0.0,0.0,0.0,0.0,0.0,39,1,0.02564102564102564
AUT,1960,0.0,0.0,0.0,0.0,0.0,0.0,49,0,0.0
AUT,1962,0.0,0.0,0.0,0.0,0.0,0.0,59,2,0.03389830508474576
AUT,1963,0.0,0.0,0.0,0.0,0.0,0.0,106,3,0.02830188679245283
AUT,1965,0.0,0.0,0.0,0.0,0.0,0.0,111,4,0.036036036036036036
AUT,1966,0.0,0.0,0.0,0.0,0.0,0.0,131,2,0.015267175572519083
AUT,1967,0.0,0.0,0.0,0.0,0.0,0.0,155,5,0.03225806451612903
AUT,1968,0.0,0.0,0.0,0.0,0.0,0.0,132,3,0.022727272727272728
AUT,1969,0.0,0.0,0.0,0.0,0.0,0.0,105,3,0.02857142857142857
AUT,1970,0.0,0.0,0.0,0.0,0.0,0.0,81,2,0.024691358024691357
AUT,1971,0.0,0.0,0.0,0.0,0.0,0.0,72,2,0.027777777777777776
AUT,1972,0.0,0.0,0.0,0.0,0.0,0.0,70,1,0.014285714285714285
AUT,1973,0.0,0.0,0.0,0.0,0.0,0.0,69,2,0.028985507246376812
AUT,1974,0.0,0.0,0.0,0.0,0.0,0.0,51,1,0.0196078431372549
AUT,1975,0.0,0.0,0.0,0.0,0.0,0.0,62,0,0.0
AUT,1976,0.0,0.0,0.0,0.0,0.0,0.0,88,1,0.011363636363636364
AUT,1977,0.0,0.0,0.0,0.0,0.0,0.0,95,0,0.0
AUT,1978,0.0,0.0,0.0,0.0,0.0,0.0,115,1,0.008695652173913044
AUT,1979,0.0,0.0,0.0,0.0,0.0,0.0,105,6,0.05714285714285714
AUT,1980,0.0,0.0,0.0,0.0,0.0,0.0,100,7,0.07
AUT,1981,0.0,0.0,0.0,0.0,0.0,0.0,100,7,0.07
AUT,1982,0.0,0.0,0.0,0.0,0.0,0.0,125,1,0.008
AUT,1983,0.0,0.0,0.0,0.0,0.0,0.0,114,4,0.03508771929824561
AUT,1984,0.0,0.0,0.0,0.0,0.0,0.0,77,0,0.0
AUT,1985,0.0,0.0,0.0,0.0,0.0,0.0,137,8,0.058394160583941604
AUT,1986,0.0,0.0,0.0,0.0,0.0,0.0,86,10,0.11627906976744186
AUT,1987,0.0,0.0,0.0,0.0,0.0,0.0,114,11,0.09649122807017543
AUT,1988,0.0,0.0,0.0,0.0,0.0,0.0,142,10,0.07042253521126761
AUT,1989,0.0,0.0,0.0,0.0,0.0,0.0,102,12,0.11764705882352941
AUT,1990,0.0,0.0,0.0,0.0,0.0,0.0,114,23,0.20175438596491227
AUT,1991,0.0,0.0,0.0,0.0,0.0,0.0,78,5,0.0641025641025641
AUT,1992,0.0,0.0,0.0,0.0,0.0,0.0,133,10,0.07518796992481203
AUT,1993,0.0,0.0,0.0,0.0,0.0,0.0,83,3,0.03614457831325301
AUT,1994,0.0,0.0,0.0,0.0,0.0,0.0,78,0,0.0
AUT,1995,0.0,0.0,0.0,0.0,0.0,0.0,58,0,0.0
AUT,1996,0.0,0.0,0.0,0.0,0.0,0.0,62,4,0.06451612903225806
AUT,1997,0.0,0.0,0.0,0.0,0.0,0.0,71,2,0.028169014084507043
AUT,1998,0.0,0.0,0.0,0.0,0.0,0.0,186,13,0.06989247311827956
AUT,1999,0.0,0.0,0.0,0.0,0.0,0.0,90,0,0.0
AUT,2000,0.0,0.0,0.0,0.0,0.0,0.0,66,3,0.045454545454545456
AUT,2001,0.0,0.0,0.0,0.0,0.0,0.0,69,6,0.08695652173913043
AUT,2002,0.0,0.0,0.0,0.0,0.0,0.0,41,3,0.07317073170731707
AUT,2003,0.0,0.0,0.0,0.0,0.0,0.0,61,4,0.06557377049180328
AUT,2004,0.0,0.0,0.0,0.0,0.0,0.0,48,4,0.08333333333333333
AUT,2005,0.0,0.0,0.0,0.0,0.0,0.0,43,5,0.11627906976744186
AUT,2006,0.0,0.0,0.0,0.0,0.0,0.0,81,5,0.06172839506172839
AUT,2007,0.0,0.0,0.0,0.0,0.0,0.0,83,11,0.13253012048192772
AUT,2008,0.0,0.0,0.0,0.0,0.0,0.0,85,15,0.17647058823529413
AUT,2009,0.0,0.0,0.0,0.0,0.0,0.0,76,10,0.13157894736842105
AUT,2010,0.0,0.0,0.0,0.0,0.0,0.0,99,10,0.10101010101010101
AUT,2011,0.0,0.0,0.0,0.0,0.0,0.0,77,9,0.11688311688311688
AUT,2012,0.0,0.0,0.0,0.0,0.0,0.0,50,5,0.1
AUT,2013,0.0,0.0,0.0,0.0,0.0,0.0,48,5,0.10416666666666667
AUT,2014,0.0,0.0,0.0,0.0,0.0,0.0,52,4,0.07692307692307693
AUT,2015,0.0,0.0,0.0,0.0,0.0,0.0,65,1,0.015384615384615385
AUT,2016,0.0,0.0,0.0,0.0,0.0,0.0,49,5,0.10204081632653061
AUT,2017,0.0,0.0,0.0,0.0,0.0,0.0,61,6,0.09836065573770492
AUT,2018,0.0,0.0,0.0,0.0,0.0,0.0,86,5,0.05813953488372093
AUT,2019,0.0,0.0,0.0,0.0,0.0,0.0,57,12,0.21052631578947367
AUT,2020,0.0,0.0,0.0,0.0,0.0,0.0,52,3,0.057692307692307696
AUT,2021,0.0,0.0,0.0,0.0,0.0,0.0,56,4,0.07142857142857142
AUT,2022,0.0,0.0,0.0,0.0,0.0,0.0,59,4,0.06779661016949153
AUT,2023,0.0,0.0,0.0,0.0,0.0,0.0,57,5,0.08771929824561403
AUT,2024,0.0,0.0,0.0,0.0,0.0,0.0,75,4,0.05333333333333334
AUT,2025,0.0,0.0,0.0,0.0,0.0,0.0,82,3,0.036585365853658534
AZE,1992,0.0,0.0,0.0,0.0,0.0,0.0,184,7,0.03804347826086957
AZE,1993,0.0,0.0,0.0,0.0,0.0,0.0,36,1,0.027777777777777776
AZE,1994,0.0,0.0,0.0,0.0,0.0,0.0,80,3,0.0375
AZE,1995,0.0,0.0,0.0,0.0,0.0,0.0,68,2,0.029411764705882353
AZE,1996,0.0,0.0,0.0,0.0,0.0,0.0,33,2,0.06060606060606061
AZE,1997,0.0,0.0,0.0,0.0,0.0,0.0,60,1,0.016666666666666666
AZE,1998,0.0,0.0,0.0,0.0,0.0,0.0,58,1,0.017241379310344827
AZE,1999,0.0,0.0,0.0,0.0,0.0,0.0,48,1,0.020833333333333332
AZE,2000,0.0,0.0,0.0,0.0,0.0,0.0,41,2,0.04878048780487805
AZE,2001,0.0,0.0,0.0,0.0,0.0,0.0,49,2,0.04081632653061224
AZE,2002,0.0,0.0,0.0,0.0,0.0,0.0,48,1,0.020833333333333332
AZE,2003,0.0,0.0,0.0,0.0,0.0,0.0,46,4,0.08695652173913043
AZE,2004,0.0,0.0,0.0,0.0,0.0,0.0,35,1,0.02857142857142857
AZE,2005,0.0,0.0,0.0,0.0,0.0,0.0,35,4,0.11428571428571428
AZE,2006,0.0,0.0,0.0,0.0,0.0,0.0,69,9,0.13043478260869565
AZE,2007,0.0,0.0,0.0,0.0,0.0,0.0,63,8,0.12698412698412698
AZE,2008,0.0,0.0,0.0,0.0,0.0,0.0,57,4,0.07017543859649122
AZE,2009,0.0,0.0,0.0,0.0,0.0,0.0,59,4,0.06779661016949153
AZE,2010,0.0,0.0,0.0,0.0,0.0,0.0,51,10,0.19607843137254902
AZE,2011,0.0,0.0,0.0,0.0,0.0,0.0,53,1,0.018867924528301886
AZE,2012,0.0,0.0,0.0,0.0,0.0,0.0,44,0,0.0
AZE,2013,0.0,0.0,0.0,0.0,0.0,0.0,42,1,0.023809523809523808
AZE,2014,0.0,0.0,0.0,0.0,0.0,0.0,45,6,0.13333333333333333
AZE,2015,0.0,0.0,0.0,0.0,0.0,0.0,33,4,0.12121212121212122
AZE,2016,0.0,0.0,0.0,0.0,0.0,0.0,40,3,0.075
AZE,2017,0.0,0.0,0.0,0.0,0.0,0.0,72,5,0.06944444444444445
AZE,2018,0.0,0.0,0.0,0.0,0.0,0.0,62,2,0.03225806451612903
AZE,2019,0.0,0.0,0.0,1.0,0.0,0.0,51,6,0.11764705882352941
AZE,2020,0.0,0.0,1.0,0.0,0.0,0.0,126,10,0.07936507936507936
AZE,2021,0.0,0.0,0.0,0.0,0.0,0.0,115,17,0.14782608695652175
AZE,2022,0.0,0.0,0.0,0.0,0.0,0.0,75,13,0.17333333333333334
AZE,2023,0.0,0.0,0.0,0.0,0.0,0.0,102,11,0.10784313725490197
AZE,2024,0.0,0.0,0.0,0.0,2.0,3.0,39,17,0.4358974358974359
AZE,2025,0.0,0.0,0.0,0.0,0.0,2.0,100,24,0.24
BDI,1963,0.0,0.0,0.0,0.0,0.0,0.0,142,1,0.007042253521126761
BDI,1964,0.0,0.0,0.0,0.0,0.0,0.0,67,1,0.014925373134328358
BDI,1966,0.0,0.0,0.0,0.0,0.0,0.0,103,0,0.0
BDI,1967,0.0,0.0,0.0,0.0,0.0,0.0,163,2,0.012269938650306749
BDI,1968,0.0,0.0,0.0,0.0,0.0,0.0,95,0,0.0
BDI,1969,0.0,0.0,0.0,0.0,0.0,0.0,142,1,0.007042253521126761
BDI,1971,0.0,0.0,0.0,0.0,0.0,0.0,117,6,0.05128205128205128
BDI,1972,0.0,0.0,0.0,0.0,0.0,0.0,136,3,0.022058823529411766
BDI,1973,0.0,0.0,0.0,0.0,0.0,0.0,112,5,0.044642857142857144
BDI,1974,0.0,0.0,0.0,0.0,0.0,0.0,126,7,0.05555555555555555
BDI,1975,0.0,0.0,0.0,0.0,0.0,0.0,57,0,0.0
BDI,1976,0.0,0.0,0.0,0.0,0.0,0.0,53,1,0.018867924528301886
BDI,1977,0.0,0.0,0.0,0.0,0.0,0.0,171,7,0.04093567251461988
BDI,1978,0.0,0.0,0.0,0.0,0.0,0.0,77,0,0.0
BDI,1979,0.0,0.0,1.0,0.0,0.0,0.0,118,4,0.03389830508474576
BDI,1980,0.0,0.0,0.0,0.0,0.0,0.0,93,0,0.0
BDI,1981,0.0,0.0,0.0,0.0,0.0,0.0,75,2,0.02666666666666667
BDI,1982,0.0,0.0,0.0,0.0,0.0,0.0,85,3,0.03529411764705882
BDI,1983,0.0,0.0,0.0,0.0,0.0,0.0,97,1,0.010309278350515464
BDI,1984,0.0,0.0,0.0,0.0,0.0,0.0,110,4,0.03636363636363636
BDI,1985,0.0,0.0,0.0,0.0,0.0,0.0,78,3,0.038461538461538464
BDI,1986,0.0,0.0,0.0,0.0,0.0,0.0,60,0,0.0
BDI,1987,0.0,0.0,0.0,0.0,0.0,0.0,52,0,0.0
BDI,1988,0.0,0.0,0.0,0.0,0.0,0.0,91,6,0.06593406593406594
BDI,1989,0.0,0.0,0.0,0.0,0.0,0.0,97,6,0.061855670103092786
BDI,1990,0.0,0.0,0.0,0.0,0.0,0.0,109,6,0.05504587155963303
BDI,1991,0.0,0.0,0.0,0.0,0.0,0.0,87,3,0.034482758620689655
BDI,1992,0.0,0.0,0.0,0.0,0.0,0.0,141,3,0.02127659574468085
BDI,1993,0.0,0.0,0.0,0.0,0.0,0.0,124,7,0.056451612903225805
BDI,1994,0.0,0.0,0.0,0.0,0.0,0.0,93,5,0.053763440860215055
BDI,1995,0.0,0.0,0.0,0.0,0.0,0.0,69,1,0.014492753623188406
BDI,1996,0.0,0.0,0.0,0.0,0.0,0.0,69,0,0.0
BDI,1997,0.0,0.0,0.0,0.0,0.0,0.0,81,2,0.024691358024691357
BDI,1998,0.0,0.0,0.0,0.0,0.0,0.0,66,1,0.015151515151515152
BDI,1999,0.0,0.0,0.0,0.0,0.0,0.0,56,1,0.017857142857142856
BDI,2000,0.0,0.0,0.0,0.0,0.0,0.0,73,8,0.1095890410958904
BDI,2001,0.0,0.0,0.0,0.0,0.0,0.0,62,0,0.0
BDI,2002,0.0,0.0,0.0,0.0,0.0,0.0,29,4,0.13793103448275862
BDI,2003,0.0,0.0,0.0,0.0,0.0,0.0,43,1,0.023255813953488372
BDI,2004,0.0,0.0,0.0,0.0,0.0,0.0,47,1,0.02127659574468085
BDI,2005,0.0,0.0,0.0,0.0,0.0,0.0,42,0,0.0
BDI,2006,0.0,0.0,0.0,0.0,0.0,0.0,86,3,0.03488372093023256
BDI,2007,0.0,0.0,0.0,0.0,0.0,0.0,63,1,0.015873015873015872
BDI,2008,0.0,0.0,0.0,0.0,0.0,0.0,66,3,0.045454545454545456
BDI,2009,1.0,0.0,0.0,0.0,0.0,0.0,100,7,0.07
BDI,2010,0.0,0.0,0.0,0.0,0.0,0.0,53,4,0.07547169811320754
BDI,2011,0.0,0.0,0.0,0.0,0.0,0.0,50,4,0.08
BDI,2012,0.0,0.0,0.0,0.0,0.0,0.0,50,3,0.06
BDI,2013,0.0,0.0,0.0,0.0,0.0,0.0,61,3,0.04918032786885246
BDI,2014,0.0,0.0,0.0,0.0,0.0,0.0,58,7,0.1206896551724138
BDI,2015,0.0,0.0,0.0,0.0,0.0,0.0,65,3,0.046153846153846156
BDI,2016,0.0,0.0,0.0,0.0,0.0,0.0,83,3,0.03614457831325301
BDI,2017,0.0,0.0,0.0,0.0,0.0,0.0,58,5,0.08620689655172414
BDI,2018,0.0,0.0,0.0,0.0,0.0,0.0,68,6,0.08823529411764706
BDI,2019,0.0,0.0,0.0,0.0,0.0,0.0,57,8,0.14035087719298245
BDI,2020,0.0,0.0,0.0,0.0,0.0,0.0,25,5,0.2
BDI,2021,1.0,0.0,0.0,0.0,0.0,0.0,53,3,0.05660377358490566
BDI,2022,1.0,0.0,1.0,0.0,0.0,0.0,62,9,0.14516129032258066
BDI,2023,0.0,0.0,0.0,0.0,0.0,0.0,81,11,0.13580246913580246
BDI,2024,1.0,0.0,0.0,0.0,0.0,0.0,74,12,0.16216216216216217
BDI,2025,0.0,0.0,0.0,0.0,0.0,0.0,71,5,0.07042253521126761
BEL,1946,0.0,0.0,0.0,0.0,0.0,0.0,55,0,0.0
BEL,1948,0.0,0.0,0.0,0.0,0.0,0.0,93,1,0.010752688172043012
BEL,1949,0.0,0.0,0.0,0.0,0.0,0.0,67,0,0.0
BEL,1950,0.0,0.0,0.0,0.0,0.0,0.0,76,0,0.0
BEL,1951,0.0,0.0,0.0,0.0,0.0,0.0,106,3,0.02830188679245283
BEL,1952,0.0,0.0,0.0,0.0,0.0,0.0,167,2,0.011976047904191617
BEL,1953,0.0,0.0,0.0,0.0,0.0,0.0,93,1,0.010752688172043012
BEL,1957,0.0,0.0,0.0,0.0,0.0,0.0,88,1,0.011363636363636364
BEL,1958,0.0,0.0,0.0,0.0,0.0,0.0,94,1,0.010638297872340425
BEL,1959,0.0,0.0,0.0,0.0,0.0,0.0,100,0,0.0
BEL,1960,0.0,0.0,0.0,0.0,0.0,0.0,150,0,0.0
BEL,1962,0.0,0.0,0.0,0.0,0.0,0.0,174,2,0.011494252873563218
BEL,1963,0.0,0.0,0.0,0.0,0.0,0.0,124,2,0.016129032258064516
BEL,1966,0.0,0.0,0.0,0.0,0.0,0.0,102,1,0.00980392156862745
BEL,1967,0.0,0.0,0.0,0.0,0.0,0.0,119,1,0.008403361344537815
BEL,1968,0.0,0.0,0.0,0.0,0.0,0.0,146,2,0.0136986301369863
BEL,1969,0.0,0.0,0.0,0.0,0.0,0.0,136,1,0.007352941176470588
BEL,1970,0.0,0.0,0.0,0.0,0.0,0.0,83,1,0.012048192771084338
BEL,1971,0.0,0.0,0.0,0.0,0.0,0.0,90,2,0.022222222222222223
BEL,1972,0.0,0.0,0.0,0.0,0.0,0.0,120,8,0.06666666666666667
BEL,1973,0.0,0.0,0.0,0.0,0.0,0.0,85,2,0.023529411764705882
BEL,1974,0.0,0.0,0.0,0.0,0.0,0.0,76,8,0.10526315789473684
BEL,1975,0.0,0.0,0.0,0.0,0.0,0.0,81,2,0.024691358024691357
BEL,1976,0.0,0.0,0.0,0.0,0.0,0.0,100,3,0.03
BEL,1977,0.0,0.0,0.0,0.0,0.0,0.0,103,4,0.038834951456310676
BEL,1978,0.0,0.0,0.0,0.0,0.0,0.0,109,4,0.03669724770642202
BEL,1979,0.0,0.0,0.0,0.0,0.0,0.0,101,9,0.0891089108910891
BEL,1980,0.0,0.0,0.0,0.0,0.0,0.0,72,0,0.0
BEL,1981,0.0,0.0,0.0,0.0,0.0,0.0,86,0,0.0
BEL,1982,0.0,0.0,0.0,0.0,0.0,0.0,90,3,0.03333333333333333
BEL,1983,0.0,0.0,0.0,0.0,0.0,0.0,78,1,0.01282051282051282
BEL,1984,0.0,0.0,0.0,0.0,0.0,0.0,99,2,0.020202020202020204
BEL,1985,0.0,0.0,0.0,0.0,0.0,0.0,92,4,0.043478260869565216
BEL,1986,0.0,0.0,0.0,0.0,0.0,0.0,124,23,0.18548387096774194
BEL,1987,0.0,0.0,0.0,0.0,0.0,0.0,112,3,0.026785714285714284
BEL,1988,0.0,0.0,0.0,0.0,0.0,0.0,90,1,0.011111111111111112
BEL,1989,0.0,0.0,0.0,0.0,0.0,0.0,72,4,0.05555555555555555
BEL,1990,0.0,0.0,0.0,0.0,0.0,0.0,90,2,0.022222222222222223
BEL,1991,0.0,0.0,0.0,0.0,0.0,0.0,98,2,0.02040816326530612
BEL,1992,0.0,0.0,0.0,0.0,0.0,0.0,130,9,0.06923076923076923
BEL,1993,0.0,0.0,0.0,0.0,0.0,0.0,91,1,0.01098901098901099
BEL,1994,0.0,0.0,0.0,0.0,0.0,0.0,72,1,0.013888888888888888
BEL,1995,0.0,0.0,0.0,0.0,0.0,0.0,65,2,0.03076923076923077
BEL,1996,0.0,0.0,0.0,0.0,0.0,0.0,75,1,0.013333333333333334
BEL,1997,0.0,0.0,0.0,0.0,0.0,0.0,55,0,0.0
BEL,1998,0.0,0.0,0.0,0.0,0.0,0.0,102,2,0.0196078431372549
BEL,1999,0.0,0.0,0.0,0.0,0.0,0.0,90,2,0.022222222222222223
BEL,2000,0.0,0.0,0.0,0.0,0.0,0.0,86,5,0.05813953488372093
BEL,2001,0.0,0.0,0.0,0.0,0.0,0.0,83,7,0.08433734939759036
BEL,2002,0.0,0.0,0.0,0.0,0.0,0.0,81,3,0.037037037037037035
BEL,2003,0.0,0.0,0.0,0.0,0.0,0.0,60,5,0.08333333333333333
BEL,2004,0.0,0.0,0.0,0.0,0.0,0.0,42,2,0.047619047619047616
BEL,2005,0.0,0.0,0.0,0.0,0.0,0.0,61,0,0.0
BEL,2006,0.0,0.0,0.0,0.0,0.0,0.0,92,2,0.021739130434782608
BEL,2007,0.0,0.0,0.0,0.0,0.0,0.0,114,5,0.043859649122807015
BEL,2008,0.0,0.0,0.0,0.0,0.0,0.0,90,9,0.1
BEL,2009,0.0,0.0,0.0,0.0,0.0,0.0,83,8,0.0963855421686747
BEL,2010,0.0,0.0,0.0,0.0,0.0,0.0,83,6,0.07228915662650602
BEL,2011,0.0,0.0,0.0,0.0,0.0,0.0,78,2,0.02564102564102564
BEL,2012,0.0,0.0,0.0,0.0,0.0,0.0,65,3,0.046153846153846156
BEL,2013,0.0,0.0,0.0,0.0,0.0,0.0,81,6,0.07407407407407407
BEL,2014,0.0,0.0,0.0,0.0,0.0,0.0,76,1,0.013157894736842105
BEL,2015,0.0,0.0,0.0,0.0,0.0,0.0,76,4,0.05263157894736842
BEL,2016,0.0,0.0,0.0,0.0,0.0,0.0,80,3,0.0375
BEL,2017,0.0,0.0,0.0,0.0,0.0,0.0,83,8,0.0963855421686747
BEL,2018,0.0,0.0,0.0,0.0,0.0,0.0,121,16,0.1322314049586777
BEL,2019,0.0,0.0,0.0,0.0,0.0,0.0,76,18,0.23684210526315788
BEL,2020,0.0,0.0,0.0,0.0,0.0,0.0,42,4,0.09523809523809523
BEL,2021,0.0,0.0,0.0,0.0,0.0,0.0,102,19,0.18627450980392157
BEL,2022,0.0,0.0,0.0,0.0,0.0,0.0,82,14,0.17073170731707318
BEL,2023,0.0,0.0,0.0,0.0,0.0,0.0,73,25,0.3424657534246575
BEL,2024,0.0,0.0,0.0,0.0,0.0,0.0,72,9,0.125
BEL,2025,0.0,0.0,0.0,0.0,0.0,0.0,70,3,0.04285714285714286
BEN,1963,0.0,0.0,0.0,0.0,0.0,0.0,101,2,0.019801980198019802
BEN,1964,0.0,0.0,0.0,0.0,0.0,0.0,93,0,0.0
BEN,1965,0.0,0.0,0.0,0.0,0.0,0.0,129,0,0.0
BEN,1966,0.0,0.0,0.0,0.0,0.0,0.0,109,1,0.009174311926605505
BEN,1968,0.0,0.0,0.0,0.0,0.0,0.0,97,2,0.020618556701030927
BEN,1971,0.0,0.0,0.0,0.0,0.0,0.0,21,0,0.0
BEN,1972,0.0,0.0,0.0,0.0,0.0,0.0,54,0,0.0
BEN,1973,0.0,0.0,0.0,0.0,0.0,0.0,109,1,0.009174311926605505
BEN,1974,0.0,0.0,0.0,0.0,0.0,0.0,135,6,0.044444444444444446
BEN,1975,0.0,0.0,0.0,0.0,0.0,0.0,98,0,0.0
BEN,1976,0.0,0.0,0.0,0.0,0.0,0.0,69,2,0.028985507246376812
BEN,1977,0.0,0.0,0.0,0.0,0.0,0.0,66,1,0.015151515151515152
BEN,1978,0.0,0.0,0.0,0.0,0.0,0.0,79,0,0.0
BEN,1979,0.0,0.0,0.0,0.0,0.0,0.0,87,1,0.011494252873563218
BEN,1980,0.0,0.0,0.0,0.0,0.0,0.0,90,1,0.011111111111111112
BEN,1981,0.0,0.0,0.0,0.0,0.0,0.0,51,0,0.0
BEN,1982,0.0,0.0,0.0,0.0,0.0,0.0,99,1,0.010101010101010102
BEN,1983,0.0,0.0,0.0,0.0,0.0,0.0,106,2,0.018867924528301886
BEN,1984,0.0,0.0,0.0,0.0,0.0,0.0,87,3,0.034482758620689655
BEN,1985,0.0,0.0,0.0,0.0,0.0,0.0,37,0,0.0
BEN,1987,0.0,0.0,0.0,0.0,0.0,0.0,52,2,0.038461538461538464
BEN,1988,0.0,0.0,0.0,0.0,0.0,0.0,45,3,0.06666666666666667
BEN,1989,0.0,0.0,0.0,0.0,0.0,0.0,70,6,0.08571428571428572
BEN,1990,0.0,0.0,0.0,0.0,0.0,0.0,89,3,0.033707865168539325
BEN,1991,0.0,0.0,0.0,0.0,0.0,0.0,82,7,0.08536585365853659
BEN,1992,0.0,0.0,0.0,0.0,0.0,0.0,148,13,0.08783783783783784
BEN,1993,0.0,0.0,0.0,0.0,0.0,0.0,52,5,0.09615384615384616
BEN,1994,0.0,0.0,0.0,0.0,0.0,0.0,51,3,0.058823529411764705
BEN,1995,0.0,0.0,0.0,0.0,0.0,0.0,49,3,0.061224489795918366
BEN,1996,0.0,0.0,0.0,0.0,0.0,0.0,30,2,0.06666666666666667
BEN,1997,0.0,0.0,0.0,0.0,0.0,0.0,28,0,0.0
BEN,1998,0.0,0.0,0.0,0.0,0.0,0.0,46,0,0.0
BEN,1999,0.0,0.0,0.0,0.0,0.0,0.0,37,0,0.0
BEN,2000,0.0,0.0,0.0,0.0,0.0,0.0,20,0,0.0
BEN,2001,0.0,0.0,0.0,0.0,0.0,0.0,72,0,0.0
BEN,2002,0.0,0.0,0.0,0.0,0.0,0.0,47,0,0.0
BEN,2003,0.0,0.0,0.0,0.0,0.0,0.0,54,2,0.037037037037037035
BEN,2004,0.0,0.0,0.0,0.0,0.0,0.0,43,5,0.11627906976744186
BEN,2005,0.0,0.0,0.0,0.0,0.0,0.0,52,4,0.07692307692307693
BEN,2006,0.0,0.0,0.0,0.0,0.0,0.0,42,1,0.023809523809523808
BEN,2007,0.0,0.0,0.0,0.0,0.0,0.0,66,10,0.15151515151515152
BEN,2008,1.0,0.0,0.0,0.0,0.0,0.0,67,17,0.2537313432835821
BEN,2009,0.0,0.0,0.0,0.0,0.0,0.0,77,17,0.22077922077922077
BEN,2010,1.0,0.0,1.0,0.0,0.0,0.0,81,12,0.14814814814814814
BEN,2011,0.0,0.0,0.0,0.0,0.0,0.0,95,3,0.031578947368421054
BEN,2012,0.0,0.0,0.0,0.0,0.0,0.0,41,4,0.0975609756097561
BEN,2013,0.0,0.0,0.0,0.0,0.0,0.0,58,4,0.06896551724137931
BEN,2014,0.0,0.0,0.0,0.0,0.0,0.0,64,7,0.109375
BEN,2015,0.0,0.0,0.0,0.0,0.0,0.0,70,6,0.08571428571428572
BEN,2016,0.0,0.0,0.0,0.0,0.0,0.0,16,6,0.375
BEN,2017,0.0,0.0,0.0,0.0,0.0,0.0,32,8,0.25
BEN,2018,0.0,0.0,0.0,0.0,0.0,0.0,45,4,0.08888888888888889
BEN,2019,0.0,0.0,0.0,0.0,0.0,0.0,49,18,0.3673469387755102
BEN,2020,0.0,0.0,0.0,0.0,0.0,0.0,20,3,0.15
BEN,2021,0.0,0.0,0.0,0.0,0.0,0.0,19,4,0.21052631578947367
BEN,2022,0.0,0.0,0.0,0.0,0.0,0.0,16,5,0.3125
BEN,2023,0.0,0.0,0.0,0.0,0.0,0.0,40,7,0.175
BEN,2024,0.0,0.0,0.0,0.0,0.0,0.0,47,2,0.0425531914893617
BEN,2025,0.0,0.0,0.0,0.0,0.0,0.0,83,12,0.14457831325301204
BFA,1962,0.0,0.0,0.0,0.0,0.0,0.0,146,5,0.03424657534246575
BFA,1963,0.0,0.0,0.0,0.0,0.0,0.0,47,2,0.0425531914893617
BFA,1966,0.0,0.0,0.0,0.0,0.0,0.0,75,1,0.013333333333333334
BFA,1967,0.0,0.0,0.0,0.0,0.0,0.0,122,1,0.00819672131147541
BFA,1969,0.0,0.0,0.0,0.0,0.0,0.0,115,1,0.008695652173913044
BFA,1971,0.0,0.0,0.0,0.0,0.0,0.0,84,2,0.023809523809523808
BFA,1972,0.0,0.0,0.0,0.0,0.0,0.0,84,1,0.011904761904761904
BFA,1973,0.0,0.0,0.0,0.0,0.0,0.0,112,5,0.044642857142857144
BFA,1974,0.0,0.0,0.0,0.0,0.0,0.0,221,29,0.13122171945701358
BFA,1975,0.0,0.0,0.0,0.0,0.0,0.0,50,4,0.08
BFA,1976,0.0,0.0,0.0,0.0,0.0,0.0,66,5,0.07575757575757576
BFA,1977,3.0,0.0,0.0,0.0,0.0,0.0,66,14,0.21212121212121213
BFA,1978,0.0,0.0,0.0,0.0,0.0,0.0,78,7,0.08974358974358974
BFA,1979,2.0,0.0,0.0,0.0,0.0,0.0,80,5,0.0625
BFA,1980,1.0,0.0,0.0,0.0,0.0,0.0,108,19,0.17592592592592593
BFA,1981,0.0,0.0,1.0,0.0,0.0,0.0,45,0,0.0
BFA,1982,0.0,0.0,0.0,0.0,0.0,0.0,72,0,0.0
BFA,1983,0.0,0.0,0.0,0.0,0.0,0.0,81,2,0.024691358024691357
BFA,1984,0.0,0.0,0.0,0.0,0.0,0.0,123,2,0.016260162601626018
BFA,1985,0.0,0.0,0.0,0.0,0.0,0.0,29,0,0.0
BFA,1986,0.0,0.0,0.0,0.0,0.0,0.0,106,7,0.0660377358490566
BFA,1987,0.0,0.0,0.0,0.0,0.0,0.0,108,6,0.05555555555555555
BFA,1988,1.0,0.0,0.0,0.0,0.0,0.0,69,5,0.07246376811594203
BFA,1989,0.0,0.0,0.0,0.0,0.0,0.0,56,3,0.05357142857142857
BFA,1990,0.0,0.0,0.0,0.0,0.0,0.0,59,8,0.13559322033898305
BFA,1991,0.0,0.0,0.0,0.0,0.0,0.0,96,3,0.03125
BFA,1992,0.0,0.0,0.0,0.0,0.0,0.0,107,10,0.09345794392523364
BFA,1993,0.0,0.0,0.0,0.0,0.0,0.0,60,8,0.13333333333333333
BFA,1994,0.0,0.0,0.0,0.0,0.0,0.0,63,5,0.07936507936507936
BFA,1995,0.0,0.0,0.0,0.0,0.0,0.0,54,5,0.09259259259259259
BFA,1996,0.0,0.0,0.0,0.0,0.0,0.0,55,0,0.0
BFA,1997,0.0,0.0,0.0,0.0,0.0,0.0,46,2,0.043478260869565216
BFA,1998,0.0,0.0,0.0,0.0,0.0,0.0,41,1,0.024390243902439025
BFA,1999,0.0,0.0,0.0,0.0,0.0,0.0,47,1,0.02127659574468085
BFA,2000,0.0,0.0,0.0,0.0,0.0,0.0,24,2,0.08333333333333333
BFA,2001,0.0,0.0,0.0,0.0,0.0,0.0,38,0,0.0
BFA,2002,0.0,0.0,0.0,0.0,0.0,0.0,33,0,0.0
BFA,2003,0.0,0.0,0.0,0.0,0.0,0.0,36,1,0.027777777777777776
BFA,2004,0.0,0.0,0.0,0.0,0.0,0.0,28,1,0.03571428571428571
BFA,2005,0.0,0.0,0.0,0.0,0.0,0.0,21,0,0.0
BFA,2006,0.0,0.0,0.0,0.0,0.0,0.0,50,6,0.12
BFA,2007,0.0,0.0,0.0,0.0,0.0,0.0,73,5,0.0684931506849315
BFA,2008,0.0,0.0,1.0,0.0,0.0,0.0,52,6,0.11538461538461539
BFA,2009,0.0,0.0,0.0,0.0,0.0,0.0,37,8,0.21621621621621623
BFA,2010,0.0,0.0,0.0,0.0,0.0,0.0,46,8,0.17391304347826086
BFA,2011,0.0,0.0,0.0,0.0,0.0,0.0,68,11,0.16176470588235295
BFA,2012,0.0,0.0,0.0,0.0,0.0,0.0,44,4,0.09090909090909091
BFA,2013,0.0,0.0,0.0,0.0,0.0,0.0,27,2,0.07407407407407407
BFA,2014,0.0,0.0,0.0,0.0,0.0,0.0,62,7,0.11290322580645161
BFA,2015,0.0,0.0,0.0,0.0,0.0,0.0,35,4,0.11428571428571428
BFA,2016,0.0,0.0,0.0,0.0,0.0,0.0,41,7,0.17073170731707318
BFA,2017,0.0,0.0,0.0,0.0,0.0,0.0,44,3,0.06818181818181818
BFA,2018,0.0,0.0,0.0,0.0,0.0,0.0,67,5,0.07462686567164178
BFA,2019,1.0,0.0,0.0,0.0,0.0,0.0,59,12,0.2033898305084746
BFA,2020,0.0,0.0,0.0,0.0,0.0,0.0,29,2,0.06896551724137931
BFA,2021,0.0,0.0,0.0,0.0,0.0,0.0,33,6,0.18181818181818182
BFA,2022,0.0,0.0,0.0,0.0,0.0,0.0,54,5,0.09259259259259259
BFA,2023,0.0,0.0,0.0,0.0,0.0,0.0,207,10,0.04830917874396135
BFA,2024,0.0,0.0,0.0,0.0,0.0,0.0,27,0,0.0
BFA,2025,0.0,0.0,0.0,0.0,0.0,0.0,120,2,0.016666666666666666
BGD,1974,0.0,0.0,0.0,0.0,0.0,0.0,70,4,0.05714285714285714
BGD,1975,0.0,0.0,0.0,0.0,0.0,0.0,90,4,0.044444444444444446
BGD,1976,0.0,0.0,0.0,0.0,0.0,0.0,114,1,0.008771929824561403
BGD,1977,0.0,0.0,0.0,0.0,0.0,0.0,100,8,0.08
BGD,1978,0.0,0.0,0.0,0.0,0.0,0.0,88,1,0.011363636363636364
BGD,1979,0.0,0.0,0.0,0.0,0.0,0.0,93,4,0.043010752688172046
BGD,1980,0.0,0.0,0.0,0.0,0.0,0.0,55,2,0.03636363636363636
BGD,1981,0.0,0.0,0.0,0.0,0.0,0.0,40,1,0.025
BGD,1982,0.0,0.0,0.0,0.0,0.0,0.0,95,0,0.0
BGD,1983,0.0,0.0,0.0,0.0,0.0,0.0,104,2,0.019230769230769232
BGD,1984,0.0,0.0,0.0,0.0,0.0,0.0,132,3,0.022727272727272728
BGD,1985,0.0,0.0,0.0,0.0,0.0,0.0,143,4,0.027972027972027972
BGD,1986,0.0,0.0,0.0,0.0,0.0,0.0,136,2,0.014705882352941176
BGD,1987,0.0,0.0,0.0,0.0,0.0,0.0,30,3,0.1
BGD,1988,0.0,0.0,0.0,0.0,0.0,0.0,114,22,0.19298245614035087
BGD,1989,0.0,0.0,0.0,0.0,0.0,0.0,126,22,0.1746031746031746
BGD,1990,0.0,0.0,0.0,0.0,0.0,0.0,149,4,0.026845637583892617
BGD,1991,0.0,0.0,0.0,0.0,0.0,0.0,109,15,0.13761467889908258
BGD,1992,0.0,0.0,0.0,0.0,0.0,0.0,170,13,0.07647058823529412
BGD,1993,0.0,0.0,0.0,0.0,0.0,0.0,109,19,0.1743119266055046
BGD,1994,0.0,0.0,0.0,0.0,0.0,0.0,120,13,0.10833333333333334
BGD,1995,0.0,0.0,0.0,0.0,0.0,0.0,43,2,0.046511627906976744
BGD,1996,0.0,0.0,2.0,0.0,0.0,0.0,118,12,0.1016949152542373
BGD,1997,0.0,0.0,0.0,0.0,0.0,0.0,77,0,0.0
BGD,1998,0.0,0.0,0.0,0.0,0.0,0.0,97,11,0.1134020618556701
BGD,1999,0.0,0.0,0.0,0.0,0.0,0.0,72,3,0.041666666666666664
BGD,2000,0.0,0.0,0.0,0.0,0.0,0.0,49,4,0.08163265306122448
BGD,2001,0.0,0.0,0.0,0.0,0.0,0.0,63,1,0.015873015873015872
BGD,2002,0.0,0.0,0.0,0.0,0.0,0.0,62,2,0.03225806451612903
BGD,2003,0.0,0.0,0.0,0.0,0.0,0.0,109,9,0.08256880733944955
BGD,2004,0.0,0.0,0.0,0.0,0.0,0.0,68,9,0.1323529411764706
BGD,2005,0.0,0.0,0.0,0.0,0.0,0.0,66,11,0.16666666666666666
BGD,2006,0.0,0.0,0.0,0.0,0.0,0.0,87,8,0.09195402298850575
BGD,2007,0.0,0.0,0.0,0.0,0.0,0.0,100,7,0.07
BGD,2008,0.0,0.0,0.0,0.0,0.0,0.0,92,16,0.17391304347826086
BGD,2009,0.0,0.0,0.0,0.0,0.0,0.0,113,26,0.23008849557522124
BGD,2010,0.0,0.0,0.0,0.0,0.0,0.0,106,21,0.19811320754716982
BGD,2011,1.0,0.0,0.0,0.0,0.0,0.0,92,11,0.11956521739130435
BGD,2012,0.0,0.0,0.0,0.0,0.0,0.0,67,13,0.19402985074626866
BGD,2013,0.0,0.0,0.0,0.0,0.0,0.0,78,12,0.15384615384615385
BGD,2014,0.0,0.0,0.0,0.0,0.0,2.0,81,19,0.2345679012345679
BGD,2015,0.0,0.0,0.0,0.0,0.0,0.0,63,11,0.1746031746031746
BGD,2016,0.0,0.0,0.0,0.0,0.0,0.0,81,11,0.13580246913580246
BGD,2017,0.0,0.0,0.0,0.0,0.0,0.0,61,10,0.16393442622950818
BGD,2018,0.0,0.0,0.0,0.0,0.0,0.0,144,25,0.1736111111111111
BGD,2019,0.0,0.0,0.0,0.0,0.0,0.0,79,13,0.16455696202531644
BGD,2020,0.0,0.0,0.0,0.0,0.0,0.0,78,5,0.0641025641025641
BGD,2021,0.0,0.0,0.0,0.0,0.0,0.0,89,7,0.07865168539325842
BGD,2022,0.0,0.0,0.0,0.0,0.0,0.0,117,18,0.15384615384615385
BGD,2023,0.0,0.0,0.0,0.0,0.0,0.0,64,9,0.140625
BGD,2024,0.0,0.0,0.0,0.0,0.0,0.0,159,23,0.14465408805031446
BGD,2025,0.0,0.0,0.0,0.0,0.0,1.0,261,24,0.09195402298850575
BGR,1956,0.0,0.0,0.0,0.0,0.0,0.0,82,0,0.0
BGR,1957,0.0,0.0,0.0,0.0,0.0,0.0,89,2,0.02247191011235955
BGR,1958,0.0,0.0,0.0,0.0,0.0,0.0,189,0,0.0
BGR,1959,0.0,0.0,0.0,0.0,0.0,0.0,116,2,0.017241379310344827
BGR,1960,0.0,0.0,0.0,0.0,0.0,0.0,293,2,0.006825938566552901
BGR,1961,0.0,0.0,0.0,0.0,0.0,0.0,142,0,0.0
BGR,1962,0.0,0.0,0.0,0.0,0.0,0.0,107,1,0.009345794392523364
BGR,1963,0.0,0.0,0.0,0.0,0.0,0.0,89,5,0.056179775280898875
BGR,1964,0.0,0.0,0.0,0.0,0.0,0.0,111,2,0.018018018018018018
BGR,1965,0.0,0.0,0.0,0.0,0.0,0.0,116,3,0.02586206896551724
BGR,1966,0.0,0.0,0.0,0.0,0.0,0.0,129,2,0.015503875968992248
BGR,1967,0.0,0.0,0.0,0.0,0.0,0.0,137,1,0.0072992700729927005
BGR,1968,0.0,0.0,0.0,0.0,0.0,0.0,128,6,0.046875
BGR,1969,0.0,0.0,0.0,0.0,0.0,0.0,136,4,0.029411764705882353
BGR,1971,0.0,0.0,0.0,0.0,0.0,0.0,93,4,0.043010752688172046
BGR,1972,0.0,0.0,0.0,0.0,0.0,0.0,62,4,0.06451612903225806
BGR,1973,0.0,0.0,0.0,0.0,0.0,0.0,52,2,0.038461538461538464
BGR,1974,0.0,0.0,0.0,0.0,0.0,0.0,77,4,0.05194805194805195
BGR,1975,0.0,0.0,0.0,0.0,0.0,0.0,80,3,0.0375
BGR,1976,0.0,0.0,0.0,0.0,0.0,0.0,89,3,0.033707865168539325
BGR,1977,0.0,0.0,0.0,0.0,0.0,0.0,57,4,0.07017543859649122
BGR,1978,0.0,0.0,0.0,0.0,0.0,0.0,57,0,0.0
BGR,1979,0.0,0.0,0.0,0.0,0.0,0.0,71,4,0.056338028169014086
BGR,1980,0.0,0.0,0.0,0.0,0.0,0.0,63,1,0.015873015873015872
BGR,1981,0.0,0.0,0.0,0.0,0.0,0.0,58,2,0.034482758620689655
BGR,1982,0.0,0.0,0.0,0.0,0.0,0.0,64,7,0.109375
BGR,1983,0.0,0.0,0.0,0.0,0.0,0.0,62,1,0.016129032258064516
BGR,1984,0.0,0.0,0.0,0.0,0.0,0.0,57,2,0.03508771929824561
BGR,1985,0.0,0.0,0.0,0.0,1.0,0.0,84,5,0.05952380952380952
BGR,1986,0.0,0.0,0.0,0.0,0.0,0.0,89,7,0.07865168539325842
BGR,1987,0.0,0.0,0.0,0.0,0.0,0.0,93,7,0.07526881720430108
BGR,1988,0.0,0.0,0.0,0.0,0.0,0.0,97,8,0.08247422680412371
BGR,1989,0.0,0.0,0.0,0.0,0.0,0.0,89,10,0.11235955056179775
BGR,1990,0.0,0.0,0.0,0.0,0.0,0.0,77,2,0.025974025974025976
BGR,1991,0.0,0.0,0.0,0.0,0.0,0.0,90,6,0.06666666666666667
BGR,1992,0.0,0.0,0.0,0.0,0.0,0.0,111,3,0.02702702702702703
BGR,1993,0.0,0.0,0.0,0.0,1.0,0.0,50,2,0.04
BGR,1994,0.0,0.0,0.0,0.0,0.0,0.0,66,2,0.030303030303030304
BGR,1995,0.0,0.0,0.0,0.0,0.0,0.0,51,1,0.0196078431372549
BGR,1996,0.0,0.0,0.0,0.0,0.0,0.0,80,6,0.075
BGR,1997,0.0,0.0,0.0,0.0,0.0,0.0,56,0,0.0
BGR,1998,0.0,0.0,0.0,0.0,0.0,0.0,78,0,0.0
BGR,1999,0.0,0.0,0.0,0.0,0.0,0.0,45,2,0.044444444444444446
BGR,2000,0.0,0.0,0.0,0.0,0.0,0.0,77,2,0.025974025974025976
BGR,2001,0.0,0.0,0.0,0.0,0.0,0.0,23,0,0.0
BGR,2002,0.0,0.0,0.0,0.0,0.0,0.0,44,2,0.045454545454545456
BGR,2003,0.0,0.0,0.0,0.0,0.0,0.0,36,0,0.0
BGR,2004,0.0,0.0,0.0,0.0,0.0,0.0,51,0,0.0
BGR,2005,0.0,0.0,0.0,0.0,0.0,0.0,56,2,0.03571428571428571
BGR,2006,0.0,0.0,0.0,0.0,0.0,0.0,71,3,0.04225352112676056
BGR,2007,0.0,0.0,0.0,0.0,0.0,0.0,82,8,0.0975609756097561
BGR,2008,0.0,0.0,0.0,0.0,0.0,0.0,60,5,0.08333333333333333
BGR,2009,0.0,0.0,0.0,0.0,0.0,0.0,74,6,0.08108108108108109
BGR,2010,0.0,0.0,0.0,0.0,0.0,0.0,137,13,0.0948905109489051
BGR,2011,0.0,0.0,0.0,0.0,0.0,0.0,133,8,0.06015037593984962
BGR,2012,0.0,0.0,0.0,0.0,0.0,0.0,58,5,0.08620689655172414
BGR,2013,0.0,0.0,0.0,0.0,0.0,0.0,65,8,0.12307692307692308
BGR,2014,0.0,0.0,0.0,0.0,0.0,0.0,74,7,0.0945945945945946
BGR,2015,0.0,0.0,0.0,0.0,0.0,0.0,80,6,0.075
BGR,2016,0.0,0.0,0.0,0.0,0.0,0.0,94,10,0.10638297872340426
BGR,2017,0.0,0.0,0.0,0.0,0.0,0.0,43,7,0.16279069767441862
BGR,2018,0.0,0.0,0.0,0.0,0.0,0.0,81,6,0.07407407407407407
BGR,2019,0.0,0.0,0.0,0.0,0.0,0.0,63,11,0.1746031746031746
BGR,2020,0.0,0.0,0.0,0.0,0.0,0.0,40,6,0.15
BGR,2021,0.0,0.0,0.0,0.0,0.0,0.0,28,4,0.14285714285714285
BGR,2022,0.0,0.0,0.0,0.0,0.0,0.0,43,4,0.09302325581395349
BGR,2023,0.0,0.0,0.0,0.0,0.0,0.0,56,8,0.14285714285714285
BGR,2024,0.0,0.0,0.0,0.0,0.0,0.0,59,10,0.1694915254237288
BGR,2025,0.0,0.0,0.0,0.0,0.0,0.0,84,11,0.13095238095238096
BHR,1972,0.0,0.0,0.0,0.0,0.0,0.0,25,1,0.04
BHR,1973,0.0,0.0,0.0,0.0,0.0,0.0,48,5,0.10416666666666667
BHR,1974,0.0,0.0,0.0,0.0,0.0,0.0,84,6,0.07142857142857142
BHR,1975,0.0,0.0,0.0,0.0,0.0,0.0,97,1,0.010309278350515464
BHR,1976,0.0,0.0,0.0,0.0,0.0,0.0,104,2,0.019230769230769232
BHR,1977,0.0,0.0,0.0,0.0,0.0,0.0,71,0,0.0
BHR,1978,0.0,0.0,0.0,0.0,0.0,0.0,68,0,0.0
BHR,1979,0.0,0.0,0.0,0.0,0.0,0.0,65,2,0.03076923076923077
BHR,1980,0.0,0.0,0.0,0.0,0.0,0.0,72,0,0.0
BHR,1981,0.0,0.0,0.0,0.0,0.0,0.0,77,4,0.05194805194805195
BHR,1982,0.0,0.0,0.0,0.0,0.0,0.0,105,0,0.0
BHR,1983,0.0,0.0,0.0,0.0,0.0,0.0,65,0,0.0
BHR,1984,0.0,0.0,0.0,0.0,0.0,0.0,55,0,0.0
BHR,1985,0.0,0.0,0.0,0.0,0.0,0.0,74,0,0.0
BHR,1986,0.0,0.0,0.0,0.0,0.0,0.0,79,0,0.0
BHR,1987,0.0,0.0,0.0,0.0,0.0,0.0,68,1,0.014705882352941176
BHR,1988,0.0,0.0,0.0,0.0,0.0,0.0,56,2,0.03571428571428571
BHR,1989,0.0,0.0,0.0,0.0,0.0,0.0,68,7,0.10294117647058823
BHR,1990,0.0,0.0,0.0,0.0,0.0,0.0,55,0,0.0
BHR,1991,0.0,0.0,0.0,0.0,0.0,0.0,57,5,0.08771929824561403
BHR,1992,0.0,0.0,0.0,0.0,0.0,0.0,89,8,0.0898876404494382
BHR,1993,0.0,0.0,0.0,0.0,0.0,0.0,67,4,0.05970149253731343
BHR,1994,0.0,0.0,0.0,0.0,0.0,0.0,80,3,0.0375
BHR,1995,0.0,0.0,0.0,0.0,0.0,0.0,58,5,0.08620689655172414
BHR,1996,0.0,0.0,0.0,0.0,0.0,0.0,56,5,0.08928571428571429
BHR,1997,0.0,0.0,0.0,0.0,0.0,0.0,51,4,0.0784313725490196
BHR,1998,0.0,0.0,0.0,0.0,0.0,0.0,51,2,0.0392156862745098
BHR,1999,0.0,0.0,0.0,0.0,0.0,0.0,47,1,0.02127659574468085
BHR,2000,0.0,0.0,0.0,0.0,0.0,0.0,33,1,0.030303030303030304
BHR,2001,0.0,0.0,0.0,0.0,0.0,0.0,33,0,0.0
BHR,2002,0.0,0.0,0.0,0.0,0.0,0.0,34,0,0.0
BHR,2003,0.0,0.0,0.0,0.0,0.0,0.0,34,0,0.0
BHR,2004,0.0,0.0,0.0,0.0,0.0,0.0,26,0,0.0
BHR,2005,0.0,0.0,0.0,0.0,0.0,0.0,26,0,0.0
BHR,2006,0.0,0.0,0.0,0.0,0.0,0.0,87,5,0.05747126436781609
BHR,2007,0.0,0.0,0.0,0.0,0.0,0.0,53,6,0.11320754716981132
BHR,2008,0.0,0.0,0.0,0.0,0.0,0.0,72,21,0.2916666666666667
BHR,2009,0.0,0.0,0.0,0.0,0.0,0.0,63,9,0.14285714285714285
BHR,2010,0.0,0.0,0.0,0.0,0.0,0.0,55,8,0.14545454545454545
BHR,2011,0.0,0.0,0.0,0.0,0.0,0.0,35,1,0.02857142857142857
BHR,2012,0.0,0.0,0.0,0.0,0.0,0.0,47,5,0.10638297872340426
BHR,2013,0.0,0.0,0.0,0.0,0.0,0.0,54,1,0.018518518518518517
BHR,2014,0.0,0.0,0.0,0.0,0.0,0.0,59,2,0.03389830508474576
BHR,2015,0.0,0.0,0.0,0.0,0.0,0.0,78,5,0.0641025641025641
BHR,2016,0.0,0.0,0.0,0.0,0.0,0.0,66,4,0.06060606060606061
BHR,2017,0.0,0.0,0.0,0.0,0.0,0.0,80,1,0.0125
BHR,2018,0.0,0.0,0.0,0.0,0.0,0.0,61,2,0.03278688524590164
BHR,2019,0.0,0.0,0.0,0.0,0.0,0.0,49,0,0.0
BHR,2020,0.0,0.0,0.0,0.0,0.0,0.0,12,0,0.0
BHR,2021,0.0,0.0,0.0,0.0,0.0,0.0,44,3,0.06818181818181818
BHR,2022,0.0,0.0,0.0,0.0,0.0,0.0,24,3,0.125
BHR,2023,0.0,0.0,0.0,0.0,0.0,0.0,63,7,0.1111111111111111
BHR,2024,0.0,0.0,0.0,0.0,0.0,0.0,67,3,0.04477611940298507
BHR,2025,0.0,0.0,0.0,0.0,0.0,0.0,92,6,0.06521739130434782
BHS,1973,0.0,0.0,0.0,0.0,0.0,0.0,51,2,0.0392156862745098
BHS,1980,0.0,0.0,0.0,0.0,0.0,0.0,80,6,0.075
BHS,1981,0.0,0.0,0.0,0.0,0.0,0.0,105,0,0.0
BHS,1982,0.0,0.0,0.0,0.0,0.0,0.0,79,0,0.0
BHS,1983,0.0,0.0,0.0,0.0,0.0,0.0,96,1,0.010416666666666666
BHS,1984,0.0,0.0,0.0,0.0,0.0,0.0,99,2,0.020202020202020204
BHS,1985,0.0,0.0,0.0,0.0,0.0,0.0,83,5,0.060240963855421686
BHS,1986,0.0,0.0,0.0,0.0,0.0,0.0,83,0,0.0
BHS,1987,0.0,0.0,0.0,0.0,0.0,0.0,65,1,0.015384615384615385
BHS,1988,0.0,0.0,0.0,0.0,0.0,0.0,62,3,0.04838709677419355
BHS,1989,0.0,0.0,0.0,0.0,0.0,0.0,85,4,0.047058823529411764
BHS,1990,0.0,0.0,0.0,0.0,0.0,0.0,59,5,0.0847457627118644
BHS,1991,0.0,0.0,0.0,0.0,0.0,0.0,48,5,0.10416666666666667
BHS,1992,0.0,0.0,0.0,0.0,0.0,0.0,119,16,0.13445378151260504
BHS,1993,0.0,0.0,0.0,0.0,0.0,0.0,44,2,0.045454545454545456
BHS,1994,0.0,0.0,0.0,0.0,0.0,0.0,44,2,0.045454545454545456
BHS,1995,0.0,0.0,0.0,0.0,0.0,0.0,55,3,0.05454545454545454
BHS,1996,0.0,0.0,0.0,0.0,0.0,0.0,74,9,0.12162162162162163
BHS,1997,0.0,0.0,0.0,0.0,0.0,0.0,40,10,0.25
BHS,1998,0.0,0.0,0.0,0.0,0.0,0.0,54,5,0.09259259259259259
BHS,1999,0.0,0.0,0.0,0.0,0.0,0.0,62,3,0.04838709677419355
BHS,2000,0.0,0.0,0.0,0.0,0.0,0.0,49,4,0.08163265306122448
BHS,2001,0.0,0.0,0.0,0.0,0.0,0.0,54,3,0.05555555555555555
BHS,2002,0.0,0.0,0.0,0.0,0.0,0.0,67,8,0.11940298507462686
BHS,2003,0.0,0.0,0.0,0.0,0.0,0.0,50,2,0.04
BHS,2004,0.0,0.0,0.0,0.0,0.0,0.0,67,9,0.13432835820895522
BHS,2005,0.0,0.0,0.0,0.0,0.0,0.0,77,10,0.12987012987012986
BHS,2006,0.0,0.0,0.0,0.0,0.0,0.0,78,10,0.1282051282051282
BHS,2007,0.0,0.0,0.0,0.0,0.0,0.0,74,14,0.1891891891891892
BHS,2008,0.0,0.0,0.0,0.0,0.0,0.0,61,12,0.19672131147540983
BHS,2009,0.0,0.0,0.0,0.0,0.0,0.0,61,15,0.2459016393442623
BHS,2010,0.0,0.0,0.0,0.0,0.0,0.0,78,16,0.20512820512820512
BHS,2011,0.0,0.0,0.0,0.0,0.0,0.0,84,10,0.11904761904761904
BHS,2012,0.0,0.0,0.0,0.0,0.0,0.0,67,7,0.1044776119402985
BHS,2013,0.0,0.0,0.0,0.0,0.0,0.0,64,7,0.109375
BHS,2014,0.0,0.0,0.0,0.0,0.0,0.0,53,9,0.16981132075471697
BHS,2015,0.0,0.0,0.0,0.0,0.0,0.0,64,10,0.15625
BHS,2016,0.0,0.0,0.0,0.0,0.0,0.0,81,3,0.037037037037037035
BHS,2017,0.0,0.0,0.0,0.0,0.0,0.0,65,13,0.2
BHS,2018,0.0,0.0,0.0,0.0,0.0,0.0,46,11,0.2391304347826087
BHS,2019,0.0,0.0,0.0,0.0,0.0,0.0,54,19,0.35185185185185186
BHS,2020,0.0,0.0,0.0,0.0,0.0,0.0,22,5,0.22727272727272727
BHS,2021,0.0,0.0,0.0,0.0,0.0,0.0,64,27,0.421875
BHS,2022,0.0,0.0,0.0,0.0,0.0,0.0,82,25,0.3048780487804878
BHS,2023,0.0,0.0,0.0,0.0,0.0,0.0,70,9,0.12857142857142856
BHS,2024,0.0,0.0,0.0,0.0,0.0,2.0,86,27,0.313953488372093
BHS,2025,0.0,0.0,0.0,0.0,0.0,0.0,87,14,0.16091954022988506
BIH,1992,0.0,0.0,0.0,0.0,0.0,0.0,78,3,0.038461538461538464
BIH,1993,0.0,0.0,0.0,0.0,0.0,0.0,47,0,0.0
BIH,1994,0.0,0.0,0.0,0.0,0.0,0.0,56,2,0.03571428571428571
BIH,1995,0.0,0.0,0.0,0.0,0.0,0.0,37,1,0.02702702702702703
BIH,1996,0.0,0.0,0.0,0.0,0.0,0.0,73,1,0.0136986301369863
BIH,1997,0.0,0.0,0.0,0.0,0.0,0.0,56,4,0.07142857142857142
BIH,1998,0.0,0.0,0.0,0.0,0.0,0.0,47,0,0.0
BIH,1999,0.0,0.0,0.0,0.0,0.0,0.0,46,0,0.0
BIH,2000,0.0,0.0,0.0,0.0,0.0,0.0,54,1,0.018518518518518517
BIH,2001,0.0,0.0,0.0,0.0,0.0,0.0,30,0,0.0
BIH,2002,0.0,0.0,0.0,0.0,0.0,0.0,43,0,0.0
BIH,2003,0.0,0.0,0.0,0.0,0.0,0.0,41,1,0.024390243902439025
BIH,2004,0.0,0.0,0.0,0.0,0.0,0.0,64,0,0.0
BIH,2005,0.0,0.0,0.0,0.0,0.0,0.0,56,1,0.017857142857142856
BIH,2006,0.0,0.0,0.0,0.0,0.0,0.0,106,2,0.018867924528301886
BIH,2007,0.0,0.0,0.0,0.0,0.0,0.0,97,4,0.041237113402061855
BIH,2008,0.0,0.0,0.0,0.0,0.0,0.0,61,0,0.0
BIH,2009,0.0,0.0,0.0,0.0,0.0,0.0,81,9,0.1111111111111111
BIH,2010,0.0,0.0,0.0,0.0,0.0,0.0,48,2,0.041666666666666664
BIH,2011,0.0,0.0,0.0,0.0,0.0,0.0,78,8,0.10256410256410256
BIH,2012,0.0,0.0,0.0,0.0,0.0,0.0,82,0,0.0
BIH,2013,0.0,0.0,0.0,0.0,0.0,0.0,55,7,0.12727272727272726
BIH,2014,0.0,0.0,0.0,0.0,0.0,0.0,42,6,0.14285714285714285
BIH,2015,0.0,0.0,0.0,0.0,0.0,0.0,52,8,0.15384615384615385
BIH,2016,0.0,0.0,0.0,0.0,0.0,0.0,80,15,0.1875
BIH,2017,0.0,0.0,0.0,0.0,0.0,0.0,64,4,0.0625
BIH,2018,0.0,0.0,0.0,0.0,0.0,0.0,63,6,0.09523809523809523
BIH,2019,0.0,0.0,0.0,0.0,0.0,0.0,56,5,0.08928571428571429
BIH,2020,0.0,0.0,0.0,0.0,0.0,0.0,36,0,0.0
BIH,2021,0.0,0.0,0.0,0.0,0.0,2.0,78,14,0.1794871794871795
BIH,2022,0.0,0.0,0.0,0.0,0.0,0.0,104,6,0.057692307692307696
BIH,2023,0.0,0.0,0.0,0.0,0.0,0.0,74,5,0.06756756756756757
BIH,2024,0.0,0.0,0.0,0.0,0.0,0.0,70,4,0.05714285714285714
BIH,2025,0.0,0.0,0.0,0.0,0.0,0.0,163,1,0.006134969325153374
BLR,1946,0.0,0.0,0.0,0.0,0.0,0.0,55,0,0.0
BLR,1947,0.0,0.0,0.0,0.0,0.0,0.0,102,2,0.0196078431372549
BLR,1948,0.0,0.0,0.0,0.0,0.0,0.0,83,1,0.012048192771084338
BLR,1949,0.0,0.0,0.0,0.0,0.0,0.0,54,1,0.018518518518518517
BLR,1950,0.0,0.0,0.0,0.0,0.0,0.0,90,0,0.0
BLR,1951,0.0,0.0,0.0,0.0,0.0,0.0,72,0,0.0
BLR,1952,0.0,0.0,0.0,0.0,0.0,0.0,116,1,0.008620689655172414
BLR,1953,0.0,0.0,0.0,0.0,0.0,0.0,133,1,0.007518796992481203
BLR,1954,0.0,0.0,0.0,0.0,0.0,0.0,134,1,0.007462686567164179
BLR,1955,0.0,0.0,0.0,0.0,0.0,0.0,84,1,0.011904761904761904
BLR,1956,0.0,0.0,0.0,0.0,0.0,0.0,92,1,0.010869565217391304
BLR,1957,0.0,0.0,0.0,0.0,0.0,0.0,147,3,0.02040816326530612
BLR,1958,0.0,0.0,0.0,0.0,0.0,0.0,144,1,0.006944444444444444
BLR,1959,0.0,0.0,0.0,0.0,0.0,0.0,127,2,0.015748031496062992
BLR,1960,0.0,0.0,0.0,0.0,0.0,0.0,255,1,0.00392156862745098
BLR,1961,0.0,0.0,0.0,0.0,0.0,0.0,188,2,0.010638297872340425
BLR,1962,0.0,0.0,0.0,0.0,0.0,0.0,162,1,0.006172839506172839
BLR,1963,0.0,0.0,0.0,0.0,0.0,0.0,137,3,0.021897810218978103
BLR,1964,0.0,0.0,0.0,0.0,0.0,0.0,118,1,0.00847457627118644
BLR,1965,0.0,0.0,0.0,0.0,0.0,0.0,175,5,0.02857142857142857
BLR,1966,0.0,0.0,0.0,0.0,0.0,0.0,141,3,0.02127659574468085
BLR,1967,0.0,0.0,0.0,0.0,0.0,0.0,168,3,0.017857142857142856
BLR,1968,0.0,0.0,0.0,0.0,0.0,0.0,155,1,0.0064516129032258064
BLR,1969,0.0,0.0,0.0,0.0,0.0,0.0,135,2,0.014814814814814815
BLR,1970,0.0,0.0,0.0,0.0,0.0,0.0,87,0,0.0
BLR,1971,0.0,0.0,0.0,0.0,0.0,0.0,105,0,0.0
BLR,1972,0.0,0.0,0.0,0.0,0.0,0.0,83,2,0.024096385542168676
BLR,1973,0.0,0.0,0.0,0.0,0.0,0.0,92,1,0.010869565217391304
BLR,1974,0.0,0.0,0.0,0.0,0.0,0.0,82,2,0.024390243902439025
BLR,1975,0.0,0.0,0.0,0.0,0.0,0.0,90,4,0.044444444444444446
BLR,1976,0.0,0.0,0.0,0.0,0.0,0.0,79,3,0.0379746835443038
BLR,1977,0.0,0.0,0.0,0.0,0.0,0.0,59,1,0.01694915254237288
BLR,1978,0.0,0.0,0.0,0.0,0.0,0.0,67,0,0.0
BLR,1979,0.0,0.0,0.0,0.0,0.0,0.0,71,2,0.028169014084507043
BLR,1980,0.0,0.0,0.0,0.0,0.0,0.0,56,3,0.05357142857142857
BLR,1981,0.0,0.0,0.0,0.0,0.0,0.0,72,1,0.013888888888888888
BLR,1982,0.0,0.0,0.0,0.0,0.0,0.0,94,5,0.05319148936170213
BLR,1983,0.0,0.0,0.0,0.0,0.0,0.0,91,2,0.02197802197802198
BLR,1984,0.0,0.0,0.0,0.0,0.0,0.0,103,3,0.02912621359223301
BLR,1985,0.0,0.0,0.0,0.0,0.0,0.0,90,3,0.03333333333333333
BLR,1986,0.0,0.0,0.0,0.0,0.0,0.0,116,8,0.06896551724137931
BLR,1987,0.0,0.0,0.0,0.0,0.0,0.0,131,7,0.05343511450381679
BLR,1988,0.0,0.0,0.0,0.0,0.0,0.0,99,2,0.020202020202020204
BLR,1989,0.0,0.0,0.0,0.0,0.0,0.0,89,9,0.10112359550561797
BLR,1990,0.0,0.0,0.0,0.0,0.0,0.0,81,19,0.2345679012345679
BLR,1991,0.0,0.0,0.0,0.0,0.0,0.0,106,11,0.10377358490566038
BLR,1992,0.0,0.0,0.0,0.0,0.0,0.0,118,8,0.06779661016949153
BLR,1993,0.0,0.0,0.0,0.0,0.0,0.0,99,8,0.08080808080808081
BLR,1994,0.0,0.0,0.0,0.0,0.0,0.0,59,7,0.11864406779661017
BLR,1995,0.0,0.0,0.0,0.0,0.0,0.0,66,2,0.030303030303030304
BLR,1996,0.0,0.0,0.0,0.0,0.0,0.0,37,5,0.13513513513513514
BLR,1997,0.0,0.0,0.0,0.0,0.0,0.0,50,6,0.12
BLR,1998,0.0,0.0,0.0,0.0,0.0,0.0,65,8,0.12307692307692308
BLR,1999,0.0,0.0,0.0,0.0,0.0,0.0,59,3,0.05084745762711865
BLR,2000,0.0,0.0,0.0,0.0,0.0,0.0,39,4,0.10256410256410256
BLR,2001,0.0,0.0,0.0,0.0,0.0,0.0,60,4,0.06666666666666667
BLR,2002,0.0,0.0,0.0,0.0,0.0,0.0,60,7,0.11666666666666667
BLR,2003,0.0,0.0,0.0,0.0,0.0,0.0,49,5,0.10204081632653061
BLR,2004,0.0,0.0,0.0,0.0,0.0,0.0,58,6,0.10344827586206896
BLR,2005,0.0,0.0,0.0,0.0,0.0,0.0,40,2,0.05
BLR,2006,0.0,0.0,0.0,0.0,0.0,0.0,85,7,0.08235294117647059
BLR,2007,0.0,0.0,0.0,0.0,0.0,0.0,59,17,0.288135593220339
BLR,2008,0.0,0.0,0.0,0.0,0.0,0.0,60,14,0.23333333333333334
BLR,2009,0.0,0.0,0.0,0.0,0.0,0.0,83,10,0.12048192771084337
BLR,2010,0.0,0.0,0.0,0.0,0.0,0.0,73,22,0.3013698630136986
BLR,2011,0.0,0.0,0.0,0.0,0.0,0.0,89,8,0.0898876404494382
BLR,2012,0.0,0.0,0.0,0.0,0.0,0.0,71,6,0.08450704225352113
BLR,2013,0.0,0.0,0.0,0.0,0.0,0.0,67,5,0.07462686567164178
BLR,2014,0.0,0.0,0.0,0.0,0.0,0.0,72,3,0.041666666666666664
BLR,2015,0.0,0.0,0.0,0.0,0.0,0.0,98,5,0.05102040816326531
BLR,2016,0.0,0.0,0.0,0.0,0.0,0.0,77,9,0.11688311688311688
BLR,2017,0.0,0.0,0.0,0.0,0.0,0.0,58,0,0.0
BLR,2018,0.0,0.0,0.0,0.0,0.0,0.0,67,4,0.05970149253731343
BLR,2019,0.0,0.0,0.0,0.0,0.0,0.0,75,13,0.17333333333333334
BLR,2020,0.0,0.0,0.0,0.0,0.0,0.0,27,5,0.18518518518518517
BLR,2021,0.0,0.0,0.0,0.0,0.0,0.0,80,2,0.025
BLR,2022,0.0,0.0,0.0,0.0,0.0,0.0,83,5,0.060240963855421686
BLR,2023,0.0,0.0,0.0,0.0,0.0,0.0,87,5,0.05747126436781609
BLR,2024,0.0,0.0,0.0,0.0,0.0,0.0,59,4,0.06779661016949153
BLR,2025,0.0,0.0,0.0,0.0,0.0,0.0,165,6,0.03636363636363636
BLZ,1982,0.0,0.0,0.0,0.0,0.0,0.0,60,1,0.016666666666666666
BLZ,1983,0.0,0.0,0.0,0.0,0.0,0.0,51,1,0.0196078431372549
BLZ,1984,0.0,0.0,0.0,0.0,0.0,0.0,49,2,0.04081632653061224
BLZ,1985,0.0,0.0,0.0,0.0,0.0,0.0,60,1,0.016666666666666666
BLZ,1986,0.0,0.0,0.0,0.0,0.0,0.0,74,1,0.013513513513513514
BLZ,1987,0.0,0.0,0.0,0.0,0.0,0.0,72,5,0.06944444444444445
BLZ,1988,0.0,0.0,0.0,0.0,0.0,0.0,118,10,0.0847457627118644
BLZ,1989,0.0,0.0,0.0,0.0,0.0,0.0,76,12,0.15789473684210525
BLZ,1990,0.0,0.0,0.0,0.0,0.0,0.0,66,9,0.13636363636363635
BLZ,1991,0.0,0.0,0.0,0.0,0.0,0.0,72,9,0.125
BLZ,1992,0.0,0.0,0.0,0.0,0.0,0.0,118,15,0.1271186440677966
BLZ,1993,0.0,0.0,0.0,0.0,0.0,0.0,94,9,0.09574468085106383
BLZ,1994,0.0,0.0,0.0,0.0,0.0,0.0,84,3,0.03571428571428571
BLZ,1995,0.0,0.0,0.0,0.0,0.0,0.0,74,4,0.05405405405405406
BLZ,1996,0.0,0.0,0.0,0.0,0.0,0.0,64,2,0.03125
BLZ,1997,0.0,0.0,0.0,0.0,0.0,0.0,67,6,0.08955223880597014
BLZ,1998,0.0,0.0,0.0,0.0,0.0,0.0,29,5,0.1724137931034483
BLZ,1999,0.0,0.0,0.0,0.0,0.0,0.0,50,0,0.0
BLZ,2000,0.0,0.0,0.0,0.0,0.0,0.0,54,9,0.16666666666666666
BLZ,2001,0.0,0.0,0.0,0.0,0.0,0.0,39,6,0.15384615384615385
BLZ,2002,0.0,0.0,0.0,0.0,0.0,0.0,34,1,0.029411764705882353
BLZ,2003,0.0,0.0,0.0,0.0,0.0,0.0,17,1,0.058823529411764705
BLZ,2004,0.0,0.0,0.0,0.0,0.0,0.0,39,1,0.02564102564102564
BLZ,2005,0.0,0.0,0.0,0.0,0.0,0.0,32,7,0.21875
BLZ,2006,0.0,0.0,0.0,0.0,0.0,0.0,102,4,0.0392156862745098
BLZ,2007,0.0,0.0,0.0,0.0,0.0,0.0,44,17,0.38636363636363635
BLZ,2008,0.0,0.0,0.0,0.0,0.0,0.0,75,8,0.10666666666666667
BLZ,2009,0.0,0.0,0.0,0.0,0.0,0.0,111,17,0.15315315315315314
BLZ,2010,0.0,0.0,0.0,0.0,0.0,0.0,67,5,0.07462686567164178
BLZ,2011,0.0,0.0,0.0,0.0,0.0,0.0,53,13,0.24528301886792453
BLZ,2012,0.0,0.0,0.0,0.0,0.0,0.0,45,5,0.1111111111111111
BLZ,2013,0.0,0.0,0.0,0.0,0.0,0.0,74,15,0.20270270270270271
BLZ,2014,0.0,0.0,0.0,0.0,0.0,0.0,98,20,0.20408163265306123
BLZ,2015,0.0,0.0,0.0,0.0,0.0,0.0,54,16,0.2962962962962963
BLZ,2016,0.0,0.0,0.0,0.0,0.0,0.0,80,7,0.0875
BLZ,2017,0.0,0.0,0.0,0.0,0.0,0.0,83,15,0.18072289156626506
BLZ,2018,0.0,0.0,0.0,0.0,0.0,0.0,64,7,0.109375
BLZ,2019,1.0,0.0,0.0,0.0,0.0,0.0,108,39,0.3611111111111111
BLZ,2020,0.0,0.0,0.0,0.0,0.0,0.0,72,32,0.4444444444444444
BLZ,2021,0.0,0.0,0.0,0.0,0.0,0.0,103,33,0.32038834951456313
BLZ,2022,0.0,0.0,0.0,0.0,0.0,0.0,90,40,0.4444444444444444
BLZ,2023,0.0,0.0,0.0,0.0,0.0,1.0,72,24,0.3333333333333333
BLZ,2024,0.0,0.0,0.0,0.0,0.0,0.0,93,24,0.25806451612903225
BLZ,2025,0.0,0.0,0.0,0.0,0.0,0.0,108,23,0.21296296296296297
BOL,1946,0.0,0.0,0.0,0.0,0.0,0.0,39,1,0.02564102564102564
BOL,1948,0.0,0.0,0.0,0.0,0.0,0.0,50,0,0.0
BOL,1950,0.0,0.0,0.0,0.0,0.0,0.0,77,0,0.0
BOL,1951,0.0,0.0,0.0,0.0,0.0,0.0,49,0,0.0
BOL,1952,0.0,0.0,0.0,0.0,0.0,0.0,81,0,0.0
BOL,1954,0.0,0.0,1.0,0.0,0.0,0.0,77,5,0.06493506493506493
BOL,1955,0.0,0.0,0.0,0.0,0.0,0.0,165,2,0.012121212121212121
BOL,1956,0.0,0.0,0.0,0.0,0.0,0.0,77,2,0.025974025974025976
BOL,1957,0.0,0.0,0.0,0.0,0.0,0.0,25,1,0.04
BOL,1958,0.0,0.0,0.0,0.0,0.0,0.0,54,1,0.018518518518518517
BOL,1959,0.0,0.0,0.0,0.0,0.0,0.0,30,0,0.0
BOL,1960,0.0,0.0,0.0,0.0,0.0,0.0,64,0,0.0
BOL,1961,0.0,0.0,0.0,0.0,0.0,0.0,79,0,0.0
BOL,1962,0.0,0.0,0.0,0.0,0.0,0.0,45,2,0.044444444444444446
BOL,1964,0.0,0.0,0.0,0.0,0.0,0.0,52,0,0.0
BOL,1965,0.0,0.0,0.0,0.0,0.0,0.0,79,0,0.0
BOL,1966,0.0,0.0,0.0,0.0,0.0,0.0,135,6,0.044444444444444446
BOL,1967,0.0,0.0,1.0,0.0,0.0,0.0,97,4,0.041237113402061855
BOL,1968,0.0,0.0,0.0,0.0,0.0,0.0,87,3,0.034482758620689655
BOL,1969,0.0,0.0,0.0,0.0,0.0,0.0,59,0,0.0
BOL,1970,0.0,0.0,0.0,0.0,0.0,0.0,118,3,0.025423728813559324
BOL,1971,0.0,0.0,0.0,0.0,0.0,0.0,117,2,0.017094017094017096
BOL,1972,0.0,0.0,0.0,0.0,0.0,0.0,152,12,0.07894736842105263
BOL,1973,0.0,0.0,0.0,0.0,0.0,0.0,127,4,0.031496062992125984
BOL,1974,0.0,0.0,0.0,0.0,0.0,0.0,71,1,0.014084507042253521
BOL,1975,0.0,0.0,1.0,0.0,0.0,0.0,100,5,0.05
BOL,1976,0.0,0.0,0.0,0.0,0.0,0.0,33,0,0.0
BOL,1977,0.0,0.0,0.0,0.0,0.0,0.0,66,2,0.030303030303030304
BOL,1978,0.0,0.0,0.0,0.0,0.0,0.0,65,0,0.0
BOL,1979,0.0,0.0,0.0,0.0,0.0,0.0,81,2,0.024691358024691357
BOL,1980,0.0,0.0,0.0,0.0,0.0,0.0,69,1,0.014492753623188406
BOL,1981,0.0,0.0,0.0,0.0,0.0,0.0,51,1,0.0196078431372549
BOL,1982,0.0,0.0,0.0,0.0,0.0,0.0,63,1,0.015873015873015872
BOL,1983,0.0,0.0,0.0,0.0,0.0,0.0,68,6,0.08823529411764706
BOL,1984,0.0,0.0,0.0,0.0,0.0,0.0,76,1,0.013157894736842105
BOL,1985,0.0,0.0,0.0,0.0,0.0,0.0,79,4,0.05063291139240506
BOL,1986,0.0,0.0,0.0,0.0,0.0,0.0,51,2,0.0392156862745098
BOL,1987,0.0,0.0,0.0,0.0,0.0,0.0,112,4,0.03571428571428571
BOL,1988,0.0,0.0,0.0,0.0,0.0,0.0,76,2,0.02631578947368421
BOL,1989,0.0,0.0,0.0,0.0,0.0,0.0,142,12,0.08450704225352113
BOL,1990,0.0,0.0,0.0,0.0,0.0,0.0,50,9,0.18
BOL,1991,0.0,0.0,0.0,0.0,0.0,0.0,35,2,0.05714285714285714
BOL,1992,0.0,0.0,0.0,0.0,0.0,0.0,100,5,0.05
BOL,1993,0.0,0.0,0.0,0.0,0.0,0.0,75,9,0.12
BOL,1994,0.0,0.0,0.0,0.0,0.0,0.0,31,0,0.0
BOL,1995,0.0,0.0,0.0,0.0,0.0,0.0,29,2,0.06896551724137931
BOL,1996,0.0,0.0,0.0,0.0,0.0,0.0,36,0,0.0
BOL,1997,0.0,0.0,0.0,0.0,0.0,0.0,59,4,0.06779661016949153
BOL,1998,0.0,0.0,0.0,0.0,0.0,0.0,73,0,0.0
BOL,1999,0.0,0.0,0.0,0.0,0.0,0.0,53,0,0.0
BOL,2000,0.0,0.0,0.0,0.0,0.0,0.0,25,1,0.04
BOL,2001,0.0,0.0,0.0,0.0,0.0,0.0,34,2,0.058823529411764705
BOL,2002,0.0,0.0,0.0,0.0,0.0,0.0,35,0,0.0
BOL,2003,0.0,0.0,0.0,0.0,0.0,0.0,43,0,0.0
BOL,2004,0.0,0.0,0.0,0.0,0.0,0.0,48,5,0.10416666666666667
BOL,2005,0.0,0.0,0.0,0.0,0.0,0.0,20,0,0.0
BOL,2006,0.0,0.0,0.0,0.0,0.0,0.0,98,16,0.16326530612244897
BOL,2007,0.0,0.0,0.0,0.0,0.0,0.0,130,26,0.2
BOL,2008,0.0,0.0,0.0,0.0,0.0,0.0,144,18,0.125
BOL,2009,0.0,0.0,0.0,0.0,0.0,0.0,103,20,0.1941747572815534
BOL,2010,0.0,0.0,0.0,0.0,0.0,0.0,154,49,0.3181818181818182
BOL,2011,0.0,0.0,0.0,0.0,0.0,0.0,178,31,0.17415730337078653
BOL,2012,0.0,0.0,0.0,0.0,0.0,0.0,112,25,0.22321428571428573
BOL,2013,0.0,0.0,0.0,0.0,0.0,0.0,176,16,0.09090909090909091
BOL,2014,0.0,0.0,0.0,0.0,0.0,0.0,70,10,0.14285714285714285
BOL,2015,0.0,0.0,0.0,0.0,0.0,0.0,182,20,0.10989010989010989
BOL,2016,0.0,0.0,0.0,0.0,0.0,0.0,49,4,0.08163265306122448
BOL,2017,0.0,0.0,0.0,0.0,0.0,0.0,90,20,0.2222222222222222
BOL,2018,0.0,0.0,0.0,0.0,0.0,0.0,62,12,0.1935483870967742
BOL,2019,0.0,0.0,0.0,0.0,0.0,0.0,49,10,0.20408163265306123
BOL,2020,0.0,0.0,0.0,0.0,0.0,0.0,28,1,0.03571428571428571
BOL,2021,0.0,0.0,0.0,0.0,0.0,0.0,64,11,0.171875
BOL,2022,0.0,0.0,0.0,0.0,0.0,0.0,105,18,0.17142857142857143
BOL,2023,0.0,0.0,0.0,0.0,0.0,0.0,84,14,0.16666666666666666
BOL,2024,0.0,0.0,0.0,0.0,0.0,0.0,70,16,0.22857142857142856
BOL,2025,0.0,0.0,0.0,0.0,0.0,0.0,103,7,0.06796116504854369
BRA,1946,0.0,0.0,0.0,0.0,0.0,0.0,34,0,0.0
BRA,1947,0.0,0.0,0.0,0.0,0.0,0.0,57,0,0.0
BRA,1948,0.0,0.0,0.0,0.0,0.0,0.0,14,0,0.0
BRA,1949,0.0,0.0,0.0,0.0,0.0,0.0,46,0,0.0
BRA,1950,0.0,0.0,0.0,0.0,0.0,0.0,40,0,0.0
BRA,1951,0.0,0.0,0.0,0.0,0.0,0.0,46,0,0.0
BRA,1952,0.0,0.0,0.0,0.0,0.0,0.0,46,0,0.0
BRA,1953,0.0,0.0,0.0,0.0,0.0,0.0,33,1,0.030303030303030304
BRA,1954,0.0,0.0,0.0,0.0,0.0,0.0,86,2,0.023255813953488372
BRA,1955,0.0,0.0,0.0,0.0,0.0,0.0,47,0,0.0
BRA,1956,0.0,0.0,0.0,0.0,0.0,0.0,42,0,0.0
BRA,1957,0.0,0.0,0.0,0.0,0.0,0.0,45,0,0.0
BRA,1958,0.0,0.0,0.0,0.0,0.0,0.0,24,0,0.0
BRA,1959,0.0,0.0,0.0,0.0,0.0,0.0,52,0,0.0
BRA,1960,0.0,0.0,0.0,0.0,0.0,0.0,44,0,0.0
BRA,1961,0.0,0.0,0.0,0.0,0.0,0.0,68,0,0.0
BRA,1962,0.0,0.0,0.0,0.0,0.0,0.0,90,2,0.022222222222222223
BRA,1963,0.0,0.0,0.0,0.0,0.0,0.0,196,5,0.025510204081632654
BRA,1964,0.0,0.0,0.0,0.0,0.0,0.0,92,0,0.0
BRA,1965,0.0,0.0,0.0,0.0,0.0,0.0,119,3,0.025210084033613446
BRA,1966,0.0,0.0,0.0,0.0,0.0,0.0,93,1,0.010752688172043012
BRA,1967,0.0,0.0,0.0,0.0,0.0,0.0,80,0,0.0
BRA,1968,0.0,0.0,0.0,0.0,0.0,0.0,72,2,0.027777777777777776
BRA,1969,0.0,0.0,0.0,0.0,0.0,0.0,112,4,0.03571428571428571
BRA,1970,0.0,0.0,0.0,0.0,0.0,0.0,84,1,0.011904761904761904
BRA,1971,0.0,0.0,0.0,0.0,0.0,0.0,62,0,0.0
BRA,1972,0.0,0.0,0.0,0.0,0.0,0.0,72,1,0.013888888888888888
BRA,1973,0.0,0.0,0.0,0.0,0.0,0.0,69,0,0.0
BRA,1974,0.0,0.0,0.0,0.0,0.0,0.0,86,6,0.06976744186046512
BRA,1975,0.0,0.0,0.0,0.0,0.0,0.0,64,0,0.0
BRA,1976,0.0,0.0,0.0,0.0,0.0,0.0,60,2,0.03333333333333333
BRA,1977,0.0,0.0,0.0,0.0,0.0,0.0,73,3,0.0410958904109589
BRA,1978,0.0,0.0,0.0,0.0,0.0,0.0,46,0,0.0
BRA,1979,0.0,0.0,0.0,0.0,0.0,0.0,82,6,0.07317073170731707
BRA,1980,0.0,0.0,0.0,0.0,0.0,0.0,91,3,0.03296703296703297
BRA,1981,0.0,0.0,0.0,0.0,0.0,0.0,96,2,0.020833333333333332
BRA,1982,0.0,0.0,0.0,0.0,0.0,0.0,92,2,0.021739130434782608
BRA,1983,0.0,0.0,0.0,0.0,0.0,0.0,82,4,0.04878048780487805
BRA,1984,0.0,0.0,0.0,0.0,0.0,0.0,83,1,0.012048192771084338
BRA,1985,0.0,0.0,0.0,0.0,0.0,0.0,150,0,0.0
BRA,1986,0.0,0.0,0.0,0.0,0.0,0.0,112,2,0.017857142857142856
BRA,1987,0.0,0.0,0.0,0.0,0.0,0.0,66,1,0.015151515151515152
BRA,1988,0.0,0.0,0.0,0.0,0.0,0.0,76,1,0.013157894736842105
BRA,1989,0.0,0.0,0.0,0.0,0.0,0.0,145,16,0.1103448275862069
BRA,1990,0.0,0.0,0.0,0.0,0.0,0.0,174,15,0.08620689655172414
BRA,1991,0.0,0.0,0.0,0.0,0.0,0.0,86,8,0.09302325581395349
BRA,1992,0.0,0.0,0.0,0.0,0.0,0.0,161,15,0.09316770186335403
BRA,1993,0.0,0.0,0.0,0.0,0.0,0.0,79,3,0.0379746835443038
BRA,1994,0.0,0.0,0.0,0.0,0.0,0.0,92,3,0.03260869565217391
BRA,1995,0.0,0.0,0.0,0.0,0.0,0.0,74,3,0.04054054054054054
BRA,1996,0.0,0.0,0.0,0.0,0.0,0.0,65,7,0.1076923076923077
BRA,1997,0.0,0.0,0.0,0.0,0.0,0.0,91,2,0.02197802197802198
BRA,1998,0.0,0.0,0.0,0.0,0.0,0.0,61,5,0.08196721311475409
BRA,1999,0.0,0.0,0.0,0.0,0.0,0.0,51,2,0.0392156862745098
BRA,2000,0.0,0.0,0.0,0.0,0.0,0.0,56,3,0.05357142857142857
BRA,2001,0.0,0.0,0.0,0.0,0.0,0.0,52,4,0.07692307692307693
BRA,2002,0.0,0.0,0.0,0.0,0.0,0.0,33,2,0.06060606060606061
BRA,2003,0.0,0.0,0.0,0.0,0.0,0.0,74,6,0.08108108108108109
BRA,2004,0.0,0.0,0.0,0.0,0.0,0.0,62,6,0.0967741935483871
BRA,2005,0.0,0.0,0.0,0.0,0.0,0.0,55,3,0.05454545454545454
BRA,2006,0.0,0.0,0.0,0.0,0.0,0.0,106,5,0.04716981132075472
BRA,2007,0.0,0.0,0.0,0.0,0.0,0.0,95,34,0.35789473684210527
BRA,2008,0.0,0.0,0.0,0.0,0.0,0.0,75,15,0.2
BRA,2009,0.0,0.0,0.0,0.0,0.0,0.0,91,27,0.2967032967032967
BRA,2010,0.0,0.0,0.0,0.0,0.0,0.0,111,10,0.09009009009009009
BRA,2011,0.0,0.0,0.0,0.0,0.0,0.0,113,9,0.07964601769911504
BRA,2012,0.0,0.0,0.0,0.0,0.0,0.0,64,5,0.078125
BRA,2013,0.0,0.0,0.0,0.0,0.0,0.0,90,5,0.05555555555555555
BRA,2014,0.0,0.0,0.0,0.0,0.0,0.0,102,14,0.13725490196078433
BRA,2015,0.0,0.0,0.0,0.0,0.0,0.0,80,18,0.225
BRA,2016,0.0,0.0,0.0,0.0,0.0,0.0,112,12,0.10714285714285714
BRA,2017,0.0,0.0,1.0,0.0,0.0,0.0,88,11,0.125
BRA,2018,0.0,0.0,0.0,0.0,0.0,0.0,96,11,0.11458333333333333
BRA,2019,0.0,0.0,0.0,0.0,0.0,0.0,113,18,0.1592920353982301
BRA,2020,0.0,0.0,0.0,0.0,0.0,0.0,31,12,0.3870967741935484
BRA,2021,0.0,0.0,0.0,0.0,0.0,0.0,46,12,0.2608695652173913
BRA,2022,0.0,0.0,0.0,0.0,0.0,0.0,107,25,0.2336448598130841
BRA,2023,0.0,0.0,0.0,0.0,0.0,0.0,102,23,0.22549019607843138
BRA,2024,0.0,0.0,0.0,0.0,0.0,1.0,60,20,0.3333333333333333
BRA,2025,0.0,0.0,0.0,0.0,0.0,1.0,114,18,0.15789473684210525
BRB,1967,0.0,0.0,0.0,0.0,0.0,0.0,80,0,0.0
BRB,1968,0.0,0.0,0.0,0.0,0.0,0.0,117,5,0.042735042735042736
BRB,1969,0.0,0.0,0.0,0.0,0.0,0.0,92,3,0.03260869565217391
BRB,1972,0.0,0.0,0.0,0.0,0.0,0.0,50,0,0.0
BRB,1974,0.0,0.0,0.0,0.0,0.0,0.0,55,8,0.14545454545454545
BRB,1975,0.0,0.0,0.0,0.0,0.0,0.0,67,0,0.0
BRB,1976,0.0,0.0,0.0,0.0,0.0,0.0,95,1,0.010526315789473684
BRB,1977,0.0,0.0,0.0,0.0,0.0,0.0,102,6,0.058823529411764705
BRB,1978,0.0,0.0,0.0,0.0,0.0,0.0,105,4,0.0380952380952381
BRB,1979,0.0,0.0,0.0,0.0,0.0,0.0,98,10,0.10204081632653061
BRB,1980,0.0,0.0,0.0,0.0,0.0,0.0,130,5,0.038461538461538464
BRB,1981,0.0,0.0,0.0,0.0,0.0,0.0,92,4,0.043478260869565216
BRB,1982,0.0,0.0,0.0,0.0,0.0,0.0,149,8,0.053691275167785234
BRB,1983,0.0,0.0,0.0,0.0,0.0,0.0,116,1,0.008620689655172414
BRB,1984,0.0,0.0,0.0,0.0,0.0,0.0,97,0,0.0
BRB,1985,0.0,0.0,0.0,0.0,0.0,0.0,71,0,0.0
BRB,1986,0.0,0.0,0.0,0.0,0.0,0.0,85,1,0.011764705882352941
BRB,1987,0.0,0.0,0.0,0.0,0.0,0.0,60,0,0.0
BRB,1988,0.0,0.0,0.0,0.0,0.0,0.0,85,13,0.15294117647058825
BRB,1989,0.0,0.0,0.0,0.0,0.0,0.0,108,9,0.08333333333333333
BRB,1990,0.0,0.0,0.0,0.0,0.0,0.0,58,3,0.05172413793103448
BRB,1991,0.0,0.0,0.0,0.0,0.0,0.0,74,4,0.05405405405405406
BRB,1992,0.0,0.0,0.0,0.0,0.0,0.0,82,10,0.12195121951219512
BRB,1993,0.0,0.0,0.0,0.0,0.0,0.0,83,8,0.0963855421686747
BRB,1994,0.0,0.0,0.0,0.0,0.0,0.0,77,3,0.03896103896103896
BRB,1995,0.0,0.0,0.0,0.0,0.0,0.0,62,3,0.04838709677419355
BRB,1996,0.0,0.0,0.0,0.0,0.0,0.0,59,7,0.11864406779661017
BRB,1997,0.0,0.0,0.0,0.0,0.0,0.0,74,9,0.12162162162162163
BRB,1998,0.0,0.0,0.0,0.0,0.0,0.0,64,7,0.109375
BRB,1999,0.0,0.0,0.0,0.0,0.0,0.0,61,8,0.13114754098360656
BRB,2000,0.0,0.0,0.0,0.0,0.0,0.0,66,4,0.06060606060606061
BRB,2001,0.0,0.0,0.0,0.0,0.0,0.0,48,1,0.020833333333333332
BRB,2002,0.0,0.0,0.0,0.0,0.0,0.0,51,2,0.0392156862745098
BRB,2003,0.0,0.0,0.0,0.0,0.0,0.0,43,3,0.06976744186046512
BRB,2004,0.0,0.0,0.0,0.0,0.0,0.0,54,7,0.12962962962962962
BRB,2005,0.0,0.0,0.0,0.0,0.0,0.0,36,2,0.05555555555555555
BRB,2006,0.0,0.0,0.0,0.0,0.0,0.0,73,1,0.0136986301369863
BRB,2007,0.0,0.0,0.0,0.0,0.0,0.0,78,8,0.10256410256410256
BRB,2008,0.0,0.0,1.0,0.0,0.0,1.0,67,13,0.19402985074626866
BRB,2009,0.0,0.0,0.0,0.0,0.0,0.0,91,15,0.16483516483516483
BRB,2010,0.0,0.0,0.0,0.0,0.0,0.0,89,23,0.25842696629213485
BRB,2011,0.0,0.0,0.0,0.0,0.0,0.0,82,10,0.12195121951219512
BRB,2012,0.0,0.0,0.0,0.0,0.0,0.0,56,18,0.32142857142857145
BRB,2013,0.0,0.0,0.0,0.0,0.0,0.0,78,15,0.19230769230769232
BRB,2014,0.0,0.0,0.0,0.0,0.0,0.0,67,16,0.23880597014925373
BRB,2015,0.0,0.0,0.0,0.0,0.0,0.0,59,11,0.1864406779661017
BRB,2016,0.0,0.0,0.0,0.0,0.0,0.0,53,15,0.2830188679245283
BRB,2017,0.0,0.0,0.0,0.0,0.0,0.0,88,25,0.2840909090909091
BRB,2018,0.0,0.0,0.0,1.0,0.0,0.0,57,19,0.3333333333333333
BRB,2019,0.0,0.0,0.0,0.0,0.0,0.0,111,22,0.1981981981981982
BRB,2020,0.0,0.0,0.0,0.0,0.0,0.0,53,14,0.2641509433962264
BRB,2021,0.0,0.0,0.0,0.0,0.0,0.0,27,4,0.14814814814814814
BRB,2022,0.0,0.0,0.0,0.0,0.0,0.0,62,18,0.2903225806451613
BRB,2023,0.0,0.0,0.0,0.0,0.0,0.0,99,25,0.25252525252525254
BRB,2024,0.0,0.0,0.0,0.0,0.0,0.0,58,10,0.1724137931034483
BRB,2025,0.0,0.0,0.0,0.0,1.0,0.0,158,26,0.16455696202531644
BRN,1985,0.0,0.0,0.0,0.0,0.0,0.0,75,0,0.0
BRN,1986,0.0,0.0,0.0,0.0,0.0,0.0,72,1,0.013888888888888888
BRN,1987,0.0,0.0,0.0,0.0,0.0,0.0,41,1,0.024390243902439025
BRN,1988,0.0,0.0,0.0,0.0,0.0,0.0,34,0,0.0
BRN,1989,0.0,0.0,0.0,0.0,0.0,0.0,44,0,0.0
BRN,1990,0.0,0.0,0.0,0.0,0.0,0.0,42,1,0.023809523809523808
BRN,1991,0.0,0.0,0.0,0.0,0.0,0.0,59,5,0.0847457627118644
BRN,1992,0.0,0.0,0.0,0.0,0.0,0.0,63,0,0.0
BRN,1993,0.0,0.0,0.0,0.0,0.0,0.0,34,1,0.029411764705882353
BRN,1994,0.0,0.0,0.0,0.0,0.0,0.0,54,1,0.018518518518518517
BRN,1995,0.0,0.0,0.0,0.0,0.0,0.0,46,5,0.10869565217391304
BRN,1996,0.0,0.0,0.0,0.0,0.0,0.0,47,3,0.06382978723404255
BRN,1997,0.0,0.0,0.0,0.0,0.0,0.0,49,2,0.04081632653061224
BRN,1998,0.0,0.0,0.0,0.0,0.0,0.0,21,1,0.047619047619047616
BRN,1999,0.0,0.0,0.0,0.0,0.0,0.0,44,1,0.022727272727272728
BRN,2000,0.0,0.0,0.0,0.0,0.0,0.0,32,1,0.03125
BRN,2001,0.0,0.0,0.0,0.0,0.0,0.0,28,1,0.03571428571428571
BRN,2002,0.0,0.0,0.0,0.0,0.0,0.0,47,0,0.0
BRN,2003,0.0,0.0,0.0,0.0,0.0,0.0,45,0,0.0
BRN,2004,0.0,0.0,0.0,0.0,0.0,0.0,46,3,0.06521739130434782
BRN,2005,0.0,0.0,0.0,0.0,0.0,0.0,41,1,0.024390243902439025
BRN,2006,0.0,0.0,0.0,0.0,0.0,0.0,46,6,0.13043478260869565
BRN,2007,0.0,0.0,0.0,0.0,0.0,0.0,44,7,0.1590909090909091
BRN,2008,0.0,0.0,0.0,0.0,0.0,0.0,52,4,0.07692307692307693
BRN,2009,0.0,0.0,0.0,0.0,0.0,0.0,52,1,0.019230769230769232
BRN,2010,0.0,0.0,0.0,0.0,0.0,0.0,32,4,0.125
BRN,2011,0.0,0.0,0.0,0.0,0.0,0.0,54,2,0.037037037037037035
BRN,2012,0.0,0.0,0.0,0.0,0.0,0.0,49,5,0.10204081632653061
BRN,2013,0.0,0.0,0.0,0.0,0.0,0.0,41,3,0.07317073170731707
BRN,2014,0.0,0.0,0.0,0.0,0.0,0.0,46,7,0.15217391304347827
BRN,2015,0.0,0.0,0.0,0.0,0.0,0.0,45,2,0.044444444444444446
BRN,2017,0.0,0.0,0.0,0.0,0.0,0.0,51,6,0.11764705882352941
BRN,2018,0.0,0.0,0.0,0.0,0.0,0.0,34,6,0.17647058823529413
BRN,2019,0.0,0.0,0.0,0.0,0.0,0.0,43,15,0.3488372093023256
BRN,2021,0.0,0.0,0.0,0.0,0.0,1.0,13,1,0.07692307692307693
BRN,2022,0.0,0.0,0.0,0.0,0.0,0.0,28,9,0.32142857142857145
BRN,2023,0.0,0.0,0.0,0.0,0.0,0.0,40,7,0.175
BRN,2025,0.0,0.0,0.0,0.0,0.0,0.0,73,4,0.0547945205479452
BTN,1972,0.0,0.0,0.0,0.0,0.0,0.0,78,4,0.05128205128205128
BTN,1973,0.0,0.0,0.0,0.0,0.0,0.0,63,1,0.015873015873015872
BTN,1974,0.0,0.0,0.0,0.0,0.0,0.0,108,6,0.05555555555555555
BTN,1975,0.0,0.0,0.0,0.0,0.0,0.0,75,5,0.06666666666666667
BTN,1976,0.0,0.0,0.0,0.0,0.0,0.0,64,3,0.046875
BTN,1977,0.0,0.0,0.0,0.0,0.0,0.0,86,1,0.011627906976744186
BTN,1978,0.0,0.0,0.0,0.0,0.0,0.0,69,0,0.0
BTN,1979,0.0,0.0,0.0,0.0,0.0,0.0,59,1,0.01694915254237288
BTN,1980,0.0,0.0,1.0,0.0,0.0,0.0,74,2,0.02702702702702703
BTN,1981,0.0,0.0,0.0,0.0,0.0,0.0,53,1,0.018867924528301886
BTN,1982,0.0,0.0,0.0,0.0,0.0,0.0,81,3,0.037037037037037035
BTN,1983,0.0,0.0,0.0,0.0,0.0,0.0,87,2,0.022988505747126436
BTN,1984,0.0,0.0,0.0,0.0,0.0,0.0,65,3,0.046153846153846156
BTN,1986,0.0,0.0,0.0,0.0,0.0,0.0,67,2,0.029850746268656716
BTN,1987,0.0,0.0,0.0,0.0,0.0,0.0,31,2,0.06451612903225806
BTN,1988,0.0,0.0,0.0,0.0,0.0,0.0,99,6,0.06060606060606061
BTN,1990,0.0,0.0,0.0,0.0,0.0,0.0,104,8,0.07692307692307693
BTN,1991,0.0,0.0,0.0,0.0,0.0,0.0,117,18,0.15384615384615385
BTN,1992,0.0,0.0,0.0,0.0,0.0,0.0,91,12,0.13186813186813187
BTN,1993,0.0,0.0,0.0,0.0,0.0,0.0,53,6,0.11320754716981132
BTN,1994,0.0,0.0,0.0,0.0,0.0,0.0,57,2,0.03508771929824561
BTN,1995,0.0,0.0,0.0,0.0,0.0,0.0,45,4,0.08888888888888889
BTN,1996,0.0,0.0,0.0,0.0,0.0,0.0,66,3,0.045454545454545456
BTN,1997,0.0,0.0,0.0,0.0,0.0,0.0,36,0,0.0
BTN,1998,0.0,0.0,0.0,0.0,0.0,0.0,50,2,0.04
BTN,1999,0.0,0.0,0.0,0.0,0.0,0.0,37,0,0.0
BTN,2001,0.0,0.0,0.0,0.0,0.0,0.0,34,1,0.029411764705882353
BTN,2002,0.0,0.0,0.0,0.0,0.0,0.0,27,0,0.0
BTN,2003,0.0,0.0,0.0,0.0,0.0,0.0,23,3,0.13043478260869565
BTN,2004,0.0,0.0,0.0,0.0,0.0,0.0,27,2,0.07407407407407407
BTN,2005,0.0,0.0,0.0,0.0,0.0,0.0,51,10,0.19607843137254902
BTN,2006,0.0,0.0,0.0,0.0,0.0,0.0,52,4,0.07692307692307693
BTN,2007,0.0,0.0,0.0,0.0,0.0,0.0,63,13,0.20634920634920634
BTN,2008,0.0,0.0,0.0,0.0,0.0,0.0,59,12,0.2033898305084746
BTN,2009,0.0,0.0,0.0,0.0,0.0,0.0,71,20,0.28169014084507044
BTN,2010,0.0,0.0,0.0,0.0,0.0,0.0,61,14,0.22950819672131148
BTN,2011,0.0,0.0,0.0,0.0,0.0,0.0,53,9,0.16981132075471697
BTN,2012,0.0,0.0,0.0,0.0,0.0,0.0,40,7,0.175
BTN,2013,0.0,0.0,0.0,0.0,0.0,0.0,48,10,0.20833333333333334
BTN,2014,0.0,0.0,0.0,0.0,0.0,0.0,30,5,0.16666666666666666
BTN,2015,0.0,0.0,0.0,0.0,0.0,0.0,55,27,0.4909090909090909
BTN,2016,0.0,0.0,0.0,0.0,0.0,0.0,76,24,0.3157894736842105
BTN,2017,0.0,0.0,0.0,0.0,0.0,0.0,68,28,0.4117647058823529
BTN,2018,0.0,0.0,0.0,0.0,0.0,0.0,58,27,0.46551724137931033
BTN,2019,0.0,0.0,0.0,0.0,0.0,0.0,66,19,0.2878787878787879
BTN,2020,0.0,0.0,0.0,0.0,0.0,0.0,70,7,0.1
BTN,2021,0.0,0.0,0.0,0.0,0.0,0.0,58,5,0.08620689655172414
BTN,2022,0.0,0.0,0.0,0.0,0.0,0.0,96,29,0.3020833333333333
BTN,2023,0.0,0.0,0.0,0.0,0.0,1.0,68,25,0.36764705882352944
BTN,2024,0.0,0.0,0.0,0.0,0.0,0.0,50,4,0.08
BTN,2025,0.0,0.0,0.0,0.0,0.0,1.0,86,38,0.4418604651162791
BWA,1967,0.0,0.0,0.0,0.0,0.0,0.0,89,0,0.0
BWA,1968,0.0,0.0,0.0,0.0,0.0,0.0,85,0,0.0
BWA,1969,0.0,0.0,0.0,0.0,0.0,0.0,152,1,0.006578947368421052
BWA,1974,0.0,0.0,0.0,0.0,0.0,0.0,128,4,0.03125
BWA,1975,0.0,0.0,0.0,0.0,0.0,0.0,88,1,0.011363636363636364
BWA,1976,0.0,0.0,0.0,0.0,0.0,0.0,104,0,0.0
BWA,1977,0.0,0.0,0.0,0.0,0.0,0.0,139,2,0.014388489208633094
BWA,1978,0.0,0.0,0.0,0.0,0.0,0.0,79,1,0.012658227848101266
BWA,1979,0.0,0.0,0.0,0.0,0.0,0.0,101,0,0.0
BWA,1980,0.0,0.0,0.0,0.0,0.0,0.0,93,1,0.010752688172043012
BWA,1981,0.0,0.0,0.0,0.0,0.0,0.0,53,1,0.018867924528301886
BWA,1982,0.0,0.0,0.0,0.0,0.0,0.0,98,2,0.02040816326530612
BWA,1983,0.0,0.0,0.0,0.0,0.0,0.0,81,1,0.012345679012345678
BWA,1984,0.0,0.0,0.0,0.0,0.0,0.0,127,7,0.05511811023622047
BWA,1986,0.0,0.0,0.0,0.0,0.0,0.0,107,3,0.028037383177570093
BWA,1987,0.0,0.0,0.0,0.0,0.0,0.0,138,5,0.036231884057971016
BWA,1988,0.0,0.0,0.0,0.0,0.0,0.0,96,3,0.03125
BWA,1989,0.0,0.0,0.0,0.0,0.0,0.0,154,7,0.045454545454545456
BWA,1990,0.0,0.0,0.0,0.0,0.0,0.0,111,3,0.02702702702702703
BWA,1991,0.0,0.0,0.0,0.0,0.0,0.0,111,15,0.13513513513513514
BWA,1992,0.0,0.0,0.0,0.0,0.0,0.0,125,10,0.08
BWA,1993,0.0,0.0,0.0,0.0,0.0,0.0,79,2,0.02531645569620253
BWA,1994,0.0,0.0,0.0,0.0,0.0,0.0,65,0,0.0
BWA,1995,0.0,0.0,0.0,0.0,0.0,0.0,66,2,0.030303030303030304
BWA,1996,0.0,0.0,0.0,0.0,0.0,0.0,55,0,0.0
BWA,1997,0.0,0.0,0.0,0.0,0.0,0.0,61,1,0.01639344262295082
BWA,1998,0.0,0.0,0.0,0.0,0.0,0.0,72,0,0.0
BWA,1999,0.0,0.0,0.0,0.0,0.0,0.0,70,3,0.04285714285714286
BWA,2000,0.0,0.0,0.0,0.0,0.0,0.0,56,1,0.017857142857142856
BWA,2001,0.0,0.0,0.0,0.0,0.0,0.0,46,1,0.021739130434782608
BWA,2002,0.0,0.0,0.0,0.0,0.0,0.0,46,0,0.0
BWA,2003,0.0,0.0,0.0,0.0,0.0,0.0,59,1,0.01694915254237288
BWA,2004,0.0,0.0,0.0,0.0,0.0,0.0,64,3,0.046875
BWA,2006,0.0,0.0,1.0,0.0,0.0,0.0,116,6,0.05172413793103448
BWA,2007,0.0,0.0,0.0,0.0,0.0,0.0,91,12,0.13186813186813187
BWA,2008,0.0,0.0,0.0,0.0,0.0,0.0,110,7,0.06363636363636363
BWA,2009,0.0,0.0,0.0,0.0,0.0,0.0,88,10,0.11363636363636363
BWA,2010,0.0,0.0,0.0,0.0,0.0,0.0,46,8,0.17391304347826086
BWA,2011,0.0,0.0,0.0,0.0,0.0,0.0,86,11,0.12790697674418605
BWA,2012,0.0,0.0,0.0,0.0,0.0,0.0,57,9,0.15789473684210525
BWA,2013,0.0,0.0,0.0,0.0,0.0,0.0,42,9,0.21428571428571427
BWA,2014,0.0,0.0,0.0,0.0,0.0,0.0,48,9,0.1875
BWA,2015,0.0,0.0,0.0,0.0,0.0,0.0,84,11,0.13095238095238096
BWA,2016,0.0,0.0,0.0,0.0,0.0,0.0,51,9,0.17647058823529413
BWA,2017,0.0,0.0,0.0,0.0,0.0,0.0,65,15,0.23076923076923078
BWA,2018,0.0,0.0,0.0,0.0,0.0,0.0,54,12,0.2222222222222222
BWA,2019,0.0,0.0,0.0,0.0,0.0,0.0,82,24,0.2926829268292683
BWA,2020,0.0,0.0,0.0,0.0,0.0,0.0,60,10,0.16666666666666666
BWA,2021,0.0,0.0,0.0,0.0,0.0,0.0,81,16,0.19753086419753085
BWA,2022,0.0,0.0,0.0,0.0,0.0,0.0,71,15,0.2112676056338028
BWA,2023,0.0,0.0,0.0,0.0,0.0,0.0,48,17,0.3541666666666667
BWA,2024,0.0,0.0,0.0,0.0,0.0,0.0,64,13,0.203125
BWA,2025,0.0,0.0,0.0,0.0,0.0,0.0,58,9,0.15517241379310345
CAF,1961,0.0,0.0,0.0,0.0,0.0,0.0,77,1,0.012987012987012988
CAF,1962,0.0,0.0,0.0,0.0,0.0,0.0,120,1,0.008333333333333333
CAF,1963,0.0,0.0,0.0,0.0,0.0,0.0,68,0,0.0
CAF,1964,0.0,0.0,0.0,0.0,0.0,0.0,79,0,0.0
CAF,1965,0.0,0.0,0.0,0.0,0.0,0.0,96,1,0.010416666666666666
CAF,1966,0.0,0.0,0.0,0.0,0.0,0.0,170,6,0.03529411764705882
CAF,1968,0.0,0.0,0.0,0.0,0.0,0.0,84,0,0.0
CAF,1969,0.0,0.0,0.0,0.0,0.0,0.0,53,1,0.018867924528301886
CAF,1971,0.0,0.0,0.0,0.0,0.0,0.0,57,0,0.0
CAF,1972,0.0,0.0,0.0,0.0,0.0,0.0,33,3,0.09090909090909091
CAF,1973,0.0,0.0,0.0,0.0,0.0,0.0,65,4,0.06153846153846154
CAF,1974,0.0,0.0,0.0,0.0,0.0,0.0,69,3,0.043478260869565216
CAF,1975,0.0,0.0,0.0,0.0,0.0,0.0,64,7,0.109375
CAF,1976,0.0,0.0,0.0,0.0,0.0,0.0,129,1,0.007751937984496124
CAF,1977,0.0,0.0,0.0,0.0,0.0,0.0,52,0,0.0
CAF,1978,0.0,0.0,0.0,0.0,0.0,0.0,37,0,0.0
CAF,1979,0.0,0.0,0.0,0.0,0.0,0.0,125,2,0.016
CAF,1980,0.0,0.0,0.0,0.0,0.0,0.0,88,3,0.03409090909090909
CAF,1981,0.0,0.0,0.0,0.0,0.0,0.0,44,0,0.0
CAF,1982,0.0,0.0,0.0,0.0,0.0,0.0,51,4,0.0784313725490196
CAF,1983,0.0,0.0,0.0,0.0,0.0,0.0,48,0,0.0
CAF,1984,0.0,0.0,0.0,0.0,0.0,0.0,53,0,0.0
CAF,1985,0.0,0.0,0.0,0.0,0.0,0.0,40,2,0.05
CAF,1986,0.0,0.0,0.0,0.0,0.0,0.0,51,0,0.0
CAF,1987,0.0,0.0,0.0,0.0,0.0,0.0,48,0,0.0
CAF,1988,0.0,0.0,0.0,0.0,0.0,0.0,37,1,0.02702702702702703
CAF,1990,0.0,0.0,0.0,0.0,0.0,0.0,25,1,0.04
CAF,1991,0.0,0.0,0.0,0.0,0.0,0.0,21,2,0.09523809523809523
CAF,1993,0.0,0.0,0.0,0.0,0.0,0.0,26,1,0.038461538461538464
CAF,1994,0.0,0.0,0.0,0.0,0.0,0.0,52,0,0.0
CAF,1995,0.0,0.0,0.0,0.0,0.0,0.0,34,0,0.0
CAF,1996,0.0,0.0,0.0,0.0,0.0,0.0,49,0,0.0
CAF,1997,0.0,0.0,0.0,0.0,0.0,0.0,28,0,0.0
CAF,1998,0.0,0.0,0.0,0.0,0.0,0.0,37,0,0.0
CAF,2000,0.0,0.0,0.0,0.0,0.0,0.0,38,0,0.0
CAF,2001,0.0,0.0,0.0,0.0,0.0,0.0,31,0,0.0
CAF,2002,0.0,0.0,0.0,0.0,0.0,0.0,33,4,0.12121212121212122
CAF,2003,0.0,0.0,0.0,0.0,0.0,0.0,16,0,0.0
CAF,2004,0.0,0.0,0.0,0.0,0.0,0.0,46,1,0.021739130434782608
CAF,2005,0.0,0.0,0.0,0.0,0.0,0.0,50,3,0.06
CAF,2006,0.0,0.0,0.0,0.0,0.0,0.0,56,4,0.07142857142857142
CAF,2007,0.0,0.0,0.0,0.0,0.0,0.0,57,21,0.3684210526315789
CAF,2008,0.0,0.0,0.0,0.0,0.0,0.0,58,14,0.2413793103448276
CAF,2009,0.0,0.0,0.0,0.0,0.0,0.0,87,21,0.2413793103448276
CAF,2010,0.0,0.0,0.0,0.0,0.0,0.0,62,9,0.14516129032258066
CAF,2011,0.0,0.0,0.0,0.0,0.0,0.0,56,7,0.125
CAF,2012,0.0,0.0,0.0,0.0,0.0,0.0,42,2,0.047619047619047616
CAF,2013,0.0,0.0,0.0,0.0,0.0,0.0,82,2,0.024390243902439025
CAF,2014,0.0,0.0,0.0,0.0,0.0,0.0,43,3,0.06976744186046512
CAF,2015,0.0,0.0,0.0,0.0,0.0,0.0,53,5,0.09433962264150944
CAF,2016,0.0,0.0,0.0,0.0,0.0,0.0,49,9,0.1836734693877551
CAF,2017,0.0,0.0,0.0,0.0,0.0,0.0,58,6,0.10344827586206896
CAF,2018,0.0,0.0,0.0,0.0,0.0,0.0,35,3,0.08571428571428572
CAF,2019,0.0,0.0,0.0,0.0,0.0,0.0,43,7,0.16279069767441862
CAF,2020,0.0,0.0,0.0,0.0,0.0,0.0,16,1,0.0625
CAF,2021,0.0,0.0,0.0,0.0,0.0,0.0,29,5,0.1724137931034483
CAF,2022,0.0,0.0,0.0,0.0,0.0,0.0,21,1,0.047619047619047616
CAF,2023,0.0,0.0,0.0,0.0,0.0,0.0,37,6,0.16216216216216217
CAF,2024,0.0,0.0,0.0,0.0,0.0,0.0,16,5,0.3125
CAF,2025,0.0,0.0,0.0,0.0,0.0,0.0,117,13,0.1111111111111111
CAN,1946,0.0,0.0,0.0,0.0,0.0,0.0,34,0,0.0
CAN,1947,0.0,0.0,0.0,0.0,0.0,0.0,37,0,0.0
CAN,1948,0.0,0.0,0.0,0.0,0.0,0.0,75,1,0.013333333333333334
CAN,1949,0.0,0.0,0.0,0.0,0.0,0.0,73,0,0.0
CAN,1950,0.0,0.0,0.0,0.0,0.0,0.0,94,0,0.0
CAN,1951,0.0,0.0,0.0,0.0,0.0,0.0,95,1,0.010526315789473684
CAN,1952,0.0,0.0,0.0,0.0,0.0,0.0,69,1,0.014492753623188406
CAN,1953,0.0,0.0,0.0,0.0,0.0,0.0,82,0,0.0
CAN,1954,0.0,0.0,0.0,0.0,0.0,0.0,72,0,0.0
CAN,1955,0.0,0.0,0.0,0.0,0.0,0.0,143,2,0.013986013986013986
CAN,1956,0.0,0.0,0.0,0.0,0.0,0.0,81,2,0.024691358024691357
CAN,1957,0.0,0.0,0.0,0.0,0.0,0.0,100,3,0.03
CAN,1958,0.0,0.0,0.0,0.0,0.0,0.0,121,2,0.01652892561983471
CAN,1959,0.0,0.0,0.0,0.0,0.0,0.0,99,10,0.10101010101010101
CAN,1960,0.0,0.0,0.0,0.0,0.0,0.0,142,2,0.014084507042253521
CAN,1961,0.0,0.0,0.0,0.0,0.0,0.0,127,6,0.047244094488188976
CAN,1962,0.0,0.0,0.0,0.0,0.0,0.0,135,6,0.044444444444444446
CAN,1963,0.0,0.0,0.0,0.0,0.0,0.0,130,5,0.038461538461538464
CAN,1964,0.0,0.0,0.0,0.0,0.0,0.0,136,4,0.029411764705882353
CAN,1965,0.0,0.0,0.0,0.0,0.0,0.0,214,8,0.037383177570093455
CAN,1966,0.0,0.0,0.0,0.0,0.0,0.0,192,3,0.015625
CAN,1967,0.0,0.0,0.0,0.0,0.0,0.0,211,3,0.014218009478672985
CAN,1968,0.0,0.0,0.0,0.0,0.0,0.0,149,2,0.013422818791946308
CAN,1969,0.0,0.0,0.0,0.0,0.0,0.0,132,6,0.045454545454545456
CAN,1970,0.0,0.0,0.0,0.0,0.0,0.0,48,2,0.041666666666666664
CAN,1971,0.0,0.0,0.0,0.0,0.0,0.0,62,19,0.3064516129032258
CAN,1972,0.0,0.0,0.0,0.0,0.0,0.0,130,10,0.07692307692307693
CAN,1973,0.0,0.0,0.0,0.0,0.0,0.0,75,11,0.14666666666666667
CAN,1974,0.0,0.0,0.0,0.0,0.0,0.0,86,10,0.11627906976744186
CAN,1975,0.0,0.0,0.0,0.0,0.0,0.0,88,7,0.07954545454545454
CAN,1976,0.0,0.0,0.0,0.0,0.0,0.0,108,8,0.07407407407407407
CAN,1977,0.0,0.0,0.0,0.0,0.0,0.0,144,6,0.041666666666666664
CAN,1978,0.0,0.0,0.0,0.0,0.0,0.0,181,7,0.03867403314917127
CAN,1979,0.0,0.0,0.0,0.0,0.0,0.0,146,7,0.04794520547945205
CAN,1980,0.0,0.0,0.0,0.0,0.0,0.0,98,6,0.061224489795918366
CAN,1981,0.0,0.0,0.0,0.0,0.0,0.0,183,16,0.08743169398907104
CAN,1982,0.0,0.0,0.0,0.0,0.0,0.0,82,6,0.07317073170731707
CAN,1983,0.0,0.0,0.0,0.0,0.0,0.0,151,7,0.046357615894039736
CAN,1984,0.0,0.0,0.0,0.0,0.0,0.0,140,8,0.05714285714285714
CAN,1985,0.0,0.0,0.0,0.0,0.0,0.0,125,5,0.04
CAN,1986,0.0,0.0,0.0,0.0,0.0,0.0,101,3,0.0297029702970297
CAN,1987,0.0,0.0,0.0,0.0,0.0,0.0,64,7,0.109375
CAN,1988,0.0,0.0,0.0,0.0,0.0,0.0,105,30,0.2857142857142857
CAN,1989,0.0,0.0,0.0,0.0,0.0,0.0,124,13,0.10483870967741936
CAN,1990,0.0,0.0,0.0,0.0,0.0,0.0,144,7,0.04861111111111111
CAN,1991,0.0,0.0,0.0,0.0,0.0,0.0,121,17,0.14049586776859505
CAN,1992,0.0,0.0,0.0,0.0,0.0,0.0,137,3,0.021897810218978103
CAN,1993,0.0,0.0,0.0,0.0,0.0,0.0,110,7,0.06363636363636363
CAN,1994,0.0,0.0,0.0,0.0,0.0,0.0,83,1,0.012048192771084338
CAN,1995,0.0,0.0,0.0,0.0,0.0,0.0,113,6,0.05309734513274336
CAN,1996,0.0,0.0,0.0,0.0,0.0,0.0,95,10,0.10526315789473684
CAN,1997,0.0,0.0,0.0,0.0,0.0,0.0,99,3,0.030303030303030304
CAN,1998,0.0,0.0,0.0,0.0,0.0,0.0,92,7,0.07608695652173914
CAN,1999,0.0,0.0,0.0,0.0,0.0,0.0,59,1,0.01694915254237288
CAN,2000,0.0,0.0,0.0,0.0,0.0,0.0,70,1,0.014285714285714285
CAN,2001,0.0,0.0,0.0,0.0,0.0,0.0,54,1,0.018518518518518517
CAN,2002,0.0,0.0,0.0,0.0,0.0,0.0,51,2,0.0392156862745098
CAN,2003,0.0,0.0,0.0,0.0,0.0,0.0,58,0,0.0
CAN,2004,0.0,0.0,0.0,0.0,0.0,0.0,69,5,0.07246376811594203
CAN,2005,0.0,0.0,0.0,0.0,0.0,0.0,63,2,0.031746031746031744
CAN,2006,0.0,0.0,0.0,0.0,0.0,0.0,72,0,0.0
CAN,2007,0.0,0.0,0.0,0.0,0.0,0.0,55,5,0.09090909090909091
CAN,2008,0.0,0.0,0.0,0.0,0.0,0.0,92,11,0.11956521739130435
CAN,2009,0.0,0.0,0.0,0.0,0.0,0.0,88,25,0.2840909090909091
CAN,2010,0.0,0.0,0.0,0.0,0.0,0.0,77,7,0.09090909090909091
CAN,2011,0.0,0.0,0.0,0.0,0.0,0.0,106,3,0.02830188679245283
CAN,2012,0.0,0.0,0.0,0.0,0.0,0.0,102,5,0.049019607843137254
CAN,2013,0.0,0.0,0.0,0.0,0.0,0.0,129,3,0.023255813953488372
CAN,2014,0.0,0.0,0.0,0.0,0.0,0.0,64,3,0.046875
CAN,2015,0.0,0.0,0.0,0.0,0.0,0.0,58,10,0.1724137931034483
CAN,2016,0.0,0.0,0.0,0.0,0.0,0.0,54,3,0.05555555555555555
CAN,2017,0.0,0.0,0.0,0.0,0.0,0.0,116,21,0.1810344827586207
CAN,2018,0.0,0.0,0.0,0.0,0.0,0.0,92,11,0.11956521739130435
CAN,2019,0.0,0.0,0.0,0.0,0.0,0.0,119,15,0.12605042016806722
CAN,2020,0.0,0.0,0.0,1.0,0.0,0.0,36,5,0.1388888888888889
CAN,2021,0.0,0.0,0.0,1.0,0.0,0.0,106,14,0.1320754716981132
CAN,2022,0.0,0.0,0.0,0.0,0.0,0.0,105,15,0.14285714285714285
CAN,2023,0.0,0.0,0.0,0.0,0.0,0.0,169,14,0.08284023668639054
CAN,2024,0.0,0.0,0.0,0.0,0.0,0.0,23,0,0.0
CAN,2025,0.0,0.0,0.0,0.0,0.0,0.0,97,7,0.07216494845360824
CHE,2002,0.0,0.0,0.0,0.0,0.0,0.0,62,2,0.03225806451612903
CHE,2003,0.0,0.0,0.0,0.0,0.0,0.0,57,1,0.017543859649122806
CHE,2004,0.0,0.0,0.0,0.0,0.0,0.0,40,3,0.075
CHE,2005,0.0,0.0,0.0,0.0,0.0,0.0,43,1,0.023255813953488372
CHE,2006,0.0,0.0,0.0,0.0,0.0,0.0,96,8,0.08333333333333333
CHE,2007,0.0,0.0,0.0,0.0,0.0,0.0,80,18,0.225
CHE,2008,0.0,0.0,0.0,0.0,1.0,1.0,100,19,0.19
CHE,2009,0.0,0.0,0.0,0.0,1.0,0.0,70,13,0.18571428571428572
CHE,2010,0.0,0.0,0.0,0.0,0.0,0.0,75,10,0.13333333333333333
CHE,2011,0.0,0.0,0.0,0.0,0.0,0.0,47,1,0.02127659574468085
CHE,2012,0.0,0.0,0.0,0.0,0.0,0.0,67,11,0.16417910447761194
CHE,2013,0.0,0.0,0.0,0.0,0.0,0.0,68,3,0.04411764705882353
CHE,2014,0.0,0.0,0.0,0.0,0.0,0.0,77,3,0.03896103896103896
CHE,2015,0.0,0.0,0.0,0.0,0.0,0.0,47,7,0.14893617021276595
CHE,2016,0.0,0.0,0.0,0.0,0.0,0.0,53,7,0.1320754716981132
CHE,2017,0.0,0.0,0.0,0.0,0.0,0.0,52,8,0.15384615384615385
CHE,2018,0.0,0.0,0.0,0.0,0.0,0.0,61,9,0.14754098360655737
CHE,2019,0.0,0.0,0.0,0.0,0.0,0.0,60,5,0.08333333333333333
CHE,2020,0.0,0.0,0.0,0.0,0.0,0.0,31,3,0.0967741935483871
CHE,2021,0.0,0.0,0.0,0.0,0.0,0.0,62,15,0.24193548387096775
CHE,2022,0.0,0.0,0.0,0.0,0.0,0.0,92,10,0.10869565217391304
CHE,2023,0.0,0.0,0.0,0.0,0.0,0.0,61,5,0.08196721311475409
CHE,2024,0.0,0.0,0.0,0.0,0.0,0.0,24,5,0.20833333333333334
CHE,2025,0.0,0.0,0.0,0.0,0.0,0.0,66,4,0.06060606060606061
CHL,1946,0.0,0.0,0.0,0.0,0.0,0.0,33,0,0.0
CHL,1947,0.0,0.0,0.0,0.0,0.0,0.0,15,0,0.0
CHL,1948,0.0,0.0,0.0,0.0,0.0,0.0,54,0,0.0
CHL,1949,0.0,0.0,0.0,0.0,0.0,0.0,49,1,0.02040816326530612
CHL,1950,0.0,0.0,0.0,0.0,0.0,0.0,68,0,0.0
CHL,1951,0.0,0.0,0.0,0.0,0.0,0.0,31,0,0.0
CHL,1952,0.0,0.0,0.0,0.0,0.0,0.0,118,4,0.03389830508474576
CHL,1953,0.0,0.0,0.0,0.0,0.0,0.0,50,1,0.02
CHL,1954,0.0,0.0,0.0,0.0,0.0,0.0,52,0,0.0
CHL,1955,0.0,0.0,0.0,0.0,0.0,0.0,104,1,0.009615384615384616
CHL,1956,0.0,0.0,2.0,0.0,0.0,0.0,57,5,0.08771929824561403
CHL,1957,0.0,0.0,0.0,0.0,0.0,0.0,46,2,0.043478260869565216
CHL,1958,0.0,0.0,0.0,0.0,0.0,0.0,30,0,0.0
CHL,1959,0.0,0.0,0.0,0.0,0.0,0.0,83,3,0.03614457831325301
CHL,1960,0.0,0.0,0.0,0.0,0.0,0.0,76,0,0.0
CHL,1961,0.0,0.0,0.0,0.0,0.0,0.0,61,1,0.01639344262295082
CHL,1962,0.0,0.0,0.0,0.0,0.0,0.0,92,2,0.021739130434782608
CHL,1963,0.0,0.0,0.0,0.0,1.0,0.0,131,6,0.04580152671755725
CHL,1964,0.0,0.0,0.0,0.0,0.0,0.0,131,3,0.022900763358778626
CHL,1965,0.0,0.0,0.0,0.0,0.0,0.0,159,1,0.006289308176100629
CHL,1966,0.0,0.0,0.0,0.0,0.0,0.0,176,7,0.03977272727272727
CHL,1967,0.0,0.0,0.0,0.0,0.0,0.0,123,2,0.016260162601626018
CHL,1968,0.0,0.0,0.0,0.0,0.0,0.0,147,4,0.027210884353741496
CHL,1969,0.0,0.0,0.0,0.0,0.0,0.0,156,2,0.01282051282051282
CHL,1971,0.0,0.0,0.0,0.0,0.0,0.0,66,1,0.015151515151515152
CHL,1972,0.0,0.0,0.0,0.0,0.0,0.0,109,3,0.027522935779816515
CHL,1973,0.0,0.0,0.0,0.0,0.0,0.0,166,2,0.012048192771084338
CHL,1974,0.0,0.0,0.0,0.0,0.0,0.0,88,3,0.03409090909090909
CHL,1975,0.0,0.0,0.0,0.0,0.0,0.0,110,1,0.00909090909090909
CHL,1976,0.0,0.0,0.0,0.0,0.0,0.0,70,0,0.0
CHL,1977,0.0,0.0,0.0,0.0,0.0,0.0,46,1,0.021739130434782608
CHL,1978,0.0,0.0,0.0,0.0,0.0,0.0,93,0,0.0
CHL,1979,0.0,0.0,0.0,0.0,0.0,0.0,63,1,0.015873015873015872
CHL,1980,0.0,0.0,0.0,0.0,0.0,0.0,64,1,0.015625
CHL,1981,0.0,0.0,0.0,0.0,0.0,0.0,73,0,0.0
CHL,1982,0.0,0.0,0.0,0.0,0.0,0.0,88,3,0.03409090909090909
CHL,1983,0.0,0.0,0.0,0.0,0.0,0.0,53,0,0.0
CHL,1984,0.0,0.0,0.0,0.0,0.0,0.0,78,1,0.01282051282051282
CHL,1985,0.0,0.0,0.0,0.0,0.0,0.0,92,2,0.021739130434782608
CHL,1986,0.0,0.0,0.0,0.0,0.0,0.0,83,3,0.03614457831325301
CHL,1987,0.0,0.0,0.0,0.0,0.0,0.0,81,2,0.024691358024691357
CHL,1988,0.0,0.0,0.0,0.0,0.0,0.0,80,1,0.0125
CHL,1989,0.0,0.0,0.0,0.0,0.0,0.0,91,0,0.0
CHL,1990,0.0,0.0,0.0,0.0,0.0,0.0,81,2,0.024691358024691357
CHL,1991,0.0,0.0,0.0,0.0,0.0,0.0,62,2,0.03225806451612903
CHL,1992,0.0,0.0,0.0,0.0,0.0,0.0,103,10,0.0970873786407767
CHL,1993,0.0,0.0,0.0,0.0,0.0,0.0,90,2,0.022222222222222223
CHL,1994,0.0,0.0,0.0,0.0,0.0,0.0,61,6,0.09836065573770492
CHL,1995,0.0,0.0,0.0,0.0,0.0,0.0,47,3,0.06382978723404255
CHL,1996,0.0,0.0,0.0,0.0,0.0,0.0,65,10,0.15384615384615385
CHL,1997,0.0,0.0,0.0,0.0,0.0,0.0,44,0,0.0
CHL,1998,0.0,0.0,0.0,0.0,0.0,0.0,62,3,0.04838709677419355
CHL,1999,0.0,0.0,0.0,0.0,0.0,0.0,79,2,0.02531645569620253
CHL,2000,0.0,0.0,0.0,0.0,0.0,0.0,78,4,0.05128205128205128
CHL,2001,0.0,0.0,0.0,0.0,0.0,0.0,50,2,0.04
CHL,2002,0.0,0.0,0.0,0.0,0.0,0.0,73,2,0.0273972602739726
CHL,2003,0.0,0.0,0.0,0.0,0.0,0.0,39,0,0.0
CHL,2004,0.0,0.0,0.0,0.0,0.0,0.0,43,2,0.046511627906976744
CHL,2005,0.0,0.0,0.0,0.0,0.0,0.0,46,1,0.021739130434782608
CHL,2006,0.0,0.0,0.0,0.0,0.0,0.0,60,2,0.03333333333333333
CHL,2007,0.0,0.0,0.0,0.0,0.0,0.0,66,15,0.22727272727272727
CHL,2008,0.0,0.0,0.0,0.0,0.0,0.0,85,14,0.16470588235294117
CHL,2009,0.0,0.0,0.0,0.0,0.0,0.0,82,14,0.17073170731707318
CHL,2010,0.0,0.0,0.0,0.0,0.0,0.0,84,10,0.11904761904761904
CHL,2011,0.0,0.0,0.0,0.0,0.0,0.0,86,5,0.05813953488372093
CHL,2012,0.0,0.0,0.0,0.0,0.0,0.0,80,7,0.0875
CHL,2013,0.0,0.0,0.0,0.0,0.0,0.0,58,7,0.1206896551724138
CHL,2014,0.0,0.0,0.0,0.0,0.0,0.0,64,5,0.078125
CHL,2015,0.0,0.0,0.0,0.0,1.0,0.0,34,8,0.23529411764705882
CHL,2016,0.0,0.0,0.0,0.0,0.0,0.0,49,7,0.14285714285714285
CHL,2017,0.0,0.0,0.0,0.0,0.0,0.0,69,21,0.30434782608695654
CHL,2018,0.0,0.0,0.0,0.0,0.0,0.0,113,33,0.2920353982300885
CHL,2019,1.0,0.0,0.0,0.0,0.0,0.0,95,49,0.5157894736842106
CHL,2020,1.0,0.0,0.0,0.0,0.0,0.0,82,29,0.35365853658536583
CHL,2021,0.0,0.0,1.0,0.0,0.0,0.0,75,19,0.25333333333333335
CHL,2022,0.0,0.0,0.0,0.0,0.0,0.0,60,7,0.11666666666666667
CHL,2023,0.0,0.0,0.0,0.0,0.0,0.0,104,16,0.15384615384615385
CHL,2024,0.0,0.0,0.0,0.0,0.0,0.0,42,6,0.14285714285714285
CHL,2025,0.0,0.0,0.0,0.0,0.0,0.0,148,15,0.10135135135135136
CHN,1946,0.0,0.0,0.0,0.0,0.0,0.0,59,0,0.0
CHN,1947,0.0,0.0,0.0,0.0,0.0,0.0,26,0,0.0
CHN,1948,0.0,0.0,0.0,0.0,0.0,0.0,72,1,0.013888888888888888
CHN,1949,0.0,0.0,0.0,0.0,0.0,0.0,53,0,0.0
CHN,1950,0.0,0.0,0.0,0.0,0.0,0.0,82,0,0.0
CHN,1951,0.0,0.0,0.0,0.0,0.0,0.0,126,0,0.0
CHN,1952,0.0,0.0,0.0,0.0,0.0,0.0,139,1,0.007194244604316547
CHN,1953,0.0,0.0,0.0,0.0,0.0,0.0,111,2,0.018018018018018018
CHN,1954,0.0,0.0,0.0,0.0,0.0,0.0,127,1,0.007874015748031496
CHN,1955,0.0,0.0,0.0,0.0,0.0,0.0,140,3,0.02142857142857143
CHN,1956,0.0,0.0,0.0,0.0,0.0,0.0,127,0,0.0
CHN,1957,0.0,0.0,0.0,0.0,0.0,0.0,81,0,0.0
CHN,1958,0.0,0.0,0.0,0.0,0.0,0.0,157,9,0.05732484076433121
CHN,1959,0.0,0.0,0.0,0.0,0.0,0.0,145,9,0.06206896551724138
CHN,1960,0.0,0.0,0.0,0.0,0.0,0.0,189,4,0.021164021164021163
CHN,1961,0.0,0.0,0.0,0.0,0.0,0.0,148,3,0.02027027027027027
CHN,1962,0.0,0.0,0.0,0.0,0.0,0.0,110,0,0.0
CHN,1963,0.0,0.0,0.0,0.0,0.0,0.0,133,8,0.06015037593984962
CHN,1964,0.0,0.0,0.0,0.0,0.0,0.0,106,2,0.018867924528301886
CHN,1965,0.0,0.0,0.0,0.0,0.0,0.0,193,3,0.015544041450777202
CHN,1966,0.0,0.0,0.0,0.0,0.0,0.0,172,2,0.011627906976744186
CHN,1967,0.0,0.0,0.0,0.0,0.0,0.0,137,2,0.014598540145985401
CHN,1968,0.0,0.0,0.0,0.0,0.0,0.0,124,0,0.0
CHN,1969,0.0,0.0,0.0,0.0,0.0,0.0,142,1,0.007042253521126761
CHN,1971,0.0,0.0,0.0,0.0,0.0,0.0,101,1,0.009900990099009901
CHN,1972,0.0,0.0,0.0,0.0,0.0,0.0,212,11,0.05188679245283019
CHN,1973,0.0,0.0,0.0,0.0,0.0,0.0,211,2,0.009478672985781991
CHN,1974,0.0,0.0,0.0,0.0,0.0,0.0,211,12,0.05687203791469194
CHN,1975,0.0,0.0,0.0,0.0,0.0,0.0,254,9,0.03543307086614173
CHN,1976,0.0,0.0,0.0,0.0,0.0,0.0,110,2,0.01818181818181818
CHN,1977,0.0,0.0,0.0,0.0,0.0,0.0,222,2,0.009009009009009009
CHN,1978,0.0,0.0,0.0,0.0,0.0,0.0,143,3,0.02097902097902098
CHN,1979,0.0,0.0,0.0,0.0,0.0,0.0,177,3,0.01694915254237288
CHN,1980,0.0,0.0,0.0,0.0,0.0,0.0,129,1,0.007751937984496124
CHN,1981,0.0,0.0,0.0,0.0,0.0,0.0,85,0,0.0
CHN,1982,0.0,0.0,0.0,0.0,0.0,0.0,133,0,0.0
CHN,1983,0.0,0.0,0.0,0.0,0.0,0.0,128,3,0.0234375
CHN,1984,0.0,0.0,0.0,0.0,0.0,0.0,142,4,0.028169014084507043
CHN,1985,0.0,0.0,0.0,0.0,0.0,0.0,118,3,0.025423728813559324
CHN,1986,0.0,0.0,0.0,0.0,0.0,0.0,113,1,0.008849557522123894
CHN,1987,0.0,0.0,0.0,0.0,0.0,0.0,143,2,0.013986013986013986
CHN,1988,0.0,0.0,0.0,0.0,0.0,0.0,140,2,0.014285714285714285
CHN,1989,0.0,0.0,0.0,0.0,0.0,0.0,130,3,0.023076923076923078
CHN,1990,0.0,0.0,0.0,0.0,0.0,0.0,95,11,0.11578947368421053
CHN,1991,0.0,0.0,0.0,0.0,0.0,0.0,115,12,0.10434782608695652
CHN,1992,0.0,0.0,0.0,0.0,0.0,0.0,141,7,0.04964539007092199
CHN,1993,0.0,0.0,0.0,0.0,0.0,0.0,104,3,0.028846153846153848
CHN,1994,0.0,0.0,0.0,0.0,0.0,0.0,70,4,0.05714285714285714
CHN,1995,0.0,0.0,0.0,0.0,0.0,0.0,64,0,0.0
CHN,1996,0.0,0.0,0.0,0.0,0.0,0.0,92,8,0.08695652173913043
CHN,1997,0.0,0.0,0.0,0.0,0.0,0.0,62,3,0.04838709677419355
CHN,1998,0.0,0.0,0.0,0.0,0.0,0.0,95,9,0.09473684210526316
CHN,1999,0.0,0.0,0.0,0.0,0.0,0.0,100,2,0.02
CHN,2000,0.0,0.0,0.0,0.0,0.0,0.0,84,2,0.023809523809523808
CHN,2001,0.0,0.0,0.0,0.0,0.0,0.0,50,1,0.02
CHN,2002,0.0,0.0,0.0,0.0,0.0,0.0,50,4,0.08
CHN,2003,0.0,0.0,0.0,0.0,0.0,0.0,62,4,0.06451612903225806
CHN,2004,0.0,0.0,0.0,0.0,0.0,0.0,62,1,0.016129032258064516
CHN,2005,0.0,0.0,0.0,0.0,0.0,0.0,61,2,0.03278688524590164
CHN,2006,0.0,0.0,0.0,0.0,0.0,0.0,92,5,0.05434782608695652
CHN,2007,0.0,0.0,0.0,0.0,0.0,0.0,98,12,0.12244897959183673
CHN,2008,0.0,0.0,0.0,0.0,0.0,0.0,66,6,0.09090909090909091
CHN,2009,0.0,0.0,0.0,0.0,0.0,0.0,67,9,0.13432835820895522
CHN,2010,0.0,0.0,0.0,0.0,0.0,0.0,85,3,0.03529411764705882
CHN,2011,0.0,0.0,0.0,0.0,0.0,0.0,137,9,0.06569343065693431
CHN,2012,0.0,0.0,0.0,0.0,0.0,0.0,96,2,0.020833333333333332
CHN,2013,0.0,0.0,0.0,0.0,0.0,0.0,73,5,0.0684931506849315
CHN,2014,0.0,0.0,0.0,0.0,0.0,0.0,81,8,0.09876543209876543
CHN,2015,0.0,0.0,0.0,0.0,0.0,0.0,81,8,0.09876543209876543
CHN,2016,0.0,0.0,0.0,0.0,0.0,0.0,85,16,0.18823529411764706
CHN,2017,0.0,0.0,0.0,0.0,0.0,0.0,93,5,0.053763440860215055
CHN,2018,0.0,0.0,0.0,0.0,0.0,0.0,117,7,0.05982905982905983
CHN,2019,0.0,0.0,0.0,0.0,0.0,0.0,107,7,0.06542056074766354
CHN,2020,0.0,0.0,0.0,0.0,1.0,0.0,71,9,0.1267605633802817
CHN,2021,0.0,0.0,0.0,0.0,0.0,0.0,58,6,0.10344827586206896
CHN,2022,0.0,0.0,0.0,0.0,0.0,0.0,111,9,0.08108108108108109
CHN,2023,0.0,0.0,0.0,0.0,0.0,0.0,67,7,0.1044776119402985
CHN,2024,0.0,0.0,0.0,0.0,0.0,0.0,109,8,0.07339449541284404
CHN,2025,0.0,0.0,0.0,0.0,0.0,0.0,89,6,0.06741573033707865
CIV,1965,0.0,0.0,0.0,0.0,0.0,0.0,109,3,0.027522935779816515
CIV,1966,0.0,0.0,0.0,0.0,0.0,0.0,74,1,0.013513513513513514
CIV,1969,0.0,0.0,0.0,0.0,0.0,0.0,81,1,0.012345679012345678
CIV,1971,0.0,0.0,0.0,0.0,0.0,0.0,119,0,0.0
CIV,1972,0.0,0.0,0.0,0.0,0.0,0.0,77,6,0.07792207792207792
CIV,1974,0.0,0.0,0.0,0.0,0.0,0.0,108,6,0.05555555555555555
CIV,1977,0.0,0.0,0.0,0.0,0.0,0.0,72,1,0.013888888888888888
CIV,1978,0.0,0.0,0.0,0.0,0.0,0.0,63,0,0.0
CIV,1979,0.0,0.0,0.0,0.0,0.0,0.0,48,1,0.020833333333333332
CIV,1980,0.0,0.0,0.0,0.0,0.0,0.0,71,6,0.08450704225352113
CIV,1981,0.0,0.0,0.0,0.0,0.0,0.0,78,3,0.038461538461538464
CIV,1989,0.0,0.0,0.0,0.0,0.0,0.0,67,8,0.11940298507462686
CIV,1991,0.0,0.0,0.0,0.0,0.0,0.0,73,6,0.0821917808219178
CIV,1992,0.0,0.0,0.0,0.0,0.0,0.0,112,5,0.044642857142857144
CIV,1993,0.0,0.0,0.0,0.0,0.0,0.0,54,4,0.07407407407407407
CIV,1994,0.0,0.0,0.0,0.0,0.0,0.0,46,1,0.021739130434782608
CIV,1996,0.0,0.0,0.0,0.0,0.0,0.0,49,0,0.0
CIV,1997,0.0,0.0,0.0,0.0,0.0,0.0,58,0,0.0
CIV,1998,0.0,0.0,0.0,0.0,0.0,0.0,71,2,0.028169014084507043
CIV,1999,0.0,0.0,0.0,0.0,0.0,0.0,65,1,0.015384615384615385
CIV,2000,0.0,0.0,0.0,0.0,0.0,0.0,33,0,0.0
CIV,2001,0.0,0.0,0.0,0.0,0.0,0.0,51,0,0.0
CIV,2002,0.0,0.0,0.0,0.0,0.0,0.0,52,2,0.038461538461538464
CIV,2003,0.0,0.0,0.0,0.0,0.0,0.0,35,0,0.0
CIV,2004,0.0,0.0,0.0,0.0,0.0,0.0,39,0,0.0
CIV,2005,0.0,0.0,0.0,0.0,0.0,0.0,48,1,0.020833333333333332
CIV,2006,0.0,0.0,0.0,0.0,0.0,0.0,96,4,0.041666666666666664
CIV,2007,0.0,0.0,0.0,0.0,0.0,0.0,60,4,0.06666666666666667
CIV,2008,0.0,0.0,0.0,0.0,0.0,0.0,51,3,0.058823529411764705
CIV,2009,0.0,0.0,0.0,0.0,0.0,0.0,87,16,0.1839080459770115
CIV,2010,0.0,0.0,0.0,0.0,0.0,0.0,77,9,0.11688311688311688
CIV,2011,0.0,0.0,0.0,0.0,0.0,0.0,55,5,0.09090909090909091
CIV,2012,0.0,0.0,0.0,0.0,0.0,0.0,34,3,0.08823529411764706
CIV,2013,0.0,0.0,0.0,0.0,0.0,0.0,38,8,0.21052631578947367
CIV,2014,0.0,0.0,0.0,0.0,0.0,0.0,36,5,0.1388888888888889
CIV,2015,0.0,0.0,0.0,0.0,0.0,0.0,43,7,0.16279069767441862
CIV,2016,0.0,0.0,0.0,0.0,0.0,0.0,39,8,0.20512820512820512
CIV,2017,0.0,0.0,0.0,0.0,0.0,0.0,42,12,0.2857142857142857
CIV,2018,0.0,0.0,0.0,0.0,0.0,0.0,34,1,0.029411764705882353
CIV,2019,0.0,0.0,0.0,0.0,0.0,0.0,39,14,0.358974358974359
CIV,2020,0.0,0.0,1.0,0.0,0.0,0.0,42,3,0.07142857142857142
CIV,2021,0.0,0.0,0.0,0.0,0.0,0.0,49,8,0.16326530612244897
CIV,2022,0.0,0.0,0.0,0.0,0.0,0.0,32,6,0.1875
CIV,2023,0.0,0.0,0.0,0.0,0.0,0.0,56,19,0.3392857142857143
CIV,2024,0.0,0.0,0.0,0.0,0.0,0.0,13,3,0.23076923076923078
CIV,2025,0.0,0.0,0.0,0.0,0.0,0.0,74,6,0.08108108108108109
CMR,1960,0.0,0.0,0.0,0.0,0.0,0.0,194,1,0.005154639175257732
CMR,1961,0.0,0.0,0.0,0.0,0.0,0.0,101,0,0.0
CMR,1962,0.0,0.0,0.0,0.0,0.0,0.0,144,0,0.0
CMR,1964,0.0,0.0,0.0,0.0,0.0,0.0,105,0,0.0
CMR,1965,0.0,0.0,0.0,0.0,0.0,0.0,145,0,0.0
CMR,1966,0.0,0.0,0.0,0.0,0.0,0.0,236,4,0.01694915254237288
CMR,1967,0.0,0.0,0.0,0.0,0.0,0.0,156,4,0.02564102564102564
CMR,1968,0.0,0.0,0.0,0.0,0.0,0.0,77,0,0.0
CMR,1969,0.0,0.0,0.0,0.0,0.0,0.0,70,1,0.014285714285714285
CMR,1970,0.0,0.0,0.0,0.0,0.0,0.0,37,0,0.0
CMR,1971,0.0,0.0,0.0,0.0,0.0,0.0,54,1,0.018518518518518517
CMR,1972,0.0,0.0,0.0,0.0,0.0,0.0,56,4,0.07142857142857142
CMR,1974,0.0,0.0,0.0,0.0,0.0,0.0,56,2,0.03571428571428571
CMR,1975,0.0,0.0,0.0,0.0,0.0,0.0,64,1,0.015625
CMR,1976,0.0,0.0,0.0,0.0,0.0,0.0,93,1,0.010752688172043012
CMR,1977,0.0,0.0,0.0,0.0,0.0,0.0,48,0,0.0
CMR,1978,0.0,0.0,0.0,0.0,0.0,0.0,54,1,0.018518518518518517
CMR,1979,0.0,0.0,0.0,0.0,0.0,0.0,51,2,0.0392156862745098
CMR,1980,0.0,0.0,0.0,0.0,0.0,0.0,56,1,0.017857142857142856
CMR,1981,0.0,0.0,0.0,0.0,0.0,0.0,41,0,0.0
CMR,1982,0.0,0.0,0.0,0.0,0.0,0.0,76,3,0.039473684210526314
CMR,1983,0.0,0.0,0.0,0.0,0.0,0.0,127,2,0.015748031496062992
CMR,1984,0.0,0.0,0.0,0.0,0.0,0.0,113,3,0.02654867256637168
CMR,1985,0.0,0.0,0.0,0.0,0.0,0.0,80,4,0.05
CMR,1986,0.0,0.0,0.0,0.0,0.0,0.0,84,3,0.03571428571428571
CMR,1987,0.0,0.0,0.0,0.0,0.0,0.0,66,1,0.015151515151515152
CMR,1988,0.0,0.0,0.0,0.0,0.0,0.0,57,1,0.017543859649122806
CMR,1989,0.0,0.0,0.0,0.0,0.0,0.0,86,8,0.09302325581395349
CMR,1990,0.0,0.0,0.0,0.0,0.0,0.0,54,7,0.12962962962962962
CMR,1991,0.0,0.0,0.0,0.0,0.0,0.0,59,4,0.06779661016949153
CMR,1992,0.0,0.0,0.0,0.0,0.0,0.0,43,3,0.06976744186046512
CMR,1993,0.0,0.0,0.0,0.0,0.0,0.0,51,1,0.0196078431372549
CMR,1994,0.0,0.0,0.0,0.0,0.0,0.0,24,3,0.125
CMR,1995,0.0,0.0,0.0,0.0,0.0,0.0,41,0,0.0
CMR,1998,0.0,0.0,0.0,0.0,0.0,0.0,60,0,0.0
CMR,1999,1.0,0.0,0.0,0.0,0.0,0.0,74,12,0.16216216216216217
CMR,2001,0.0,0.0,0.0,0.0,0.0,0.0,37,0,0.0
CMR,2002,0.0,0.0,0.0,0.0,0.0,0.0,34,1,0.029411764705882353
CMR,2003,0.0,0.0,0.0,0.0,0.0,0.0,46,2,0.043478260869565216
CMR,2004,0.0,0.0,0.0,0.0,0.0,0.0,67,1,0.014925373134328358
CMR,2005,0.0,0.0,0.0,0.0,0.0,0.0,37,1,0.02702702702702703
CMR,2006,0.0,0.0,0.0,0.0,0.0,0.0,68,1,0.014705882352941176
CMR,2007,0.0,0.0,0.0,0.0,0.0,0.0,84,6,0.07142857142857142
CMR,2008,0.0,0.0,0.0,0.0,0.0,0.0,67,9,0.13432835820895522
CMR,2009,0.0,0.0,0.0,0.0,0.0,0.0,59,9,0.15254237288135594
CMR,2010,0.0,0.0,0.0,0.0,0.0,0.0,56,4,0.07142857142857142
CMR,2011,0.0,0.0,0.0,0.0,0.0,0.0,45,2,0.044444444444444446
CMR,2012,0.0,0.0,1.0,0.0,0.0,0.0,37,5,0.13513513513513514
CMR,2013,0.0,0.0,0.0,0.0,0.0,0.0,56,9,0.16071428571428573
CMR,2014,0.0,0.0,0.0,0.0,0.0,0.0,29,1,0.034482758620689655
CMR,2016,0.0,0.0,0.0,0.0,0.0,0.0,36,8,0.2222222222222222
CMR,2017,0.0,0.0,0.0,0.0,0.0,0.0,41,12,0.2926829268292683
CMR,2018,0.0,0.0,0.0,0.0,0.0,0.0,54,8,0.14814814814814814
CMR,2019,1.0,0.0,0.0,0.0,0.0,0.0,66,11,0.16666666666666666
CMR,2020,0.0,0.0,0.0,0.0,0.0,0.0,31,5,0.16129032258064516
CMR,2021,0.0,0.0,0.0,0.0,0.0,0.0,22,1,0.045454545454545456
CMR,2022,0.0,0.0,0.0,0.0,0.0,0.0,50,11,0.22
CMR,2023,0.0,0.0,0.0,0.0,0.0,0.0,43,8,0.18604651162790697
CMR,2024,0.0,0.0,0.0,0.0,0.0,0.0,55,14,0.2545454545454545
CMR,2025,0.0,0.0,0.0,0.0,0.0,0.0,73,10,0.136986301369863
COD,1961,0.0,0.0,0.0,0.0,0.0,0.0,195,0,0.0
COD,1963,0.0,0.0,0.0,0.0,0.0,0.0,60,0,0.0
COD,1966,0.0,0.0,0.0,0.0,0.0,0.0,158,4,0.02531645569620253
COD,1967,0.0,0.0,0.0,0.0,0.0,0.0,109,1,0.009174311926605505
COD,1968,0.0,0.0,0.0,0.0,0.0,0.0,126,3,0.023809523809523808
COD,1969,0.0,0.0,0.0,0.0,0.0,0.0,124,3,0.024193548387096774
COD,1971,0.0,0.0,0.0,0.0,0.0,0.0,76,2,0.02631578947368421
COD,1972,0.0,0.0,0.0,0.0,0.0,0.0,83,7,0.08433734939759036
COD,1973,0.0,0.0,0.0,0.0,0.0,0.0,245,10,0.04081632653061224
COD,1974,0.0,0.0,0.0,0.0,0.0,0.0,101,5,0.04950495049504951
COD,1975,0.0,0.0,0.0,0.0,0.0,0.0,104,3,0.028846153846153848
COD,1976,0.0,0.0,0.0,0.0,0.0,0.0,141,6,0.0425531914893617
COD,1977,0.0,0.0,0.0,0.0,0.0,0.0,65,2,0.03076923076923077
COD,1978,0.0,0.0,0.0,0.0,0.0,0.0,91,3,0.03296703296703297
COD,1979,0.0,0.0,0.0,0.0,0.0,0.0,78,5,0.0641025641025641
COD,1980,0.0,0.0,0.0,0.0,1.0,0.0,57,4,0.07017543859649122
COD,1981,0.0,0.0,0.0,0.0,0.0,0.0,61,5,0.08196721311475409
COD,1982,0.0,0.0,0.0,0.0,0.0,0.0,81,5,0.06172839506172839
COD,1983,0.0,0.0,0.0,0.0,0.0,0.0,101,1,0.009900990099009901
COD,1984,0.0,0.0,0.0,0.0,0.0,0.0,114,6,0.05263157894736842
COD,1985,0.0,0.0,0.0,0.0,0.0,0.0,30,0,0.0
COD,1986,0.0,0.0,0.0,0.0,0.0,0.0,65,3,0.046153846153846156
COD,1987,0.0,0.0,0.0,0.0,0.0,0.0,53,0,0.0
COD,1988,0.0,0.0,0.0,0.0,0.0,0.0,48,3,0.0625
COD,1989,0.0,0.0,0.0,0.0,0.0,0.0,86,14,0.16279069767441862
COD,1990,0.0,0.0,0.0,0.0,0.0,0.0,52,4,0.07692307692307693
COD,1992,0.0,0.0,0.0,0.0,0.0,0.0,69,14,0.2028985507246377
COD,1993,0.0,0.0,0.0,0.0,0.0,0.0,46,1,0.021739130434782608
COD,1994,0.0,0.0,0.0,0.0,0.0,0.0,59,2,0.03389830508474576
COD,1995,0.0,0.0,0.0,0.0,0.0,0.0,115,3,0.02608695652173913
COD,1996,0.0,0.0,0.0,0.0,0.0,0.0,58,1,0.017241379310344827
COD,1997,0.0,0.0,1.0,0.0,0.0,0.0,63,2,0.031746031746031744
COD,1998,0.0,0.0,1.0,0.0,0.0,0.0,27,0,0.0
COD,1999,0.0,0.0,0.0,0.0,0.0,0.0,90,2,0.022222222222222223
COD,2000,0.0,0.0,0.0,0.0,0.0,0.0,121,5,0.04132231404958678
COD,2001,0.0,0.0,0.0,0.0,0.0,0.0,21,0,0.0
COD,2002,0.0,0.0,0.0,0.0,0.0,0.0,15,0,0.0
COD,2003,0.0,0.0,0.0,0.0,0.0,0.0,22,0,0.0
COD,2004,0.0,0.0,0.0,0.0,0.0,0.0,15,0,0.0
COD,2005,0.0,0.0,0.0,0.0,0.0,0.0,46,0,0.0
COD,2006,0.0,0.0,0.0,0.0,0.0,0.0,38,4,0.10526315789473684
COD,2007,0.0,0.0,0.0,0.0,0.0,0.0,57,8,0.14035087719298245
COD,2008,0.0,0.0,0.0,0.0,0.0,0.0,74,5,0.06756756756756757
COD,2009,0.0,0.0,0.0,0.0,0.0,0.0,81,6,0.07407407407407407
COD,2010,0.0,0.0,0.0,0.0,0.0,0.0,60,6,0.1
COD,2011,0.0,0.0,0.0,0.0,0.0,0.0,49,3,0.061224489795918366
COD,2012,0.0,0.0,0.0,0.0,0.0,0.0,20,0,0.0
COD,2013,0.0,0.0,0.0,0.0,0.0,0.0,47,11,0.23404255319148937
COD,2014,0.0,0.0,0.0,0.0,0.0,0.0,30,2,0.06666666666666667
COD,2015,0.0,0.0,0.0,0.0,0.0,0.0,59,12,0.2033898305084746
COD,2016,0.0,0.0,0.0,0.0,0.0,0.0,53,8,0.1509433962264151
COD,2017,0.0,0.0,0.0,0.0,0.0,0.0,37,6,0.16216216216216217
COD,2018,0.0,0.0,0.0,0.0,0.0,0.0,26,1,0.038461538461538464
COD,2019,0.0,0.0,2.0,0.0,0.0,0.0,74,21,0.28378378378378377
COD,2020,0.0,0.0,0.0,0.0,0.0,0.0,35,8,0.22857142857142856
COD,2021,0.0,0.0,0.0,0.0,0.0,0.0,73,8,0.1095890410958904
COD,2022,0.0,0.0,1.0,0.0,0.0,0.0,72,16,0.2222222222222222
COD,2023,0.0,0.0,0.0,0.0,0.0,0.0,73,16,0.2191780821917808
COD,2024,0.0,0.0,1.0,0.0,0.0,0.0,48,13,0.2708333333333333
COD,2025,0.0,0.0,1.0,0.0,1.0,0.0,133,25,0.18796992481203006
COG,1960,0.0,0.0,0.0,0.0,0.0,0.0,63,0,0.0
COG,1961,0.0,0.0,0.0,0.0,0.0,0.0,96,1,0.010416666666666666
COG,1962,0.0,0.0,0.0,0.0,0.0,0.0,99,1,0.010101010101010102
COG,1963,0.0,0.0,0.0,0.0,0.0,0.0,77,0,0.0
COG,1964,0.0,0.0,0.0,0.0,0.0,0.0,29,0,0.0
COG,1965,0.0,0.0,0.0,0.0,0.0,0.0,99,1,0.010101010101010102
COG,1966,0.0,0.0,0.0,0.0,0.0,0.0,109,0,0.0
COG,1967,0.0,0.0,0.0,0.0,0.0,0.0,82,1,0.012195121951219513
COG,1968,0.0,0.0,0.0,0.0,0.0,0.0,87,1,0.011494252873563218
COG,1969,0.0,0.0,0.0,0.0,0.0,0.0,104,2,0.019230769230769232
COG,1970,0.0,0.0,0.0,0.0,0.0,0.0,41,0,0.0
COG,1971,0.0,0.0,0.0,0.0,0.0,0.0,43,0,0.0
COG,1972,0.0,0.0,0.0,0.0,0.0,0.0,122,3,0.02459016393442623
COG,1973,0.0,0.0,0.0,0.0,0.0,0.0,67,0,0.0
COG,1974,0.0,0.0,0.0,0.0,0.0,0.0,68,2,0.029411764705882353
COG,1975,0.0,0.0,0.0,0.0,0.0,0.0,49,0,0.0
COG,1976,0.0,0.0,0.0,0.0,0.0,0.0,133,1,0.007518796992481203
COG,1977,0.0,0.0,0.0,0.0,0.0,0.0,52,2,0.038461538461538464
COG,1978,0.0,0.0,0.0,0.0,0.0,0.0,92,0,0.0
COG,1979,0.0,0.0,0.0,0.0,0.0,0.0,75,0,0.0
COG,1980,0.0,0.0,0.0,0.0,0.0,0.0,79,3,0.0379746835443038
COG,1981,0.0,0.0,0.0,0.0,0.0,0.0,71,3,0.04225352112676056
COG,1982,0.0,0.0,0.0,0.0,0.0,0.0,65,0,0.0
COG,1983,0.0,0.0,0.0,0.0,0.0,0.0,32,0,0.0
COG,1984,0.0,0.0,0.0,0.0,0.0,0.0,69,3,0.043478260869565216
COG,1985,0.0,0.0,0.0,0.0,0.0,0.0,40,1,0.025
COG,1986,0.0,0.0,0.0,0.0,0.0,0.0,63,4,0.06349206349206349
COG,1987,0.0,0.0,0.0,0.0,0.0,0.0,53,0,0.0
COG,1988,0.0,0.0,0.0,0.0,0.0,0.0,89,5,0.056179775280898875
COG,1989,1.0,0.0,0.0,0.0,0.0,0.0,83,10,0.12048192771084337
COG,1990,0.0,0.0,0.0,0.0,0.0,0.0,98,11,0.11224489795918367
COG,1991,0.0,0.0,0.0,0.0,0.0,0.0,80,10,0.125
COG,1992,0.0,0.0,0.0,0.0,0.0,0.0,115,8,0.06956521739130435
COG,1993,0.0,0.0,0.0,0.0,0.0,0.0,70,3,0.04285714285714286
COG,1994,0.0,0.0,0.0,0.0,0.0,0.0,50,2,0.04
COG,1995,0.0,0.0,0.0,0.0,0.0,0.0,39,1,0.02564102564102564
COG,1996,0.0,0.0,0.0,0.0,0.0,0.0,35,0,0.0
COG,1997,0.0,0.0,0.0,0.0,0.0,0.0,38,0,0.0
COG,1998,0.0,0.0,0.0,0.0,0.0,0.0,38,2,0.05263157894736842
COG,1999,0.0,0.0,0.0,0.0,0.0,0.0,32,0,0.0
COG,2000,0.0,0.0,0.0,0.0,0.0,0.0,35,6,0.17142857142857143
COG,2001,0.0,0.0,0.0,0.0,0.0,0.0,41,1,0.024390243902439025
COG,2002,0.0,0.0,0.0,0.0,0.0,0.0,30,1,0.03333333333333333
COG,2003,0.0,0.0,0.0,0.0,0.0,0.0,50,0,0.0
COG,2004,0.0,0.0,0.0,0.0,0.0,0.0,33,6,0.18181818181818182
COG,2005,0.0,0.0,0.0,0.0,0.0,0.0,28,2,0.07142857142857142
COG,2006,0.0,0.0,0.0,0.0,0.0,0.0,70,3,0.04285714285714286
COG,2007,0.0,0.0,0.0,0.0,0.0,0.0,71,10,0.14084507042253522
COG,2008,0.0,0.0,0.0,0.0,0.0,0.0,71,11,0.15492957746478872
COG,2009,0.0,0.0,0.0,0.0,0.0,0.0,59,24,0.4067796610169492
COG,2010,0.0,0.0,0.0,0.0,0.0,0.0,59,12,0.2033898305084746
COG,2011,1.0,0.0,0.0,0.0,0.0,0.0,68,17,0.25
COG,2012,0.0,0.0,0.0,0.0,0.0,0.0,39,5,0.1282051282051282
COG,2013,0.0,0.0,0.0,0.0,0.0,0.0,60,9,0.15
COG,2014,0.0,0.0,0.0,0.0,0.0,0.0,27,5,0.18518518518518517
COG,2015,0.0,0.0,0.0,0.0,0.0,0.0,34,2,0.058823529411764705
COG,2016,0.0,0.0,1.0,0.0,0.0,0.0,31,6,0.1935483870967742
COG,2017,0.0,0.0,0.0,0.0,0.0,0.0,49,8,0.16326530612244897
COG,2018,0.0,0.0,0.0,0.0,0.0,0.0,26,3,0.11538461538461539
COG,2019,0.0,0.0,0.0,0.0,0.0,0.0,42,7,0.16666666666666666
COG,2020,0.0,0.0,0.0,0.0,0.0,0.0,12,0,0.0
COG,2021,0.0,0.0,0.0,0.0,0.0,0.0,31,5,0.16129032258064516
COG,2022,0.0,0.0,0.0,0.0,0.0,0.0,39,9,0.23076923076923078
COG,2023,1.0,0.0,0.0,0.0,0.0,0.0,49,14,0.2857142857142857
COG,2024,3.0,0.0,0.0,0.0,0.0,0.0,17,4,0.23529411764705882
COG,2025,1.0,0.0,0.0,0.0,0.0,0.0,76,8,0.10526315789473684
COL,1946,0.0,0.0,0.0,0.0,0.0,0.0,71,1,0.014084507042253521
COL,1947,0.0,0.0,0.0,0.0,0.0,0.0,90,0,0.0
COL,1948,0.0,0.0,0.0,0.0,0.0,0.0,41,0,0.0
COL,1950,0.0,0.0,0.0,0.0,0.0,0.0,36,0,0.0
COL,1951,0.0,0.0,0.0,0.0,0.0,0.0,53,0,0.0
COL,1952,0.0,0.0,0.0,0.0,0.0,0.0,63,0,0.0
COL,1953,0.0,0.0,0.0,0.0,0.0,0.0,32,0,0.0
COL,1954,0.0,0.0,0.0,0.0,0.0,0.0,42,0,0.0
COL,1957,0.0,0.0,0.0,0.0,0.0,0.0,74,1,0.013513513513513514
COL,1958,0.0,0.0,0.0,0.0,0.0,0.0,33,0,0.0
COL,1959,0.0,0.0,0.0,0.0,0.0,0.0,51,1,0.0196078431372549
COL,1960,0.0,0.0,1.0,0.0,0.0,0.0,111,1,0.009009009009009009
COL,1961,0.0,0.0,0.0,0.0,0.0,0.0,62,1,0.016129032258064516
COL,1962,0.0,0.0,0.0,0.0,0.0,0.0,61,0,0.0
COL,1963,0.0,0.0,0.0,0.0,0.0,0.0,153,1,0.006535947712418301
COL,1964,0.0,0.0,0.0,0.0,0.0,0.0,39,0,0.0
COL,1965,0.0,0.0,0.0,0.0,0.0,0.0,85,1,0.011764705882352941
COL,1966,0.0,0.0,0.0,0.0,0.0,0.0,133,2,0.015037593984962405
COL,1967,0.0,0.0,0.0,0.0,0.0,0.0,86,2,0.023255813953488372
COL,1968,0.0,0.0,0.0,0.0,0.0,0.0,93,1,0.010752688172043012
COL,1969,0.0,0.0,0.0,0.0,0.0,0.0,88,1,0.011363636363636364
COL,1970,0.0,0.0,0.0,0.0,0.0,0.0,139,3,0.02158273381294964
COL,1971,0.0,0.0,0.0,0.0,0.0,0.0,114,1,0.008771929824561403
COL,1972,0.0,0.0,0.0,0.0,0.0,0.0,80,5,0.0625
COL,1973,0.0,0.0,0.0,0.0,0.0,0.0,98,5,0.05102040816326531
COL,1974,0.0,0.0,0.0,0.0,0.0,0.0,92,6,0.06521739130434782
COL,1975,0.0,0.0,0.0,0.0,0.0,0.0,52,0,0.0
COL,1976,0.0,0.0,0.0,0.0,0.0,0.0,46,0,0.0
COL,1977,0.0,0.0,0.0,0.0,0.0,0.0,39,0,0.0
COL,1978,0.0,0.0,0.0,0.0,0.0,0.0,45,3,0.06666666666666667
COL,1979,0.0,0.0,0.0,0.0,0.0,0.0,46,0,0.0
COL,1980,0.0,0.0,0.0,0.0,0.0,0.0,54,5,0.09259259259259259
COL,1981,0.0,0.0,0.0,0.0,0.0,0.0,71,3,0.04225352112676056
COL,1982,0.0,0.0,0.0,0.0,0.0,0.0,120,2,0.016666666666666666
COL,1983,0.0,0.0,0.0,0.0,0.0,0.0,76,4,0.05263157894736842
COL,1984,0.0,0.0,0.0,0.0,0.0,0.0,74,2,0.02702702702702703
COL,1985,0.0,0.0,0.0,0.0,0.0,0.0,72,1,0.013888888888888888
COL,1986,0.0,0.0,0.0,0.0,0.0,0.0,55,1,0.01818181818181818
COL,1987,0.0,0.0,0.0,0.0,0.0,0.0,29,1,0.034482758620689655
COL,1988,0.0,0.0,0.0,0.0,0.0,0.0,34,2,0.058823529411764705
COL,1989,0.0,0.0,0.0,0.0,0.0,0.0,130,10,0.07692307692307693
COL,1990,0.0,0.0,0.0,0.0,0.0,0.0,98,8,0.08163265306122448
COL,1991,0.0,0.0,0.0,0.0,0.0,0.0,75,5,0.06666666666666667
COL,1992,0.0,0.0,0.0,0.0,0.0,0.0,125,10,0.08
COL,1993,0.0,0.0,0.0,0.0,0.0,0.0,48,2,0.041666666666666664
COL,1994,0.0,0.0,0.0,0.0,0.0,0.0,33,1,0.030303030303030304
COL,1995,0.0,0.0,0.0,0.0,0.0,0.0,25,0,0.0
COL,1996,0.0,0.0,0.0,0.0,0.0,0.0,53,0,0.0
COL,1997,0.0,0.0,0.0,0.0,0.0,0.0,33,1,0.030303030303030304
COL,1998,0.0,0.0,0.0,0.0,0.0,0.0,64,3,0.046875
COL,1999,0.0,0.0,0.0,0.0,0.0,0.0,62,0,0.0
COL,2000,0.0,0.0,0.0,0.0,0.0,0.0,65,6,0.09230769230769231
COL,2001,0.0,0.0,0.0,0.0,0.0,0.0,60,1,0.016666666666666666
COL,2002,0.0,0.0,0.0,0.0,0.0,0.0,56,1,0.017857142857142856
COL,2003,0.0,0.0,0.0,0.0,0.0,0.0,77,0,0.0
COL,2004,0.0,0.0,0.0,0.0,0.0,0.0,60,2,0.03333333333333333
COL,2005,0.0,0.0,0.0,0.0,0.0,0.0,46,3,0.06521739130434782
COL,2006,0.0,0.0,0.0,0.0,0.0,0.0,63,7,0.1111111111111111
COL,2007,0.0,0.0,0.0,0.0,0.0,0.0,94,11,0.11702127659574468
COL,2008,0.0,0.0,0.0,0.0,0.0,0.0,78,17,0.21794871794871795
COL,2009,0.0,0.0,0.0,0.0,0.0,0.0,91,18,0.1978021978021978
COL,2010,0.0,0.0,0.0,0.0,0.0,0.0,80,16,0.2
COL,2011,0.0,0.0,0.0,0.0,0.0,0.0,65,6,0.09230769230769231
COL,2012,0.0,0.0,0.0,0.0,0.0,0.0,39,3,0.07692307692307693
COL,2013,0.0,0.0,0.0,0.0,0.0,0.0,75,12,0.16
COL,2014,0.0,0.0,0.0,0.0,0.0,0.0,51,2,0.0392156862745098
COL,2015,0.0,0.0,0.0,0.0,0.0,0.0,45,7,0.15555555555555556
COL,2016,0.0,0.0,0.0,0.0,0.0,0.0,50,6,0.12
COL,2017,0.0,0.0,0.0,0.0,0.0,0.0,59,4,0.06779661016949153
COL,2018,0.0,0.0,0.0,0.0,0.0,0.0,61,4,0.06557377049180328
COL,2019,0.0,0.0,0.0,0.0,0.0,0.0,84,16,0.19047619047619047
COL,2020,0.0,0.0,0.0,0.0,0.0,0.0,29,11,0.3793103448275862
COL,2021,0.0,0.0,0.0,0.0,0.0,0.0,77,20,0.2597402597402597
COL,2022,0.0,0.0,0.0,0.0,0.0,0.0,84,40,0.47619047619047616
COL,2023,0.0,0.0,0.0,0.0,0.0,0.0,104,28,0.2692307692307692
COL,2024,0.0,0.0,0.0,0.0,0.0,0.0,58,9,0.15517241379310345
COL,2025,0.0,0.0,0.0,0.0,2.0,0.0,203,35,0.1724137931034483
COM,1976,0.0,0.0,0.0,0.0,0.0,0.0,42,0,0.0
COM,1977,0.0,0.0,0.0,0.0,0.0,0.0,41,0,0.0
COM,1978,0.0,0.0,0.0,0.0,0.0,0.0,91,3,0.03296703296703297
COM,1979,0.0,0.0,0.0,0.0,0.0,0.0,55,1,0.01818181818181818
COM,1980,0.0,0.0,0.0,0.0,0.0,0.0,64,0,0.0
COM,1981,0.0,0.0,0.0,0.0,0.0,0.0,55,1,0.01818181818181818
COM,1982,0.0,0.0,0.0,0.0,0.0,0.0,77,1,0.012987012987012988
COM,1983,0.0,0.0,0.0,0.0,0.0,0.0,61,1,0.01639344262295082
COM,1984,0.0,0.0,0.0,0.0,0.0,0.0,70,2,0.02857142857142857
COM,1985,0.0,0.0,0.0,0.0,0.0,0.0,47,0,0.0
COM,1986,0.0,0.0,0.0,0.0,0.0,0.0,39,0,0.0
COM,1987,0.0,0.0,0.0,0.0,0.0,0.0,63,1,0.015873015873015872
COM,1988,0.0,0.0,0.0,0.0,0.0,0.0,42,0,0.0
COM,1989,0.0,0.0,0.0,0.0,0.0,0.0,53,1,0.018867924528301886
COM,1990,0.0,0.0,0.0,0.0,0.0,0.0,60,6,0.1
COM,1991,0.0,0.0,0.0,0.0,0.0,0.0,54,0,0.0
COM,1992,0.0,0.0,0.0,0.0,0.0,0.0,105,6,0.05714285714285714
COM,1993,0.0,0.0,0.0,0.0,0.0,0.0,53,4,0.07547169811320754
COM,1994,0.0,0.0,0.0,0.0,0.0,0.0,56,2,0.03571428571428571
COM,1996,0.0,0.0,0.0,0.0,0.0,0.0,47,1,0.02127659574468085
COM,1997,0.0,0.0,0.0,0.0,0.0,0.0,25,0,0.0
COM,1998,0.0,0.0,0.0,0.0,0.0,0.0,12,0,0.0
COM,1999,0.0,0.0,0.0,0.0,0.0,0.0,57,0,0.0
COM,2000,0.0,0.0,0.0,0.0,0.0,0.0,41,2,0.04878048780487805
COM,2001,0.0,0.0,0.0,0.0,0.0,0.0,44,0,0.0
COM,2002,0.0,0.0,0.0,0.0,0.0,0.0,40,0,0.0
COM,2003,0.0,0.0,0.0,0.0,0.0,0.0,53,0,0.0
COM,2004,0.0,0.0,0.0,0.0,0.0,0.0,25,4,0.16
COM,2005,0.0,0.0,0.0,0.0,0.0,0.0,53,7,0.1320754716981132
COM,2006,0.0,0.0,0.0,0.0,0.0,0.0,88,3,0.03409090909090909
COM,2007,0.0,0.0,0.0,0.0,0.0,0.0,78,2,0.02564102564102564
COM,2008,0.0,0.0,0.0,0.0,0.0,0.0,61,3,0.04918032786885246
COM,2009,0.0,0.0,0.0,0.0,0.0,0.0,55,3,0.05454545454545454
COM,2010,0.0,0.0,0.0,0.0,0.0,0.0,48,0,0.0
COM,2011,0.0,0.0,0.0,0.0,0.0,0.0,72,6,0.08333333333333333
COM,2012,0.0,0.0,0.0,0.0,0.0,0.0,40,6,0.15
COM,2013,0.0,0.0,0.0,0.0,0.0,0.0,47,1,0.02127659574468085
COM,2014,0.0,0.0,0.0,0.0,0.0,0.0,29,8,0.27586206896551724
COM,2015,0.0,0.0,0.0,0.0,0.0,0.0,33,5,0.15151515151515152
COM,2016,0.0,0.0,0.0,0.0,0.0,0.0,44,9,0.20454545454545456
COM,2017,0.0,0.0,0.0,0.0,0.0,0.0,46,8,0.17391304347826086
COM,2018,0.0,0.0,0.0,0.0,0.0,0.0,46,4,0.08695652173913043
COM,2019,0.0,0.0,0.0,0.0,0.0,0.0,54,6,0.1111111111111111
COM,2020,0.0,0.0,0.0,0.0,0.0,0.0,10,1,0.1
COM,2021,0.0,0.0,0.0,0.0,0.0,0.0,71,6,0.08450704225352113
COM,2022,0.0,0.0,0.0,0.0,0.0,0.0,50,4,0.08
COM,2023,0.0,0.0,0.0,0.0,0.0,0.0,67,11,0.16417910447761194
COM,2024,0.0,0.0,0.0,0.0,0.0,0.0,17,2,0.11764705882352941
COM,2025,0.0,0.0,1.0,0.0,0.0,0.0,73,8,0.1095890410958904
CPV,1976,0.0,0.0,0.0,0.0,0.0,0.0,33,3,0.09090909090909091
CPV,1977,0.0,0.0,0.0,0.0,0.0,0.0,33,0,0.0
CPV,1978,0.0,0.0,0.0,0.0,0.0,0.0,47,1,0.02127659574468085
CPV,1979,0.0,0.0,0.0,0.0,0.0,0.0,42,1,0.023809523809523808
CPV,1980,1.0,0.0,0.0,0.0,0.0,0.0,56,3,0.05357142857142857
CPV,1981,0.0,0.0,0.0,0.0,0.0,0.0,75,2,0.02666666666666667
CPV,1982,0.0,0.0,0.0,0.0,0.0,0.0,73,6,0.0821917808219178
CPV,1983,0.0,0.0,0.0,0.0,0.0,0.0,84,25,0.2976190476190476
CPV,1984,0.0,0.0,0.0,0.0,0.0,0.0,71,11,0.15492957746478872
CPV,1986,0.0,0.0,0.0,0.0,0.0,0.0,70,4,0.05714285714285714
CPV,1987,0.0,0.0,0.0,0.0,0.0,0.0,81,7,0.08641975308641975
CPV,1988,0.0,0.0,0.0,0.0,0.0,0.0,74,4,0.05405405405405406
CPV,1989,1.0,0.0,0.0,0.0,0.0,0.0,78,5,0.0641025641025641
CPV,1990,0.0,0.0,0.0,0.0,0.0,0.0,41,4,0.0975609756097561
CPV,1991,0.0,0.0,0.0,0.0,0.0,0.0,65,11,0.16923076923076924
CPV,1992,0.0,0.0,0.0,0.0,0.0,0.0,94,7,0.07446808510638298
CPV,1993,0.0,0.0,0.0,0.0,0.0,0.0,58,3,0.05172413793103448
CPV,1994,0.0,0.0,0.0,0.0,0.0,0.0,59,1,0.01694915254237288
CPV,1996,1.0,0.0,0.0,0.0,0.0,0.0,67,10,0.14925373134328357
CPV,1997,0.0,0.0,0.0,0.0,0.0,0.0,69,4,0.057971014492753624
CPV,1998,0.0,0.0,0.0,0.0,0.0,0.0,31,5,0.16129032258064516
CPV,1999,0.0,0.0,0.0,0.0,0.0,0.0,53,0,0.0
CPV,2000,0.0,0.0,0.0,0.0,0.0,0.0,24,1,0.041666666666666664
CPV,2001,0.0,0.0,0.0,0.0,0.0,0.0,43,2,0.046511627906976744
CPV,2002,0.0,0.0,0.0,0.0,0.0,0.0,42,8,0.19047619047619047
CPV,2003,0.0,0.0,0.0,0.0,0.0,0.0,41,1,0.024390243902439025
CPV,2004,0.0,0.0,0.0,0.0,0.0,0.0,35,1,0.02857142857142857
CPV,2005,0.0,0.0,0.0,0.0,0.0,0.0,24,2,0.08333333333333333
CPV,2006,0.0,0.0,0.0,0.0,0.0,0.0,64,4,0.0625
CPV,2007,0.0,0.0,0.0,0.0,0.0,0.0,45,14,0.3111111111111111
CPV,2008,0.0,0.0,0.0,0.0,0.0,0.0,44,8,0.18181818181818182
CPV,2009,0.0,0.0,0.0,0.0,0.0,0.0,65,16,0.24615384615384617
CPV,2010,0.0,0.0,0.0,0.0,0.0,0.0,107,17,0.1588785046728972
CPV,2011,1.0,0.0,0.0,0.0,0.0,0.0,55,10,0.18181818181818182
CPV,2012,0.0,0.0,0.0,0.0,0.0,0.0,48,9,0.1875
CPV,2013,0.0,0.0,0.0,0.0,0.0,0.0,52,17,0.3269230769230769
CPV,2014,0.0,0.0,0.0,0.0,0.0,0.0,44,11,0.25
CPV,2015,0.0,0.0,0.0,0.0,0.0,0.0,30,8,0.26666666666666666
CPV,2016,0.0,0.0,0.0,0.0,0.0,0.0,36,9,0.25
CPV,2017,0.0,0.0,0.0,0.0,0.0,0.0,38,11,0.2894736842105263
CPV,2018,0.0,0.0,0.0,0.0,0.0,0.0,40,6,0.15
CPV,2019,0.0,0.0,0.0,0.0,0.0,0.0,46,17,0.3695652173913043
CPV,2020,0.0,0.0,0.0,0.0,0.0,0.0,37,7,0.1891891891891892
CPV,2021,0.0,0.0,0.0,0.0,0.0,0.0,45,9,0.2
CPV,2022,0.0,0.0,0.0,0.0,0.0,0.0,17,5,0.29411764705882354
CPV,2023,0.0,0.0,0.0,0.0,0.0,0.0,55,15,0.2727272727272727
CPV,2024,0.0,0.0,0.0,0.0,0.0,1.0,50,16,0.32
CPV,2025,0.0,0.0,0.0,0.0,0.0,1.0,51,12,0.23529411764705882
CRI,1951,0.0,0.0,0.0,0.0,0.0,0.0,31,0,0.0
CRI,1952,0.0,0.0,1.0,0.0,0.0,0.0,75,1,0.013333333333333334
CRI,1953,0.0,0.0,0.0,0.0,0.0,0.0,62,2,0.03225806451612903
CRI,1954,0.0,0.0,0.0,0.0,0.0,0.0,35,0,0.0
CRI,1955,0.0,0.0,0.0,0.0,0.0,0.0,57,1,0.017543859649122806
CRI,1956,0.0,0.0,1.0,0.0,0.0,0.0,46,1,0.021739130434782608
CRI,1957,0.0,0.0,0.0,0.0,0.0,0.0,41,1,0.024390243902439025
CRI,1958,0.0,0.0,0.0,0.0,0.0,0.0,33,0,0.0
CRI,1959,0.0,0.0,0.0,0.0,0.0,0.0,58,0,0.0
CRI,1960,0.0,0.0,0.0,0.0,0.0,0.0,59,0,0.0
CRI,1961,0.0,0.0,0.0,0.0,0.0,0.0,84,1,0.011904761904761904
CRI,1962,0.0,0.0,0.0,0.0,0.0,0.0,59,0,0.0
CRI,1963,0.0,0.0,0.0,0.0,0.0,0.0,61,0,0.0
CRI,1964,0.0,0.0,0.0,0.0,0.0,0.0,52,3,0.057692307692307696
CRI,1965,0.0,0.0,0.0,0.0,0.0,0.0,78,1,0.01282051282051282
CRI,1966,0.0,0.0,0.0,0.0,0.0,0.0,56,2,0.03571428571428571
CRI,1967,0.0,0.0,0.0,0.0,0.0,0.0,52,1,0.019230769230769232
CRI,1969,0.0,0.0,0.0,0.0,0.0,0.0,86,4,0.046511627906976744
CRI,1970,0.0,0.0,0.0,0.0,0.0,0.0,116,4,0.034482758620689655
CRI,1972,0.0,0.0,0.0,0.0,0.0,0.0,80,2,0.025
CRI,1973,0.0,0.0,0.0,0.0,0.0,0.0,122,1,0.00819672131147541
CRI,1974,0.0,0.0,0.0,0.0,0.0,0.0,106,1,0.009433962264150943
CRI,1975,0.0,0.0,0.0,0.0,0.0,0.0,89,1,0.011235955056179775
CRI,1976,0.0,0.0,0.0,0.0,0.0,0.0,85,0,0.0
CRI,1977,0.0,0.0,0.0,0.0,0.0,0.0,83,0,0.0
CRI,1978,0.0,0.0,0.0,0.0,0.0,0.0,83,4,0.04819277108433735
CRI,1979,0.0,0.0,0.0,0.0,0.0,0.0,30,2,0.06666666666666667
CRI,1980,0.0,0.0,0.0,0.0,0.0,0.0,118,2,0.01694915254237288
CRI,1981,0.0,0.0,0.0,0.0,0.0,0.0,77,1,0.012987012987012988
CRI,1982,0.0,0.0,0.0,0.0,0.0,0.0,122,2,0.01639344262295082
CRI,1983,0.0,0.0,0.0,0.0,0.0,0.0,101,2,0.019801980198019802
CRI,1984,0.0,0.0,0.0,0.0,0.0,0.0,81,1,0.012345679012345678
CRI,1985,0.0,0.0,0.0,0.0,0.0,0.0,101,1,0.009900990099009901
CRI,1986,0.0,0.0,0.0,0.0,0.0,0.0,150,1,0.006666666666666667
CRI,1987,0.0,0.0,0.0,0.0,0.0,0.0,112,3,0.026785714285714284
CRI,1988,0.0,0.0,0.0,0.0,0.0,0.0,85,0,0.0
CRI,1989,1.0,0.0,0.0,0.0,0.0,0.0,147,16,0.10884353741496598
CRI,1990,0.0,0.0,0.0,0.0,0.0,0.0,152,20,0.13157894736842105
CRI,1991,0.0,0.0,0.0,0.0,0.0,0.0,84,9,0.10714285714285714
CRI,1992,0.0,0.0,0.0,0.0,0.0,0.0,113,8,0.07079646017699115
CRI,1993,0.0,0.0,0.0,0.0,0.0,0.0,72,4,0.05555555555555555
CRI,1994,1.0,0.0,0.0,0.0,0.0,0.0,63,15,0.23809523809523808
CRI,1995,0.0,0.0,0.0,0.0,0.0,0.0,59,1,0.01694915254237288
CRI,1996,0.0,0.0,0.0,0.0,0.0,0.0,67,5,0.07462686567164178
CRI,1997,0.0,0.0,0.0,0.0,0.0,0.0,29,1,0.034482758620689655
CRI,1998,0.0,0.0,0.0,0.0,0.0,0.0,73,5,0.0684931506849315
CRI,1999,0.0,0.0,0.0,0.0,0.0,0.0,68,6,0.08823529411764706
CRI,2000,0.0,0.0,0.0,0.0,0.0,0.0,75,7,0.09333333333333334
CRI,2001,0.0,0.0,0.0,0.0,0.0,0.0,81,9,0.1111111111111111
CRI,2002,0.0,0.0,0.0,0.0,0.0,0.0,64,2,0.03125
CRI,2003,0.0,0.0,0.0,0.0,0.0,0.0,47,2,0.0425531914893617
CRI,2004,0.0,0.0,0.0,0.0,0.0,0.0,59,4,0.06779661016949153
CRI,2005,0.0,0.0,0.0,0.0,0.0,0.0,49,4,0.08163265306122448
CRI,2006,0.0,0.0,0.0,0.0,0.0,0.0,87,6,0.06896551724137931
CRI,2007,0.0,0.0,0.0,0.0,0.0,0.0,63,13,0.20634920634920634
CRI,2008,0.0,0.0,0.0,0.0,0.0,0.0,78,14,0.1794871794871795
CRI,2009,0.0,0.0,0.0,0.0,0.0,0.0,97,19,0.1958762886597938
CRI,2010,0.0,0.0,0.0,0.0,0.0,0.0,91,10,0.10989010989010989
CRI,2011,0.0,0.0,0.0,0.0,0.0,0.0,102,4,0.0392156862745098
CRI,2012,0.0,0.0,0.0,0.0,0.0,0.0,63,10,0.15873015873015872
CRI,2013,0.0,0.0,0.0,0.0,0.0,0.0,60,7,0.11666666666666667
CRI,2014,0.0,0.0,0.0,0.0,0.0,0.0,84,11,0.13095238095238096
CRI,2015,0.0,0.0,0.0,1.0,0.0,0.0,90,6,0.06666666666666667
CRI,2016,0.0,0.0,0.0,0.0,0.0,0.0,82,11,0.13414634146341464
CRI,2017,0.0,0.0,1.0,0.0,0.0,0.0,124,30,0.24193548387096775
CRI,2018,0.0,0.0,0.0,0.0,0.0,0.0,84,17,0.20238095238095238
CRI,2019,0.0,0.0,0.0,0.0,0.0,0.0,56,8,0.14285714285714285
CRI,2020,0.0,0.0,0.0,0.0,0.0,0.0,51,12,0.23529411764705882
CRI,2021,0.0,0.0,0.0,0.0,0.0,0.0,58,17,0.29310344827586204
CRI,2022,0.0,0.0,0.0,0.0,0.0,0.0,43,13,0.3023255813953488
CRI,2023,0.0,0.0,0.0,1.0,0.0,0.0,57,15,0.2631578947368421
CRI,2024,0.0,0.0,0.0,0.0,0.0,0.0,62,7,0.11290322580645161
CRI,2025,0.0,0.0,0.0,0.0,0.0,0.0,85,15,0.17647058823529413
CSK,1946,0.0,0.0,0.0,0.0,0.0,0.0,40,1,0.025
CSK,1947,0.0,0.0,0.0,0.0,0.0,0.0,84,0,0.0
CSK,1948,0.0,0.0,0.0,0.0,0.0,0.0,78,0,0.0
CSK,1949,0.0,0.0,0.0,0.0,0.0,0.0,90,0,0.0
CSK,1950,0.0,0.0,0.0,0.0,0.0,0.0,63,1,0.015873015873015872
CSK,1951,0.0,0.0,0.0,0.0,0.0,0.0,148,1,0.006756756756756757
CSK,1952,0.0,0.0,0.0,0.0,0.0,0.0,192,2,0.010416666666666666
CSK,1953,0.0,0.0,0.0,0.0,0.0,0.0,127,0,0.0
CSK,1954,0.0,0.0,0.0,0.0,0.0,0.0,100,1,0.01
CSK,1955,0.0,0.0,0.0,0.0,0.0,0.0,67,0,0.0
CSK,1956,0.0,0.0,0.0,0.0,0.0,0.0,77,1,0.012987012987012988
CSK,1957,0.0,0.0,0.0,0.0,0.0,0.0,111,2,0.018018018018018018
CSK,1958,0.0,0.0,0.0,0.0,0.0,0.0,132,3,0.022727272727272728
CSK,1959,0.0,0.0,0.0,0.0,0.0,0.0,109,3,0.027522935779816515
CSK,1960,0.0,0.0,0.0,0.0,0.0,0.0,206,2,0.009708737864077669
CSK,1961,0.0,0.0,0.0,0.0,0.0,0.0,143,0,0.0
CSK,1962,0.0,0.0,0.0,0.0,0.0,0.0,133,1,0.007518796992481203
CSK,1963,0.0,0.0,0.0,0.0,0.0,0.0,179,6,0.0335195530726257
CSK,1964,0.0,0.0,0.0,0.0,0.0,0.0,88,0,0.0
CSK,1965,0.0,0.0,0.0,0.0,0.0,0.0,159,2,0.012578616352201259
CSK,1966,0.0,0.0,0.0,0.0,0.0,0.0,181,6,0.03314917127071823
CSK,1967,0.0,0.0,0.0,0.0,0.0,0.0,148,1,0.006756756756756757
CSK,1968,0.0,0.0,0.0,0.0,0.0,0.0,124,2,0.016129032258064516
CSK,1969,0.0,0.0,0.0,0.0,0.0,0.0,140,1,0.007142857142857143
CSK,1971,0.0,0.0,0.0,0.0,0.0,0.0,56,4,0.07142857142857142
CSK,1972,0.0,0.0,0.0,0.0,0.0,0.0,52,2,0.038461538461538464
CSK,1973,0.0,0.0,0.0,0.0,0.0,0.0,61,1,0.01639344262295082
CSK,1974,0.0,0.0,0.0,0.0,0.0,0.0,73,0,0.0
CSK,1975,0.0,0.0,0.0,0.0,0.0,0.0,69,1,0.014492753623188406
CSK,1976,0.0,0.0,0.0,0.0,0.0,0.0,89,4,0.0449438202247191
CSK,1977,0.0,0.0,0.0,0.0,0.0,0.0,75,5,0.06666666666666667
CSK,1978,0.0,0.0,0.0,0.0,0.0,0.0,72,0,0.0
CSK,1979,0.0,0.0,0.0,0.0,0.0,0.0,68,5,0.07352941176470588
CSK,1980,0.0,0.0,0.0,0.0,0.0,0.0,48,1,0.020833333333333332
CSK,1981,0.0,0.0,0.0,0.0,0.0,0.0,87,1,0.011494252873563218
CSK,1982,0.0,0.0,0.0,0.0,0.0,0.0,89,6,0.06741573033707865
CSK,1983,0.0,0.0,0.0,0.0,1.0,0.0,102,2,0.0196078431372549
CSK,1984,0.0,0.0,0.0,0.0,0.0,0.0,87,3,0.034482758620689655
CSK,1985,0.0,0.0,0.0,0.0,0.0,0.0,134,9,0.06716417910447761
CSK,1986,0.0,0.0,0.0,0.0,0.0,0.0,131,7,0.05343511450381679
CSK,1987,0.0,0.0,0.0,0.0,0.0,0.0,102,10,0.09803921568627451
CSK,1988,0.0,0.0,0.0,0.0,0.0,0.0,147,10,0.06802721088435375
CSK,1989,0.0,0.0,0.0,0.0,0.0,0.0,138,17,0.12318840579710146
CSK,1990,0.0,0.0,0.0,0.0,0.0,0.0,125,10,0.08
CSK,1991,0.0,0.0,0.0,0.0,1.0,0.0,109,3,0.027522935779816515
CSK,1992,0.0,0.0,0.0,0.0,0.0,0.0,92,1,0.010869565217391304
CUB,1946,0.0,0.0,0.0,0.0,0.0,0.0,11,1,0.09090909090909091
CUB,1947,0.0,0.0,0.0,0.0,0.0,0.0,35,0,0.0
CUB,1949,0.0,0.0,0.0,0.0,0.0,0.0,21,0,0.0
CUB,1950,0.0,0.0,0.0,0.0,0.0,0.0,44,0,0.0
CUB,1951,0.0,0.0,0.0,0.0,0.0,0.0,47,0,0.0
CUB,1952,0.0,0.0,0.0,0.0,0.0,0.0,41,0,0.0
CUB,1953,0.0,0.0,0.0,0.0,0.0,0.0,88,0,0.0
CUB,1954,0.0,0.0,1.0,0.0,0.0,0.0,43,0,0.0
CUB,1956,0.0,0.0,1.0,0.0,0.0,0.0,74,9,0.12162162162162163
CUB,1957,0.0,0.0,0.0,0.0,0.0,0.0,61,2,0.03278688524590164
CUB,1958,0.0,0.0,0.0,0.0,0.0,0.0,75,2,0.02666666666666667
CUB,1959,0.0,0.0,0.0,0.0,0.0,0.0,110,4,0.03636363636363636
CUB,1960,0.0,0.0,0.0,0.0,0.0,0.0,565,10,0.017699115044247787
CUB,1961,0.0,0.0,0.0,0.0,0.0,0.0,119,1,0.008403361344537815
CUB,1962,0.0,0.0,0.0,0.0,0.0,0.0,138,1,0.007246376811594203
CUB,1963,0.0,0.0,0.0,0.0,0.0,0.0,112,2,0.017857142857142856
CUB,1964,0.0,0.0,0.0,0.0,0.0,0.0,128,1,0.0078125
CUB,1965,0.0,0.0,0.0,0.0,0.0,0.0,196,1,0.00510204081632653
CUB,1966,0.0,0.0,0.0,0.0,0.0,0.0,180,0,0.0
CUB,1967,0.0,0.0,0.0,0.0,0.0,0.0,346,16,0.046242774566473986
CUB,1968,0.0,0.0,0.0,0.0,0.0,0.0,135,5,0.037037037037037035
CUB,1969,0.0,0.0,0.0,0.0,0.0,0.0,161,3,0.018633540372670808
CUB,1970,0.0,0.0,0.0,0.0,0.0,0.0,101,0,0.0
CUB,1971,0.0,0.0,0.0,0.0,0.0,0.0,76,0,0.0
CUB,1972,0.0,0.0,0.0,0.0,0.0,0.0,146,1,0.00684931506849315
CUB,1973,0.0,0.0,0.0,0.0,0.0,0.0,237,4,0.016877637130801686
CUB,1974,0.0,0.0,0.0,0.0,0.0,0.0,153,19,0.12418300653594772
CUB,1975,0.0,0.0,0.0,0.0,0.0,0.0,100,0,0.0
CUB,1976,0.0,0.0,0.0,0.0,0.0,0.0,137,3,0.021897810218978103
CUB,1977,0.0,0.0,0.0,0.0,0.0,0.0,99,1,0.010101010101010102
CUB,1978,0.0,0.0,0.0,0.0,0.0,0.0,78,2,0.02564102564102564
CUB,1979,0.0,0.0,0.0,0.0,0.0,0.0,198,11,0.05555555555555555
CUB,1980,0.0,0.0,0.0,0.0,0.0,0.0,40,0,0.0
CUB,1981,0.0,0.0,0.0,0.0,0.0,0.0,76,1,0.013157894736842105
CUB,1982,0.0,0.0,0.0,0.0,0.0,0.0,83,0,0.0
CUB,1983,0.0,0.0,0.0,0.0,0.0,0.0,111,0,0.0
CUB,1984,0.0,0.0,0.0,0.0,0.0,0.0,63,0,0.0
CUB,1985,0.0,0.0,0.0,0.0,0.0,0.0,106,1,0.009433962264150943
CUB,1986,0.0,0.0,0.0,0.0,0.0,0.0,73,1,0.0136986301369863
CUB,1987,0.0,0.0,0.0,0.0,0.0,0.0,100,1,0.01
CUB,1988,0.0,0.0,0.0,0.0,0.0,0.0,125,5,0.04
CUB,1989,0.0,0.0,0.0,0.0,0.0,0.0,102,6,0.058823529411764705
CUB,1990,0.0,0.0,0.0,0.0,0.0,0.0,75,4,0.05333333333333334
CUB,1991,0.0,0.0,0.0,0.0,0.0,0.0,87,1,0.011494252873563218
CUB,1992,0.0,0.0,0.0,0.0,0.0,0.0,108,3,0.027777777777777776
CUB,1993,0.0,0.0,0.0,0.0,0.0,0.0,74,2,0.02702702702702703
CUB,1994,0.0,0.0,0.0,0.0,0.0,0.0,55,0,0.0
CUB,1995,0.0,0.0,0.0,0.0,0.0,0.0,36,1,0.027777777777777776
CUB,1996,0.0,0.0,0.0,0.0,0.0,0.0,49,1,0.02040816326530612
CUB,1997,0.0,0.0,0.0,0.0,0.0,0.0,55,3,0.05454545454545454
CUB,1998,0.0,0.0,0.0,0.0,0.0,0.0,74,4,0.05405405405405406
CUB,1999,0.0,0.0,0.0,0.0,0.0,0.0,79,3,0.0379746835443038
CUB,2000,0.0,0.0,0.0,0.0,0.0,0.0,33,1,0.030303030303030304
CUB,2001,0.0,0.0,0.0,0.0,0.0,0.0,46,0,0.0
CUB,2002,0.0,0.0,0.0,0.0,0.0,0.0,35,0,0.0
CUB,2003,0.0,0.0,0.0,0.0,0.0,0.0,46,1,0.021739130434782608
CUB,2004,0.0,0.0,0.0,0.0,0.0,0.0,51,7,0.13725490196078433
CUB,2005,0.0,0.0,0.0,0.0,0.0,0.0,15,0,0.0
CUB,2006,0.0,0.0,0.0,0.0,0.0,0.0,61,2,0.03278688524590164
CUB,2007,0.0,0.0,0.0,0.0,0.0,0.0,94,10,0.10638297872340426
CUB,2008,0.0,0.0,0.0,0.0,0.0,0.0,78,14,0.1794871794871795
CUB,2009,0.0,0.0,0.0,0.0,0.0,0.0,99,9,0.09090909090909091
CUB,2010,0.0,0.0,0.0,0.0,0.0,0.0,60,11,0.18333333333333332
CUB,2011,0.0,0.0,0.0,0.0,0.0,0.0,67,4,0.05970149253731343
CUB,2012,0.0,0.0,0.0,0.0,0.0,0.0,22,1,0.045454545454545456
CUB,2013,0.0,0.0,0.0,0.0,0.0,0.0,23,3,0.13043478260869565
CUB,2014,0.0,0.0,0.0,0.0,0.0,0.0,51,3,0.058823529411764705
CUB,2015,0.0,0.0,0.0,0.0,0.0,0.0,28,5,0.17857142857142858
CUB,2016,0.0,0.0,0.0,0.0,0.0,0.0,29,6,0.20689655172413793
CUB,2017,0.0,0.0,0.0,0.0,0.0,0.0,68,7,0.10294117647058823
CUB,2018,0.0,0.0,0.0,0.0,0.0,0.0,47,6,0.1276595744680851
CUB,2019,0.0,0.0,0.0,0.0,0.0,0.0,74,3,0.04054054054054054
CUB,2020,0.0,0.0,0.0,0.0,0.0,0.0,26,0,0.0
CUB,2021,0.0,0.0,0.0,0.0,0.0,0.0,28,2,0.07142857142857142
CUB,2022,0.0,0.0,0.0,0.0,0.0,0.0,49,5,0.10204081632653061
CUB,2023,0.0,0.0,0.0,0.0,0.0,2.0,82,11,0.13414634146341464
CUB,2024,0.0,0.0,0.0,0.0,0.0,1.0,26,4,0.15384615384615385
CUB,2025,0.0,0.0,0.0,0.0,0.0,0.0,112,8,0.07142857142857142
CYP,1960,0.0,0.0,0.0,0.0,0.0,0.0,76,1,0.013157894736842105
CYP,1961,0.0,0.0,0.0,0.0,0.0,0.0,131,6,0.04580152671755725
CYP,1962,0.0,0.0,0.0,0.0,0.0,0.0,139,13,0.09352517985611511
CYP,1963,0.0,0.0,0.0,0.0,0.0,0.0,169,15,0.08875739644970414
CYP,1964,0.0,0.0,0.0,0.0,0.0,0.0,131,0,0.0
CYP,1965,0.0,0.0,0.0,0.0,0.0,0.0,254,2,0.007874015748031496
CYP,1966,0.0,0.0,0.0,0.0,0.0,0.0,118,0,0.0
CYP,1967,0.0,0.0,0.0,0.0,0.0,0.0,142,0,0.0
CYP,1968,0.0,0.0,0.0,0.0,0.0,0.0,119,3,0.025210084033613446
CYP,1969,0.0,0.0,0.0,0.0,0.0,0.0,157,5,0.03184713375796178
CYP,1971,0.0,0.0,0.0,0.0,0.0,0.0,111,1,0.009009009009009009
CYP,1972,0.0,0.0,0.0,0.0,0.0,0.0,108,17,0.1574074074074074
CYP,1973,0.0,0.0,0.0,0.0,0.0,0.0,77,3,0.03896103896103896
CYP,1974,0.0,0.0,0.0,0.0,0.0,0.0,118,1,0.00847457627118644
CYP,1975,0.0,0.0,0.0,0.0,0.0,0.0,127,2,0.015748031496062992
CYP,1976,0.0,0.0,0.0,0.0,0.0,0.0,95,1,0.010526315789473684
CYP,1977,0.0,0.0,0.0,0.0,0.0,0.0,59,0,0.0
CYP,1978,0.0,0.0,0.0,0.0,0.0,0.0,159,0,0.0
CYP,1979,0.0,0.0,0.0,0.0,0.0,0.0,150,1,0.006666666666666667
CYP,1980,0.0,0.0,0.0,0.0,0.0,0.0,78,1,0.01282051282051282
CYP,1981,0.0,0.0,0.0,0.0,0.0,0.0,84,1,0.011904761904761904
CYP,1982,0.0,0.0,0.0,0.0,0.0,0.0,107,1,0.009345794392523364
CYP,1983,0.0,0.0,0.0,0.0,0.0,0.0,99,0,0.0
CYP,1984,0.0,0.0,0.0,0.0,0.0,0.0,68,1,0.014705882352941176
CYP,1985,0.0,0.0,0.0,0.0,0.0,0.0,65,2,0.03076923076923077
CYP,1986,0.0,0.0,0.0,0.0,0.0,0.0,134,5,0.03731343283582089
CYP,1987,0.0,0.0,0.0,0.0,0.0,0.0,109,5,0.045871559633027525
CYP,1988,0.0,0.0,0.0,0.0,0.0,0.0,92,13,0.14130434782608695
CYP,1989,0.0,0.0,0.0,0.0,0.0,0.0,92,7,0.07608695652173914
CYP,1990,0.0,0.0,0.0,0.0,0.0,0.0,85,12,0.1411764705882353
CYP,1991,0.0,0.0,0.0,0.0,0.0,0.0,77,5,0.06493506493506493
CYP,1992,0.0,0.0,0.0,0.0,0.0,0.0,124,8,0.06451612903225806
CYP,1993,0.0,0.0,0.0,0.0,0.0,0.0,52,1,0.019230769230769232
CYP,1994,0.0,0.0,0.0,0.0,0.0,0.0,81,4,0.04938271604938271
CYP,1995,0.0,0.0,0.0,0.0,0.0,0.0,43,1,0.023255813953488372
CYP,1996,0.0,0.0,0.0,0.0,0.0,0.0,53,1,0.018867924528301886
CYP,1997,0.0,0.0,0.0,0.0,0.0,0.0,56,2,0.03571428571428571
CYP,1998,0.0,0.0,0.0,0.0,0.0,0.0,53,1,0.018867924528301886
CYP,1999,0.0,0.0,0.0,0.0,0.0,0.0,44,0,0.0
CYP,2000,0.0,0.0,0.0,0.0,0.0,0.0,44,5,0.11363636363636363
CYP,2001,0.0,0.0,0.0,0.0,0.0,0.0,45,0,0.0
CYP,2002,0.0,0.0,0.0,0.0,0.0,0.0,36,2,0.05555555555555555
CYP,2003,0.0,0.0,0.0,0.0,0.0,0.0,44,0,0.0
CYP,2004,0.0,0.0,0.0,0.0,0.0,0.0,36,0,0.0
CYP,2005,0.0,0.0,0.0,0.0,0.0,0.0,63,1,0.015873015873015872
CYP,2006,0.0,0.0,0.0,0.0,0.0,0.0,58,0,0.0
CYP,2007,0.0,0.0,0.0,0.0,0.0,0.0,60,6,0.1
CYP,2008,0.0,0.0,0.0,0.0,0.0,0.0,67,1,0.014925373134328358
CYP,2009,0.0,0.0,0.0,0.0,0.0,0.0,69,7,0.10144927536231885
CYP,2010,0.0,0.0,0.0,0.0,0.0,0.0,70,5,0.07142857142857142
CYP,2011,0.0,0.0,0.0,0.0,0.0,0.0,71,5,0.07042253521126761
CYP,2012,0.0,0.0,0.0,0.0,0.0,0.0,36,2,0.05555555555555555
CYP,2013,0.0,0.0,0.0,0.0,0.0,0.0,36,6,0.16666666666666666
CYP,2014,0.0,0.0,0.0,0.0,0.0,0.0,41,5,0.12195121951219512
CYP,2015,0.0,0.0,0.0,0.0,0.0,0.0,36,4,0.1111111111111111
CYP,2016,0.0,0.0,0.0,0.0,0.0,0.0,35,2,0.05714285714285714
CYP,2017,0.0,0.0,0.0,0.0,0.0,0.0,42,3,0.07142857142857142
CYP,2018,0.0,0.0,0.0,0.0,0.0,0.0,36,4,0.1111111111111111
CYP,2019,0.0,0.0,0.0,0.0,0.0,0.0,44,9,0.20454545454545456
CYP,2020,0.0,0.0,0.0,0.0,0.0,0.0,13,0,0.0
CYP,2021,0.0,0.0,0.0,0.0,0.0,0.0,33,0,0.0
CYP,2022,0.0,0.0,0.0,0.0,0.0,0.0,21,2,0.09523809523809523
CYP,2023,0.0,0.0,0.0,0.0,0.0,0.0,95,8,0.08421052631578947
CYP,2024,0.0,0.0,0.0,0.0,0.0,0.0,139,3,0.02158273381294964
CYP,2025,0.0,0.0,0.0,0.0,0.0,0.0,111,4,0.036036036036036036
CZE,1993,0.0,0.0,0.0,0.0,0.0,0.0,100,4,0.04
CZE,1994,0.0,0.0,0.0,0.0,0.0,0.0,79,2,0.02531645569620253
CZE,1995,0.0,0.0,0.0,0.0,0.0,0.0,81,1,0.012345679012345678
CZE,1996,0.0,0.0,0.0,0.0,0.0,0.0,80,2,0.025
CZE,1997,0.0,0.0,0.0,0.0,0.0,0.0,70,4,0.05714285714285714
CZE,1998,0.0,0.0,0.0,0.0,0.0,0.0,67,2,0.029850746268656716
CZE,1999,0.0,0.0,0.0,0.0,0.0,0.0,92,3,0.03260869565217391
CZE,2000,0.0,0.0,0.0,1.0,0.0,0.0,84,2,0.023809523809523808
CZE,2001,0.0,0.0,0.0,0.0,0.0,0.0,80,1,0.0125
CZE,2002,0.0,0.0,0.0,0.0,0.0,0.0,39,2,0.05128205128205128
CZE,2003,0.0,0.0,0.0,0.0,0.0,0.0,58,5,0.08620689655172414
CZE,2004,0.0,0.0,0.0,0.0,0.0,0.0,40,1,0.025
CZE,2005,0.0,0.0,0.0,0.0,0.0,0.0,26,0,0.0
CZE,2006,0.0,0.0,0.0,0.0,0.0,0.0,86,6,0.06976744186046512
CZE,2007,0.0,0.0,0.0,0.0,0.0,0.0,57,5,0.08771929824561403
CZE,2008,0.0,0.0,0.0,0.0,0.0,0.0,93,5,0.053763440860215055
CZE,2009,0.0,0.0,0.0,0.0,0.0,0.0,39,2,0.05128205128205128
CZE,2010,0.0,0.0,0.0,0.0,0.0,0.0,46,6,0.13043478260869565
CZE,2011,0.0,0.0,0.0,0.0,0.0,0.0,40,9,0.225
CZE,2012,0.0,0.0,0.0,0.0,0.0,0.0,23,1,0.043478260869565216
CZE,2013,0.0,0.0,0.0,0.0,0.0,0.0,50,5,0.1
CZE,2014,0.0,0.0,0.0,0.0,0.0,0.0,54,6,0.1111111111111111
CZE,2015,0.0,0.0,0.0,0.0,0.0,0.0,30,1,0.03333333333333333
CZE,2016,0.0,0.0,0.0,0.0,0.0,0.0,35,0,0.0
CZE,2017,0.0,0.0,0.0,0.0,0.0,0.0,27,0,0.0
CZE,2018,0.0,0.0,0.0,0.0,0.0,0.0,42,3,0.07142857142857142
CZE,2019,0.0,0.0,0.0,0.0,0.0,0.0,106,25,0.2358490566037736
CZE,2020,0.0,0.0,0.0,0.0,0.0,0.0,78,2,0.02564102564102564
CZE,2021,0.0,0.0,0.0,0.0,0.0,0.0,64,5,0.078125
CZE,2022,0.0,0.0,0.0,0.0,0.0,0.0,61,5,0.08196721311475409
CZE,2023,0.0,0.0,0.0,0.0,0.0,0.0,76,8,0.10526315789473684
CZE,2024,0.0,0.0,0.0,0.0,0.0,0.0,53,2,0.03773584905660377
CZE,2025,0.0,0.0,0.0,0.0,0.0,0.0,67,5,0.07462686567164178
DDR,1973,0.0,0.0,0.0,0.0,0.0,0.0,114,2,0.017543859649122806
DDR,1974,0.0,0.0,0.0,0.0,0.0,0.0,98,3,0.030612244897959183
DDR,1975,0.0,0.0,0.0,0.0,0.0,0.0,110,3,0.02727272727272727
DDR,1976,0.0,0.0,0.0,0.0,0.0,0.0,98,2,0.02040816326530612
DDR,1977,0.0,0.0,0.0,0.0,0.0,0.0,130,1,0.007692307692307693
DDR,1978,0.0,0.0,0.0,0.0,0.0,0.0,91,1,0.01098901098901099
DDR,1979,0.0,0.0,0.0,0.0,0.0,0.0,113,5,0.04424778761061947
DDR,1980,0.0,0.0,0.0,0.0,0.0,0.0,113,1,0.008849557522123894
DDR,1981,0.0,0.0,0.0,0.0,0.0,0.0,84,5,0.05952380952380952
DDR,1982,0.0,0.0,0.0,0.0,0.0,0.0,89,1,0.011235955056179775
DDR,1983,0.0,0.0,0.0,0.0,0.0,0.0,69,4,0.057971014492753624
DDR,1984,0.0,0.0,0.0,0.0,0.0,0.0,82,5,0.06097560975609756
DDR,1985,0.0,0.0,0.0,0.0,0.0,0.0,63,2,0.031746031746031744
DDR,1986,0.0,0.0,0.0,0.0,0.0,0.0,72,5,0.06944444444444445
DDR,1987,0.0,0.0,0.0,0.0,0.0,0.0,66,4,0.06060606060606061
DDR,1988,0.0,0.0,0.0,0.0,0.0,0.0,93,5,0.053763440860215055
DDR,1989,0.0,0.0,0.0,0.0,0.0,0.0,79,5,0.06329113924050633
DDR,1990,0.0,0.0,0.0,0.0,0.0,0.0,15,1,0.06666666666666667
DEU,1973,0.0,0.0,0.0,0.0,0.0,0.0,112,4,0.03571428571428571
DEU,1974,0.0,0.0,0.0,0.0,0.0,0.0,130,3,0.023076923076923078
DEU,1975,0.0,0.0,0.0,0.0,0.0,0.0,138,3,0.021739130434782608
DEU,1976,0.0,0.0,0.0,0.0,0.0,0.0,149,2,0.013422818791946308
DEU,1977,0.0,0.0,0.0,0.0,0.0,0.0,182,11,0.06043956043956044
DEU,1978,0.0,0.0,0.0,0.0,0.0,0.0,215,6,0.027906976744186046
DEU,1979,0.0,0.0,0.0,0.0,0.0,0.0,147,10,0.06802721088435375
DEU,1980,0.0,0.0,0.0,0.0,0.0,0.0,149,3,0.020134228187919462
DEU,1981,0.0,0.0,0.0,0.0,0.0,0.0,158,10,0.06329113924050633
DEU,1982,0.0,0.0,0.0,0.0,0.0,0.0,181,6,0.03314917127071823
DEU,1983,0.0,0.0,0.0,0.0,0.0,0.0,261,16,0.06130268199233716
DEU,1984,0.0,0.0,0.0,0.0,0.0,0.0,199,21,0.10552763819095477
DEU,1985,0.0,0.0,0.0,0.0,0.0,0.0,203,5,0.024630541871921183
DEU,1986,0.0,0.0,0.0,0.0,0.0,0.0,162,22,0.13580246913580246
DEU,1987,0.0,0.0,0.0,0.0,0.0,0.0,195,13,0.06666666666666667
DEU,1988,0.0,0.0,0.0,0.0,0.0,0.0,183,19,0.10382513661202186
DEU,1989,0.0,0.0,0.0,0.0,0.0,0.0,192,21,0.109375
DEU,1990,0.0,0.0,0.0,0.0,0.0,0.0,219,20,0.091324200913242
DEU,1991,0.0,0.0,0.0,0.0,0.0,0.0,177,10,0.05649717514124294
DEU,1992,0.0,0.0,0.0,0.0,0.0,0.0,194,13,0.06701030927835051
DEU,1993,0.0,0.0,0.0,0.0,0.0,0.0,152,10,0.06578947368421052
DEU,1994,0.0,0.0,0.0,0.0,0.0,0.0,134,12,0.08955223880597014
DEU,1995,0.0,0.0,0.0,0.0,0.0,0.0,120,5,0.041666666666666664
DEU,1996,0.0,0.0,0.0,0.0,0.0,0.0,151,20,0.13245033112582782
DEU,1997,0.0,0.0,0.0,0.0,0.0,0.0,155,13,0.08387096774193549
DEU,1998,0.0,0.0,0.0,0.0,0.0,0.0,132,18,0.13636363636363635
DEU,1999,0.0,0.0,0.0,0.0,0.0,0.0,103,7,0.06796116504854369
DEU,2000,0.0,0.0,0.0,0.0,0.0,0.0,75,9,0.12
DEU,2001,0.0,0.0,0.0,0.0,0.0,0.0,80,4,0.05
DEU,2002,0.0,0.0,0.0,0.0,0.0,0.0,77,4,0.05194805194805195
DEU,2003,0.0,0.0,0.0,0.0,0.0,0.0,58,0,0.0
DEU,2004,0.0,0.0,0.0,0.0,1.0,0.0,70,3,0.04285714285714286
DEU,2005,0.0,0.0,0.0,0.0,0.0,0.0,76,9,0.11842105263157894
DEU,2006,0.0,0.0,0.0,0.0,0.0,0.0,102,4,0.0392156862745098
DEU,2007,0.0,0.0,0.0,0.0,0.0,0.0,116,20,0.1724137931034483
DEU,2008,0.0,0.0,0.0,0.0,0.0,0.0,93,7,0.07526881720430108
DEU,2009,0.0,0.0,0.0,0.0,0.0,0.0,107,15,0.14018691588785046
DEU,2010,0.0,0.0,0.0,0.0,0.0,0.0,104,24,0.23076923076923078
DEU,2011,0.0,0.0,0.0,0.0,0.0,0.0,96,9,0.09375
DEU,2012,0.0,0.0,0.0,0.0,0.0,0.0,76,4,0.05263157894736842
DEU,2013,0.0,0.0,0.0,0.0,0.0,0.0,77,6,0.07792207792207792
DEU,2014,0.0,0.0,0.0,0.0,0.0,0.0,66,7,0.10606060606060606
DEU,2015,0.0,0.0,0.0,0.0,0.0,0.0,70,2,0.02857142857142857
DEU,2016,0.0,0.0,0.0,0.0,0.0,0.0,75,6,0.08
DEU,2017,0.0,0.0,0.0,0.0,0.0,0.0,101,7,0.06930693069306931
DEU,2018,0.0,0.0,0.0,0.0,0.0,0.0,92,6,0.06521739130434782
DEU,2019,0.0,0.0,0.0,0.0,0.0,0.0,99,18,0.18181818181818182
DEU,2020,0.0,0.0,0.0,0.0,0.0,0.0,18,1,0.05555555555555555
DEU,2021,0.0,0.0,0.0,0.0,0.0,0.0,69,7,0.10144927536231885
DEU,2022,0.0,0.0,0.0,0.0,0.0,0.0,76,7,0.09210526315789473
DEU,2023,0.0,0.0,0.0,0.0,0.0,0.0,107,23,0.21495327102803738
DEU,2024,0.0,0.0,0.0,0.0,0.0,0.0,140,6,0.04285714285714286
DEU,2025,0.0,0.0,0.0,0.0,0.0,0.0,96,9,0.09375
DJI,1979,0.0,0.0,0.0,0.0,0.0,0.0,62,0,0.0
DJI,1980,0.0,0.0,0.0,0.0,0.0,0.0,64,2,0.03125
DJI,1981,0.0,0.0,0.0,0.0,0.0,0.0,49,1,0.02040816326530612
DJI,1982,0.0,0.0,0.0,0.0,0.0,0.0,59,4,0.06779661016949153
DJI,1983,0.0,0.0,0.0,0.0,0.0,0.0,126,0,0.0
DJI,1984,0.0,0.0,0.0,0.0,0.0,0.0,78,0,0.0
DJI,1985,0.0,0.0,0.0,0.0,0.0,0.0,74,6,0.08108108108108109
DJI,1986,0.0,0.0,1.0,0.0,0.0,0.0,68,14,0.20588235294117646
DJI,1987,0.0,0.0,1.0,0.0,0.0,0.0,61,5,0.08196721311475409
DJI,1988,0.0,0.0,0.0,0.0,0.0,0.0,51,3,0.058823529411764705
DJI,1989,0.0,0.0,0.0,0.0,0.0,0.0,90,10,0.1111111111111111
DJI,1990,0.0,0.0,0.0,0.0,0.0,0.0,79,8,0.10126582278481013
DJI,1991,0.0,0.0,0.0,0.0,0.0,0.0,68,7,0.10294117647058823
DJI,1992,0.0,0.0,0.0,0.0,0.0,0.0,109,8,0.07339449541284404
DJI,1993,0.0,0.0,0.0,0.0,0.0,0.0,52,1,0.019230769230769232
DJI,1994,0.0,0.0,0.0,0.0,0.0,0.0,91,4,0.04395604395604396
DJI,1995,0.0,0.0,0.0,0.0,0.0,0.0,89,2,0.02247191011235955
DJI,1996,0.0,0.0,0.0,0.0,0.0,0.0,74,0,0.0
DJI,1997,0.0,0.0,0.0,0.0,0.0,0.0,81,2,0.024691358024691357
DJI,1998,0.0,0.0,0.0,0.0,0.0,0.0,90,4,0.044444444444444446
DJI,1999,0.0,0.0,0.0,0.0,0.0,0.0,115,2,0.017391304347826087
DJI,2000,0.0,0.0,0.0,0.0,0.0,0.0,97,2,0.020618556701030927
DJI,2001,0.0,0.0,0.0,0.0,0.0,0.0,76,11,0.14473684210526316
DJI,2002,0.0,0.0,0.0,0.0,0.0,0.0,59,2,0.03389830508474576
DJI,2004,0.0,0.0,0.0,0.0,0.0,0.0,83,3,0.03614457831325301
DJI,2009,0.0,0.0,0.0,0.0,0.0,0.0,77,8,0.1038961038961039
DJI,2011,0.0,0.0,0.0,0.0,0.0,0.0,69,9,0.13043478260869565
DJI,2012,0.0,0.0,0.0,0.0,0.0,0.0,71,8,0.11267605633802817
DJI,2015,0.0,0.0,1.0,0.0,0.0,0.0,85,11,0.12941176470588237
DJI,2017,0.0,0.0,0.0,0.0,0.0,0.0,45,9,0.2
DJI,2018,0.0,0.0,0.0,0.0,0.0,0.0,45,4,0.08888888888888889
DJI,2019,0.0,0.0,0.0,0.0,0.0,0.0,54,9,0.16666666666666666
DJI,2020,0.0,0.0,0.0,0.0,0.0,0.0,32,7,0.21875
DJI,2021,0.0,0.0,0.0,0.0,0.0,0.0,30,6,0.2
DJI,2022,0.0,0.0,0.0,0.0,0.0,0.0,55,13,0.23636363636363636
DJI,2023,0.0,0.0,1.0,0.0,0.0,0.0,75,32,0.4266666666666667
DJI,2024,0.0,0.0,0.0,0.0,0.0,1.0,53,5,0.09433962264150944
DJI,2025,0.0,0.0,0.0,0.0,0.0,0.0,95,15,0.15789473684210525
DMA,1979,0.0,0.0,0.0,0.0,0.0,0.0,104,9,0.08653846153846154
DMA,1981,0.0,0.0,0.0,0.0,0.0,0.0,43,1,0.023255813953488372
DMA,1984,0.0,0.0,0.0,0.0,0.0,0.0,74,3,0.04054054054054054
DMA,1989,0.0,0.0,0.0,0.0,0.0,0.0,48,7,0.14583333333333334
DMA,1990,0.0,0.0,0.0,0.0,0.0,0.0,85,14,0.16470588235294117
DMA,1991,0.0,0.0,0.0,0.0,0.0,0.0,45,5,0.1111111111111111
DMA,1992,0.0,0.0,0.0,0.0,0.0,0.0,80,11,0.1375
DMA,1993,0.0,0.0,0.0,0.0,0.0,0.0,57,6,0.10526315789473684
DMA,1994,0.0,0.0,0.0,0.0,0.0,0.0,52,0,0.0
DMA,1996,0.0,0.0,0.0,0.0,0.0,0.0,33,2,0.06060606060606061
DMA,1997,0.0,0.0,0.0,0.0,0.0,0.0,61,6,0.09836065573770492
DMA,1998,0.0,0.0,0.0,0.0,0.0,0.0,35,5,0.14285714285714285
DMA,1999,0.0,0.0,0.0,0.0,0.0,0.0,45,5,0.1111111111111111
DMA,2000,0.0,0.0,0.0,0.0,0.0,0.0,39,2,0.05128205128205128
DMA,2001,0.0,0.0,0.0,0.0,0.0,0.0,39,1,0.02564102564102564
DMA,2002,0.0,0.0,0.0,0.0,0.0,0.0,47,3,0.06382978723404255
DMA,2003,0.0,0.0,0.0,0.0,0.0,0.0,51,7,0.13725490196078433
DMA,2004,0.0,0.0,0.0,0.0,0.0,0.0,44,5,0.11363636363636363
DMA,2005,0.0,0.0,0.0,0.0,0.0,0.0,54,6,0.1111111111111111
DMA,2006,0.0,0.0,1.0,0.0,0.0,0.0,73,6,0.0821917808219178
DMA,2007,0.0,0.0,1.0,0.0,0.0,0.0,73,23,0.3150684931506849
DMA,2008,0.0,0.0,0.0,0.0,0.0,0.0,84,24,0.2857142857142857
DMA,2009,0.0,0.0,1.0,0.0,0.0,0.0,77,26,0.33766233766233766
DMA,2010,0.0,0.0,0.0,0.0,0.0,0.0,80,17,0.2125
DMA,2011,0.0,0.0,1.0,0.0,0.0,0.0,91,28,0.3076923076923077
DMA,2012,0.0,0.0,2.0,0.0,0.0,0.0,63,35,0.5555555555555556
DMA,2013,0.0,0.0,1.0,0.0,0.0,0.0,70,29,0.4142857142857143
DMA,2014,0.0,0.0,1.0,0.0,0.0,0.0,77,33,0.42857142857142855
DMA,2015,0.0,0.0,0.0,0.0,0.0,0.0,82,34,0.4146341463414634
DMA,2016,0.0,0.0,1.0,0.0,0.0,0.0,80,38,0.475
DMA,2017,0.0,0.0,0.0,0.0,0.0,0.0,71,37,0.5211267605633803
DMA,2018,0.0,0.0,0.0,0.0,0.0,0.0,90,46,0.5111111111111111
DMA,2019,0.0,0.0,2.0,0.0,0.0,0.0,63,34,0.5396825396825397
DMA,2020,0.0,0.0,0.0,0.0,0.0,0.0,46,5,0.10869565217391304
DMA,2021,0.0,0.0,1.0,0.0,0.0,0.0,18,6,0.3333333333333333
DMA,2022,0.0,0.0,0.0,0.0,0.0,0.0,69,26,0.37681159420289856
DMA,2023,0.0,0.0,0.0,0.0,0.0,0.0,72,12,0.16666666666666666
DNK,1948,0.0,0.0,0.0,0.0,0.0,0.0,48,0,0.0
DNK,1951,0.0,0.0,0.0,0.0,0.0,0.0,63,0,0.0
DNK,1955,0.0,0.0,0.0,0.0,0.0,0.0,70,1,0.014285714285714285
DNK,1958,0.0,0.0,0.0,0.0,0.0,0.0,58,1,0.017241379310344827
DNK,1959,0.0,0.0,0.0,0.0,0.0,0.0,78,5,0.0641025641025641
DNK,1960,0.0,0.0,0.0,0.0,0.0,0.0,109,5,0.045871559633027525
DNK,1961,0.0,0.0,0.0,0.0,0.0,0.0,55,2,0.03636363636363636
DNK,1962,0.0,0.0,0.0,0.0,0.0,0.0,60,5,0.08333333333333333
DNK,1963,0.0,0.0,0.0,0.0,0.0,0.0,129,1,0.007751937984496124
DNK,1964,0.0,0.0,0.0,0.0,0.0,0.0,83,1,0.012048192771084338
DNK,1965,0.0,0.0,0.0,0.0,0.0,0.0,110,2,0.01818181818181818
DNK,1966,0.0,0.0,0.0,0.0,0.0,0.0,73,0,0.0
DNK,1967,0.0,0.0,0.0,0.0,0.0,0.0,82,3,0.036585365853658534
DNK,1968,0.0,0.0,0.0,0.0,0.0,0.0,109,0,0.0
DNK,1969,0.0,0.0,0.0,0.0,0.0,0.0,105,3,0.02857142857142857
DNK,1972,0.0,0.0,0.0,0.0,0.0,0.0,97,1,0.010309278350515464
DNK,1973,0.0,0.0,0.0,0.0,0.0,0.0,73,4,0.0547945205479452
DNK,1974,0.0,0.0,0.0,0.0,0.0,0.0,48,0,0.0
DNK,1975,0.0,0.0,0.0,0.0,0.0,0.0,67,1,0.014925373134328358
DNK,1976,0.0,0.0,0.0,0.0,0.0,0.0,90,0,0.0
DNK,1977,0.0,0.0,0.0,0.0,0.0,0.0,84,2,0.023809523809523808
DNK,1978,0.0,0.0,0.0,0.0,0.0,0.0,95,3,0.031578947368421054
DNK,1980,0.0,0.0,0.0,0.0,0.0,0.0,93,8,0.08602150537634409
DNK,1981,0.0,0.0,0.0,0.0,0.0,0.0,91,3,0.03296703296703297
DNK,1982,0.0,0.0,0.0,0.0,0.0,0.0,61,0,0.0
DNK,1983,0.0,0.0,0.0,0.0,0.0,0.0,119,4,0.03361344537815126
DNK,1984,0.0,0.0,0.0,0.0,0.0,0.0,118,3,0.025423728813559324
DNK,1985,0.0,0.0,0.0,0.0,0.0,0.0,101,4,0.039603960396039604
DNK,1986,0.0,0.0,0.0,0.0,0.0,0.0,99,5,0.050505050505050504
DNK,1987,0.0,0.0,0.0,0.0,0.0,0.0,176,4,0.022727272727272728
DNK,1988,0.0,0.0,0.0,0.0,0.0,0.0,140,9,0.06428571428571428
DNK,1989,0.0,0.0,0.0,0.0,0.0,0.0,115,15,0.13043478260869565
DNK,1990,0.0,0.0,0.0,0.0,0.0,0.0,118,13,0.11016949152542373
DNK,1991,0.0,0.0,0.0,0.0,0.0,0.0,106,10,0.09433962264150944
DNK,1992,0.0,0.0,0.0,0.0,0.0,0.0,129,5,0.03875968992248062
DNK,1993,0.0,0.0,0.0,0.0,0.0,0.0,95,6,0.06315789473684211
DNK,1994,0.0,0.0,0.0,0.0,0.0,0.0,69,5,0.07246376811594203
DNK,1995,0.0,0.0,0.0,0.0,0.0,0.0,79,4,0.05063291139240506
DNK,1996,0.0,0.0,0.0,0.0,0.0,0.0,82,10,0.12195121951219512
DNK,1997,0.0,0.0,0.0,0.0,0.0,0.0,88,1,0.011363636363636364
DNK,1998,0.0,0.0,0.0,0.0,0.0,0.0,77,2,0.025974025974025976
DNK,1999,0.0,0.0,0.0,0.0,0.0,0.0,78,2,0.02564102564102564
DNK,2000,0.0,0.0,0.0,0.0,0.0,0.0,73,0,0.0
DNK,2001,0.0,0.0,0.0,0.0,0.0,0.0,46,3,0.06521739130434782
DNK,2002,0.0,0.0,0.0,0.0,0.0,0.0,50,0,0.0
DNK,2003,0.0,0.0,0.0,0.0,0.0,0.0,47,2,0.0425531914893617
DNK,2004,0.0,0.0,0.0,0.0,0.0,0.0,49,2,0.04081632653061224
DNK,2005,0.0,0.0,0.0,0.0,0.0,0.0,53,0,0.0
DNK,2006,0.0,0.0,0.0,0.0,0.0,0.0,82,1,0.012195121951219513
DNK,2007,0.0,0.0,0.0,0.0,0.0,2.0,105,15,0.14285714285714285
DNK,2008,0.0,0.0,0.0,0.0,0.0,0.0,94,12,0.1276595744680851
DNK,2009,0.0,0.0,0.0,0.0,2.0,0.0,80,17,0.2125
DNK,2010,0.0,0.0,0.0,0.0,0.0,0.0,101,13,0.12871287128712872
DNK,2011,0.0,0.0,0.0,0.0,0.0,0.0,82,15,0.18292682926829268
DNK,2012,0.0,0.0,0.0,0.0,0.0,0.0,64,8,0.125
DNK,2013,0.0,0.0,0.0,0.0,0.0,0.0,87,19,0.21839080459770116
DNK,2014,0.0,0.0,0.0,0.0,0.0,0.0,88,22,0.25
DNK,2015,0.0,0.0,0.0,0.0,0.0,0.0,75,9,0.12
DNK,2016,0.0,0.0,0.0,0.0,0.0,0.0,66,11,0.16666666666666666
DNK,2017,0.0,0.0,0.0,0.0,0.0,0.0,66,10,0.15151515151515152
DNK,2018,0.0,0.0,0.0,0.0,0.0,0.0,72,7,0.09722222222222222
DNK,2019,0.0,0.0,0.0,0.0,0.0,0.0,86,35,0.4069767441860465
DNK,2020,0.0,0.0,0.0,0.0,0.0,0.0,17,5,0.29411764705882354
DNK,2021,0.0,0.0,0.0,0.0,0.0,1.0,32,10,0.3125
DNK,2022,0.0,0.0,0.0,0.0,0.0,0.0,66,14,0.21212121212121213
DNK,2023,0.0,0.0,0.0,0.0,0.0,2.0,76,29,0.3815789473684211
DNK,2024,0.0,0.0,0.0,0.0,0.0,1.0,107,13,0.12149532710280374
DNK,2025,0.0,0.0,0.0,0.0,0.0,1.0,84,15,0.17857142857142858
DOM,1947,0.0,0.0,0.0,0.0,0.0,0.0,21,0,0.0
DOM,1948,0.0,0.0,0.0,0.0,0.0,0.0,26,0,0.0
DOM,1949,0.0,0.0,0.0,0.0,0.0,0.0,20,0,0.0
DOM,1950,0.0,0.0,0.0,0.0,0.0,0.0,16,0,0.0
DOM,1951,0.0,0.0,0.0,0.0,0.0,0.0,25,0,0.0
DOM,1952,0.0,0.0,0.0,0.0,0.0,0.0,24,0,0.0
DOM,1953,0.0,0.0,0.0,0.0,0.0,0.0,20,0,0.0
DOM,1955,0.0,0.0,0.0,0.0,0.0,0.0,61,1,0.01639344262295082
DOM,1956,0.0,0.0,0.0,0.0,0.0,0.0,29,0,0.0
DOM,1957,0.0,0.0,0.0,0.0,0.0,0.0,36,0,0.0
DOM,1958,0.0,0.0,1.0,0.0,0.0,0.0,40,3,0.075
DOM,1959,0.0,0.0,0.0,0.0,0.0,0.0,66,0,0.0
DOM,1961,0.0,0.0,0.0,0.0,0.0,0.0,58,0,0.0
DOM,1962,0.0,0.0,0.0,0.0,0.0,0.0,92,1,0.010869565217391304
DOM,1963,0.0,0.0,0.0,0.0,0.0,0.0,69,0,0.0
DOM,1964,0.0,0.0,1.0,0.0,0.0,0.0,26,1,0.038461538461538464
DOM,1966,0.0,0.0,0.0,0.0,0.0,0.0,108,1,0.009259259259259259
DOM,1967,0.0,0.0,1.0,0.0,0.0,0.0,85,1,0.011764705882352941
DOM,1968,0.0,0.0,0.0,0.0,0.0,0.0,44,0,0.0
DOM,1969,0.0,0.0,0.0,0.0,0.0,0.0,80,1,0.0125
DOM,1970,0.0,0.0,0.0,0.0,0.0,0.0,40,1,0.025
DOM,1971,0.0,0.0,0.0,0.0,0.0,0.0,63,0,0.0
DOM,1972,0.0,0.0,0.0,0.0,0.0,0.0,26,2,0.07692307692307693
DOM,1974,0.0,0.0,0.0,0.0,0.0,0.0,70,5,0.07142857142857142
DOM,1975,0.0,0.0,0.0,0.0,0.0,0.0,50,4,0.08
DOM,1976,0.0,0.0,0.0,0.0,0.0,0.0,90,6,0.06666666666666667
DOM,1978,0.0,0.0,0.0,0.0,0.0,0.0,35,0,0.0
DOM,1979,0.0,0.0,0.0,0.0,0.0,0.0,39,0,0.0
DOM,1980,0.0,0.0,0.0,0.0,0.0,0.0,105,5,0.047619047619047616
DOM,1981,0.0,0.0,0.0,0.0,0.0,0.0,82,4,0.04878048780487805
DOM,1982,0.0,0.0,0.0,0.0,0.0,0.0,82,4,0.04878048780487805
DOM,1983,0.0,0.0,0.0,0.0,0.0,0.0,53,0,0.0
DOM,1984,0.0,0.0,0.0,0.0,0.0,0.0,73,1,0.0136986301369863
DOM,1985,0.0,0.0,0.0,0.0,0.0,0.0,73,0,0.0
DOM,1986,0.0,0.0,0.0,0.0,0.0,0.0,111,1,0.009009009009009009
DOM,1987,0.0,0.0,0.0,0.0,0.0,0.0,101,4,0.039603960396039604
DOM,1988,0.0,0.0,0.0,0.0,0.0,0.0,62,0,0.0
DOM,1989,0.0,0.0,0.0,0.0,0.0,0.0,39,0,0.0
DOM,1990,0.0,0.0,0.0,0.0,0.0,0.0,39,1,0.02564102564102564
DOM,1991,0.0,0.0,0.0,0.0,0.0,0.0,30,1,0.03333333333333333
DOM,1992,0.0,0.0,0.0,0.0,0.0,0.0,72,8,0.1111111111111111
DOM,1993,0.0,0.0,0.0,0.0,0.0,0.0,42,4,0.09523809523809523
DOM,1994,0.0,0.0,0.0,0.0,0.0,0.0,40,3,0.075
DOM,1995,0.0,0.0,0.0,0.0,0.0,0.0,36,2,0.05555555555555555
DOM,1996,0.0,0.0,0.0,0.0,0.0,0.0,36,1,0.027777777777777776
DOM,1997,0.0,0.0,0.0,0.0,0.0,0.0,61,3,0.04918032786885246
DOM,1998,0.0,0.0,0.0,0.0,0.0,0.0,54,5,0.09259259259259259
DOM,1999,0.0,0.0,0.0,0.0,0.0,0.0,36,0,0.0
DOM,2000,0.0,0.0,0.0,0.0,0.0,0.0,30,2,0.06666666666666667
DOM,2001,0.0,0.0,0.0,0.0,0.0,0.0,35,1,0.02857142857142857
DOM,2002,0.0,0.0,0.0,0.0,0.0,0.0,39,2,0.05128205128205128
DOM,2003,0.0,0.0,0.0,0.0,0.0,0.0,26,2,0.07692307692307693
DOM,2004,0.0,0.0,0.0,0.0,0.0,0.0,38,0,0.0
DOM,2005,0.0,0.0,0.0,0.0,0.0,0.0,34,7,0.20588235294117646
DOM,2006,0.0,0.0,0.0,0.0,0.0,0.0,35,0,0.0
DOM,2007,0.0,0.0,0.0,0.0,0.0,0.0,48,7,0.14583333333333334
DOM,2008,0.0,0.0,0.0,0.0,0.0,0.0,55,15,0.2727272727272727
DOM,2009,0.0,0.0,0.0,0.0,0.0,0.0,53,7,0.1320754716981132
DOM,2010,0.0,0.0,0.0,0.0,0.0,0.0,52,19,0.36538461538461536
DOM,2011,0.0,0.0,0.0,0.0,0.0,0.0,48,6,0.125
DOM,2012,0.0,0.0,0.0,0.0,0.0,0.0,46,11,0.2391304347826087
DOM,2013,0.0,0.0,0.0,0.0,0.0,0.0,61,19,0.3114754098360656
DOM,2014,0.0,0.0,0.0,0.0,0.0,0.0,67,2,0.029850746268656716
DOM,2015,0.0,0.0,0.0,0.0,0.0,0.0,61,4,0.06557377049180328
DOM,2016,0.0,0.0,0.0,0.0,0.0,0.0,60,1,0.016666666666666666
DOM,2017,0.0,0.0,0.0,0.0,0.0,0.0,46,17,0.3695652173913043
DOM,2018,0.0,0.0,0.0,1.0,0.0,0.0,51,16,0.3137254901960784
DOM,2019,0.0,0.0,0.0,0.0,0.0,0.0,52,9,0.17307692307692307
DOM,2020,0.0,0.0,0.0,0.0,0.0,0.0,32,5,0.15625
DOM,2021,0.0,0.0,0.0,0.0,0.0,0.0,33,3,0.09090909090909091
DOM,2022,0.0,0.0,0.0,0.0,0.0,0.0,36,3,0.08333333333333333
DOM,2023,0.0,0.0,0.0,0.0,0.0,0.0,61,16,0.26229508196721313
DOM,2024,0.0,0.0,0.0,0.0,0.0,0.0,23,1,0.043478260869565216
DOM,2025,0.0,0.0,0.0,0.0,0.0,0.0,79,12,0.1518987341772152
DZA,1962,0.0,0.0,0.0,0.0,0.0,0.0,111,2,0.018018018018018018
DZA,1964,0.0,0.0,0.0,0.0,0.0,0.0,115,1,0.008695652173913044
DZA,1965,0.0,0.0,0.0,0.0,0.0,0.0,127,0,0.0
DZA,1966,0.0,0.0,0.0,0.0,0.0,0.0,129,0,0.0
DZA,1967,0.0,0.0,0.0,0.0,0.0,0.0,136,1,0.007352941176470588
DZA,1968,0.0,0.0,0.0,0.0,0.0,0.0,135,1,0.007407407407407408
DZA,1969,0.0,0.0,0.0,0.0,0.0,0.0,137,2,0.014598540145985401
DZA,1970,0.0,0.0,0.0,0.0,0.0,0.0,81,1,0.012345679012345678
DZA,1971,0.0,0.0,0.0,0.0,0.0,0.0,105,1,0.009523809523809525
DZA,1972,0.0,0.0,0.0,0.0,0.0,0.0,90,1,0.011111111111111112
DZA,1973,0.0,0.0,0.0,0.0,0.0,0.0,145,7,0.04827586206896552
DZA,1974,0.0,0.0,0.0,0.0,0.0,0.0,79,6,0.0759493670886076
DZA,1975,0.0,0.0,0.0,0.0,0.0,0.0,91,3,0.03296703296703297
DZA,1976,0.0,0.0,0.0,0.0,0.0,0.0,115,1,0.008695652173913044
DZA,1977,0.0,0.0,0.0,0.0,0.0,0.0,82,2,0.024390243902439025
DZA,1978,0.0,0.0,0.0,0.0,0.0,0.0,110,1,0.00909090909090909
DZA,1979,0.0,0.0,0.0,0.0,0.0,0.0,103,4,0.038834951456310676
DZA,1980,0.0,0.0,0.0,0.0,0.0,0.0,67,2,0.029850746268656716
DZA,1981,0.0,0.0,0.0,0.0,0.0,0.0,85,4,0.047058823529411764
DZA,1982,0.0,0.0,0.0,0.0,0.0,0.0,76,0,0.0
DZA,1983,0.0,0.0,0.0,0.0,0.0,0.0,79,1,0.012658227848101266
DZA,1984,0.0,0.0,0.0,0.0,0.0,0.0,103,1,0.009708737864077669
DZA,1985,0.0,0.0,0.0,0.0,0.0,0.0,87,1,0.011494252873563218
DZA,1986,0.0,0.0,0.0,0.0,0.0,0.0,99,0,0.0
DZA,1987,0.0,0.0,0.0,0.0,0.0,0.0,88,1,0.011363636363636364
DZA,1988,0.0,0.0,0.0,0.0,0.0,0.0,97,1,0.010309278350515464
DZA,1989,0.0,0.0,0.0,0.0,0.0,0.0,49,2,0.04081632653061224
DZA,1990,0.0,0.0,0.0,0.0,0.0,0.0,55,0,0.0
DZA,1991,0.0,0.0,0.0,0.0,0.0,0.0,65,3,0.046153846153846156
DZA,1992,0.0,0.0,0.0,0.0,0.0,0.0,99,4,0.04040404040404041
DZA,1993,0.0,0.0,0.0,0.0,0.0,0.0,77,2,0.025974025974025976
DZA,1994,0.0,0.0,0.0,0.0,0.0,0.0,34,0,0.0
DZA,1995,0.0,0.0,0.0,0.0,0.0,0.0,42,0,0.0
DZA,1996,0.0,0.0,0.0,0.0,0.0,0.0,53,0,0.0
DZA,1997,0.0,0.0,0.0,0.0,0.0,0.0,50,1,0.02
DZA,1998,0.0,0.0,0.0,0.0,0.0,0.0,45,0,0.0
DZA,1999,0.0,0.0,0.0,0.0,0.0,0.0,76,2,0.02631578947368421
DZA,2000,0.0,0.0,0.0,0.0,0.0,0.0,50,0,0.0
DZA,2001,0.0,0.0,0.0,0.0,0.0,0.0,37,3,0.08108108108108109
DZA,2002,0.0,0.0,0.0,0.0,0.0,0.0,30,1,0.03333333333333333
DZA,2003,0.0,0.0,0.0,0.0,0.0,0.0,28,1,0.03571428571428571
DZA,2004,0.0,0.0,0.0,0.0,0.0,0.0,22,0,0.0
DZA,2005,0.0,0.0,0.0,0.0,0.0,0.0,36,1,0.027777777777777776
DZA,2006,0.0,0.0,0.0,0.0,0.0,0.0,50,1,0.02
DZA,2007,0.0,0.0,0.0,0.0,0.0,0.0,90,14,0.15555555555555556
DZA,2008,0.0,0.0,0.0,0.0,0.0,0.0,39,2,0.05128205128205128
DZA,2009,0.0,0.0,0.0,0.0,0.0,0.0,34,1,0.029411764705882353
DZA,2010,0.0,0.0,0.0,0.0,0.0,0.0,48,7,0.14583333333333334
DZA,2011,0.0,0.0,0.0,0.0,0.0,0.0,54,3,0.05555555555555555
DZA,2012,0.0,0.0,0.0,0.0,0.0,0.0,49,7,0.14285714285714285
DZA,2013,0.0,0.0,0.0,0.0,0.0,0.0,41,2,0.04878048780487805
DZA,2014,0.0,0.0,0.0,0.0,0.0,0.0,40,3,0.075
DZA,2015,0.0,0.0,0.0,0.0,0.0,0.0,30,2,0.06666666666666667
DZA,2016,0.0,0.0,0.0,0.0,0.0,0.0,53,5,0.09433962264150944
DZA,2017,0.0,0.0,0.0,0.0,0.0,0.0,44,2,0.045454545454545456
DZA,2018,0.0,0.0,0.0,0.0,0.0,0.0,39,4,0.10256410256410256
DZA,2019,0.0,0.0,0.0,0.0,0.0,0.0,56,6,0.10714285714285714
DZA,2020,0.0,0.0,0.0,0.0,0.0,0.0,31,4,0.12903225806451613
DZA,2021,0.0,0.0,0.0,0.0,0.0,0.0,28,3,0.10714285714285714
DZA,2022,0.0,0.0,0.0,0.0,0.0,0.0,17,0,0.0
DZA,2023,0.0,0.0,0.0,0.0,0.0,0.0,62,6,0.0967741935483871
DZA,2024,0.0,0.0,0.0,0.0,0.0,0.0,6,1,0.16666666666666666
DZA,2025,0.0,0.0,0.0,0.0,0.0,0.0,80,0,0.0
ECU,1946,0.0,0.0,0.0,0.0,0.0,0.0,16,0,0.0
ECU,1947,0.0,0.0,0.0,0.0,0.0,0.0,26,0,0.0
ECU,1948,0.0,0.0,0.0,0.0,0.0,0.0,40,0,0.0
ECU,1949,0.0,0.0,0.0,0.0,0.0,0.0,24,0,0.0
ECU,1950,0.0,0.0,0.0,0.0,0.0,0.0,34,0,0.0
ECU,1951,0.0,0.0,0.0,0.0,0.0,0.0,12,0,0.0
ECU,1952,0.0,0.0,1.0,0.0,0.0,0.0,63,1,0.015873015873015872
ECU,1953,0.0,0.0,0.0,0.0,0.0,0.0,98,2,0.02040816326530612
ECU,1954,0.0,0.0,0.0,0.0,0.0,0.0,70,1,0.014285714285714285
ECU,1955,0.0,0.0,0.0,0.0,0.0,0.0,77,3,0.03896103896103896
ECU,1956,0.0,0.0,0.0,0.0,0.0,0.0,57,0,0.0
ECU,1957,0.0,0.0,1.0,0.0,0.0,0.0,99,2,0.020202020202020204
ECU,1958,0.0,0.0,0.0,0.0,0.0,0.0,51,2,0.0392156862745098
ECU,1959,0.0,0.0,0.0,0.0,0.0,0.0,99,3,0.030303030303030304
ECU,1960,0.0,0.0,0.0,0.0,0.0,0.0,124,0,0.0
ECU,1961,0.0,0.0,0.0,0.0,0.0,0.0,73,2,0.0273972602739726
ECU,1962,0.0,0.0,0.0,0.0,0.0,0.0,97,7,0.07216494845360824
ECU,1963,0.0,0.0,0.0,0.0,0.0,0.0,79,4,0.05063291139240506
ECU,1964,0.0,0.0,0.0,0.0,0.0,0.0,32,0,0.0
ECU,1965,0.0,0.0,0.0,0.0,0.0,0.0,136,6,0.04411764705882353
ECU,1966,0.0,0.0,0.0,0.0,0.0,0.0,144,2,0.013888888888888888
ECU,1967,0.0,0.0,0.0,0.0,0.0,0.0,147,1,0.006802721088435374
ECU,1968,0.0,0.0,0.0,0.0,0.0,0.0,97,1,0.010309278350515464
ECU,1969,0.0,0.0,0.0,0.0,0.0,0.0,70,0,0.0
ECU,1970,0.0,0.0,0.0,0.0,0.0,0.0,98,4,0.04081632653061224
ECU,1971,0.0,0.0,0.0,0.0,0.0,0.0,83,2,0.024096385542168676
ECU,1972,0.0,0.0,0.0,0.0,0.0,0.0,87,7,0.08045977011494253
ECU,1973,0.0,0.0,0.0,0.0,0.0,0.0,78,2,0.02564102564102564
ECU,1974,0.0,0.0,0.0,0.0,0.0,0.0,55,9,0.16363636363636364
ECU,1975,0.0,0.0,0.0,0.0,0.0,0.0,101,5,0.04950495049504951
ECU,1976,0.0,0.0,0.0,0.0,0.0,0.0,60,3,0.05
ECU,1977,0.0,0.0,0.0,0.0,0.0,0.0,57,1,0.017543859649122806
ECU,1978,0.0,0.0,0.0,0.0,0.0,0.0,50,1,0.02
ECU,1979,0.0,0.0,0.0,0.0,0.0,0.0,43,5,0.11627906976744186
ECU,1980,0.0,0.0,0.0,0.0,0.0,0.0,29,1,0.034482758620689655
ECU,1981,0.0,0.0,0.0,0.0,0.0,0.0,68,2,0.029411764705882353
ECU,1982,0.0,0.0,0.0,0.0,0.0,0.0,62,4,0.06451612903225806
ECU,1983,0.0,0.0,0.0,0.0,0.0,0.0,78,5,0.0641025641025641
ECU,1984,0.0,0.0,0.0,0.0,0.0,0.0,54,1,0.018518518518518517
ECU,1985,0.0,0.0,0.0,0.0,0.0,0.0,79,3,0.0379746835443038
ECU,1986,0.0,0.0,0.0,0.0,0.0,0.0,123,9,0.07317073170731707
ECU,1987,0.0,0.0,0.0,0.0,0.0,0.0,74,1,0.013513513513513514
ECU,1988,0.0,0.0,0.0,0.0,0.0,0.0,63,0,0.0
ECU,1989,0.0,0.0,0.0,0.0,0.0,0.0,91,6,0.06593406593406594
ECU,1990,0.0,0.0,0.0,0.0,0.0,0.0,77,6,0.07792207792207792
ECU,1991,0.0,0.0,0.0,0.0,0.0,0.0,54,2,0.037037037037037035
ECU,1992,0.0,0.0,0.0,0.0,0.0,0.0,84,9,0.10714285714285714
ECU,1993,0.0,0.0,0.0,0.0,0.0,0.0,66,2,0.030303030303030304
ECU,1994,0.0,0.0,0.0,0.0,0.0,0.0,41,9,0.21951219512195122
ECU,1995,0.0,0.0,0.0,0.0,0.0,0.0,60,4,0.06666666666666667
ECU,1996,0.0,0.0,0.0,0.0,0.0,0.0,57,5,0.08771929824561403
ECU,1997,0.0,0.0,0.0,0.0,0.0,0.0,70,9,0.12857142857142856
ECU,1998,0.0,0.0,0.0,0.0,0.0,0.0,59,9,0.15254237288135594
ECU,1999,0.0,0.0,0.0,0.0,0.0,0.0,36,3,0.08333333333333333
ECU,2000,0.0,0.0,0.0,0.0,0.0,0.0,40,5,0.125
ECU,2001,0.0,0.0,0.0,0.0,0.0,0.0,59,2,0.03389830508474576
ECU,2002,0.0,0.0,0.0,0.0,0.0,0.0,29,2,0.06896551724137931
ECU,2003,0.0,0.0,2.0,0.0,0.0,0.0,44,5,0.11363636363636363
ECU,2004,0.0,0.0,0.0,0.0,0.0,0.0,30,0,0.0
ECU,2005,0.0,0.0,0.0,0.0,0.0,0.0,67,11,0.16417910447761194
ECU,2006,0.0,0.0,0.0,0.0,0.0,0.0,71,6,0.08450704225352113
ECU,2007,0.0,0.0,0.0,0.0,0.0,0.0,58,12,0.20689655172413793
ECU,2008,0.0,0.0,0.0,0.0,0.0,0.0,89,4,0.0449438202247191
ECU,2009,0.0,0.0,0.0,0.0,0.0,0.0,122,27,0.22131147540983606
ECU,2010,0.0,0.0,0.0,0.0,0.0,0.0,71,21,0.29577464788732394
ECU,2011,0.0,0.0,0.0,0.0,0.0,0.0,78,11,0.14102564102564102
ECU,2012,0.0,0.0,0.0,0.0,0.0,0.0,86,6,0.06976744186046512
ECU,2013,0.0,0.0,0.0,0.0,0.0,0.0,41,3,0.07317073170731707
ECU,2014,0.0,0.0,0.0,0.0,0.0,0.0,106,9,0.08490566037735849
ECU,2015,0.0,0.0,0.0,0.0,0.0,0.0,80,34,0.425
ECU,2016,0.0,0.0,0.0,0.0,0.0,0.0,61,9,0.14754098360655737
ECU,2017,0.0,0.0,0.0,0.0,0.0,0.0,66,12,0.18181818181818182
ECU,2018,0.0,0.0,0.0,0.0,0.0,0.0,98,5,0.05102040816326531
ECU,2019,0.0,0.0,0.0,0.0,0.0,0.0,62,11,0.1774193548387097
ECU,2020,0.0,0.0,0.0,0.0,0.0,0.0,9,2,0.2222222222222222
ECU,2021,0.0,0.0,0.0,0.0,0.0,0.0,87,6,0.06896551724137931
ECU,2022,0.0,0.0,0.0,0.0,0.0,0.0,82,8,0.0975609756097561
ECU,2023,0.0,0.0,0.0,0.0,0.0,0.0,60,11,0.18333333333333332
ECU,2024,0.0,0.0,0.0,0.0,0.0,0.0,10,1,0.1
ECU,2025,0.0,0.0,0.0,0.0,0.0,0.0,66,5,0.07575757575757576
EGY,1946,0.0,0.0,0.0,0.0,0.0,0.0,34,0,0.0
EGY,1947,0.0,0.0,0.0,0.0,0.0,0.0,71,0,0.0
EGY,1948,0.0,0.0,0.0,0.0,0.0,0.0,16,0,0.0
EGY,1949,0.0,0.0,0.0,0.0,0.0,0.0,43,0,0.0
EGY,1950,0.0,0.0,0.0,0.0,0.0,0.0,60,0,0.0
EGY,1951,0.0,0.0,0.0,0.0,0.0,0.0,128,1,0.0078125
EGY,1952,0.0,0.0,0.0,0.0,0.0,0.0,32,0,0.0
EGY,1953,0.0,0.0,0.0,0.0,0.0,0.0,96,1,0.010416666666666666
EGY,1954,0.0,0.0,0.0,0.0,0.0,0.0,84,3,0.03571428571428571
EGY,1955,0.0,0.0,0.0,0.0,0.0,0.0,51,0,0.0
EGY,1956,0.0,0.0,0.0,0.0,0.0,0.0,69,1,0.014492753623188406
EGY,1957,0.0,0.0,0.0,0.0,0.0,0.0,65,0,0.0
EGY,1958,0.0,0.0,0.0,0.0,0.0,0.0,60,2,0.03333333333333333
EGY,1959,0.0,0.0,0.0,0.0,0.0,0.0,90,2,0.022222222222222223
EGY,1960,0.0,0.0,0.0,0.0,0.0,0.0,174,6,0.034482758620689655
EGY,1961,0.0,0.0,0.0,0.0,0.0,0.0,127,4,0.031496062992125984
EGY,1962,0.0,0.0,0.0,0.0,0.0,0.0,74,1,0.013513513513513514
EGY,1963,0.0,0.0,0.0,0.0,0.0,0.0,38,1,0.02631578947368421
EGY,1964,0.0,0.0,0.0,0.0,0.0,0.0,109,1,0.009174311926605505
EGY,1965,0.0,0.0,0.0,0.0,0.0,0.0,187,0,0.0
EGY,1966,0.0,0.0,0.0,0.0,0.0,0.0,138,0,0.0
EGY,1967,0.0,0.0,0.0,0.0,0.0,0.0,194,0,0.0
EGY,1968,0.0,0.0,0.0,0.0,0.0,0.0,125,0,0.0
EGY,1969,0.0,0.0,0.0,0.0,0.0,0.0,140,1,0.007142857142857143
EGY,1971,0.0,0.0,0.0,0.0,0.0,0.0,165,0,0.0
EGY,1972,0.0,0.0,0.0,0.0,0.0,0.0,169,1,0.005917159763313609
EGY,1973,0.0,0.0,0.0,0.0,0.0,0.0,7,0,0.0
EGY,1974,0.0,0.0,0.0,0.0,0.0,0.0,137,7,0.051094890510948905
EGY,1976,0.0,0.0,0.0,0.0,0.0,0.0,106,0,0.0
EGY,1977,0.0,0.0,0.0,0.0,0.0,0.0,118,2,0.01694915254237288
EGY,1978,0.0,0.0,0.0,0.0,0.0,0.0,139,2,0.014388489208633094
EGY,1979,0.0,0.0,0.0,0.0,0.0,0.0,143,2,0.013986013986013986
EGY,1980,0.0,0.0,0.0,0.0,0.0,0.0,103,3,0.02912621359223301
EGY,1981,0.0,0.0,0.0,0.0,0.0,0.0,146,2,0.0136986301369863
EGY,1982,0.0,0.0,0.0,0.0,0.0,0.0,170,3,0.01764705882352941
EGY,1983,0.0,0.0,0.0,0.0,0.0,0.0,81,0,0.0
EGY,1984,0.0,0.0,0.0,0.0,0.0,0.0,80,1,0.0125
EGY,1985,0.0,0.0,0.0,0.0,0.0,0.0,41,1,0.024390243902439025
EGY,1986,0.0,0.0,0.0,0.0,0.0,0.0,82,2,0.024390243902439025
EGY,1987,0.0,0.0,0.0,0.0,0.0,0.0,96,1,0.010416666666666666
EGY,1988,0.0,0.0,0.0,0.0,0.0,0.0,63,1,0.015873015873015872
EGY,1989,0.0,0.0,0.0,0.0,0.0,0.0,80,4,0.05
EGY,1990,0.0,0.0,0.0,0.0,0.0,0.0,52,2,0.038461538461538464
EGY,1991,0.0,0.0,0.0,0.0,0.0,0.0,83,3,0.03614457831325301
EGY,1992,0.0,0.0,0.0,0.0,0.0,0.0,122,1,0.00819672131147541
EGY,1993,0.0,0.0,0.0,0.0,0.0,0.0,92,7,0.07608695652173914
EGY,1994,0.0,0.0,0.0,0.0,0.0,0.0,94,1,0.010638297872340425
EGY,1995,0.0,0.0,0.0,0.0,0.0,0.0,83,4,0.04819277108433735
EGY,1996,0.0,0.0,0.0,0.0,0.0,0.0,92,3,0.03260869565217391
EGY,1997,0.0,0.0,0.0,0.0,0.0,0.0,89,3,0.033707865168539325
EGY,1998,0.0,0.0,0.0,0.0,0.0,0.0,96,3,0.03125
EGY,1999,0.0,0.0,0.0,0.0,0.0,0.0,126,1,0.007936507936507936
EGY,2000,0.0,0.0,0.0,0.0,0.0,0.0,89,2,0.02247191011235955
EGY,2001,0.0,0.0,0.0,0.0,0.0,0.0,66,1,0.015151515151515152
EGY,2002,0.0,0.0,0.0,0.0,0.0,0.0,53,3,0.05660377358490566
EGY,2003,0.0,0.0,0.0,0.0,0.0,0.0,65,1,0.015384615384615385
EGY,2004,0.0,0.0,0.0,0.0,0.0,0.0,73,1,0.0136986301369863
EGY,2005,0.0,0.0,0.0,0.0,0.0,0.0,40,0,0.0
EGY,2006,0.0,0.0,0.0,0.0,0.0,0.0,86,2,0.023255813953488372
EGY,2007,0.0,0.0,0.0,0.0,0.0,0.0,87,3,0.034482758620689655
EGY,2008,0.0,0.0,0.0,0.0,0.0,0.0,69,5,0.07246376811594203
EGY,2009,0.0,0.0,0.0,0.0,0.0,0.0,81,8,0.09876543209876543
EGY,2010,0.0,0.0,0.0,0.0,0.0,0.0,100,2,0.02
EGY,2011,0.0,0.0,0.0,0.0,0.0,0.0,82,2,0.024390243902439025
EGY,2012,0.0,0.0,0.0,0.0,0.0,0.0,71,1,0.014084507042253521
EGY,2013,0.0,0.0,0.0,0.0,0.0,0.0,61,1,0.01639344262295082
EGY,2014,0.0,0.0,0.0,0.0,0.0,0.0,54,0,0.0
EGY,2015,0.0,0.0,0.0,0.0,0.0,0.0,57,0,0.0
EGY,2016,0.0,0.0,0.0,0.0,0.0,0.0,63,9,0.14285714285714285
EGY,2017,0.0,0.0,0.0,0.0,0.0,0.0,69,2,0.028985507246376812
EGY,2018,0.0,0.0,0.0,0.0,0.0,0.0,46,3,0.06521739130434782
EGY,2019,0.0,0.0,0.0,0.0,0.0,0.0,36,0,0.0
EGY,2020,0.0,0.0,0.0,0.0,0.0,0.0,64,3,0.046875
EGY,2021,0.0,0.0,0.0,0.0,0.0,0.0,62,8,0.12903225806451613
EGY,2022,0.0,0.0,0.0,0.0,0.0,0.0,46,9,0.1956521739130435
EGY,2023,0.0,0.0,0.0,0.0,0.0,1.0,82,21,0.25609756097560976
EGY,2024,0.0,0.0,0.0,0.0,0.0,0.0,25,2,0.08
EGY,2025,0.0,0.0,0.0,0.0,0.0,0.0,116,2,0.017241379310344827
ERI,1993,0.0,0.0,0.0,0.0,0.0,0.0,51,2,0.0392156862745098
ERI,1994,0.0,0.0,0.0,0.0,0.0,0.0,28,3,0.10714285714285714
ERI,1995,0.0,0.0,0.0,0.0,0.0,0.0,21,2,0.09523809523809523
ERI,1996,0.0,0.0,0.0,0.0,0.0,0.0,42,1,0.023809523809523808
ERI,1997,0.0,0.0,0.0,0.0,0.0,0.0,71,0,0.0
ERI,1998,0.0,0.0,0.0,0.0,0.0,0.0,68,0,0.0
ERI,1999,0.0,0.0,0.0,0.0,0.0,0.0,68,0,0.0
ERI,2000,0.0,0.0,0.0,0.0,0.0,0.0,38,1,0.02631578947368421
ERI,2001,0.0,0.0,0.0,0.0,0.0,0.0,57,0,0.0
ERI,2002,0.0,0.0,0.0,0.0,0.0,0.0,50,1,0.02
ERI,2003,0.0,0.0,0.0,0.0,0.0,0.0,46,0,0.0
ERI,2004,0.0,0.0,0.0,0.0,0.0,0.0,56,0,0.0
ERI,2005,0.0,0.0,0.0,0.0,0.0,0.0,24,0,0.0
ERI,2006,0.0,0.0,0.0,0.0,0.0,0.0,73,1,0.0136986301369863
ERI,2007,0.0,0.0,0.0,0.0,0.0,0.0,51,3,0.058823529411764705
ERI,2008,0.0,0.0,0.0,0.0,0.0,0.0,65,5,0.07692307692307693
ERI,2009,0.0,0.0,0.0,0.0,0.0,0.0,52,1,0.019230769230769232
ERI,2010,0.0,0.0,0.0,0.0,0.0,0.0,39,3,0.07692307692307693
ERI,2011,0.0,0.0,0.0,0.0,0.0,0.0,45,0,0.0
ERI,2012,0.0,0.0,0.0,0.0,0.0,0.0,20,1,0.05
ERI,2013,0.0,0.0,0.0,0.0,0.0,0.0,30,0,0.0
ERI,2014,0.0,0.0,0.0,0.0,0.0,0.0,32,1,0.03125
ERI,2015,0.0,0.0,0.0,0.0,0.0,0.0,23,4,0.17391304347826086
ERI,2016,0.0,0.0,0.0,0.0,0.0,0.0,36,2,0.05555555555555555
ERI,2017,1.0,0.0,0.0,0.0,0.0,0.0,46,5,0.10869565217391304
ERI,2018,0.0,0.0,0.0,0.0,0.0,0.0,29,2,0.06896551724137931
ERI,2019,0.0,0.0,0.0,0.0,0.0,0.0,24,6,0.25
ERI,2020,0.0,0.0,0.0,0.0,0.0,0.0,15,0,0.0
ERI,2021,0.0,0.0,0.0,0.0,0.0,0.0,28,2,0.07142857142857142
ERI,2022,0.0,0.0,0.0,0.0,0.0,0.0,19,2,0.10526315789473684
ERI,2023,0.0,0.0,0.0,0.0,0.0,0.0,19,0,0.0
ERI,2024,0.0,0.0,0.0,0.0,0.0,0.0,14,0,0.0
ERI,2025,0.0,0.0,0.0,0.0,0.0,0.0,39,0,0.0
ESP,1956,0.0,0.0,0.0,0.0,0.0,0.0,53,0,0.0
ESP,1957,0.0,0.0,0.0,0.0,0.0,0.0,138,2,0.014492753623188406
ESP,1958,0.0,0.0,0.0,0.0,0.0,0.0,176,0,0.0
ESP,1959,0.0,0.0,0.0,0.0,0.0,0.0,165,2,0.012121212121212121
ESP,1960,0.0,0.0,0.0,0.0,0.0,0.0,196,5,0.025510204081632654
ESP,1961,0.0,0.0,0.0,0.0,0.0,0.0,177,0,0.0
ESP,1962,0.0,0.0,0.0,0.0,0.0,0.0,154,0,0.0
ESP,1963,0.0,0.0,0.0,0.0,0.0,0.0,157,1,0.006369426751592357
ESP,1964,0.0,0.0,0.0,0.0,0.0,0.0,172,0,0.0
ESP,1968,0.0,0.0,0.0,0.0,0.0,0.0,175,1,0.005714285714285714
ESP,1971,0.0,0.0,0.0,0.0,0.0,0.0,62,4,0.06451612903225806
ESP,1972,0.0,0.0,0.0,0.0,0.0,0.0,59,7,0.11864406779661017
ESP,1973,0.0,0.0,0.0,0.0,0.0,0.0,70,3,0.04285714285714286
ESP,1974,0.0,0.0,0.0,0.0,0.0,0.0,95,3,0.031578947368421054
ESP,1975,0.0,0.0,0.0,0.0,0.0,0.0,90,1,0.011111111111111112
ESP,1976,0.0,0.0,0.0,0.0,0.0,0.0,87,2,0.022988505747126436
ESP,1977,0.0,0.0,0.0,0.0,0.0,0.0,91,4,0.04395604395604396
ESP,1978,0.0,0.0,0.0,0.0,0.0,0.0,88,0,0.0
ESP,1979,0.0,0.0,0.0,0.0,0.0,0.0,116,5,0.04310344827586207
ESP,1980,0.0,0.0,0.0,0.0,0.0,0.0,77,3,0.03896103896103896
ESP,1981,0.0,0.0,0.0,0.0,0.0,0.0,96,5,0.052083333333333336
ESP,1982,0.0,0.0,0.0,0.0,0.0,0.0,89,1,0.011235955056179775
ESP,1983,0.0,0.0,0.0,0.0,0.0,0.0,78,3,0.038461538461538464
ESP,1984,0.0,0.0,0.0,0.0,0.0,0.0,72,0,0.0
ESP,1985,0.0,0.0,0.0,0.0,0.0,0.0,93,4,0.043010752688172046
ESP,1986,0.0,0.0,0.0,0.0,0.0,0.0,53,0,0.0
ESP,1987,0.0,0.0,0.0,0.0,0.0,0.0,103,2,0.019417475728155338
ESP,1988,0.0,0.0,0.0,0.0,0.0,0.0,125,2,0.016
ESP,1989,0.0,0.0,0.0,0.0,0.0,0.0,142,9,0.06338028169014084
ESP,1990,0.0,0.0,0.0,0.0,0.0,0.0,101,10,0.09900990099009901
ESP,1991,0.0,0.0,0.0,0.0,0.0,0.0,70,8,0.11428571428571428
ESP,1992,0.0,0.0,0.0,0.0,0.0,0.0,131,5,0.03816793893129771
ESP,1993,0.0,0.0,0.0,0.0,0.0,0.0,71,2,0.028169014084507043
ESP,1994,0.0,0.0,0.0,0.0,0.0,0.0,49,3,0.061224489795918366
ESP,1995,0.0,0.0,0.0,0.0,0.0,0.0,60,4,0.06666666666666667
ESP,1996,0.0,0.0,0.0,0.0,0.0,0.0,48,2,0.041666666666666664
ESP,1997,0.0,0.0,0.0,0.0,0.0,0.0,67,2,0.029850746268656716
ESP,1998,0.0,0.0,0.0,0.0,0.0,0.0,47,1,0.02127659574468085
ESP,1999,0.0,0.0,0.0,0.0,0.0,0.0,63,0,0.0
ESP,2000,0.0,0.0,0.0,0.0,0.0,0.0,87,5,0.05747126436781609
ESP,2001,0.0,0.0,0.0,0.0,0.0,0.0,76,3,0.039473684210526314
ESP,2002,0.0,0.0,0.0,0.0,0.0,0.0,53,0,0.0
ESP,2003,0.0,0.0,0.0,0.0,0.0,0.0,41,0,0.0
ESP,2004,0.0,0.0,0.0,0.0,0.0,0.0,77,2,0.025974025974025976
ESP,2005,0.0,0.0,0.0,0.0,0.0,0.0,43,1,0.023255813953488372
ESP,2006,0.0,0.0,0.0,0.0,0.0,0.0,76,1,0.013157894736842105
ESP,2007,0.0,0.0,0.0,0.0,0.0,0.0,72,5,0.06944444444444445
ESP,2008,0.0,0.0,0.0,0.0,0.0,0.0,67,8,0.11940298507462686
ESP,2009,0.0,0.0,0.0,0.0,0.0,0.0,90,14,0.15555555555555556
ESP,2010,0.0,0.0,0.0,0.0,0.0,0.0,81,11,0.13580246913580246
ESP,2011,0.0,0.0,0.0,0.0,0.0,0.0,109,8,0.07339449541284404
ESP,2012,0.0,0.0,0.0,0.0,0.0,0.0,73,2,0.0273972602739726
ESP,2013,0.0,0.0,0.0,0.0,0.0,0.0,97,11,0.1134020618556701
ESP,2014,0.0,0.0,0.0,0.0,0.0,0.0,65,5,0.07692307692307693
ESP,2015,0.0,0.0,0.0,0.0,0.0,0.0,68,5,0.07352941176470588
ESP,2016,0.0,0.0,0.0,0.0,0.0,0.0,63,4,0.06349206349206349
ESP,2017,0.0,0.0,0.0,0.0,0.0,0.0,75,6,0.08
ESP,2018,0.0,0.0,0.0,0.0,0.0,0.0,128,18,0.140625
ESP,2019,0.0,0.0,0.0,0.0,0.0,0.0,157,36,0.22929936305732485
ESP,2020,0.0,0.0,0.0,0.0,0.0,0.0,100,24,0.24
ESP,2021,0.0,0.0,0.0,0.0,0.0,0.0,105,19,0.18095238095238095
ESP,2022,0.0,0.0,0.0,0.0,0.0,0.0,99,14,0.1414141414141414
ESP,2023,0.0,0.0,0.0,0.0,0.0,0.0,119,23,0.19327731092436976
ESP,2024,0.0,0.0,0.0,0.0,0.0,0.0,78,5,0.0641025641025641
ESP,2025,0.0,0.0,0.0,0.0,0.0,1.0,98,7,0.07142857142857142
EST,1991,0.0,0.0,0.0,0.0,0.0,0.0,67,0,0.0
EST,1992,0.0,0.0,0.0,0.0,0.0,0.0,69,0,0.0
EST,1993,0.0,0.0,0.0,0.0,0.0,0.0,91,0,0.0
EST,1994,0.0,0.0,0.0,0.0,0.0,0.0,53,1,0.018867924528301886
EST,1995,0.0,0.0,0.0,0.0,0.0,0.0,31,0,0.0
EST,1996,0.0,0.0,0.0,0.0,0.0,0.0,51,1,0.0196078431372549
EST,1997,0.0,0.0,0.0,0.0,0.0,0.0,57,2,0.03508771929824561
EST,1998,0.0,0.0,0.0,0.0,0.0,0.0,33,0,0.0
EST,1999,0.0,0.0,0.0,0.0,0.0,0.0,44,0,0.0
EST,2000,0.0,0.0,0.0,0.0,0.0,0.0,33,1,0.030303030303030304
EST,2001,0.0,0.0,0.0,0.0,0.0,0.0,73,1,0.0136986301369863
EST,2002,0.0,0.0,0.0,0.0,0.0,0.0,30,2,0.06666666666666667
EST,2003,0.0,0.0,0.0,0.0,0.0,0.0,60,30,0.5
EST,2004,0.0,0.0,0.0,0.0,0.0,0.0,59,2,0.03389830508474576
EST,2005,0.0,0.0,0.0,0.0,0.0,0.0,36,2,0.05555555555555555
EST,2006,0.0,0.0,0.0,0.0,0.0,0.0,62,9,0.14516129032258066
EST,2007,0.0,0.0,0.0,0.0,0.0,0.0,56,12,0.21428571428571427
EST,2008,0.0,0.0,0.0,0.0,0.0,0.0,55,9,0.16363636363636364
EST,2009,0.0,0.0,0.0,0.0,0.0,0.0,54,9,0.16666666666666666
EST,2010,0.0,0.0,0.0,0.0,0.0,0.0,66,5,0.07575757575757576
EST,2011,0.0,0.0,0.0,0.0,0.0,0.0,98,8,0.08163265306122448
EST,2012,0.0,0.0,0.0,0.0,0.0,0.0,75,7,0.09333333333333334
EST,2013,0.0,0.0,0.0,0.0,0.0,0.0,52,7,0.1346153846153846
EST,2014,0.0,0.0,0.0,0.0,0.0,0.0,95,5,0.05263157894736842
EST,2015,0.0,0.0,0.0,0.0,0.0,0.0,83,7,0.08433734939759036
EST,2016,0.0,0.0,0.0,0.0,0.0,0.0,69,3,0.043478260869565216
EST,2017,0.0,0.0,0.0,0.0,0.0,2.0,76,7,0.09210526315789473
EST,2018,0.0,0.0,0.0,0.0,0.0,0.0,64,10,0.15625
EST,2019,0.0,0.0,0.0,0.0,1.0,0.0,63,22,0.3492063492063492
EST,2020,0.0,0.0,0.0,0.0,1.0,0.0,30,6,0.2
EST,2021,0.0,0.0,0.0,0.0,0.0,0.0,94,16,0.1702127659574468
EST,2022,0.0,0.0,0.0,0.0,0.0,0.0,86,7,0.08139534883720931
EST,2023,0.0,0.0,0.0,0.0,0.0,0.0,111,3,0.02702702702702703
EST,2024,0.0,0.0,0.0,0.0,0.0,0.0,134,7,0.05223880597014925
EST,2025,0.0,0.0,0.0,0.0,0.0,1.0,94,8,0.0851063829787234
ETH,1949,0.0,0.0,0.0,0.0,0.0,0.0,28,2,0.07142857142857142
ETH,1950,0.0,0.0,0.0,0.0,0.0,0.0,43,0,0.0
ETH,1951,0.0,0.0,0.0,0.0,0.0,0.0,39,1,0.02564102564102564
ETH,1952,0.0,0.0,0.0,0.0,0.0,0.0,83,1,0.012048192771084338
ETH,1953,0.0,0.0,0.0,0.0,0.0,0.0,33,0,0.0
ETH,1954,0.0,0.0,0.0,0.0,0.0,0.0,21,1,0.047619047619047616
ETH,1955,0.0,0.0,0.0,0.0,0.0,0.0,44,0,0.0
ETH,1956,0.0,0.0,0.0,0.0,0.0,0.0,72,1,0.013888888888888888
ETH,1957,0.0,0.0,0.0,0.0,0.0,0.0,33,0,0.0
ETH,1958,0.0,0.0,0.0,0.0,0.0,0.0,53,0,0.0
ETH,1959,0.0,0.0,0.0,0.0,0.0,0.0,94,0,0.0
ETH,1960,0.0,0.0,0.0,0.0,0.0,0.0,108,1,0.009259259259259259
ETH,1961,0.0,0.0,0.0,0.0,0.0,0.0,109,1,0.009174311926605505
ETH,1962,0.0,0.0,0.0,0.0,0.0,0.0,75,3,0.04
ETH,1963,0.0,0.0,0.0,0.0,0.0,0.0,92,4,0.043478260869565216
ETH,1964,0.0,0.0,0.0,0.0,0.0,0.0,112,4,0.03571428571428571
ETH,1965,0.0,0.0,0.0,0.0,0.0,0.0,91,4,0.04395604395604396
ETH,1966,0.0,0.0,0.0,0.0,0.0,0.0,144,0,0.0
ETH,1967,0.0,0.0,0.0,0.0,0.0,0.0,183,4,0.02185792349726776
ETH,1968,0.0,0.0,0.0,0.0,0.0,0.0,165,4,0.024242424242424242
ETH,1969,0.0,0.0,0.0,0.0,0.0,0.0,157,7,0.044585987261146494
ETH,1971,0.0,0.0,0.0,0.0,0.0,0.0,40,1,0.025
ETH,1972,0.0,0.0,0.0,0.0,0.0,0.0,119,3,0.025210084033613446
ETH,1973,0.0,0.0,0.0,0.0,0.0,0.0,83,3,0.03614457831325301
ETH,1974,1.0,0.0,0.0,0.0,0.0,0.0,90,7,0.07777777777777778
ETH,1975,0.0,0.0,0.0,0.0,0.0,0.0,90,2,0.022222222222222223
ETH,1976,0.0,0.0,0.0,0.0,0.0,0.0,142,1,0.007042253521126761
ETH,1977,0.0,0.0,0.0,0.0,0.0,0.0,119,1,0.008403361344537815
ETH,1978,0.0,0.0,0.0,0.0,0.0,0.0,128,5,0.0390625
ETH,1979,0.0,0.0,0.0,0.0,0.0,0.0,91,1,0.01098901098901099
ETH,1980,0.0,0.0,0.0,0.0,0.0,0.0,70,2,0.02857142857142857
ETH,1981,0.0,0.0,0.0,0.0,0.0,0.0,138,2,0.014492753623188406
ETH,1982,0.0,0.0,0.0,0.0,0.0,0.0,133,5,0.03759398496240601
ETH,1983,0.0,0.0,0.0,0.0,0.0,0.0,111,1,0.009009009009009009
ETH,1984,0.0,0.0,0.0,0.0,0.0,0.0,113,8,0.07079646017699115
ETH,1985,0.0,0.0,0.0,0.0,0.0,0.0,84,3,0.03571428571428571
ETH,1986,0.0,0.0,0.0,0.0,0.0,0.0,61,3,0.04918032786885246
ETH,1987,0.0,0.0,0.0,0.0,0.0,0.0,77,4,0.05194805194805195
ETH,1988,0.0,0.0,0.0,0.0,0.0,0.0,78,10,0.1282051282051282
ETH,1989,0.0,0.0,0.0,0.0,0.0,0.0,70,7,0.1
ETH,1990,0.0,0.0,0.0,0.0,0.0,0.0,73,6,0.0821917808219178
ETH,1991,0.0,0.0,0.0,0.0,0.0,0.0,83,8,0.0963855421686747
ETH,1992,0.0,0.0,0.0,0.0,0.0,0.0,145,7,0.04827586206896552
ETH,1993,0.0,0.0,0.0,0.0,0.0,0.0,72,5,0.06944444444444445
ETH,1994,0.0,0.0,0.0,0.0,0.0,0.0,49,3,0.061224489795918366
ETH,1995,0.0,0.0,0.0,0.0,0.0,0.0,44,0,0.0
ETH,1996,0.0,0.0,0.0,0.0,0.0,0.0,44,0,0.0
ETH,1997,0.0,0.0,0.0,0.0,0.0,0.0,68,0,0.0
ETH,1998,0.0,0.0,0.0,0.0,0.0,0.0,47,1,0.02127659574468085
ETH,1999,0.0,0.0,0.0,0.0,0.0,0.0,99,0,0.0
ETH,2000,0.0,0.0,0.0,0.0,0.0,0.0,46,0,0.0
ETH,2001,0.0,0.0,0.0,0.0,0.0,0.0,59,2,0.03389830508474576
ETH,2002,0.0,0.0,0.0,0.0,0.0,0.0,60,1,0.016666666666666666
ETH,2003,0.0,0.0,0.0,0.0,0.0,0.0,48,1,0.020833333333333332
ETH,2004,0.0,0.0,0.0,0.0,0.0,0.0,49,2,0.04081632653061224
ETH,2005,0.0,0.0,0.0,0.0,0.0,0.0,32,2,0.0625
ETH,2006,0.0,0.0,0.0,0.0,0.0,0.0,93,3,0.03225806451612903
ETH,2007,0.0,0.0,0.0,0.0,0.0,0.0,79,10,0.12658227848101267
ETH,2008,0.0,0.0,0.0,0.0,0.0,0.0,59,7,0.11864406779661017
ETH,2009,0.0,0.0,0.0,0.0,0.0,0.0,85,10,0.11764705882352941
ETH,2010,0.0,0.0,0.0,0.0,0.0,0.0,89,11,0.12359550561797752
ETH,2011,0.0,0.0,0.0,0.0,0.0,0.0,68,6,0.08823529411764706
ETH,2012,0.0,0.0,0.0,0.0,0.0,0.0,54,6,0.1111111111111111
ETH,2013,0.0,0.0,0.0,0.0,0.0,0.0,64,4,0.0625
ETH,2014,0.0,0.0,0.0,0.0,0.0,0.0,47,6,0.1276595744680851
ETH,2015,0.0,0.0,0.0,0.0,0.0,0.0,37,6,0.16216216216216217
ETH,2016,0.0,0.0,0.0,0.0,0.0,0.0,46,6,0.13043478260869565
ETH,2017,0.0,0.0,0.0,0.0,0.0,0.0,48,15,0.3125
ETH,2018,0.0,0.0,0.0,0.0,0.0,0.0,43,0,0.0
ETH,2019,1.0,0.0,1.0,0.0,0.0,0.0,62,15,0.24193548387096775
ETH,2020,0.0,0.0,0.0,0.0,0.0,0.0,28,9,0.32142857142857145
ETH,2021,1.0,0.0,1.0,0.0,0.0,0.0,70,6,0.08571428571428572
ETH,2022,2.0,0.0,0.0,0.0,0.0,0.0,49,14,0.2857142857142857
ETH,2023,0.0,0.0,0.0,0.0,0.0,0.0,70,14,0.2
ETH,2024,0.0,0.0,0.0,0.0,0.0,0.0,49,9,0.1836734693877551
ETH,2025,0.0,0.0,0.0,0.0,0.0,0.0,72,9,0.125
EU_,2011,0.0,0.0,0.0,0.0,0.0,0.0,100,12,0.12
EU_,2012,0.0,0.0,0.0,0.0,0.0,0.0,61,2,0.03278688524590164
EU_,2013,0.0,0.0,0.0,0.0,0.0,0.0,77,3,0.03896103896103896
EU_,2014,0.0,0.0,0.0,0.0,0.0,0.0,71,2,0.028169014084507043
EU_,2015,0.0,0.0,0.0,0.0,0.0,0.0,40,5,0.125
EU_,2016,0.0,0.0,0.0,0.0,0.0,0.0,42,5,0.11904761904761904
EU_,2017,0.0,0.0,0.0,0.0,0.0,0.0,37,3,0.08108108108108109
EU_,2018,0.0,0.0,0.0,0.0,0.0,0.0,43,6,0.13953488372093023
EU_,2019,0.0,0.0,0.0,0.0,0.0,0.0,29,8,0.27586206896551724
EU_,2020,0.0,0.0,0.0,0.0,0.0,0.0,82,5,0.06097560975609756
EU_,2021,0.0,0.0,0.0,0.0,0.0,0.0,93,17,0.1827956989247312
EU_,2022,0.0,0.0,0.0,0.0,0.0,0.0,106,11,0.10377358490566038
EU_,2023,0.0,0.0,0.0,0.0,0.0,0.0,134,16,0.11940298507462686
EU_,2024,0.0,0.0,0.0,0.0,0.0,0.0,130,9,0.06923076923076923
FIN,1959,0.0,0.0,0.0,0.0,0.0,0.0,34,0,0.0
FIN,1961,0.0,0.0,0.0,0.0,0.0,0.0,40,2,0.05
FIN,1963,0.0,0.0,0.0,0.0,0.0,0.0,41,1,0.024390243902439025
FIN,1965,0.0,0.0,0.0,0.0,0.0,0.0,79,2,0.02531645569620253
FIN,1966,0.0,0.0,0.0,0.0,0.0,0.0,69,1,0.014492753623188406
FIN,1967,0.0,0.0,0.0,0.0,0.0,0.0,89,3,0.033707865168539325
FIN,1968,0.0,0.0,0.0,0.0,0.0,0.0,95,0,0.0
FIN,1969,0.0,0.0,0.0,0.0,0.0,0.0,63,1,0.015873015873015872
FIN,1971,0.0,0.0,0.0,0.0,0.0,0.0,65,3,0.046153846153846156
FIN,1972,0.0,0.0,0.0,0.0,0.0,0.0,54,3,0.05555555555555555
FIN,1973,0.0,0.0,0.0,0.0,0.0,0.0,69,2,0.028985507246376812
FIN,1974,0.0,0.0,0.0,0.0,0.0,0.0,62,4,0.06451612903225806
FIN,1975,0.0,0.0,0.0,0.0,0.0,0.0,27,1,0.037037037037037035
FIN,1976,0.0,0.0,0.0,0.0,0.0,0.0,82,4,0.04878048780487805
FIN,1977,0.0,0.0,0.0,0.0,0.0,0.0,80,1,0.0125
FIN,1978,0.0,0.0,0.0,0.0,0.0,0.0,78,4,0.05128205128205128
FIN,1979,0.0,0.0,0.0,0.0,0.0,0.0,96,8,0.08333333333333333
FIN,1980,0.0,0.0,0.0,0.0,0.0,0.0,115,4,0.034782608695652174
FIN,1981,0.0,0.0,0.0,0.0,0.0,0.0,123,9,0.07317073170731707
FIN,1982,0.0,0.0,0.0,0.0,0.0,0.0,161,9,0.055900621118012424
FIN,1983,0.0,0.0,0.0,0.0,0.0,0.0,62,5,0.08064516129032258
FIN,1984,0.0,0.0,0.0,0.0,0.0,0.0,114,5,0.043859649122807015
FIN,1985,0.0,0.0,0.0,0.0,0.0,0.0,137,11,0.08029197080291971
FIN,1986,0.0,0.0,0.0,0.0,0.0,0.0,96,8,0.08333333333333333
FIN,1987,0.0,0.0,0.0,0.0,0.0,0.0,96,9,0.09375
FIN,1988,0.0,0.0,0.0,0.0,0.0,0.0,129,8,0.06201550387596899
FIN,1989,0.0,0.0,0.0,0.0,0.0,0.0,105,20,0.19047619047619047
FIN,1990,0.0,0.0,0.0,0.0,0.0,0.0,68,6,0.08823529411764706
FIN,1991,1.0,0.0,0.0,0.0,0.0,0.0,79,19,0.24050632911392406
FIN,1992,0.0,0.0,0.0,0.0,0.0,0.0,102,18,0.17647058823529413
FIN,1993,0.0,0.0,0.0,0.0,0.0,0.0,80,3,0.0375
FIN,1994,0.0,0.0,0.0,0.0,0.0,0.0,46,4,0.08695652173913043
FIN,1995,0.0,0.0,0.0,0.0,0.0,0.0,52,3,0.057692307692307696
FIN,1996,0.0,0.0,0.0,0.0,0.0,0.0,79,10,0.12658227848101267
FIN,1997,0.0,0.0,0.0,0.0,0.0,0.0,71,2,0.028169014084507043
FIN,1998,0.0,0.0,0.0,0.0,0.0,0.0,55,3,0.05454545454545454
FIN,1999,0.0,0.0,0.0,0.0,0.0,0.0,114,7,0.06140350877192982
FIN,2000,0.0,0.0,0.0,0.0,0.0,0.0,101,6,0.0594059405940594
FIN,2001,0.0,0.0,0.0,0.0,0.0,0.0,53,1,0.018867924528301886
FIN,2002,0.0,0.0,0.0,0.0,0.0,0.0,53,4,0.07547169811320754
FIN,2003,0.0,0.0,0.0,0.0,0.0,0.0,45,0,0.0
FIN,2004,0.0,0.0,0.0,0.0,0.0,0.0,30,1,0.03333333333333333
FIN,2005,0.0,0.0,0.0,0.0,0.0,0.0,43,7,0.16279069767441862
FIN,2006,0.0,0.0,0.0,0.0,0.0,0.0,99,10,0.10101010101010101
FIN,2007,0.0,0.0,0.0,0.0,0.0,0.0,65,9,0.13846153846153847
FIN,2008,0.0,0.0,0.0,0.0,0.0,0.0,75,22,0.29333333333333333
FIN,2009,0.0,0.0,0.0,0.0,0.0,0.0,69,16,0.2318840579710145
FIN,2010,0.0,0.0,0.0,0.0,0.0,0.0,69,20,0.2898550724637681
FIN,2011,0.0,0.0,0.0,0.0,0.0,0.0,78,13,0.16666666666666666
FIN,2012,0.0,0.0,0.0,0.0,0.0,0.0,70,4,0.05714285714285714
FIN,2013,0.0,0.0,0.0,0.0,0.0,0.0,94,23,0.24468085106382978
FIN,2014,0.0,0.0,0.0,0.0,0.0,0.0,57,6,0.10526315789473684
FIN,2015,0.0,0.0,0.0,0.0,0.0,0.0,57,7,0.12280701754385964
FIN,2016,0.0,0.0,0.0,0.0,0.0,0.0,56,5,0.08928571428571429
FIN,2017,0.0,0.0,0.0,0.0,1.0,0.0,70,12,0.17142857142857143
FIN,2018,0.0,0.0,0.0,0.0,0.0,0.0,59,10,0.1694915254237288
FIN,2019,0.0,0.0,0.0,0.0,0.0,0.0,62,18,0.2903225806451613
FIN,2020,0.0,0.0,0.0,0.0,0.0,0.0,73,15,0.2054794520547945
FIN,2021,0.0,0.0,0.0,0.0,0.0,0.0,70,13,0.18571428571428572
FIN,2022,0.0,0.0,0.0,0.0,0.0,0.0,74,19,0.25675675675675674
FIN,2023,0.0,0.0,0.0,0.0,0.0,0.0,75,11,0.14666666666666667
FIN,2024,0.0,0.0,0.0,0.0,0.0,0.0,83,6,0.07228915662650602
FIN,2025,0.0,0.0,0.0,0.0,0.0,0.0,155,4,0.025806451612903226
FJI,1971,0.0,0.0,0.0,0.0,0.0,0.0,66,6,0.09090909090909091
FJI,1972,0.0,0.0,0.0,0.0,0.0,0.0,175,9,0.05142857142857143
FJI,1973,0.0,0.0,0.0,0.0,0.0,0.0,82,3,0.036585365853658534
FJI,1975,0.0,0.0,0.0,0.0,0.0,0.0,90,7,0.07777777777777778
FJI,1976,0.0,0.0,0.0,0.0,0.0,0.0,76,6,0.07894736842105263
FJI,1977,0.0,0.0,0.0,0.0,0.0,0.0,93,7,0.07526881720430108
FJI,1978,0.0,0.0,0.0,0.0,0.0,0.0,97,8,0.08247422680412371
FJI,1979,0.0,0.0,0.0,0.0,0.0,0.0,86,6,0.06976744186046512
FJI,1980,0.0,0.0,0.0,0.0,0.0,0.0,117,10,0.08547008547008547
FJI,1981,0.0,0.0,0.0,0.0,0.0,0.0,114,5,0.043859649122807015
FJI,1982,0.0,0.0,0.0,0.0,0.0,0.0,93,8,0.08602150537634409
FJI,1983,0.0,0.0,0.0,0.0,0.0,0.0,63,5,0.07936507936507936
FJI,1984,0.0,0.0,0.0,0.0,0.0,0.0,58,4,0.06896551724137931
FJI,1986,0.0,0.0,0.0,0.0,0.0,0.0,47,4,0.0851063829787234
FJI,1987,0.0,0.0,0.0,0.0,0.0,0.0,48,3,0.0625
FJI,1988,0.0,0.0,0.0,0.0,0.0,0.0,79,3,0.0379746835443038
FJI,1989,0.0,0.0,0.0,0.0,0.0,0.0,59,5,0.0847457627118644
FJI,1990,1.0,0.0,0.0,0.0,0.0,0.0,77,8,0.1038961038961039
FJI,1991,1.0,0.0,0.0,0.0,0.0,0.0,101,18,0.1782178217821782
FJI,1992,0.0,0.0,0.0,0.0,0.0,0.0,129,17,0.13178294573643412
FJI,1993,0.0,0.0,0.0,0.0,0.0,0.0,88,12,0.13636363636363635
FJI,1994,0.0,0.0,0.0,0.0,0.0,0.0,120,14,0.11666666666666667
FJI,1995,0.0,0.0,0.0,0.0,0.0,0.0,135,14,0.1037037037037037
FJI,1996,0.0,0.0,0.0,0.0,0.0,0.0,98,14,0.14285714285714285
FJI,1997,0.0,0.0,0.0,0.0,0.0,0.0,122,12,0.09836065573770492
FJI,1998,0.0,0.0,0.0,0.0,0.0,0.0,63,7,0.1111111111111111
FJI,1999,0.0,0.0,0.0,0.0,0.0,0.0,50,2,0.04
FJI,2000,0.0,0.0,0.0,0.0,0.0,0.0,44,0,0.0
FJI,2001,0.0,0.0,0.0,0.0,0.0,0.0,60,4,0.06666666666666667
FJI,2002,0.0,0.0,0.0,0.0,0.0,0.0,89,18,0.20224719101123595
FJI,2003,0.0,0.0,0.0,0.0,0.0,0.0,83,1,0.012048192771084338
FJI,2004,0.0,0.0,0.0,0.0,0.0,0.0,81,5,0.06172839506172839
FJI,2005,0.0,0.0,0.0,0.0,0.0,0.0,48,1,0.020833333333333332
FJI,2006,0.0,0.0,0.0,0.0,0.0,0.0,89,0,0.0
FJI,2007,0.0,0.0,0.0,0.0,0.0,0.0,133,2,0.015037593984962405
FJI,2008,0.0,0.0,0.0,0.0,0.0,0.0,148,12,0.08108108108108109
FJI,2009,0.0,0.0,0.0,0.0,0.0,0.0,102,14,0.13725490196078433
FJI,2010,0.0,0.0,0.0,0.0,0.0,0.0,65,8,0.12307692307692308
FJI,2011,0.0,0.0,1.0,0.0,0.0,2.0,79,15,0.189873417721519
FJI,2012,0.0,0.0,0.0,0.0,0.0,0.0,62,12,0.1935483870967742
FJI,2013,0.0,0.0,0.0,0.0,0.0,0.0,68,6,0.08823529411764706
FJI,2014,0.0,0.0,0.0,0.0,0.0,0.0,64,5,0.078125
FJI,2015,0.0,0.0,0.0,0.0,0.0,0.0,87,30,0.3448275862068966
FJI,2016,0.0,0.0,0.0,0.0,0.0,0.0,56,19,0.3392857142857143
FJI,2017,0.0,0.0,0.0,0.0,0.0,0.0,77,29,0.37662337662337664
FJI,2018,0.0,1.0,0.0,0.0,0.0,0.0,74,27,0.36486486486486486
FJI,2019,0.0,0.0,0.0,0.0,0.0,2.0,59,37,0.6271186440677966
FJI,2020,0.0,0.0,0.0,0.0,0.0,0.0,36,17,0.4722222222222222
FJI,2021,0.0,0.0,0.0,0.0,0.0,2.0,64,34,0.53125
FJI,2022,0.0,0.0,0.0,0.0,0.0,0.0,76,28,0.3684210526315789
FJI,2023,0.0,0.0,0.0,0.0,0.0,0.0,71,30,0.4225352112676056
FJI,2024,0.0,0.0,0.0,0.0,0.0,2.0,75,20,0.26666666666666666
FJI,2025,0.0,0.0,0.0,0.0,0.0,1.0,156,30,0.19230769230769232
FRA,1946,0.0,0.0,0.0,0.0,0.0,0.0,63,1,0.015873015873015872
FRA,1947,0.0,0.0,0.0,0.0,0.0,0.0,101,2,0.019801980198019802
FRA,1948,0.0,0.0,0.0,0.0,0.0,0.0,104,0,0.0
FRA,1949,0.0,0.0,0.0,0.0,0.0,0.0,84,0,0.0
FRA,1950,0.0,0.0,0.0,0.0,0.0,0.0,63,1,0.015873015873015872
FRA,1951,0.0,0.0,0.0,0.0,0.0,0.0,106,2,0.018867924528301886
FRA,1952,1.0,0.0,1.0,0.0,0.0,0.0,187,4,0.0213903743315508
FRA,1953,0.0,0.0,0.0,0.0,0.0,0.0,79,0,0.0
FRA,1954,0.0,0.0,0.0,0.0,0.0,0.0,82,1,0.012195121951219513
FRA,1955,0.0,0.0,0.0,0.0,0.0,0.0,123,3,0.024390243902439025
FRA,1956,0.0,0.0,0.0,0.0,0.0,0.0,106,0,0.0
FRA,1957,0.0,0.0,0.0,0.0,0.0,0.0,96,4,0.041666666666666664
FRA,1958,0.0,0.0,0.0,0.0,0.0,0.0,97,4,0.041237113402061855
FRA,1959,0.0,0.0,0.0,0.0,0.0,0.0,176,2,0.011363636363636364
FRA,1965,0.0,0.0,0.0,0.0,0.0,0.0,154,1,0.006493506493506494
FRA,1966,0.0,0.0,0.0,0.0,0.0,0.0,113,1,0.008849557522123894
FRA,1967,0.0,0.0,0.0,0.0,0.0,0.0,101,0,0.0
FRA,1968,0.0,0.0,0.0,0.0,0.0,0.0,183,1,0.00546448087431694
FRA,1969,0.0,0.0,0.0,0.0,0.0,0.0,108,1,0.009259259259259259
FRA,1970,0.0,0.0,0.0,0.0,0.0,0.0,80,0,0.0
FRA,1971,0.0,0.0,0.0,0.0,0.0,0.0,116,6,0.05172413793103448
FRA,1972,0.0,0.0,0.0,0.0,0.0,0.0,93,1,0.010752688172043012
FRA,1973,0.0,0.0,0.0,0.0,0.0,0.0,67,1,0.014925373134328358
FRA,1974,0.0,0.0,0.0,0.0,0.0,0.0,105,4,0.0380952380952381
FRA,1975,0.0,0.0,0.0,0.0,0.0,0.0,114,1,0.008771929824561403
FRA,1976,0.0,0.0,0.0,0.0,0.0,0.0,131,5,0.03816793893129771
FRA,1977,0.0,0.0,0.0,0.0,0.0,0.0,100,5,0.05
FRA,1978,0.0,0.0,0.0,0.0,0.0,0.0,155,9,0.05806451612903226
FRA,1979,0.0,0.0,0.0,0.0,0.0,0.0,153,16,0.10457516339869281
FRA,1980,0.0,0.0,0.0,0.0,0.0,0.0,125,1,0.008
FRA,1981,0.0,0.0,0.0,0.0,0.0,0.0,129,2,0.015503875968992248
FRA,1982,0.0,0.0,0.0,0.0,0.0,0.0,178,5,0.028089887640449437
FRA,1983,0.0,0.0,0.0,0.0,0.0,0.0,120,6,0.05
FRA,1984,0.0,0.0,0.0,0.0,0.0,0.0,152,4,0.02631578947368421
FRA,1985,0.0,0.0,0.0,0.0,0.0,0.0,120,6,0.05
FRA,1986,0.0,0.0,0.0,0.0,0.0,0.0,115,2,0.017391304347826087
FRA,1987,0.0,0.0,0.0,0.0,0.0,0.0,180,7,0.03888888888888889
FRA,1988,0.0,0.0,0.0,0.0,0.0,0.0,117,5,0.042735042735042736
FRA,1989,0.0,0.0,0.0,0.0,0.0,0.0,153,14,0.0915032679738562
FRA,1990,0.0,0.0,0.0,0.0,0.0,0.0,129,1,0.007751937984496124
FRA,1991,0.0,0.0,0.0,0.0,0.0,0.0,113,11,0.09734513274336283
FRA,1992,0.0,0.0,0.0,0.0,0.0,0.0,173,6,0.03468208092485549
FRA,1993,0.0,0.0,0.0,0.0,0.0,0.0,93,0,0.0
FRA,1994,0.0,0.0,0.0,0.0,0.0,0.0,112,2,0.017857142857142856
FRA,1995,0.0,0.0,0.0,0.0,0.0,0.0,128,4,0.03125
FRA,1996,0.0,0.0,0.0,0.0,0.0,0.0,93,3,0.03225806451612903
FRA,1997,0.0,0.0,0.0,0.0,0.0,0.0,92,1,0.010869565217391304
FRA,1998,0.0,0.0,0.0,0.0,0.0,0.0,95,0,0.0
FRA,1999,0.0,0.0,0.0,0.0,0.0,0.0,131,12,0.0916030534351145
FRA,2000,0.0,0.0,0.0,0.0,0.0,0.0,94,2,0.02127659574468085
FRA,2001,0.0,0.0,0.0,0.0,0.0,0.0,60,1,0.016666666666666666
FRA,2002,0.0,0.0,0.0,0.0,0.0,0.0,94,4,0.0425531914893617
FRA,2003,0.0,0.0,0.0,0.0,0.0,0.0,55,6,0.10909090909090909
FRA,2004,0.0,0.0,0.0,0.0,1.0,0.0,72,10,0.1388888888888889
FRA,2005,0.0,0.0,0.0,0.0,0.0,0.0,76,7,0.09210526315789473
FRA,2006,0.0,0.0,0.0,0.0,0.0,0.0,57,4,0.07017543859649122
FRA,2007,0.0,0.0,0.0,0.0,0.0,0.0,91,6,0.06593406593406594
FRA,2008,0.0,0.0,0.0,0.0,0.0,0.0,54,4,0.07407407407407407
FRA,2009,0.0,0.0,0.0,0.0,0.0,0.0,73,12,0.1643835616438356
FRA,2010,0.0,0.0,0.0,0.0,0.0,0.0,95,5,0.05263157894736842
FRA,2011,0.0,0.0,0.0,0.0,0.0,0.0,63,1,0.015873015873015872
FRA,2012,0.0,0.0,0.0,0.0,0.0,0.0,75,10,0.13333333333333333
FRA,2013,0.0,0.0,0.0,0.0,0.0,0.0,87,9,0.10344827586206896
FRA,2014,0.0,0.0,0.0,0.0,0.0,0.0,46,6,0.13043478260869565
FRA,2015,0.0,0.0,0.0,0.0,0.0,0.0,80,17,0.2125
FRA,2016,0.0,0.0,0.0,0.0,0.0,0.0,87,14,0.16091954022988506
FRA,2017,0.0,0.0,0.0,0.0,0.0,0.0,157,9,0.05732484076433121
FRA,2018,0.0,0.0,0.0,0.0,0.0,0.0,171,25,0.14619883040935672
FRA,2019,1.0,0.0,0.0,0.0,0.0,0.0,162,42,0.25925925925925924
FRA,2020,0.0,0.0,0.0,0.0,0.0,0.0,236,17,0.07203389830508475
FRA,2021,0.0,0.0,0.0,0.0,0.0,1.0,35,8,0.22857142857142856
FRA,2022,0.0,0.0,0.0,0.0,0.0,0.0,143,25,0.17482517482517482
FRA,2023,0.0,0.0,0.0,0.0,0.0,0.0,69,16,0.2318840579710145
FRA,2024,0.0,0.0,0.0,0.0,0.0,0.0,97,10,0.10309278350515463
FRA,2025,0.0,0.0,0.0,0.0,0.0,0.0,216,19,0.08796296296296297
FSM,1991,0.0,0.0,0.0,0.0,0.0,0.0,70,21,0.3
FSM,1992,0.0,0.0,0.0,0.0,0.0,0.0,107,39,0.3644859813084112
FSM,1993,0.0,0.0,0.0,0.0,0.0,0.0,70,16,0.22857142857142856
FSM,1994,0.0,0.0,0.0,0.0,0.0,0.0,69,31,0.4492753623188406
FSM,1995,0.0,0.0,0.0,0.0,0.0,0.0,46,18,0.391304347826087
FSM,1996,0.0,0.0,0.0,0.0,0.0,1.0,81,28,0.345679012345679
FSM,1998,0.0,0.0,0.0,0.0,0.0,0.0,67,20,0.29850746268656714
FSM,1999,0.0,0.0,0.0,0.0,0.0,0.0,102,27,0.2647058823529412
FSM,2000,0.0,0.0,0.0,0.0,0.0,0.0,32,9,0.28125
FSM,2001,0.0,0.0,0.0,0.0,0.0,1.0,60,15,0.25
FSM,2002,0.0,0.0,0.0,0.0,0.0,0.0,46,16,0.34782608695652173
FSM,2003,0.0,0.0,0.0,0.0,0.0,0.0,79,28,0.35443037974683544
FSM,2004,0.0,0.0,0.0,0.0,0.0,0.0,64,17,0.265625
FSM,2005,0.0,0.0,0.0,0.0,0.0,0.0,40,5,0.125
FSM,2006,0.0,0.0,0.0,0.0,0.0,1.0,63,17,0.2698412698412698
FSM,2007,0.0,0.0,0.0,0.0,0.0,1.0,70,25,0.35714285714285715
FSM,2008,0.0,0.0,0.0,0.0,0.0,2.0,78,37,0.47435897435897434
FSM,2009,0.0,0.0,0.0,0.0,0.0,2.0,76,41,0.5394736842105263
FSM,2010,0.0,0.0,0.0,0.0,0.0,0.0,72,32,0.4444444444444444
FSM,2011,0.0,0.0,0.0,0.0,1.0,0.0,71,31,0.43661971830985913
FSM,2012,0.0,0.0,0.0,0.0,0.0,0.0,39,20,0.5128205128205128
FSM,2013,0.0,0.0,0.0,0.0,0.0,0.0,75,39,0.52
FSM,2014,0.0,0.0,0.0,0.0,0.0,0.0,69,40,0.5797101449275363
FSM,2015,0.0,0.0,0.0,0.0,0.0,0.0,70,20,0.2857142857142857
FSM,2016,0.0,0.0,0.0,0.0,0.0,0.0,69,23,0.3333333333333333
FSM,2017,0.0,0.0,0.0,0.0,0.0,0.0,55,26,0.4727272727272727
FSM,2018,0.0,0.0,0.0,2.0,0.0,0.0,46,16,0.34782608695652173
FSM,2019,0.0,0.0,0.0,0.0,0.0,0.0,80,45,0.5625
FSM,2020,0.0,0.0,0.0,0.0,0.0,0.0,76,27,0.35526315789473684
FSM,2021,0.0,0.0,0.0,0.0,0.0,1.0,84,29,0.34523809523809523
FSM,2022,0.0,0.0,0.0,0.0,4.0,0.0,52,23,0.4423076923076923
FSM,2023,0.0,0.0,0.0,0.0,1.0,4.0,76,36,0.47368421052631576
FSM,2024,0.0,0.0,0.0,0.0,2.0,1.0,122,50,0.4098360655737705
FSM,2025,0.0,0.0,0.0,0.0,0.0,2.0,88,30,0.3409090909090909
GAB,1961,0.0,0.0,0.0,0.0,0.0,0.0,57,0,0.0
GAB,1963,0.0,0.0,0.0,0.0,0.0,0.0,80,0,0.0
GAB,1964,0.0,0.0,0.0,0.0,0.0,0.0,42,0,0.0
GAB,1965,0.0,0.0,0.0,0.0,0.0,0.0,87,1,0.011494252873563218
GAB,1966,0.0,0.0,0.0,0.0,0.0,0.0,117,1,0.008547008547008548
GAB,1967,0.0,0.0,0.0,0.0,1.0,0.0,135,2,0.014814814814814815
GAB,1968,0.0,0.0,0.0,0.0,0.0,0.0,198,1,0.005050505050505051
GAB,1969,0.0,0.0,0.0,0.0,0.0,0.0,194,1,0.005154639175257732
GAB,1971,0.0,0.0,0.0,0.0,0.0,0.0,60,1,0.016666666666666666
GAB,1972,0.0,0.0,0.0,0.0,0.0,0.0,37,0,0.0
GAB,1973,0.0,0.0,0.0,0.0,0.0,0.0,31,0,0.0
GAB,1974,0.0,0.0,0.0,0.0,0.0,0.0,27,2,0.07407407407407407
GAB,1975,0.0,0.0,0.0,0.0,0.0,0.0,44,0,0.0
GAB,1976,0.0,0.0,0.0,0.0,0.0,0.0,78,2,0.02564102564102564
GAB,1978,0.0,0.0,0.0,0.0,0.0,0.0,47,0,0.0
GAB,1979,0.0,0.0,0.0,0.0,0.0,0.0,50,0,0.0
GAB,1980,0.0,0.0,0.0,0.0,0.0,0.0,32,1,0.03125
GAB,1981,0.0,0.0,0.0,0.0,0.0,0.0,45,1,0.022222222222222223
GAB,1982,0.0,0.0,0.0,0.0,0.0,0.0,77,4,0.05194805194805195
GAB,1983,0.0,0.0,0.0,0.0,0.0,0.0,60,1,0.016666666666666666
GAB,1984,0.0,0.0,0.0,0.0,0.0,0.0,54,1,0.018518518518518517
GAB,1987,0.0,0.0,0.0,0.0,0.0,0.0,79,4,0.05063291139240506
GAB,1988,0.0,0.0,0.0,0.0,0.0,0.0,81,3,0.037037037037037035
GAB,1989,1.0,0.0,0.0,0.0,0.0,0.0,47,5,0.10638297872340426
GAB,1990,0.0,0.0,0.0,0.0,0.0,0.0,61,6,0.09836065573770492
GAB,1991,0.0,0.0,0.0,0.0,0.0,0.0,48,4,0.08333333333333333
GAB,1992,0.0,0.0,0.0,0.0,0.0,0.0,96,10,0.10416666666666667
GAB,1993,1.0,0.0,0.0,0.0,0.0,0.0,36,1,0.027777777777777776
GAB,1994,0.0,0.0,0.0,0.0,0.0,0.0,55,2,0.03636363636363636
GAB,1995,0.0,0.0,0.0,0.0,0.0,0.0,56,1,0.017857142857142856
GAB,1996,0.0,0.0,0.0,0.0,0.0,0.0,77,4,0.05194805194805195
GAB,1997,0.0,0.0,0.0,0.0,1.0,0.0,74,5,0.06756756756756757
GAB,1998,0.0,0.0,0.0,0.0,0.0,0.0,90,1,0.011111111111111112
GAB,1999,0.0,0.0,0.0,0.0,0.0,0.0,48,0,0.0
GAB,2000,0.0,0.0,0.0,0.0,0.0,0.0,55,4,0.07272727272727272
GAB,2001,0.0,0.0,0.0,0.0,0.0,0.0,33,3,0.09090909090909091
GAB,2002,0.0,0.0,0.0,0.0,0.0,0.0,49,8,0.16326530612244897
GAB,2003,0.0,0.0,0.0,0.0,0.0,0.0,30,0,0.0
GAB,2004,0.0,0.0,0.0,0.0,0.0,0.0,22,1,0.045454545454545456
GAB,2005,0.0,0.0,0.0,0.0,0.0,0.0,38,8,0.21052631578947367
GAB,2006,0.0,0.0,0.0,0.0,0.0,0.0,62,2,0.03225806451612903
GAB,2007,0.0,0.0,0.0,0.0,0.0,0.0,70,11,0.15714285714285714
GAB,2008,0.0,0.0,0.0,0.0,0.0,0.0,60,17,0.2833333333333333
GAB,2009,0.0,0.0,0.0,0.0,0.0,0.0,36,8,0.2222222222222222
GAB,2010,0.0,0.0,0.0,0.0,0.0,0.0,75,11,0.14666666666666667
GAB,2011,0.0,0.0,0.0,0.0,0.0,0.0,88,15,0.17045454545454544
GAB,2012,0.0,0.0,0.0,0.0,0.0,0.0,41,7,0.17073170731707318
GAB,2013,0.0,0.0,0.0,0.0,0.0,0.0,81,14,0.1728395061728395
GAB,2014,0.0,0.0,0.0,0.0,0.0,0.0,64,13,0.203125
GAB,2015,0.0,0.0,0.0,0.0,0.0,0.0,90,18,0.2
GAB,2016,0.0,0.0,0.0,0.0,0.0,0.0,79,20,0.25316455696202533
GAB,2017,1.0,0.0,0.0,0.0,0.0,0.0,49,12,0.24489795918367346
GAB,2018,0.0,0.0,0.0,0.0,0.0,0.0,45,7,0.15555555555555556
GAB,2019,0.0,0.0,0.0,0.0,0.0,0.0,41,13,0.3170731707317073
GAB,2020,0.0,0.0,0.0,0.0,0.0,0.0,18,2,0.1111111111111111
GAB,2021,0.0,0.0,1.0,0.0,0.0,0.0,20,6,0.3
GAB,2022,0.0,0.0,0.0,0.0,0.0,0.0,45,12,0.26666666666666666
GAB,2023,0.0,0.0,0.0,0.0,0.0,0.0,79,13,0.16455696202531644
GAB,2024,0.0,0.0,0.0,0.0,0.0,0.0,4,0,0.0
GAB,2025,0.0,0.0,0.0,0.0,0.0,0.0,58,7,0.1206896551724138
GBR,1946,0.0,0.0,0.0,0.0,0.0,0.0,142,9,0.06338028169014084
GBR,1947,0.0,0.0,0.0,0.0,0.0,0.0,267,3,0.011235955056179775
GBR,1948,0.0,0.0,0.0,0.0,0.0,0.0,214,4,0.018691588785046728
GBR,1949,0.0,0.0,0.0,0.0,0.0,0.0,188,2,0.010638297872340425
GBR,1950,0.0,0.0,0.0,0.0,0.0,0.0,122,3,0.02459016393442623
GBR,1951,0.0,0.0,0.0,0.0,0.0,0.0,104,3,0.028846153846153848
GBR,1952,0.0,0.0,0.0,0.0,0.0,0.0,166,0,0.0
GBR,1953,0.0,0.0,0.0,0.0,0.0,0.0,185,4,0.021621621621621623
GBR,1954,0.0,0.0,0.0,0.0,0.0,0.0,283,5,0.0176678445229682
GBR,1955,0.0,0.0,0.0,0.0,0.0,0.0,106,0,0.0
GBR,1956,0.0,0.0,0.0,0.0,0.0,0.0,69,0,0.0
GBR,1957,0.0,0.0,0.0,0.0,0.0,0.0,258,9,0.03488372093023256
GBR,1958,0.0,0.0,0.0,0.0,0.0,0.0,192,4,0.020833333333333332
GBR,1959,0.0,0.0,0.0,0.0,0.0,0.0,188,4,0.02127659574468085
GBR,1960,0.0,0.0,0.0,0.0,0.0,0.0,219,5,0.0228310502283105
GBR,1961,0.0,0.0,0.0,0.0,0.0,0.0,163,3,0.018404907975460124
GBR,1962,0.0,0.0,0.0,0.0,0.0,0.0,172,6,0.03488372093023256
GBR,1963,0.0,0.0,0.0,0.0,0.0,0.0,141,4,0.028368794326241134
GBR,1964,0.0,0.0,0.0,0.0,0.0,0.0,113,1,0.008849557522123894
GBR,1965,0.0,0.0,0.0,0.0,0.0,0.0,103,1,0.009708737864077669
GBR,1966,0.0,0.0,0.0,0.0,0.0,0.0,211,2,0.009478672985781991
GBR,1967,0.0,0.0,0.0,0.0,0.0,0.0,281,3,0.010676156583629894
GBR,1968,0.0,0.0,0.0,0.0,0.0,0.0,181,6,0.03314917127071823
GBR,1969,0.0,0.0,0.0,0.0,0.0,0.0,151,1,0.006622516556291391
GBR,1970,0.0,0.0,0.0,0.0,0.0,0.0,87,3,0.034482758620689655
GBR,1971,0.0,0.0,0.0,0.0,0.0,0.0,114,1,0.008771929824561403
GBR,1972,0.0,0.0,0.0,0.0,0.0,0.0,109,6,0.05504587155963303
GBR,1973,0.0,0.0,0.0,0.0,0.0,0.0,94,1,0.010638297872340425
GBR,1974,0.0,0.0,0.0,0.0,0.0,0.0,39,6,0.15384615384615385
GBR,1975,0.0,0.0,0.0,0.0,0.0,0.0,95,11,0.11578947368421053
GBR,1976,0.0,0.0,0.0,0.0,0.0,0.0,125,2,0.016
GBR,1977,0.0,0.0,0.0,0.0,0.0,0.0,125,4,0.032
GBR,1978,0.0,0.0,0.0,0.0,0.0,0.0,176,2,0.011363636363636364
GBR,1979,0.0,0.0,0.0,0.0,0.0,0.0,148,9,0.060810810810810814
GBR,1980,0.0,0.0,0.0,0.0,0.0,0.0,118,1,0.00847457627118644
GBR,1981,0.0,0.0,0.0,0.0,0.0,0.0,111,5,0.04504504504504504
GBR,1982,0.0,0.0,0.0,0.0,0.0,0.0,138,1,0.007246376811594203
GBR,1983,0.0,0.0,0.0,0.0,0.0,0.0,149,3,0.020134228187919462
GBR,1984,0.0,0.0,0.0,0.0,0.0,0.0,187,4,0.0213903743315508
GBR,1985,0.0,0.0,0.0,0.0,0.0,0.0,204,8,0.0392156862745098
GBR,1986,0.0,0.0,0.0,0.0,0.0,0.0,201,10,0.04975124378109453
GBR,1987,0.0,0.0,0.0,0.0,0.0,0.0,135,2,0.014814814814814815
GBR,1988,0.0,0.0,0.0,0.0,0.0,0.0,148,18,0.12162162162162163
GBR,1989,0.0,0.0,0.0,0.0,0.0,0.0,191,10,0.05235602094240838
GBR,1990,0.0,0.0,0.0,0.0,0.0,0.0,143,5,0.03496503496503497
GBR,1991,0.0,0.0,0.0,0.0,0.0,0.0,100,6,0.06
GBR,1992,0.0,0.0,0.0,0.0,0.0,0.0,180,12,0.06666666666666667
GBR,1993,0.0,0.0,0.0,0.0,0.0,0.0,88,0,0.0
GBR,1994,0.0,0.0,0.0,0.0,0.0,0.0,125,8,0.064
GBR,1995,0.0,0.0,0.0,0.0,0.0,0.0,144,9,0.0625
GBR,1996,0.0,0.0,0.0,0.0,0.0,0.0,85,8,0.09411764705882353
GBR,1997,0.0,0.0,0.0,0.0,0.0,0.0,71,9,0.1267605633802817
GBR,1998,0.0,0.0,0.0,0.0,0.0,0.0,103,8,0.07766990291262135
GBR,1999,0.0,0.0,0.0,0.0,0.0,0.0,57,1,0.017543859649122806
GBR,2000,0.0,0.0,0.0,0.0,0.0,0.0,75,3,0.04
GBR,2001,0.0,0.0,0.0,0.0,0.0,0.0,43,0,0.0
GBR,2002,0.0,0.0,0.0,0.0,0.0,0.0,53,2,0.03773584905660377
GBR,2003,0.0,0.0,0.0,0.0,0.0,0.0,45,0,0.0
GBR,2004,0.0,0.0,0.0,0.0,0.0,0.0,52,7,0.1346153846153846
GBR,2005,0.0,0.0,0.0,0.0,0.0,0.0,41,0,0.0
GBR,2006,0.0,0.0,0.0,0.0,0.0,0.0,96,33,0.34375
GBR,2007,0.0,0.0,0.0,0.0,0.0,0.0,95,10,0.10526315789473684
GBR,2008,0.0,0.0,0.0,0.0,0.0,0.0,80,14,0.175
GBR,2009,0.0,0.0,0.0,0.0,0.0,0.0,94,26,0.2765957446808511
GBR,2010,0.0,0.0,0.0,0.0,0.0,0.0,112,5,0.044642857142857144
GBR,2011,0.0,0.0,0.0,0.0,0.0,0.0,109,1,0.009174311926605505
GBR,2012,0.0,0.0,0.0,0.0,0.0,0.0,82,1,0.012195121951219513
GBR,2013,0.0,0.0,0.0,0.0,0.0,0.0,88,7,0.07954545454545454
GBR,2014,0.0,0.0,0.0,0.0,0.0,0.0,75,1,0.013333333333333334
GBR,2015,0.0,0.0,0.0,0.0,0.0,0.0,48,8,0.16666666666666666
GBR,2016,0.0,0.0,0.0,0.0,0.0,0.0,76,2,0.02631578947368421
GBR,2017,0.0,0.0,0.0,0.0,0.0,0.0,89,4,0.0449438202247191
GBR,2018,0.0,0.0,0.0,0.0,0.0,0.0,73,3,0.0410958904109589
GBR,2019,0.0,0.0,0.0,0.0,0.0,0.0,50,7,0.14
GBR,2020,0.0,0.0,0.0,0.0,0.0,0.0,48,2,0.041666666666666664
GBR,2021,0.0,0.0,0.0,0.0,0.0,1.0,94,55,0.5851063829787234
GBR,2022,0.0,0.0,0.0,0.0,0.0,0.0,80,6,0.075
GBR,2023,0.0,0.0,0.0,0.0,0.0,0.0,88,4,0.045454545454545456
GBR,2024,0.0,0.0,0.0,0.0,0.0,2.0,123,23,0.18699186991869918
GBR,2025,0.0,0.0,0.0,0.0,0.0,0.0,82,1,0.012195121951219513
GEO,1992,0.0,0.0,0.0,0.0,0.0,0.0,193,4,0.02072538860103627
GEO,1994,0.0,0.0,0.0,0.0,0.0,0.0,82,2,0.024390243902439025
GEO,1995,0.0,0.0,0.0,0.0,0.0,0.0,70,0,0.0
GEO,1996,0.0,0.0,0.0,0.0,0.0,0.0,63,1,0.015873015873015872
GEO,1997,0.0,0.0,0.0,0.0,0.0,0.0,54,0,0.0
GEO,1998,0.0,0.0,0.0,0.0,0.0,0.0,41,0,0.0
GEO,1999,0.0,0.0,0.0,0.0,0.0,0.0,141,3,0.02127659574468085
GEO,2000,0.0,0.0,0.0,0.0,0.0,0.0,46,0,0.0
GEO,2001,0.0,0.0,0.0,0.0,0.0,0.0,48,1,0.020833333333333332
GEO,2002,0.0,0.0,0.0,0.0,0.0,0.0,49,0,0.0
GEO,2003,0.0,0.0,0.0,0.0,0.0,0.0,48,1,0.020833333333333332
GEO,2004,0.0,0.0,0.0,0.0,0.0,0.0,73,0,0.0
GEO,2005,0.0,0.0,0.0,0.0,0.0,0.0,41,2,0.04878048780487805
GEO,2006,0.0,0.0,0.0,0.0,0.0,0.0,117,2,0.017094017094017096
GEO,2007,0.0,0.0,0.0,0.0,0.0,0.0,130,6,0.046153846153846156
GEO,2008,0.0,0.0,0.0,0.0,0.0,0.0,139,4,0.02877697841726619
GEO,2009,0.0,0.0,0.0,0.0,0.0,0.0,128,3,0.0234375
GEO,2010,0.0,0.0,0.0,0.0,0.0,0.0,163,5,0.03067484662576687
GEO,2011,0.0,0.0,0.0,0.0,0.0,0.0,117,6,0.05128205128205128
GEO,2012,0.0,0.0,0.0,0.0,0.0,0.0,103,4,0.038834951456310676
GEO,2013,0.0,0.0,0.0,0.0,0.0,0.0,150,3,0.02
GEO,2014,0.0,0.0,0.0,0.0,0.0,0.0,106,9,0.08490566037735849
GEO,2015,0.0,0.0,0.0,0.0,0.0,0.0,98,1,0.01020408163265306
GEO,2016,0.0,0.0,0.0,0.0,0.0,0.0,93,9,0.0967741935483871
GEO,2017,0.0,0.0,0.0,0.0,0.0,0.0,75,7,0.09333333333333334
GEO,2018,0.0,0.0,0.0,0.0,0.0,0.0,86,2,0.023255813953488372
GEO,2019,0.0,0.0,0.0,0.0,0.0,0.0,104,21,0.20192307692307693
GEO,2020,0.0,0.0,0.0,0.0,0.0,0.0,29,2,0.06896551724137931
GEO,2021,0.0,0.0,0.0,0.0,0.0,0.0,86,2,0.023255813953488372
GEO,2022,0.0,0.0,0.0,0.0,0.0,0.0,70,7,0.1
GEO,2023,0.0,0.0,0.0,0.0,0.0,0.0,63,6,0.09523809523809523
GEO,2024,0.0,0.0,0.0,0.0,0.0,0.0,46,4,0.08695652173913043
GEO,2025,0.0,0.0,0.0,0.0,0.0,0.0,62,7,0.11290322580645161
GHA,1957,0.0,0.0,0.0,0.0,0.0,0.0,27,0,0.0
GHA,1958,0.0,0.0,0.0,0.0,0.0,0.0,72,0,0.0
GHA,1959,0.0,0.0,0.0,0.0,0.0,0.0,86,1,0.011627906976744186
GHA,1960,0.0,0.0,0.0,0.0,0.0,0.0,192,2,0.010416666666666666
GHA,1961,0.0,0.0,0.0,0.0,0.0,0.0,78,1,0.01282051282051282
GHA,1962,0.0,0.0,0.0,0.0,0.0,0.0,88,0,0.0
GHA,1963,0.0,0.0,0.0,0.0,0.0,0.0,243,9,0.037037037037037035
GHA,1964,0.0,0.0,0.0,0.0,0.0,0.0,106,1,0.009433962264150943
GHA,1965,0.0,0.0,0.0,0.0,0.0,0.0,203,3,0.014778325123152709
GHA,1966,0.0,0.0,0.0,0.0,0.0,0.0,173,2,0.011560693641618497
GHA,1967,0.0,0.0,0.0,0.0,0.0,0.0,161,1,0.006211180124223602
GHA,1968,0.0,0.0,0.0,0.0,0.0,0.0,123,3,0.024390243902439025
GHA,1969,0.0,0.0,0.0,0.0,0.0,0.0,118,1,0.00847457627118644
GHA,1970,0.0,0.0,0.0,0.0,0.0,0.0,95,1,0.010526315789473684
GHA,1971,0.0,0.0,0.0,0.0,0.0,0.0,91,1,0.01098901098901099
GHA,1972,0.0,0.0,0.0,0.0,0.0,0.0,117,11,0.09401709401709402
GHA,1973,0.0,0.0,0.0,0.0,0.0,0.0,171,10,0.05847953216374269
GHA,1974,0.0,0.0,0.0,0.0,0.0,0.0,120,9,0.075
GHA,1975,0.0,0.0,0.0,0.0,0.0,0.0,81,1,0.012345679012345678
GHA,1976,0.0,0.0,0.0,0.0,0.0,0.0,102,2,0.0196078431372549
GHA,1977,0.0,0.0,0.0,0.0,0.0,0.0,109,0,0.0
GHA,1978,0.0,0.0,0.0,0.0,0.0,0.0,113,2,0.017699115044247787
GHA,1979,0.0,0.0,0.0,0.0,0.0,0.0,93,7,0.07526881720430108
GHA,1980,0.0,0.0,0.0,0.0,0.0,0.0,91,6,0.06593406593406594
GHA,1981,0.0,0.0,0.0,0.0,0.0,0.0,89,7,0.07865168539325842
GHA,1982,0.0,0.0,0.0,0.0,0.0,0.0,77,6,0.07792207792207792
GHA,1983,0.0,0.0,0.0,0.0,0.0,0.0,104,1,0.009615384615384616
GHA,1984,0.0,0.0,0.0,0.0,0.0,0.0,71,1,0.014084507042253521
GHA,1985,0.0,0.0,0.0,0.0,0.0,0.0,85,0,0.0
GHA,1986,0.0,0.0,0.0,0.0,0.0,0.0,109,2,0.01834862385321101
GHA,1987,0.0,0.0,0.0,0.0,0.0,0.0,95,2,0.021052631578947368
GHA,1988,0.0,0.0,0.0,0.0,0.0,0.0,94,1,0.010638297872340425
GHA,1989,0.0,0.0,0.0,0.0,0.0,0.0,93,14,0.15053763440860216
GHA,1990,0.0,0.0,0.0,0.0,0.0,0.0,91,5,0.054945054945054944
GHA,1991,0.0,0.0,0.0,0.0,0.0,0.0,94,7,0.07446808510638298
GHA,1992,0.0,0.0,0.0,0.0,0.0,0.0,134,6,0.04477611940298507
GHA,1993,0.0,0.0,0.0,0.0,0.0,0.0,71,2,0.028169014084507043
GHA,1994,0.0,0.0,0.0,0.0,0.0,0.0,59,0,0.0
GHA,1995,0.0,0.0,0.0,0.0,0.0,0.0,54,2,0.037037037037037035
GHA,1996,0.0,0.0,0.0,0.0,0.0,0.0,61,2,0.03278688524590164
GHA,1997,0.0,0.0,0.0,0.0,0.0,0.0,57,3,0.05263157894736842
GHA,1998,0.0,0.0,0.0,0.0,0.0,0.0,34,0,0.0
GHA,1999,0.0,0.0,0.0,0.0,0.0,0.0,64,1,0.015625
GHA,2000,0.0,0.0,0.0,0.0,0.0,0.0,59,2,0.03389830508474576
GHA,2001,0.0,0.0,0.0,0.0,0.0,0.0,32,1,0.03125
GHA,2002,0.0,0.0,0.0,0.0,0.0,0.0,56,3,0.05357142857142857
GHA,2003,0.0,0.0,0.0,0.0,0.0,0.0,42,2,0.047619047619047616
GHA,2004,0.0,0.0,0.0,0.0,0.0,0.0,35,1,0.02857142857142857
GHA,2005,0.0,0.0,0.0,0.0,0.0,0.0,15,0,0.0
GHA,2006,0.0,0.0,0.0,0.0,0.0,0.0,59,2,0.03389830508474576
GHA,2007,0.0,0.0,0.0,0.0,0.0,0.0,64,4,0.0625
GHA,2008,0.0,0.0,0.0,0.0,0.0,0.0,55,6,0.10909090909090909
GHA,2009,0.0,0.0,0.0,0.0,0.0,0.0,63,6,0.09523809523809523
GHA,2010,0.0,0.0,0.0,0.0,0.0,0.0,55,19,0.34545454545454546
GHA,2011,0.0,0.0,0.0,0.0,0.0,0.0,63,10,0.15873015873015872
GHA,2012,0.0,0.0,0.0,0.0,0.0,0.0,70,1,0.014285714285714285
GHA,2013,0.0,0.0,0.0,0.0,0.0,0.0,101,7,0.06930693069306931
GHA,2014,0.0,0.0,0.0,0.0,0.0,0.0,85,1,0.011764705882352941
GHA,2015,0.0,0.0,0.0,0.0,0.0,0.0,92,14,0.15217391304347827
GHA,2016,0.0,0.0,0.0,0.0,0.0,0.0,124,11,0.08870967741935484
GHA,2017,0.0,0.0,0.0,0.0,0.0,0.0,49,9,0.1836734693877551
GHA,2018,0.0,0.0,0.0,0.0,0.0,0.0,53,5,0.09433962264150944
GHA,2019,0.0,0.0,0.0,0.0,0.0,0.0,47,6,0.1276595744680851
GHA,2020,0.0,0.0,0.0,0.0,0.0,0.0,32,2,0.0625
GHA,2021,0.0,0.0,0.0,0.0,0.0,0.0,62,5,0.08064516129032258
GHA,2022,0.0,0.0,0.0,0.0,0.0,0.0,56,9,0.16071428571428573
GHA,2023,0.0,0.0,0.0,0.0,0.0,0.0,71,8,0.11267605633802817
GHA,2024,0.0,0.0,0.0,0.0,0.0,0.0,95,2,0.021052631578947368
GHA,2025,0.0,0.0,0.0,0.0,0.0,0.0,140,10,0.07142857142857142
GIN,1959,0.0,0.0,0.0,0.0,0.0,0.0,112,2,0.017857142857142856
GIN,1960,0.0,0.0,0.0,0.0,0.0,0.0,302,2,0.006622516556291391
GIN,1961,0.0,0.0,0.0,0.0,0.0,0.0,152,0,0.0
GIN,1962,0.0,0.0,1.0,0.0,0.0,0.0,259,1,0.003861003861003861
GIN,1963,0.0,0.0,0.0,0.0,0.0,0.0,189,0,0.0
GIN,1965,0.0,0.0,0.0,0.0,0.0,0.0,135,2,0.014814814814814815
GIN,1966,0.0,0.0,0.0,0.0,0.0,0.0,109,1,0.009174311926605505
GIN,1968,0.0,0.0,0.0,0.0,0.0,0.0,156,2,0.01282051282051282
GIN,1969,0.0,0.0,0.0,0.0,0.0,0.0,136,3,0.022058823529411766
GIN,1970,0.0,0.0,0.0,0.0,0.0,0.0,51,1,0.0196078431372549
GIN,1971,0.0,0.0,0.0,0.0,0.0,0.0,91,3,0.03296703296703297
GIN,1972,0.0,0.0,0.0,0.0,0.0,0.0,92,0,0.0
GIN,1973,0.0,0.0,0.0,0.0,0.0,0.0,94,1,0.010638297872340425
GIN,1974,0.0,0.0,0.0,0.0,0.0,0.0,76,1,0.013157894736842105
GIN,1975,0.0,0.0,0.0,0.0,0.0,0.0,54,1,0.018518518518518517
GIN,1976,0.0,0.0,0.0,0.0,0.0,0.0,68,0,0.0
GIN,1977,0.0,0.0,0.0,0.0,0.0,0.0,64,1,0.015625
GIN,1979,0.0,0.0,0.0,0.0,0.0,0.0,74,3,0.04054054054054054
GIN,1980,1.0,0.0,0.0,0.0,0.0,0.0,33,3,0.09090909090909091
GIN,1981,0.0,0.0,0.0,0.0,0.0,0.0,88,4,0.045454545454545456
GIN,1982,0.0,0.0,0.0,0.0,0.0,0.0,82,5,0.06097560975609756
GIN,1983,0.0,0.0,0.0,0.0,0.0,0.0,40,4,0.1
GIN,1984,0.0,0.0,0.0,0.0,0.0,0.0,47,0,0.0
GIN,1985,0.0,0.0,1.0,0.0,0.0,0.0,20,2,0.1
GIN,1986,0.0,0.0,0.0,0.0,0.0,0.0,43,0,0.0
GIN,1987,0.0,0.0,0.0,0.0,0.0,0.0,41,3,0.07317073170731707
GIN,1988,0.0,0.0,0.0,0.0,0.0,0.0,60,4,0.06666666666666667
GIN,1989,0.0,0.0,0.0,0.0,0.0,0.0,55,4,0.07272727272727272
GIN,1990,0.0,0.0,0.0,0.0,0.0,0.0,76,9,0.11842105263157894
GIN,1991,0.0,0.0,0.0,0.0,0.0,0.0,46,4,0.08695652173913043
GIN,1992,0.0,0.0,0.0,0.0,0.0,0.0,112,4,0.03571428571428571
GIN,1993,0.0,0.0,0.0,0.0,0.0,0.0,40,7,0.175
GIN,1994,0.0,0.0,0.0,0.0,0.0,0.0,47,2,0.0425531914893617
GIN,1995,0.0,0.0,0.0,0.0,0.0,0.0,49,3,0.061224489795918366
GIN,1996,0.0,0.0,0.0,0.0,0.0,0.0,56,2,0.03571428571428571
GIN,1997,0.0,0.0,0.0,0.0,0.0,0.0,65,5,0.07692307692307693
GIN,1998,0.0,0.0,0.0,0.0,0.0,0.0,46,1,0.021739130434782608
GIN,1999,0.0,0.0,0.0,0.0,0.0,0.0,43,2,0.046511627906976744
GIN,2000,0.0,0.0,0.0,0.0,0.0,0.0,40,0,0.0
GIN,2001,0.0,0.0,0.0,0.0,0.0,0.0,57,1,0.017543859649122806
GIN,2002,0.0,0.0,0.0,0.0,0.0,0.0,52,5,0.09615384615384616
GIN,2003,0.0,0.0,0.0,0.0,0.0,0.0,45,0,0.0
GIN,2004,0.0,0.0,0.0,0.0,0.0,0.0,37,1,0.02702702702702703
GIN,2005,0.0,0.0,0.0,0.0,0.0,0.0,25,1,0.04
GIN,2006,0.0,0.0,0.0,0.0,0.0,0.0,66,7,0.10606060606060606
GIN,2007,0.0,0.0,0.0,0.0,0.0,0.0,84,12,0.14285714285714285
GIN,2008,0.0,0.0,0.0,0.0,0.0,0.0,64,3,0.046875
GIN,2009,0.0,0.0,0.0,0.0,0.0,0.0,83,9,0.10843373493975904
GIN,2010,0.0,0.0,0.0,0.0,0.0,0.0,66,8,0.12121212121212122
GIN,2011,0.0,0.0,0.0,0.0,0.0,0.0,65,7,0.1076923076923077
GIN,2012,0.0,0.0,0.0,0.0,0.0,0.0,32,1,0.03125
GIN,2013,0.0,0.0,0.0,0.0,0.0,0.0,53,6,0.11320754716981132
GIN,2014,0.0,0.0,0.0,0.0,0.0,0.0,60,6,0.1
GIN,2015,0.0,0.0,0.0,0.0,0.0,0.0,39,4,0.10256410256410256
GIN,2016,0.0,0.0,1.0,0.0,0.0,0.0,48,11,0.22916666666666666
GIN,2017,0.0,0.0,0.0,0.0,0.0,0.0,50,6,0.12
GIN,2018,0.0,0.0,0.0,0.0,0.0,0.0,44,7,0.1590909090909091
GIN,2019,1.0,0.0,0.0,0.0,0.0,0.0,35,6,0.17142857142857143
GIN,2020,0.0,0.0,0.0,0.0,0.0,0.0,10,2,0.2
GIN,2021,0.0,0.0,0.0,0.0,0.0,0.0,34,6,0.17647058823529413
GIN,2022,0.0,0.0,0.0,0.0,0.0,0.0,44,4,0.09090909090909091
GIN,2023,0.0,0.0,0.0,0.0,0.0,0.0,58,0,0.0
GIN,2024,0.0,0.0,0.0,0.0,0.0,0.0,106,16,0.1509433962264151
GIN,2025,0.0,0.0,0.0,0.0,0.0,0.0,61,5,0.08196721311475409
GMB,1967,0.0,0.0,0.0,0.0,0.0,0.0,75,1,0.013333333333333334
GMB,1970,0.0,0.0,0.0,0.0,0.0,0.0,108,1,0.009259259259259259
GMB,1972,0.0,0.0,0.0,0.0,0.0,0.0,49,17,0.3469387755102041
GMB,1974,0.0,0.0,0.0,0.0,0.0,0.0,59,8,0.13559322033898305
GMB,1977,0.0,0.0,0.0,0.0,0.0,0.0,123,7,0.056910569105691054
GMB,1978,0.0,0.0,1.0,0.0,0.0,0.0,173,22,0.12716763005780346
GMB,1980,0.0,0.0,0.0,0.0,0.0,0.0,85,12,0.1411764705882353
GMB,1982,0.0,0.0,0.0,0.0,0.0,0.0,121,12,0.09917355371900827
GMB,1984,0.0,0.0,0.0,0.0,0.0,0.0,80,4,0.05
GMB,1986,0.0,0.0,0.0,0.0,0.0,0.0,75,3,0.04
GMB,1987,0.0,0.0,0.0,0.0,0.0,0.0,92,6,0.06521739130434782
GMB,1988,0.0,0.0,0.0,0.0,0.0,0.0,97,6,0.061855670103092786
GMB,1989,0.0,0.0,0.0,0.0,0.0,0.0,79,8,0.10126582278481013
GMB,1990,0.0,0.0,0.0,0.0,0.0,0.0,78,0,0.0
GMB,1991,0.0,0.0,0.0,0.0,0.0,0.0,92,8,0.08695652173913043
GMB,1992,0.0,0.0,0.0,0.0,0.0,0.0,135,10,0.07407407407407407
GMB,1993,0.0,0.0,0.0,0.0,0.0,0.0,63,4,0.06349206349206349
GMB,1994,0.0,0.0,0.0,0.0,0.0,0.0,67,6,0.08955223880597014
GMB,1995,0.0,0.0,0.0,0.0,0.0,0.0,94,7,0.07446808510638298
GMB,1996,0.0,0.0,0.0,0.0,0.0,0.0,103,3,0.02912621359223301
GMB,1997,0.0,0.0,0.0,0.0,0.0,0.0,83,6,0.07228915662650602
GMB,1998,0.0,0.0,0.0,0.0,0.0,0.0,102,4,0.0392156862745098
GMB,1999,0.0,0.0,0.0,0.0,0.0,0.0,153,1,0.006535947712418301
GMB,2000,0.0,0.0,0.0,0.0,0.0,0.0,91,1,0.01098901098901099
GMB,2001,0.0,0.0,0.0,0.0,0.0,0.0,102,3,0.029411764705882353
GMB,2002,0.0,0.0,0.0,0.0,0.0,0.0,90,3,0.03333333333333333
GMB,2003,0.0,0.0,0.0,0.0,0.0,0.0,144,7,0.04861111111111111
GMB,2004,0.0,0.0,0.0,0.0,0.0,0.0,55,4,0.07272727272727272
GMB,2005,0.0,0.0,0.0,0.0,0.0,0.0,57,2,0.03508771929824561
GMB,2006,0.0,0.0,0.0,0.0,0.0,0.0,123,7,0.056910569105691054
GMB,2007,0.0,0.0,0.0,0.0,0.0,0.0,87,7,0.08045977011494253
GMB,2008,0.0,0.0,0.0,0.0,0.0,0.0,87,12,0.13793103448275862
GMB,2009,0.0,0.0,0.0,0.0,0.0,0.0,103,9,0.08737864077669903
GMB,2010,0.0,0.0,0.0,0.0,0.0,0.0,96,4,0.041666666666666664
GMB,2011,0.0,0.0,0.0,0.0,0.0,0.0,120,12,0.1
GMB,2012,0.0,0.0,0.0,0.0,0.0,0.0,101,5,0.04950495049504951
GMB,2013,0.0,0.0,0.0,0.0,0.0,0.0,77,3,0.03896103896103896
GMB,2014,0.0,0.0,0.0,0.0,0.0,0.0,88,15,0.17045454545454544
GMB,2015,0.0,0.0,0.0,0.0,0.0,0.0,54,5,0.09259259259259259
GMB,2016,0.0,0.0,0.0,0.0,0.0,0.0,83,4,0.04819277108433735
GMB,2017,0.0,0.0,0.0,0.0,0.0,0.0,50,2,0.04
GMB,2018,0.0,0.0,0.0,0.0,0.0,0.0,59,2,0.03389830508474576
GMB,2019,0.0,0.0,0.0,0.0,0.0,0.0,98,16,0.16326530612244897
GMB,2020,0.0,0.0,0.0,0.0,0.0,0.0,47,2,0.0425531914893617
GMB,2021,0.0,0.0,0.0,0.0,0.0,0.0,55,11,0.2
GMB,2022,0.0,0.0,0.0,0.0,0.0,0.0,56,7,0.125
GMB,2023,0.0,0.0,0.0,0.0,0.0,0.0,81,16,0.19753086419753085
GMB,2024,0.0,0.0,0.0,0.0,0.0,0.0,75,5,0.06666666666666667
GMB,2025,0.0,0.0,0.0,0.0,0.0,2.0,123,12,0.0975609756097561
GNB,1976,0.0,0.0,0.0,0.0,0.0,0.0,68,0,0.0
GNB,1977,0.0,0.0,0.0,0.0,0.0,0.0,65,0,0.0
GNB,1978,0.0,0.0,0.0,0.0,0.0,0.0,46,0,0.0
GNB,1979,0.0,0.0,0.0,0.0,0.0,0.0,47,0,0.0
GNB,1980,0.0,0.0,0.0,0.0,0.0,0.0,96,0,0.0
GNB,1981,0.0,0.0,0.0,0.0,0.0,0.0,95,3,0.031578947368421054
GNB,1982,0.0,0.0,0.0,0.0,0.0,0.0,94,2,0.02127659574468085
GNB,1983,0.0,0.0,0.0,0.0,0.0,0.0,37,0,0.0
GNB,1984,0.0,0.0,0.0,0.0,0.0,0.0,43,3,0.06976744186046512
GNB,1986,0.0,0.0,0.0,0.0,0.0,0.0,43,0,0.0
GNB,1987,0.0,0.0,0.0,0.0,0.0,0.0,67,3,0.04477611940298507
GNB,1988,0.0,0.0,0.0,0.0,0.0,0.0,25,0,0.0
GNB,1989,0.0,0.0,0.0,0.0,0.0,0.0,27,2,0.07407407407407407
GNB,1990,0.0,0.0,0.0,0.0,0.0,0.0,21,6,0.2857142857142857
GNB,1991,0.0,0.0,0.0,0.0,0.0,0.0,69,9,0.13043478260869565
GNB,1992,0.0,0.0,0.0,0.0,0.0,0.0,141,11,0.07801418439716312
GNB,1993,0.0,0.0,0.0,0.0,0.0,0.0,64,4,0.0625
GNB,1994,0.0,0.0,0.0,0.0,0.0,0.0,30,2,0.06666666666666667
GNB,1995,0.0,0.0,0.0,0.0,0.0,0.0,27,3,0.1111111111111111
GNB,1996,0.0,0.0,0.0,0.0,0.0,0.0,33,1,0.030303030303030304
GNB,1997,0.0,0.0,0.0,0.0,0.0,0.0,29,2,0.06896551724137931
GNB,1998,0.0,0.0,0.0,0.0,0.0,0.0,38,0,0.0
GNB,1999,0.0,0.0,0.0,0.0,0.0,0.0,34,0,0.0
GNB,2000,0.0,0.0,0.0,0.0,0.0,0.0,50,0,0.0
GNB,2001,0.0,0.0,0.0,0.0,0.0,0.0,42,2,0.047619047619047616
GNB,2002,0.0,0.0,0.0,0.0,0.0,0.0,16,0,0.0
GNB,2003,0.0,0.0,0.0,0.0,0.0,0.0,50,0,0.0
GNB,2004,0.0,0.0,0.0,0.0,0.0,0.0,51,3,0.058823529411764705
GNB,2005,0.0,0.0,0.0,0.0,0.0,0.0,21,2,0.09523809523809523
GNB,2006,0.0,0.0,0.0,0.0,0.0,0.0,90,6,0.06666666666666667
GNB,2007,0.0,0.0,0.0,0.0,0.0,0.0,48,1,0.020833333333333332
GNB,2008,0.0,0.0,0.0,0.0,0.0,0.0,43,11,0.2558139534883721
GNB,2009,0.0,0.0,0.0,0.0,0.0,0.0,70,7,0.1
GNB,2010,0.0,0.0,0.0,0.0,0.0,0.0,59,5,0.0847457627118644
GNB,2011,0.0,0.0,0.0,0.0,0.0,0.0,48,4,0.08333333333333333
GNB,2013,0.0,0.0,0.0,0.0,0.0,0.0,70,4,0.05714285714285714
GNB,2014,0.0,0.0,0.0,0.0,0.0,0.0,44,8,0.18181818181818182
GNB,2015,0.0,0.0,0.0,0.0,0.0,0.0,35,8,0.22857142857142856
GNB,2016,0.0,0.0,0.0,0.0,0.0,0.0,28,8,0.2857142857142857
GNB,2017,0.0,0.0,0.0,0.0,0.0,0.0,42,6,0.14285714285714285
GNB,2018,0.0,0.0,0.0,0.0,0.0,0.0,38,4,0.10526315789473684
GNB,2019,0.0,0.0,0.0,0.0,0.0,0.0,33,5,0.15151515151515152
GNB,2020,0.0,0.0,0.0,0.0,0.0,0.0,32,5,0.15625
GNB,2021,0.0,0.0,0.0,0.0,0.0,0.0,9,1,0.1111111111111111
GNB,2022,0.0,0.0,0.0,0.0,0.0,0.0,24,4,0.16666666666666666
GNB,2023,0.0,0.0,0.0,0.0,0.0,0.0,27,2,0.07407407407407407
GNB,2024,0.0,0.0,0.0,0.0,0.0,0.0,45,5,0.1111111111111111
GNB,2025,0.0,0.0,0.0,0.0,0.0,0.0,46,6,0.13043478260869565
GNQ,1969,0.0,0.0,0.0,0.0,0.0,0.0,31,0,0.0
GNQ,1974,0.0,0.0,0.0,0.0,0.0,0.0,108,0,0.0
GNQ,1975,0.0,0.0,0.0,0.0,0.0,0.0,79,1,0.012658227848101266
GNQ,1978,0.0,0.0,0.0,0.0,0.0,0.0,60,0,0.0
GNQ,1979,0.0,0.0,0.0,0.0,0.0,0.0,107,1,0.009345794392523364
GNQ,1980,0.0,0.0,1.0,0.0,0.0,0.0,75,1,0.013333333333333334
GNQ,1981,0.0,0.0,0.0,0.0,0.0,0.0,67,1,0.014925373134328358
GNQ,1982,0.0,0.0,0.0,0.0,0.0,0.0,34,0,0.0
GNQ,1983,0.0,0.0,0.0,0.0,0.0,0.0,53,0,0.0
GNQ,1984,0.0,0.0,0.0,0.0,0.0,0.0,60,2,0.03333333333333333
GNQ,1986,0.0,0.0,0.0,0.0,0.0,0.0,65,0,0.0
GNQ,1987,0.0,0.0,0.0,0.0,0.0,0.0,63,0,0.0
GNQ,1988,0.0,0.0,0.0,0.0,0.0,0.0,70,2,0.02857142857142857
GNQ,1989,0.0,0.0,0.0,0.0,0.0,0.0,79,1,0.012658227848101266
GNQ,1990,0.0,0.0,0.0,0.0,0.0,0.0,49,3,0.061224489795918366
GNQ,1991,0.0,0.0,0.0,0.0,0.0,0.0,59,2,0.03389830508474576
GNQ,1992,0.0,0.0,0.0,0.0,0.0,0.0,61,3,0.04918032786885246
GNQ,1993,0.0,0.0,0.0,0.0,0.0,0.0,34,4,0.11764705882352941
GNQ,1994,0.0,0.0,0.0,0.0,0.0,0.0,39,3,0.07692307692307693
GNQ,1995,0.0,0.0,0.0,0.0,0.0,0.0,44,2,0.045454545454545456
GNQ,1996,0.0,0.0,0.0,0.0,0.0,0.0,27,1,0.037037037037037035
GNQ,1997,0.0,0.0,0.0,0.0,0.0,0.0,38,2,0.05263157894736842
GNQ,1998,0.0,0.0,0.0,0.0,0.0,0.0,43,0,0.0
GNQ,1999,0.0,0.0,1.0,0.0,0.0,0.0,39,1,0.02564102564102564
GNQ,2000,0.0,0.0,0.0,0.0,0.0,0.0,31,1,0.03225806451612903
GNQ,2001,0.0,0.0,0.0,0.0,0.0,0.0,24,0,0.0
GNQ,2002,0.0,0.0,0.0,0.0,0.0,0.0,26,1,0.038461538461538464
GNQ,2003,0.0,0.0,0.0,0.0,0.0,0.0,18,0,0.0
GNQ,2004,0.0,0.0,0.0,0.0,0.0,0.0,36,0,0.0
GNQ,2005,0.0,0.0,0.0,0.0,0.0,0.0,22,0,0.0
GNQ,2006,0.0,0.0,0.0,0.0,0.0,0.0,33,3,0.09090909090909091
GNQ,2007,0.0,0.0,0.0,0.0,0.0,0.0,54,10,0.18518518518518517
GNQ,2008,0.0,0.0,0.0,0.0,0.0,0.0,48,8,0.16666666666666666
GNQ,2009,0.0,0.0,0.0,0.0,0.0,0.0,46,3,0.06521739130434782
GNQ,2010,0.0,0.0,0.0,0.0,0.0,0.0,49,6,0.12244897959183673
GNQ,2011,0.0,0.0,0.0,0.0,0.0,0.0,54,4,0.07407407407407407
GNQ,2012,0.0,0.0,0.0,0.0,0.0,0.0,35,3,0.08571428571428572
GNQ,2013,0.0,0.0,0.0,0.0,0.0,0.0,43,0,0.0
GNQ,2014,0.0,0.0,0.0,0.0,0.0,0.0,14,0,0.0
GNQ,2015,0.0,0.0,0.0,0.0,0.0,0.0,31,3,0.0967741935483871
GNQ,2016,0.0,0.0,0.0,0.0,0.0,0.0,51,6,0.11764705882352941
GNQ,2017,0.0,0.0,0.0,0.0,0.0,0.0,34,4,0.11764705882352941
GNQ,2018,0.0,0.0,0.0,0.0,0.0,0.0,30,2,0.06666666666666667
GNQ,2019,0.0,0.0,0.0,0.0,0.0,0.0,47,7,0.14893617021276595
GNQ,2020,0.0,0.0,0.0,0.0,0.0,0.0,40,3,0.075
GNQ,2021,0.0,0.0,0.0,0.0,0.0,0.0,35,1,0.02857142857142857
GNQ,2022,0.0,0.0,0.0,0.0,0.0,0.0,15,2,0.13333333333333333
GNQ,2023,0.0,0.0,0.0,0.0,0.0,0.0,19,2,0.10526315789473684
GNQ,2024,0.0,0.0,0.0,0.0,0.0,0.0,19,2,0.10526315789473684
GNQ,2025,0.0,0.0,0.0,0.0,0.0,0.0,68,8,0.11764705882352941
GRC,1946,0.0,0.0,0.0,0.0,0.0,0.0,41,0,0.0
GRC,1947,0.0,0.0,0.0,0.0,0.0,0.0,45,0,0.0
GRC,1948,0.0,0.0,0.0,0.0,0.0,0.0,72,1,0.013888888888888888
GRC,1949,0.0,0.0,0.0,0.0,0.0,0.0,35,0,0.0
GRC,1950,0.0,0.0,0.0,0.0,0.0,0.0,30,0,0.0
GRC,1951,0.0,0.0,0.0,0.0,0.0,0.0,38,0,0.0
GRC,1952,0.0,0.0,0.0,0.0,0.0,0.0,96,0,0.0
GRC,1953,0.0,0.0,0.0,0.0,0.0,0.0,61,1,0.01639344262295082
GRC,1954,0.0,0.0,0.0,0.0,0.0,0.0,51,0,0.0
GRC,1955,0.0,0.0,0.0,0.0,0.0,0.0,62,2,0.03225806451612903
GRC,1956,0.0,0.0,0.0,0.0,0.0,0.0,72,4,0.05555555555555555
GRC,1957,0.0,0.0,0.0,0.0,0.0,0.0,94,3,0.031914893617021274
GRC,1958,0.0,0.0,0.0,0.0,0.0,0.0,130,1,0.007692307692307693
GRC,1959,0.0,0.0,0.0,0.0,0.0,0.0,124,3,0.024193548387096774
GRC,1960,0.0,0.0,0.0,0.0,0.0,0.0,133,2,0.015037593984962405
GRC,1961,0.0,0.0,0.0,0.0,0.0,0.0,49,1,0.02040816326530612
GRC,1962,0.0,0.0,0.0,0.0,0.0,0.0,52,0,0.0
GRC,1963,0.0,0.0,0.0,0.0,0.0,0.0,64,1,0.015625
GRC,1964,0.0,0.0,0.0,0.0,0.0,0.0,62,0,0.0
GRC,1965,0.0,0.0,0.0,0.0,0.0,0.0,158,2,0.012658227848101266
GRC,1966,0.0,0.0,0.0,0.0,0.0,0.0,117,2,0.017094017094017096
GRC,1967,0.0,0.0,0.0,0.0,0.0,0.0,111,2,0.018018018018018018
GRC,1968,0.0,0.0,0.0,0.0,0.0,0.0,91,0,0.0
GRC,1969,0.0,0.0,0.0,0.0,0.0,0.0,66,0,0.0
GRC,1971,0.0,0.0,0.0,0.0,0.0,0.0,62,3,0.04838709677419355
GRC,1972,0.0,0.0,0.0,0.0,0.0,0.0,30,1,0.03333333333333333
GRC,1973,0.0,0.0,0.0,0.0,0.0,0.0,51,2,0.0392156862745098
GRC,1974,0.0,0.0,0.0,0.0,0.0,0.0,116,3,0.02586206896551724
GRC,1975,0.0,0.0,0.0,0.0,0.0,0.0,41,2,0.04878048780487805
GRC,1976,0.0,0.0,0.0,0.0,0.0,0.0,60,2,0.03333333333333333
GRC,1977,0.0,0.0,0.0,0.0,0.0,0.0,42,0,0.0
GRC,1978,0.0,0.0,0.0,0.0,0.0,0.0,51,1,0.0196078431372549
GRC,1979,0.0,0.0,0.0,0.0,0.0,0.0,59,0,0.0
GRC,1980,0.0,0.0,0.0,0.0,0.0,0.0,59,1,0.01694915254237288
GRC,1981,0.0,0.0,0.0,0.0,0.0,0.0,63,1,0.015873015873015872
GRC,1982,0.0,0.0,0.0,0.0,0.0,0.0,83,3,0.03614457831325301
GRC,1983,0.0,0.0,0.0,0.0,0.0,0.0,182,5,0.027472527472527472
GRC,1984,0.0,0.0,0.0,0.0,0.0,0.0,80,1,0.0125
GRC,1985,0.0,0.0,0.0,0.0,0.0,0.0,96,3,0.03125
GRC,1986,0.0,0.0,0.0,0.0,0.0,0.0,94,4,0.0425531914893617
GRC,1987,0.0,0.0,0.0,0.0,0.0,0.0,106,1,0.009433962264150943
GRC,1988,0.0,0.0,0.0,0.0,0.0,0.0,212,11,0.05188679245283019
GRC,1989,0.0,0.0,0.0,0.0,0.0,0.0,112,6,0.05357142857142857
GRC,1990,0.0,0.0,0.0,0.0,0.0,0.0,106,5,0.04716981132075472
GRC,1991,0.0,0.0,0.0,0.0,0.0,0.0,76,5,0.06578947368421052
GRC,1992,0.0,0.0,0.0,0.0,0.0,0.0,170,8,0.047058823529411764
GRC,1993,0.0,0.0,0.0,0.0,0.0,0.0,86,2,0.023255813953488372
GRC,1994,0.0,0.0,0.0,0.0,0.0,0.0,49,1,0.02040816326530612
GRC,1995,0.0,0.0,0.0,0.0,0.0,0.0,69,3,0.043478260869565216
GRC,1996,0.0,0.0,0.0,0.0,0.0,0.0,81,2,0.024691358024691357
GRC,1997,0.0,0.0,0.0,0.0,0.0,0.0,58,2,0.034482758620689655
GRC,1998,0.0,0.0,0.0,0.0,0.0,0.0,70,4,0.05714285714285714
GRC,1999,0.0,0.0,0.0,0.0,0.0,0.0,89,2,0.02247191011235955
GRC,2000,0.0,0.0,0.0,0.0,0.0,0.0,109,3,0.027522935779816515
GRC,2001,0.0,0.0,0.0,0.0,0.0,0.0,99,2,0.020202020202020204
GRC,2002,0.0,0.0,0.0,0.0,0.0,0.0,52,4,0.07692307692307693
GRC,2003,0.0,0.0,0.0,0.0,0.0,0.0,87,2,0.022988505747126436
GRC,2004,0.0,0.0,0.0,0.0,0.0,0.0,40,3,0.075
GRC,2005,0.0,0.0,0.0,0.0,0.0,0.0,28,1,0.03571428571428571
GRC,2006,0.0,0.0,0.0,0.0,0.0,0.0,77,2,0.025974025974025976
GRC,2007,0.0,0.0,0.0,0.0,0.0,0.0,84,8,0.09523809523809523
GRC,2008,0.0,0.0,0.0,0.0,0.0,0.0,79,9,0.11392405063291139
GRC,2009,0.0,0.0,0.0,0.0,0.0,0.0,128,15,0.1171875
GRC,2010,0.0,0.0,0.0,0.0,0.0,0.0,75,7,0.09333333333333334
GRC,2011,0.0,0.0,0.0,0.0,0.0,0.0,79,2,0.02531645569620253
GRC,2012,0.0,0.0,0.0,0.0,0.0,0.0,59,4,0.06779661016949153
GRC,2013,0.0,0.0,0.0,0.0,0.0,0.0,44,2,0.045454545454545456
GRC,2014,0.0,0.0,0.0,0.0,0.0,0.0,41,2,0.04878048780487805
GRC,2015,0.0,0.0,0.0,0.0,0.0,0.0,48,1,0.020833333333333332
GRC,2016,0.0,0.0,0.0,0.0,0.0,0.0,45,0,0.0
GRC,2017,0.0,0.0,0.0,0.0,0.0,0.0,42,0,0.0
GRC,2018,0.0,0.0,0.0,0.0,0.0,0.0,47,1,0.02127659574468085
GRC,2019,0.0,0.0,0.0,0.0,0.0,0.0,51,7,0.13725490196078433
GRC,2020,0.0,0.0,0.0,0.0,0.0,0.0,56,9,0.16071428571428573
GRC,2021,0.0,0.0,0.0,0.0,0.0,0.0,68,16,0.23529411764705882
GRC,2022,0.0,0.0,0.0,0.0,0.0,0.0,87,17,0.19540229885057472
GRC,2023,0.0,0.0,0.0,0.0,0.0,0.0,103,36,0.34951456310679613
GRC,2024,0.0,0.0,0.0,0.0,0.0,0.0,133,10,0.07518796992481203
GRC,2025,0.0,0.0,0.0,0.0,0.0,0.0,191,12,0.06282722513089005
GRD,1974,0.0,0.0,0.0,0.0,0.0,0.0,69,6,0.08695652173913043
GRD,1975,0.0,0.0,0.0,0.0,0.0,0.0,45,0,0.0
GRD,1976,0.0,0.0,0.0,0.0,0.0,0.0,74,8,0.10810810810810811
GRD,1977,0.0,0.0,0.0,0.0,0.0,0.0,109,3,0.027522935779816515
GRD,1978,0.0,0.0,1.0,0.0,0.0,0.0,159,5,0.031446540880503145
GRD,1979,0.0,0.0,0.0,0.0,0.0,0.0,95,2,0.021052631578947368
GRD,1980,0.0,0.0,0.0,0.0,0.0,0.0,112,0,0.0
GRD,1981,0.0,0.0,1.0,0.0,0.0,0.0,114,2,0.017543859649122806
GRD,1982,0.0,0.0,0.0,0.0,0.0,0.0,141,2,0.014184397163120567
GRD,1983,0.0,0.0,0.0,0.0,0.0,0.0,102,2,0.0196078431372549
GRD,1986,0.0,0.0,0.0,0.0,0.0,0.0,59,3,0.05084745762711865
GRD,1987,0.0,0.0,0.0,0.0,0.0,0.0,56,0,0.0
GRD,1988,0.0,0.0,0.0,0.0,0.0,0.0,64,5,0.078125
GRD,1989,0.0,0.0,0.0,0.0,0.0,0.0,84,4,0.047619047619047616
GRD,1990,0.0,0.0,0.0,0.0,0.0,0.0,55,6,0.10909090909090909
GRD,1991,0.0,0.0,0.0,0.0,0.0,0.0,93,6,0.06451612903225806
GRD,1992,0.0,0.0,0.0,0.0,0.0,0.0,70,5,0.07142857142857142
GRD,1993,0.0,0.0,0.0,0.0,0.0,0.0,47,4,0.0851063829787234
GRD,1994,0.0,0.0,0.0,0.0,0.0,0.0,49,4,0.08163265306122448
GRD,1995,0.0,0.0,0.0,0.0,0.0,0.0,36,4,0.1111111111111111
GRD,1996,0.0,0.0,0.0,0.0,0.0,0.0,65,2,0.03076923076923077
GRD,1997,0.0,0.0,0.0,0.0,0.0,0.0,47,2,0.0425531914893617
GRD,1998,0.0,0.0,0.0,0.0,0.0,0.0,44,2,0.045454545454545456
GRD,1999,0.0,0.0,0.0,0.0,0.0,0.0,32,5,0.15625
GRD,2000,0.0,0.0,0.0,0.0,0.0,0.0,38,3,0.07894736842105263
GRD,2001,0.0,0.0,0.0,0.0,0.0,0.0,68,3,0.04411764705882353
GRD,2002,0.0,0.0,0.0,0.0,0.0,0.0,52,6,0.11538461538461539
GRD,2003,0.0,0.0,0.0,0.0,0.0,0.0,30,2,0.06666666666666667
GRD,2004,0.0,0.0,0.0,0.0,0.0,0.0,18,2,0.1111111111111111
GRD,2005,0.0,0.0,0.0,0.0,0.0,0.0,41,10,0.24390243902439024
GRD,2006,0.0,0.0,0.0,0.0,0.0,0.0,61,9,0.14754098360655737
GRD,2007,0.0,0.0,0.0,0.0,0.0,0.0,81,29,0.35802469135802467
GRD,2008,0.0,0.0,0.0,0.0,0.0,0.0,89,19,0.21348314606741572
GRD,2009,0.0,0.0,0.0,0.0,0.0,0.0,96,26,0.2708333333333333
GRD,2010,0.0,0.0,0.0,0.0,0.0,0.0,80,15,0.1875
GRD,2011,0.0,0.0,0.0,0.0,0.0,0.0,101,24,0.2376237623762376
GRD,2012,0.0,0.0,0.0,0.0,0.0,0.0,54,14,0.25925925925925924
GRD,2013,0.0,0.0,0.0,0.0,0.0,0.0,60,21,0.35
GRD,2014,0.0,0.0,1.0,1.0,0.0,0.0,89,39,0.43820224719101125
GRD,2015,0.0,0.0,0.0,0.0,0.0,0.0,50,12,0.24
GRD,2016,0.0,0.0,0.0,0.0,0.0,0.0,74,29,0.3918918918918919
GRD,2017,0.0,0.0,0.0,0.0,0.0,0.0,60,14,0.23333333333333334
GRD,2018,0.0,0.0,1.0,0.0,0.0,0.0,66,18,0.2727272727272727
GRD,2019,0.0,0.0,0.0,0.0,0.0,0.0,80,20,0.25
GRD,2020,0.0,0.0,0.0,0.0,0.0,0.0,31,2,0.06451612903225806
GRD,2021,0.0,0.0,0.0,0.0,0.0,0.0,41,10,0.24390243902439024
GRD,2022,0.0,0.0,0.0,0.0,0.0,0.0,78,30,0.38461538461538464
GRD,2023,0.0,0.0,0.0,0.0,0.0,0.0,77,29,0.37662337662337664
GRD,2024,0.0,0.0,0.0,0.0,0.0,0.0,105,20,0.19047619047619047
GRD,2025,0.0,0.0,0.0,0.0,0.0,0.0,154,8,0.05194805194805195
GTM,1950,0.0,0.0,0.0,0.0,0.0,0.0,34,0,0.0
GTM,1953,0.0,0.0,0.0,0.0,0.0,0.0,44,0,0.0
GTM,1954,0.0,0.0,0.0,0.0,0.0,0.0,24,0,0.0
GTM,1956,0.0,0.0,0.0,0.0,0.0,0.0,62,0,0.0
GTM,1957,0.0,0.0,0.0,0.0,0.0,0.0,52,0,0.0
GTM,1958,0.0,0.0,0.0,0.0,0.0,0.0,31,0,0.0
GTM,1959,0.0,0.0,0.0,0.0,0.0,0.0,29,0,0.0
GTM,1960,0.0,0.0,0.0,0.0,0.0,0.0,49,0,0.0
GTM,1961,0.0,0.0,0.0,0.0,0.0,0.0,50,0,0.0
GTM,1962,0.0,0.0,0.0,0.0,0.0,0.0,42,0,0.0
GTM,1963,0.0,0.0,0.0,0.0,0.0,0.0,82,3,0.036585365853658534
GTM,1964,0.0,0.0,0.0,0.0,0.0,0.0,101,0,0.0
GTM,1965,0.0,0.0,1.0,0.0,0.0,0.0,79,1,0.012658227848101266
GTM,1966,0.0,0.0,0.0,0.0,0.0,0.0,153,0,0.0
GTM,1967,0.0,0.0,0.0,0.0,0.0,0.0,109,0,0.0
GTM,1970,0.0,0.0,0.0,0.0,0.0,0.0,39,0,0.0
GTM,1971,0.0,0.0,0.0,0.0,0.0,0.0,31,0,0.0
GTM,1972,0.0,0.0,0.0,0.0,0.0,0.0,34,3,0.08823529411764706
GTM,1973,0.0,0.0,0.0,0.0,0.0,0.0,39,1,0.02564102564102564
GTM,1974,0.0,0.0,0.0,0.0,0.0,0.0,34,2,0.058823529411764705
GTM,1975,0.0,0.0,0.0,0.0,0.0,0.0,68,0,0.0
GTM,1976,0.0,0.0,0.0,0.0,0.0,0.0,32,3,0.09375
GTM,1977,0.0,0.0,0.0,0.0,0.0,0.0,38,1,0.02631578947368421
GTM,1978,0.0,0.0,0.0,0.0,0.0,0.0,110,4,0.03636363636363636
GTM,1979,0.0,0.0,1.0,0.0,0.0,0.0,29,0,0.0
GTM,1980,1.0,0.0,1.0,0.0,0.0,0.0,84,4,0.047619047619047616
GTM,1981,0.0,0.0,2.0,0.0,0.0,0.0,67,10,0.14925373134328357
GTM,1982,0.0,0.0,0.0,0.0,0.0,0.0,126,2,0.015873015873015872
GTM,1983,0.0,0.0,0.0,0.0,0.0,0.0,114,0,0.0
GTM,1984,0.0,0.0,0.0,0.0,0.0,0.0,113,2,0.017699115044247787
GTM,1985,0.0,0.0,0.0,0.0,0.0,0.0,107,2,0.018691588785046728
GTM,1986,0.0,0.0,0.0,0.0,0.0,0.0,126,1,0.007936507936507936
GTM,1987,0.0,0.0,0.0,0.0,0.0,0.0,75,1,0.013333333333333334
GTM,1988,0.0,0.0,0.0,0.0,0.0,0.0,73,1,0.0136986301369863
GTM,1989,0.0,0.0,0.0,0.0,0.0,0.0,109,15,0.13761467889908258
GTM,1990,0.0,0.0,0.0,0.0,0.0,0.0,117,4,0.03418803418803419
GTM,1991,0.0,0.0,0.0,0.0,0.0,0.0,62,2,0.03225806451612903
GTM,1992,0.0,0.0,0.0,0.0,0.0,0.0,114,2,0.017543859649122806
GTM,1993,0.0,0.0,0.0,0.0,0.0,0.0,44,4,0.09090909090909091
GTM,1994,0.0,0.0,0.0,0.0,0.0,0.0,64,0,0.0
GTM,1995,0.0,0.0,0.0,0.0,0.0,0.0,39,0,0.0
GTM,1996,0.0,0.0,0.0,0.0,0.0,0.0,70,0,0.0
GTM,1997,0.0,0.0,0.0,0.0,0.0,0.0,26,1,0.038461538461538464
GTM,1998,0.0,0.0,0.0,0.0,0.0,0.0,36,0,0.0
GTM,1999,0.0,0.0,0.0,0.0,0.0,0.0,40,2,0.05
GTM,2000,0.0,0.0,0.0,0.0,0.0,0.0,46,2,0.043478260869565216
GTM,2001,0.0,0.0,0.0,0.0,0.0,0.0,43,3,0.06976744186046512
GTM,2002,0.0,0.0,0.0,0.0,0.0,0.0,56,3,0.05357142857142857
GTM,2003,0.0,0.0,0.0,0.0,0.0,0.0,60,2,0.03333333333333333
GTM,2004,0.0,0.0,0.0,0.0,0.0,0.0,34,2,0.058823529411764705
GTM,2005,0.0,0.0,0.0,0.0,0.0,0.0,42,3,0.07142857142857142
GTM,2006,0.0,0.0,0.0,0.0,0.0,0.0,86,3,0.03488372093023256
GTM,2007,0.0,0.0,0.0,0.0,0.0,0.0,67,4,0.05970149253731343
GTM,2008,0.0,0.0,0.0,0.0,0.0,0.0,74,5,0.06756756756756757
GTM,2009,0.0,0.0,0.0,0.0,0.0,0.0,90,8,0.08888888888888889
GTM,2010,0.0,0.0,0.0,0.0,0.0,0.0,61,10,0.16393442622950818
GTM,2011,0.0,0.0,0.0,0.0,0.0,0.0,93,6,0.06451612903225806
GTM,2012,0.0,0.0,0.0,0.0,0.0,0.0,45,0,0.0
GTM,2013,0.0,0.0,0.0,0.0,0.0,0.0,49,2,0.04081632653061224
GTM,2014,0.0,0.0,1.0,0.0,0.0,0.0,46,13,0.2826086956521739
GTM,2015,0.0,0.0,1.0,0.0,0.0,0.0,51,8,0.1568627450980392
GTM,2016,0.0,0.0,0.0,0.0,0.0,0.0,45,4,0.08888888888888889
GTM,2017,0.0,0.0,0.0,0.0,0.0,0.0,46,6,0.13043478260869565
GTM,2018,0.0,0.0,0.0,0.0,0.0,0.0,71,6,0.08450704225352113
GTM,2019,0.0,0.0,0.0,0.0,0.0,0.0,82,10,0.12195121951219512
GTM,2020,0.0,0.0,0.0,0.0,0.0,0.0,42,4,0.09523809523809523
GTM,2021,0.0,0.0,0.0,0.0,0.0,0.0,63,15,0.23809523809523808
GTM,2022,0.0,0.0,0.0,0.0,0.0,0.0,62,16,0.25806451612903225
GTM,2023,0.0,0.0,0.0,0.0,0.0,0.0,108,12,0.1111111111111111
GTM,2024,0.0,0.0,0.0,0.0,0.0,1.0,66,8,0.12121212121212122
GTM,2025,0.0,0.0,0.0,0.0,0.0,0.0,104,9,0.08653846153846154
GUY,1966,0.0,0.0,0.0,0.0,0.0,0.0,43,0,0.0
GUY,1967,0.0,0.0,0.0,0.0,0.0,0.0,77,1,0.012987012987012988
GUY,1968,0.0,0.0,1.0,0.0,0.0,0.0,174,3,0.017241379310344827
GUY,1969,0.0,0.0,0.0,0.0,0.0,0.0,143,3,0.02097902097902098
GUY,1971,0.0,0.0,0.0,0.0,0.0,0.0,94,1,0.010638297872340425
GUY,1972,0.0,0.0,0.0,0.0,0.0,0.0,70,11,0.15714285714285714
GUY,1973,0.0,0.0,0.0,0.0,0.0,0.0,73,2,0.0273972602739726
GUY,1974,0.0,0.0,0.0,0.0,0.0,0.0,121,4,0.03305785123966942
GUY,1975,0.0,0.0,0.0,0.0,0.0,0.0,115,1,0.008695652173913044
GUY,1976,0.0,0.0,0.0,0.0,0.0,0.0,90,1,0.011111111111111112
GUY,1978,0.0,0.0,0.0,0.0,0.0,0.0,74,2,0.02702702702702703
GUY,1979,0.0,0.0,0.0,0.0,0.0,0.0,69,5,0.07246376811594203
GUY,1980,0.0,0.0,0.0,0.0,0.0,0.0,94,2,0.02127659574468085
GUY,1981,0.0,0.0,1.0,0.0,0.0,0.0,170,13,0.07647058823529412
GUY,1982,0.0,0.0,1.0,0.0,0.0,0.0,115,2,0.017391304347826087
GUY,1983,0.0,0.0,0.0,0.0,0.0,0.0,95,1,0.010526315789473684
GUY,1984,0.0,0.0,0.0,0.0,0.0,0.0,125,5,0.04
GUY,1985,0.0,0.0,0.0,0.0,0.0,0.0,73,2,0.0273972602739726
GUY,1986,0.0,0.0,0.0,0.0,0.0,0.0,82,0,0.0
GUY,1987,0.0,0.0,0.0,0.0,0.0,0.0,98,9,0.09183673469387756
GUY,1989,0.0,0.0,0.0,0.0,0.0,0.0,115,12,0.10434782608695652
GUY,1990,0.0,0.0,0.0,0.0,0.0,0.0,92,4,0.043478260869565216
GUY,1991,0.0,0.0,0.0,0.0,0.0,0.0,140,9,0.06428571428571428
GUY,1993,0.0,0.0,0.0,0.0,0.0,0.0,122,10,0.08196721311475409
GUY,1994,0.0,0.0,0.0,0.0,0.0,0.0,34,1,0.029411764705882353
GUY,1995,0.0,0.0,0.0,0.0,0.0,0.0,89,9,0.10112359550561797
GUY,1996,0.0,0.0,0.0,0.0,0.0,0.0,60,6,0.1
GUY,1997,0.0,0.0,1.0,0.0,0.0,0.0,84,5,0.05952380952380952
GUY,1998,0.0,0.0,0.0,0.0,0.0,0.0,61,8,0.13114754098360656
GUY,1999,0.0,0.0,0.0,0.0,0.0,0.0,52,0,0.0
GUY,2000,0.0,0.0,0.0,0.0,0.0,0.0,47,3,0.06382978723404255
GUY,2001,0.0,0.0,0.0,0.0,0.0,0.0,42,1,0.023809523809523808
GUY,2002,0.0,0.0,0.0,0.0,0.0,0.0,40,1,0.025
GUY,2003,0.0,0.0,0.0,0.0,0.0,0.0,39,2,0.05128205128205128
GUY,2004,0.0,0.0,0.0,0.0,0.0,0.0,56,4,0.07142857142857142
GUY,2005,0.0,0.0,0.0,0.0,0.0,0.0,55,4,0.07272727272727272
GUY,2006,0.0,0.0,0.0,0.0,0.0,0.0,71,8,0.11267605633802817
GUY,2007,0.0,0.0,0.0,0.0,0.0,0.0,59,26,0.4406779661016949
GUY,2008,0.0,0.0,0.0,0.0,0.0,0.0,71,21,0.29577464788732394
GUY,2009,0.0,0.0,0.0,0.0,0.0,2.0,62,25,0.4032258064516129
GUY,2010,0.0,0.0,0.0,0.0,0.0,0.0,76,37,0.4868421052631579
GUY,2011,0.0,0.0,0.0,0.0,0.0,0.0,86,26,0.3023255813953488
GUY,2012,0.0,0.0,0.0,0.0,0.0,0.0,72,13,0.18055555555555555
GUY,2013,0.0,0.0,0.0,0.0,0.0,0.0,73,12,0.1643835616438356
GUY,2014,0.0,0.0,0.0,0.0,0.0,0.0,73,10,0.136986301369863
GUY,2015,0.0,0.0,0.0,0.0,0.0,0.0,48,4,0.08333333333333333
GUY,2016,0.0,0.0,0.0,0.0,0.0,0.0,58,34,0.5862068965517241
GUY,2017,0.0,0.0,0.0,0.0,0.0,0.0,58,15,0.25862068965517243
GUY,2018,0.0,0.0,0.0,0.0,0.0,0.0,57,6,0.10526315789473684
GUY,2019,0.0,0.0,0.0,0.0,0.0,0.0,62,12,0.1935483870967742
GUY,2020,0.0,0.0,0.0,0.0,0.0,0.0,60,18,0.3
GUY,2021,0.0,0.0,0.0,0.0,0.0,0.0,81,24,0.2962962962962963
GUY,2022,0.0,0.0,0.0,0.0,0.0,0.0,81,35,0.43209876543209874
GUY,2023,0.0,0.0,0.0,0.0,0.0,2.0,98,34,0.3469387755102041
GUY,2024,0.0,0.0,0.0,0.0,0.0,0.0,89,26,0.29213483146067415
GUY,2025,0.0,0.0,0.0,0.0,0.0,0.0,101,25,0.24752475247524752
HND,1950,0.0,0.0,0.0,0.0,0.0,0.0,13,0,0.0
HND,1951,0.0,0.0,0.0,0.0,0.0,0.0,12,0,0.0
HND,1957,0.0,0.0,0.0,0.0,0.0,0.0,32,0,0.0
HND,1959,0.0,0.0,0.0,0.0,0.0,0.0,73,2,0.0273972602739726
HND,1960,0.0,0.0,0.0,0.0,0.0,0.0,8,0,0.0
HND,1961,0.0,0.0,0.0,0.0,0.0,0.0,37,0,0.0
HND,1962,0.0,0.0,0.0,0.0,0.0,0.0,77,4,0.05194805194805195
HND,1964,0.0,0.0,0.0,0.0,0.0,0.0,26,0,0.0
HND,1965,0.0,0.0,0.0,0.0,0.0,0.0,44,0,0.0
HND,1966,0.0,0.0,0.0,0.0,0.0,0.0,83,1,0.012048192771084338
HND,1968,0.0,0.0,0.0,0.0,0.0,0.0,93,0,0.0
HND,1969,0.0,0.0,0.0,0.0,0.0,0.0,110,0,0.0
HND,1970,0.0,0.0,0.0,0.0,0.0,0.0,47,1,0.02127659574468085
HND,1972,0.0,0.0,0.0,0.0,0.0,0.0,42,2,0.047619047619047616
HND,1973,0.0,0.0,0.0,0.0,0.0,0.0,44,1,0.022727272727272728
HND,1974,0.0,0.0,0.0,0.0,0.0,0.0,14,3,0.21428571428571427
HND,1975,0.0,0.0,0.0,0.0,0.0,0.0,54,0,0.0
HND,1976,0.0,0.0,0.0,0.0,0.0,0.0,43,4,0.09302325581395349
HND,1977,0.0,0.0,0.0,0.0,0.0,0.0,80,4,0.05
HND,1978,0.0,0.0,1.0,0.0,0.0,0.0,80,2,0.025
HND,1979,0.0,0.0,0.0,0.0,0.0,0.0,48,2,0.041666666666666664
HND,1980,0.0,0.0,1.0,0.0,0.0,0.0,45,1,0.022222222222222223
HND,1981,0.0,0.0,0.0,0.0,0.0,0.0,36,1,0.027777777777777776
HND,1982,0.0,0.0,0.0,0.0,0.0,0.0,81,1,0.012345679012345678
HND,1983,0.0,0.0,0.0,0.0,0.0,0.0,56,1,0.017857142857142856
HND,1984,0.0,0.0,0.0,0.0,0.0,0.0,94,0,0.0
HND,1985,0.0,0.0,0.0,0.0,0.0,0.0,75,0,0.0
HND,1986,0.0,0.0,0.0,0.0,0.0,0.0,66,0,0.0
HND,1987,0.0,0.0,0.0,0.0,0.0,0.0,82,2,0.024390243902439025
HND,1988,0.0,0.0,0.0,0.0,0.0,0.0,70,1,0.014285714285714285
HND,1989,0.0,0.0,0.0,0.0,0.0,0.0,87,7,0.08045977011494253
HND,1990,0.0,0.0,0.0,0.0,0.0,0.0,65,5,0.07692307692307693
HND,1991,1.0,0.0,0.0,0.0,0.0,0.0,49,6,0.12244897959183673
HND,1992,0.0,0.0,0.0,0.0,0.0,0.0,55,4,0.07272727272727272
HND,1993,0.0,0.0,0.0,0.0,0.0,0.0,13,3,0.23076923076923078
HND,1994,0.0,0.0,0.0,0.0,0.0,0.0,62,5,0.08064516129032258
HND,1995,0.0,0.0,0.0,0.0,0.0,0.0,46,2,0.043478260869565216
HND,1996,0.0,0.0,0.0,0.0,0.0,0.0,44,0,0.0
HND,1997,0.0,0.0,0.0,0.0,0.0,0.0,46,2,0.043478260869565216
HND,1998,0.0,0.0,0.0,0.0,0.0,0.0,51,1,0.0196078431372549
HND,1999,0.0,0.0,0.0,0.0,0.0,0.0,41,2,0.04878048780487805
HND,2000,0.0,0.0,0.0,0.0,0.0,0.0,45,6,0.13333333333333333
HND,2001,0.0,0.0,0.0,0.0,0.0,0.0,48,6,0.125
HND,2002,0.0,0.0,0.0,0.0,0.0,0.0,39,2,0.05128205128205128
HND,2003,0.0,0.0,0.0,0.0,0.0,0.0,65,0,0.0
HND,2004,0.0,0.0,0.0,0.0,0.0,0.0,75,5,0.06666666666666667
HND,2006,0.0,0.0,0.0,0.0,0.0,0.0,53,2,0.03773584905660377
HND,2007,0.0,0.0,0.0,0.0,0.0,0.0,93,12,0.12903225806451613
HND,2008,0.0,0.0,0.0,0.0,0.0,0.0,115,3,0.02608695652173913
HND,2009,0.0,0.0,0.0,0.0,0.0,0.0,93,2,0.021505376344086023
HND,2010,0.0,0.0,0.0,0.0,0.0,0.0,80,8,0.1
HND,2011,0.0,0.0,0.0,0.0,0.0,0.0,65,3,0.046153846153846156
HND,2012,0.0,0.0,0.0,0.0,0.0,0.0,50,2,0.04
HND,2013,0.0,0.0,0.0,0.0,0.0,0.0,54,4,0.07407407407407407
HND,2014,0.0,0.0,0.0,0.0,0.0,0.0,82,7,0.08536585365853659
HND,2015,0.0,0.0,0.0,0.0,0.0,0.0,17,2,0.11764705882352941
HND,2016,0.0,0.0,0.0,0.0,0.0,0.0,79,10,0.12658227848101267
HND,2017,0.0,0.0,0.0,0.0,0.0,0.0,59,6,0.1016949152542373
HND,2018,1.0,0.0,0.0,0.0,0.0,0.0,63,10,0.15873015873015872
HND,2019,1.0,0.0,0.0,0.0,0.0,0.0,72,17,0.2361111111111111
HND,2020,0.0,0.0,0.0,0.0,0.0,0.0,45,8,0.17777777777777778
HND,2021,0.0,0.0,0.0,0.0,0.0,0.0,105,14,0.13333333333333333
HND,2022,0.0,0.0,0.0,0.0,0.0,0.0,35,3,0.08571428571428572
HND,2023,0.0,0.0,0.0,0.0,0.0,0.0,48,3,0.0625
HND,2024,0.0,0.0,0.0,0.0,0.0,0.0,53,4,0.07547169811320754
HND,2025,0.0,0.0,0.0,0.0,0.0,0.0,66,7,0.10606060606060606
HRV,1992,0.0,0.0,0.0,0.0,0.0,0.0,122,6,0.04918032786885246
HRV,1993,0.0,0.0,0.0,0.0,0.0,0.0,103,1,0.009708737864077669
HRV,1994,0.0,0.0,0.0,0.0,1.0,0.0,82,2,0.024390243902439025
HRV,1995,0.0,0.0,0.0,0.0,0.0,0.0,44,1,0.022727272727272728
HRV,1996,0.0,0.0,0.0,0.0,0.0,0.0,40,0,0.0
HRV,1997,0.0,0.0,0.0,0.0,0.0,0.0,55,1,0.01818181818181818
HRV,1998,0.0,0.0,0.0,0.0,0.0,0.0,65,1,0.015384615384615385
HRV,1999,0.0,0.0,0.0,0.0,0.0,0.0,53,2,0.03773584905660377
HRV,2000,0.0,0.0,0.0,0.0,0.0,0.0,104,1,0.009615384615384616
HRV,2001,0.0,0.0,0.0,0.0,0.0,0.0,37,0,0.0
HRV,2002,0.0,0.0,0.0,0.0,0.0,0.0,51,1,0.0196078431372549
HRV,2003,0.0,0.0,0.0,0.0,0.0,0.0,45,0,0.0
HRV,2004,0.0,0.0,0.0,0.0,0.0,0.0,34,3,0.08823529411764706
HRV,2005,0.0,0.0,0.0,0.0,0.0,0.0,65,4,0.06153846153846154
HRV,2006,0.0,0.0,0.0,0.0,0.0,0.0,113,5,0.04424778761061947
HRV,2007,0.0,0.0,0.0,0.0,0.0,0.0,44,5,0.11363636363636363
HRV,2008,0.0,0.0,0.0,0.0,0.0,0.0,85,3,0.03529411764705882
HRV,2009,0.0,0.0,0.0,0.0,0.0,0.0,30,0,0.0
HRV,2010,0.0,0.0,0.0,0.0,0.0,0.0,48,5,0.10416666666666667
HRV,2011,0.0,0.0,0.0,0.0,0.0,0.0,81,6,0.07407407407407407
HRV,2012,0.0,0.0,0.0,0.0,0.0,0.0,85,6,0.07058823529411765
HRV,2013,0.0,0.0,0.0,0.0,0.0,0.0,77,8,0.1038961038961039
HRV,2014,0.0,0.0,0.0,0.0,0.0,0.0,65,12,0.18461538461538463
HRV,2015,0.0,0.0,0.0,0.0,0.0,0.0,120,11,0.09166666666666666
HRV,2016,0.0,0.0,0.0,0.0,0.0,0.0,88,10,0.11363636363636363
HRV,2017,0.0,0.0,0.0,0.0,0.0,0.0,62,7,0.11290322580645161
HRV,2018,0.0,0.0,0.0,0.0,0.0,0.0,92,26,0.2826086956521739
HRV,2019,0.0,0.0,0.0,0.0,0.0,0.0,69,33,0.4782608695652174
HRV,2020,0.0,0.0,0.0,0.0,0.0,0.0,9,2,0.2222222222222222
HRV,2021,0.0,0.0,0.0,0.0,0.0,0.0,83,9,0.10843373493975904
HRV,2022,0.0,0.0,0.0,0.0,0.0,0.0,73,16,0.2191780821917808
HRV,2023,0.0,0.0,0.0,0.0,0.0,1.0,58,24,0.41379310344827586
HRV,2024,0.0,0.0,0.0,0.0,0.0,0.0,114,19,0.16666666666666666
HRV,2025,0.0,0.0,0.0,0.0,0.0,2.0,105,13,0.12380952380952381
HTI,1946,0.0,0.0,0.0,0.0,0.0,0.0,8,0,0.0
HTI,1951,0.0,0.0,0.0,0.0,0.0,0.0,38,0,0.0
HTI,1955,0.0,0.0,0.0,0.0,0.0,0.0,13,0,0.0
HTI,1956,0.0,0.0,0.0,0.0,0.0,0.0,52,0,0.0
HTI,1959,0.0,0.0,0.0,0.0,0.0,0.0,69,1,0.014492753623188406
HTI,1960,0.0,0.0,0.0,0.0,0.0,0.0,83,0,0.0
HTI,1961,0.0,0.0,0.0,0.0,0.0,0.0,74,2,0.02702702702702703
HTI,1962,0.0,0.0,0.0,0.0,0.0,0.0,40,0,0.0
HTI,1963,0.0,0.0,0.0,0.0,0.0,0.0,62,4,0.06451612903225806
HTI,1964,0.0,0.0,0.0,0.0,0.0,0.0,46,1,0.021739130434782608
HTI,1965,0.0,0.0,0.0,0.0,0.0,0.0,85,2,0.023529411764705882
HTI,1966,0.0,0.0,0.0,0.0,0.0,0.0,132,5,0.03787878787878788
HTI,1968,0.0,0.0,0.0,0.0,0.0,0.0,113,2,0.017699115044247787
HTI,1969,0.0,0.0,0.0,0.0,0.0,0.0,139,6,0.04316546762589928
HTI,1970,0.0,0.0,0.0,0.0,0.0,0.0,41,0,0.0
HTI,1971,0.0,0.0,1.0,0.0,0.0,0.0,52,1,0.019230769230769232
HTI,1972,0.0,0.0,0.0,0.0,0.0,0.0,93,6,0.06451612903225806
HTI,1973,0.0,0.0,0.0,0.0,0.0,0.0,48,5,0.10416666666666667
HTI,1974,0.0,0.0,0.0,0.0,0.0,0.0,53,0,0.0
HTI,1977,0.0,0.0,0.0,0.0,0.0,0.0,81,4,0.04938271604938271
HTI,1978,0.0,0.0,0.0,0.0,0.0,0.0,93,0,0.0
HTI,1979,0.0,0.0,0.0,0.0,0.0,0.0,24,1,0.041666666666666664
HTI,1980,0.0,0.0,0.0,0.0,0.0,0.0,78,0,0.0
HTI,1981,0.0,0.0,0.0,0.0,0.0,0.0,104,2,0.019230769230769232
HTI,1982,0.0,0.0,0.0,0.0,0.0,0.0,60,0,0.0
HTI,1983,0.0,0.0,0.0,0.0,0.0,0.0,42,0,0.0
HTI,1984,0.0,0.0,0.0,0.0,0.0,0.0,41,1,0.024390243902439025
HTI,1985,0.0,0.0,0.0,0.0,0.0,0.0,57,1,0.017543859649122806
HTI,1986,0.0,0.0,0.0,0.0,0.0,0.0,55,2,0.03636363636363636
HTI,1987,0.0,0.0,0.0,0.0,0.0,0.0,56,1,0.017857142857142856
HTI,1988,0.0,0.0,0.0,0.0,0.0,0.0,54,3,0.05555555555555555
HTI,1989,0.0,0.0,0.0,0.0,0.0,0.0,61,2,0.03278688524590164
HTI,1990,0.0,0.0,0.0,0.0,0.0,0.0,69,3,0.043478260869565216
HTI,1991,0.0,0.0,0.0,0.0,0.0,0.0,191,3,0.015706806282722512
HTI,1992,0.0,0.0,0.0,0.0,0.0,0.0,155,3,0.01935483870967742
HTI,1993,0.0,0.0,0.0,0.0,0.0,0.0,48,3,0.0625
HTI,1994,1.0,0.0,0.0,0.0,0.0,0.0,96,6,0.0625
HTI,1995,0.0,0.0,0.0,0.0,0.0,0.0,61,3,0.04918032786885246
HTI,1996,0.0,0.0,0.0,0.0,0.0,0.0,44,4,0.09090909090909091
HTI,1997,0.0,0.0,0.0,0.0,0.0,0.0,50,0,0.0
HTI,1998,0.0,0.0,0.0,0.0,0.0,0.0,55,3,0.05454545454545454
HTI,1999,0.0,0.0,0.0,0.0,0.0,0.0,29,1,0.034482758620689655
HTI,2000,0.0,0.0,0.0,0.0,0.0,0.0,44,2,0.045454545454545456
HTI,2001,0.0,0.0,0.0,0.0,0.0,0.0,39,0,0.0
HTI,2002,0.0,0.0,0.0,0.0,0.0,0.0,44,0,0.0
HTI,2003,0.0,0.0,0.0,0.0,0.0,0.0,28,4,0.14285714285714285
HTI,2004,0.0,0.0,0.0,0.0,0.0,0.0,32,1,0.03125
HTI,2005,0.0,0.0,0.0,0.0,0.0,0.0,29,2,0.06896551724137931
HTI,2006,0.0,0.0,0.0,0.0,0.0,0.0,93,5,0.053763440860215055
HTI,2007,0.0,0.0,0.0,0.0,0.0,0.0,47,3,0.06382978723404255
HTI,2008,0.0,0.0,0.0,0.0,0.0,0.0,51,8,0.1568627450980392
HTI,2009,0.0,0.0,0.0,0.0,0.0,0.0,35,4,0.11428571428571428
HTI,2010,0.0,0.0,0.0,0.0,0.0,0.0,43,7,0.16279069767441862
HTI,2011,0.0,0.0,0.0,0.0,0.0,0.0,64,6,0.09375
HTI,2012,0.0,0.0,0.0,0.0,0.0,0.0,25,2,0.08
HTI,2013,1.0,0.0,0.0,0.0,0.0,0.0,82,13,0.15853658536585366
HTI,2014,0.0,0.0,0.0,0.0,0.0,0.0,46,5,0.10869565217391304
HTI,2015,0.0,0.0,0.0,0.0,0.0,0.0,44,6,0.13636363636363635
HTI,2016,0.0,0.0,0.0,0.0,0.0,0.0,62,6,0.0967741935483871
HTI,2017,0.0,0.0,0.0,0.0,0.0,0.0,67,19,0.2835820895522388
HTI,2018,0.0,0.0,0.0,0.0,0.0,0.0,48,19,0.3958333333333333
HTI,2019,1.0,0.0,0.0,0.0,0.0,0.0,49,12,0.24489795918367346
HTI,2020,1.0,0.0,0.0,0.0,0.0,0.0,24,6,0.25
HTI,2021,0.0,0.0,0.0,0.0,0.0,0.0,64,8,0.125
HTI,2022,0.0,0.0,0.0,0.0,0.0,0.0,93,7,0.07526881720430108
HTI,2023,0.0,0.0,0.0,0.0,0.0,0.0,71,6,0.08450704225352113
HTI,2024,0.0,0.0,0.0,0.0,0.0,1.0,94,9,0.09574468085106383
HTI,2025,0.0,0.0,0.0,0.0,0.0,0.0,117,5,0.042735042735042736
HUN,1956,0.0,0.0,0.0,0.0,0.0,0.0,58,1,0.017241379310344827
HUN,1957,0.0,0.0,0.0,0.0,0.0,0.0,116,2,0.017241379310344827
HUN,1958,0.0,0.0,0.0,0.0,0.0,0.0,164,1,0.006097560975609756
HUN,1959,0.0,0.0,0.0,0.0,0.0,0.0,103,7,0.06796116504854369
HUN,1960,0.0,0.0,0.0,0.0,0.0,0.0,220,2,0.00909090909090909
HUN,1961,0.0,0.0,0.0,0.0,0.0,0.0,195,7,0.035897435897435895
HUN,1962,0.0,0.0,0.0,0.0,0.0,0.0,164,2,0.012195121951219513
HUN,1963,0.0,0.0,0.0,0.0,0.0,0.0,92,4,0.043478260869565216
HUN,1964,0.0,0.0,0.0,0.0,0.0,0.0,116,2,0.017241379310344827
HUN,1965,0.0,0.0,0.0,0.0,0.0,0.0,141,0,0.0
HUN,1966,0.0,0.0,0.0,0.0,0.0,0.0,99,0,0.0
HUN,1967,0.0,0.0,0.0,0.0,0.0,0.0,129,0,0.0
HUN,1968,0.0,0.0,0.0,0.0,0.0,0.0,124,5,0.04032258064516129
HUN,1969,0.0,0.0,0.0,0.0,0.0,0.0,107,2,0.018691588785046728
HUN,1971,0.0,0.0,0.0,0.0,0.0,0.0,96,2,0.020833333333333332
HUN,1972,0.0,0.0,0.0,0.0,0.0,0.0,118,0,0.0
HUN,1973,0.0,0.0,0.0,0.0,0.0,0.0,165,8,0.048484848484848485
HUN,1974,0.0,0.0,0.0,0.0,0.0,0.0,96,2,0.020833333333333332
HUN,1975,0.0,0.0,0.0,0.0,0.0,0.0,69,1,0.014492753623188406
HUN,1976,0.0,0.0,0.0,0.0,0.0,0.0,80,4,0.05
HUN,1977,0.0,0.0,0.0,0.0,0.0,0.0,69,3,0.043478260869565216
HUN,1978,0.0,0.0,0.0,0.0,0.0,0.0,68,6,0.08823529411764706
HUN,1979,0.0,0.0,0.0,0.0,0.0,0.0,21,0,0.0
HUN,1980,0.0,0.0,0.0,0.0,0.0,0.0,73,2,0.0273972602739726
HUN,1981,0.0,0.0,0.0,0.0,0.0,0.0,80,3,0.0375
HUN,1982,0.0,0.0,0.0,0.0,0.0,0.0,85,8,0.09411764705882353
HUN,1983,0.0,0.0,0.0,0.0,0.0,0.0,68,3,0.04411764705882353
HUN,1984,0.0,0.0,0.0,0.0,0.0,0.0,64,2,0.03125
HUN,1985,0.0,0.0,0.0,0.0,0.0,0.0,89,4,0.0449438202247191
HUN,1986,0.0,0.0,0.0,0.0,0.0,0.0,77,1,0.012987012987012988
HUN,1987,0.0,0.0,0.0,0.0,0.0,0.0,87,3,0.034482758620689655
HUN,1988,0.0,0.0,0.0,0.0,0.0,0.0,108,2,0.018518518518518517
HUN,1989,0.0,0.0,0.0,0.0,0.0,0.0,79,2,0.02531645569620253
HUN,1990,0.0,0.0,0.0,0.0,0.0,0.0,91,1,0.01098901098901099
HUN,1991,0.0,0.0,0.0,0.0,0.0,0.0,69,0,0.0
HUN,1992,0.0,0.0,1.0,0.0,0.0,0.0,100,1,0.01
HUN,1993,0.0,0.0,0.0,0.0,0.0,0.0,44,2,0.045454545454545456
HUN,1994,0.0,0.0,0.0,0.0,0.0,0.0,47,1,0.02127659574468085
HUN,1995,0.0,0.0,0.0,0.0,0.0,0.0,39,1,0.02564102564102564
HUN,1996,0.0,0.0,0.0,0.0,0.0,0.0,50,0,0.0
HUN,1997,0.0,0.0,0.0,0.0,0.0,0.0,44,1,0.022727272727272728
HUN,1998,0.0,0.0,0.0,0.0,0.0,0.0,59,4,0.06779661016949153
HUN,1999,0.0,0.0,0.0,0.0,0.0,0.0,41,0,0.0
HUN,2000,0.0,0.0,0.0,0.0,0.0,0.0,37,1,0.02702702702702703
HUN,2001,0.0,0.0,0.0,0.0,0.0,0.0,49,0,0.0
HUN,2002,0.0,0.0,0.0,0.0,0.0,0.0,44,1,0.022727272727272728
HUN,2003,0.0,0.0,0.0,0.0,0.0,0.0,37,0,0.0
HUN,2004,0.0,0.0,0.0,0.0,0.0,0.0,44,0,0.0
HUN,2005,0.0,0.0,0.0,0.0,0.0,0.0,41,0,0.0
HUN,2006,0.0,0.0,0.0,0.0,0.0,0.0,66,3,0.045454545454545456
HUN,2007,0.0,0.0,0.0,0.0,0.0,0.0,121,11,0.09090909090909091
HUN,2008,0.0,0.0,0.0,0.0,0.0,0.0,82,5,0.06097560975609756
HUN,2009,0.0,0.0,0.0,0.0,0.0,0.0,62,8,0.12903225806451613
HUN,2010,0.0,0.0,0.0,0.0,0.0,0.0,54,8,0.14814814814814814
HUN,2011,0.0,0.0,0.0,0.0,0.0,0.0,50,8,0.16
HUN,2012,0.0,0.0,0.0,0.0,0.0,0.0,38,21,0.5526315789473685
HUN,2013,0.0,0.0,0.0,0.0,0.0,0.0,53,12,0.22641509433962265
HUN,2014,0.0,0.0,0.0,0.0,0.0,0.0,50,29,0.58
HUN,2015,0.0,0.0,0.0,0.0,0.0,0.0,71,7,0.09859154929577464
HUN,2016,0.0,0.0,0.0,0.0,0.0,0.0,55,0,0.0
HUN,2017,0.0,0.0,0.0,0.0,0.0,0.0,51,0,0.0
HUN,2018,0.0,0.0,0.0,0.0,0.0,0.0,77,2,0.025974025974025976
HUN,2019,0.0,0.0,0.0,0.0,0.0,0.0,89,4,0.0449438202247191
HUN,2020,0.0,0.0,0.0,0.0,1.0,0.0,6,4,0.6666666666666666
HUN,2021,0.0,0.0,0.0,0.0,0.0,0.0,65,2,0.03076923076923077
HUN,2022,0.0,0.0,0.0,0.0,0.0,0.0,40,0,0.0
HUN,2023,0.0,0.0,0.0,0.0,0.0,0.0,74,3,0.04054054054054054
HUN,2024,0.0,0.0,0.0,0.0,0.0,0.0,108,6,0.05555555555555555
HUN,2025,0.0,0.0,0.0,0.0,0.0,0.0,122,4,0.03278688524590164
IDN,1951,0.0,0.0,0.0,0.0,0.0,0.0,58,0,0.0
IDN,1952,0.0,0.0,0.0,0.0,0.0,0.0,84,0,0.0
IDN,1953,0.0,0.0,0.0,0.0,0.0,0.0,72,2,0.027777777777777776
IDN,1954,0.0,0.0,0.0,0.0,0.0,0.0,115,0,0.0
IDN,1955,0.0,0.0,0.0,0.0,0.0,0.0,158,5,0.03164556962025317
IDN,1956,0.0,0.0,0.0,0.0,0.0,0.0,98,0,0.0
IDN,1957,0.0,0.0,0.0,0.0,0.0,0.0,94,2,0.02127659574468085
IDN,1958,0.0,0.0,0.0,0.0,0.0,0.0,138,1,0.007246376811594203
IDN,1959,0.0,0.0,0.0,0.0,0.0,0.0,156,3,0.019230769230769232
IDN,1960,0.0,0.0,0.0,0.0,0.0,0.0,520,10,0.019230769230769232
IDN,1961,0.0,0.0,0.0,0.0,0.0,0.0,339,6,0.017699115044247787
IDN,1962,0.0,0.0,0.0,0.0,0.0,0.0,205,5,0.024390243902439025
IDN,1963,0.0,0.0,0.0,0.0,0.0,0.0,215,0,0.0
IDN,1964,0.0,0.0,0.0,0.0,0.0,0.0,112,1,0.008928571428571428
IDN,1966,0.0,0.0,0.0,0.0,0.0,0.0,38,0,0.0
IDN,1967,0.0,0.0,0.0,0.0,0.0,0.0,104,1,0.009615384615384616
IDN,1968,0.0,0.0,0.0,0.0,0.0,0.0,130,3,0.023076923076923078
IDN,1969,0.0,0.0,0.0,0.0,0.0,0.0,129,2,0.015503875968992248
IDN,1970,0.0,0.0,0.0,0.0,0.0,0.0,77,2,0.025974025974025976
IDN,1971,0.0,0.0,0.0,0.0,0.0,0.0,91,4,0.04395604395604396
IDN,1972,0.0,0.0,0.0,0.0,0.0,0.0,93,5,0.053763440860215055
IDN,1973,0.0,0.0,0.0,0.0,0.0,0.0,89,5,0.056179775280898875
IDN,1974,0.0,0.0,0.0,0.0,0.0,0.0,102,3,0.029411764705882353
IDN,1975,0.0,0.0,0.0,0.0,0.0,0.0,84,1,0.011904761904761904
IDN,1976,0.0,0.0,0.0,0.0,0.0,0.0,118,1,0.00847457627118644
IDN,1977,0.0,0.0,0.0,0.0,0.0,0.0,84,0,0.0
IDN,1978,0.0,0.0,0.0,0.0,0.0,0.0,85,4,0.047058823529411764
IDN,1979,0.0,0.0,0.0,0.0,0.0,0.0,96,3,0.03125
IDN,1980,0.0,0.0,0.0,0.0,0.0,0.0,88,0,0.0
IDN,1981,0.0,0.0,0.0,0.0,0.0,0.0,98,2,0.02040816326530612
IDN,1982,0.0,0.0,0.0,0.0,0.0,0.0,97,6,0.061855670103092786
IDN,1983,0.0,0.0,0.0,0.0,0.0,0.0,100,4,0.04
IDN,1984,0.0,0.0,0.0,0.0,0.0,0.0,138,5,0.036231884057971016
IDN,1985,0.0,0.0,0.0,0.0,0.0,0.0,125,1,0.008
IDN,1986,0.0,0.0,0.0,0.0,0.0,0.0,116,3,0.02586206896551724
IDN,1987,0.0,0.0,0.0,0.0,0.0,0.0,87,4,0.04597701149425287
IDN,1988,0.0,0.0,0.0,0.0,0.0,0.0,116,6,0.05172413793103448
IDN,1989,0.0,0.0,0.0,0.0,0.0,0.0,93,5,0.053763440860215055
IDN,1990,0.0,0.0,0.0,0.0,0.0,0.0,158,7,0.04430379746835443
IDN,1991,0.0,0.0,0.0,0.0,0.0,0.0,109,12,0.11009174311926606
IDN,1992,0.0,0.0,0.0,0.0,0.0,0.0,147,12,0.08163265306122448
IDN,1993,0.0,0.0,0.0,0.0,0.0,0.0,105,4,0.0380952380952381
IDN,1994,0.0,0.0,0.0,0.0,0.0,0.0,89,2,0.02247191011235955
IDN,1995,0.0,0.0,0.0,0.0,0.0,0.0,74,1,0.013513513513513514
IDN,1996,0.0,0.0,0.0,0.0,0.0,0.0,85,3,0.03529411764705882
IDN,1997,0.0,0.0,0.0,0.0,0.0,0.0,74,3,0.04054054054054054
IDN,1998,0.0,0.0,0.0,0.0,0.0,0.0,82,3,0.036585365853658534
IDN,1999,0.0,0.0,0.0,0.0,0.0,0.0,63,5,0.07936507936507936
IDN,2000,0.0,0.0,0.0,0.0,0.0,0.0,58,3,0.05172413793103448
IDN,2001,0.0,0.0,0.0,0.0,0.0,0.0,64,5,0.078125
IDN,2002,0.0,0.0,0.0,0.0,0.0,0.0,44,2,0.045454545454545456
IDN,2003,0.0,0.0,0.0,0.0,0.0,0.0,47,1,0.02127659574468085
IDN,2004,0.0,0.0,0.0,0.0,0.0,0.0,61,2,0.03278688524590164
IDN,2005,0.0,0.0,0.0,0.0,0.0,0.0,56,5,0.08928571428571429
IDN,2006,0.0,0.0,0.0,0.0,0.0,0.0,93,3,0.03225806451612903
IDN,2007,2.0,0.0,0.0,0.0,0.0,0.0,62,23,0.3709677419354839
IDN,2008,0.0,0.0,0.0,0.0,0.0,0.0,89,23,0.25842696629213485
IDN,2009,0.0,0.0,0.0,0.0,0.0,0.0,83,17,0.20481927710843373
IDN,2010,0.0,0.0,0.0,0.0,0.0,0.0,67,11,0.16417910447761194
IDN,2011,0.0,0.0,0.0,0.0,0.0,0.0,73,10,0.136986301369863
IDN,2012,0.0,0.0,0.0,0.0,0.0,0.0,51,2,0.0392156862745098
IDN,2013,0.0,0.0,0.0,0.0,0.0,0.0,29,5,0.1724137931034483
IDN,2014,0.0,0.0,0.0,0.0,0.0,0.0,64,5,0.078125
IDN,2015,0.0,0.0,0.0,0.0,0.0,0.0,40,3,0.075
IDN,2016,0.0,0.0,0.0,0.0,0.0,0.0,54,15,0.2777777777777778
IDN,2017,0.0,0.0,0.0,0.0,0.0,0.0,76,8,0.10526315789473684
IDN,2018,0.0,0.0,0.0,0.0,0.0,0.0,80,8,0.1
IDN,2019,0.0,0.0,0.0,0.0,0.0,0.0,77,6,0.07792207792207792
IDN,2020,0.0,0.0,0.0,0.0,0.0,0.0,46,1,0.021739130434782608
IDN,2021,0.0,0.0,0.0,0.0,0.0,0.0,11,4,0.36363636363636365
IDN,2022,0.0,0.0,0.0,0.0,0.0,0.0,59,4,0.06779661016949153
IDN,2023,0.0,0.0,0.0,0.0,0.0,0.0,72,5,0.06944444444444445
IDN,2024,0.0,0.0,0.0,0.0,0.0,0.0,63,5,0.07936507936507936
IDN,2025,0.0,0.0,0.0,0.0,0.0,0.0,98,15,0.15306122448979592
IND,1946,0.0,0.0,0.0,0.0,0.0,0.0,30,0,0.0
IND,1947,0.0,0.0,0.0,0.0,0.0,0.0,47,0,0.0
IND,1948,0.0,0.0,1.0,0.0,0.0,0.0,101,0,0.0
IND,1949,0.0,0.0,0.0,0.0,0.0,0.0,74,0,0.0
IND,1950,0.0,0.0,0.0,0.0,0.0,0.0,57,2,0.03508771929824561
IND,1951,0.0,0.0,0.0,0.0,0.0,0.0,63,1,0.015873015873015872
IND,1952,0.0,0.0,0.0,0.0,0.0,0.0,43,0,0.0
IND,1953,0.0,0.0,0.0,0.0,0.0,0.0,408,14,0.03431372549019608
IND,1954,0.0,0.0,0.0,0.0,0.0,0.0,503,16,0.03180914512922465
IND,1955,0.0,0.0,0.0,0.0,0.0,0.0,473,15,0.03171247357293869
IND,1956,0.0,0.0,0.0,0.0,0.0,0.0,296,2,0.006756756756756757
IND,1957,0.0,0.0,0.0,0.0,0.0,0.0,381,25,0.06561679790026247
IND,1958,0.0,0.0,0.0,0.0,0.0,0.0,340,11,0.03235294117647059
IND,1959,0.0,0.0,1.0,0.0,0.0,0.0,463,8,0.017278617710583154
IND,1960,0.0,0.0,0.0,0.0,0.0,0.0,598,14,0.023411371237458192
IND,1961,0.0,0.0,0.0,0.0,0.0,0.0,398,18,0.04522613065326633
IND,1963,0.0,0.0,1.0,0.0,0.0,0.0,141,7,0.04964539007092199
IND,1964,0.0,0.0,0.0,0.0,0.0,0.0,150,3,0.02
IND,1965,0.0,0.0,0.0,0.0,0.0,0.0,206,6,0.02912621359223301
IND,1966,0.0,0.0,0.0,0.0,0.0,0.0,160,4,0.025
IND,1967,0.0,0.0,0.0,0.0,0.0,0.0,128,5,0.0390625
IND,1968,0.0,0.0,0.0,0.0,0.0,0.0,296,11,0.037162162162162164
IND,1969,0.0,0.0,0.0,0.0,0.0,0.0,138,1,0.007246376811594203
IND,1970,0.0,0.0,0.0,0.0,0.0,0.0,103,2,0.019417475728155338
IND,1971,0.0,0.0,0.0,0.0,0.0,0.0,215,5,0.023255813953488372
IND,1972,0.0,0.0,0.0,0.0,0.0,0.0,123,5,0.04065040650406504
IND,1973,0.0,0.0,0.0,0.0,0.0,0.0,157,6,0.03821656050955414
IND,1974,0.0,0.0,0.0,0.0,0.0,0.0,79,9,0.11392405063291139
IND,1975,0.0,0.0,0.0,0.0,0.0,0.0,107,1,0.009345794392523364
IND,1976,0.0,0.0,0.0,0.0,0.0,0.0,120,4,0.03333333333333333
IND,1977,0.0,0.0,0.0,0.0,0.0,0.0,170,6,0.03529411764705882
IND,1978,0.0,0.0,0.0,0.0,0.0,0.0,103,5,0.04854368932038835
IND,1979,0.0,0.0,0.0,0.0,0.0,0.0,148,13,0.08783783783783784
IND,1980,0.0,0.0,0.0,0.0,0.0,0.0,177,3,0.01694915254237288
IND,1981,0.0,0.0,0.0,0.0,0.0,0.0,173,8,0.046242774566473986
IND,1982,0.0,0.0,0.0,0.0,0.0,0.0,144,8,0.05555555555555555
IND,1983,0.0,0.0,0.0,0.0,0.0,0.0,133,4,0.03007518796992481
IND,1984,0.0,0.0,0.0,0.0,0.0,0.0,226,8,0.035398230088495575
IND,1985,0.0,0.0,0.0,0.0,0.0,0.0,154,8,0.05194805194805195
IND,1986,0.0,0.0,0.0,0.0,0.0,0.0,120,4,0.03333333333333333
IND,1987,0.0,0.0,0.0,0.0,0.0,0.0,113,13,0.11504424778761062
IND,1988,0.0,0.0,0.0,0.0,0.0,0.0,146,12,0.0821917808219178
IND,1989,0.0,0.0,0.0,0.0,0.0,0.0,130,14,0.1076923076923077
IND,1990,0.0,0.0,0.0,0.0,0.0,0.0,145,11,0.07586206896551724
IND,1991,0.0,0.0,0.0,0.0,0.0,0.0,141,16,0.11347517730496454
IND,1992,0.0,0.0,0.0,0.0,0.0,0.0,108,9,0.08333333333333333
IND,1993,0.0,0.0,0.0,0.0,0.0,0.0,95,5,0.05263157894736842
IND,1994,0.0,0.0,0.0,0.0,0.0,0.0,77,1,0.012987012987012988
IND,1995,0.0,0.0,0.0,0.0,0.0,0.0,118,6,0.05084745762711865
IND,1996,0.0,0.0,0.0,0.0,0.0,0.0,97,3,0.030927835051546393
IND,1997,0.0,0.0,0.0,0.0,0.0,0.0,91,6,0.06593406593406594
IND,1998,0.0,0.0,0.0,0.0,0.0,0.0,98,4,0.04081632653061224
IND,1999,0.0,0.0,0.0,0.0,0.0,0.0,134,7,0.05223880597014925
IND,2000,0.0,0.0,0.0,0.0,0.0,0.0,90,7,0.07777777777777778
IND,2001,0.0,0.0,0.0,0.0,0.0,0.0,35,3,0.08571428571428572
IND,2002,0.0,0.0,0.0,0.0,0.0,0.0,38,6,0.15789473684210525
IND,2003,0.0,0.0,0.0,0.0,0.0,0.0,62,5,0.08064516129032258
IND,2004,0.0,0.0,0.0,0.0,0.0,0.0,42,4,0.09523809523809523
IND,2005,0.0,0.0,0.0,0.0,0.0,0.0,74,6,0.08108108108108109
IND,2006,0.0,0.0,0.0,0.0,0.0,0.0,79,5,0.06329113924050633
IND,2007,0.0,0.0,0.0,0.0,0.0,0.0,88,20,0.22727272727272727
IND,2008,0.0,0.0,0.0,0.0,0.0,0.0,63,20,0.31746031746031744
IND,2009,1.0,0.0,0.0,0.0,0.0,2.0,89,21,0.23595505617977527
IND,2010,0.0,0.0,0.0,0.0,0.0,0.0,57,10,0.17543859649122806
IND,2011,0.0,0.0,0.0,0.0,0.0,0.0,94,7,0.07446808510638298
IND,2012,0.0,0.0,0.0,0.0,0.0,0.0,61,8,0.13114754098360656
IND,2013,0.0,0.0,0.0,0.0,0.0,0.0,52,3,0.057692307692307696
IND,2014,0.0,0.0,0.0,0.0,0.0,0.0,155,14,0.09032258064516129
IND,2015,0.0,0.0,0.0,0.0,0.0,0.0,109,11,0.10091743119266056
IND,2016,0.0,0.0,0.0,0.0,0.0,0.0,75,14,0.18666666666666668
IND,2017,0.0,0.0,0.0,1.0,0.0,0.0,104,14,0.1346153846153846
IND,2018,0.0,0.0,0.0,0.0,0.0,0.0,101,12,0.1188118811881188
IND,2019,0.0,0.0,0.0,0.0,0.0,0.0,40,6,0.15
IND,2020,0.0,0.0,0.0,0.0,0.0,0.0,7,0,0.0
IND,2021,0.0,0.0,0.0,0.0,0.0,0.0,60,9,0.15
IND,2022,0.0,0.0,0.0,0.0,0.0,0.0,73,12,0.1643835616438356
IND,2023,0.0,0.0,0.0,0.0,0.0,0.0,87,12,0.13793103448275862
IND,2024,0.0,0.0,0.0,0.0,0.0,0.0,117,9,0.07692307692307693
IND,2025,0.0,0.0,0.0,0.0,0.0,0.0,110,8,0.07272727272727272
IRL,1956,0.0,0.0,0.0,0.0,0.0,0.0,145,1,0.006896551724137931
IRL,1957,0.0,0.0,0.0,0.0,0.0,0.0,114,2,0.017543859649122806
IRL,1958,0.0,0.0,0.0,0.0,0.0,0.0,74,7,0.0945945945945946
IRL,1959,0.0,0.0,0.0,0.0,0.0,0.0,73,0,0.0
IRL,1960,0.0,0.0,0.0,0.0,0.0,0.0,132,2,0.015151515151515152
IRL,1962,0.0,0.0,0.0,0.0,0.0,0.0,66,0,0.0
IRL,1963,0.0,0.0,0.0,0.0,0.0,0.0,87,7,0.08045977011494253
IRL,1964,0.0,0.0,0.0,0.0,0.0,0.0,64,2,0.03125
IRL,1965,0.0,0.0,0.0,0.0,0.0,0.0,80,1,0.0125
IRL,1966,0.0,0.0,0.0,0.0,0.0,0.0,56,4,0.07142857142857142
IRL,1967,0.0,0.0,0.0,0.0,0.0,0.0,42,0,0.0
IRL,1969,0.0,0.0,0.0,0.0,0.0,0.0,108,3,0.027777777777777776
IRL,1971,0.0,0.0,0.0,0.0,0.0,0.0,163,6,0.03680981595092025
IRL,1972,0.0,0.0,0.0,0.0,0.0,0.0,83,3,0.03614457831325301
IRL,1973,0.0,0.0,0.0,0.0,0.0,0.0,122,7,0.05737704918032787
IRL,1974,0.0,0.0,0.0,0.0,0.0,0.0,63,3,0.047619047619047616
IRL,1975,0.0,0.0,0.0,0.0,0.0,0.0,108,5,0.046296296296296294
IRL,1976,0.0,0.0,0.0,0.0,0.0,0.0,116,4,0.034482758620689655
IRL,1977,0.0,0.0,0.0,0.0,0.0,0.0,176,6,0.03409090909090909
IRL,1978,0.0,0.0,0.0,0.0,0.0,0.0,138,2,0.014492753623188406
IRL,1979,0.0,0.0,0.0,0.0,0.0,0.0,192,4,0.020833333333333332
IRL,1980,0.0,0.0,0.0,0.0,0.0,0.0,197,9,0.04568527918781726
IRL,1981,0.0,0.0,0.0,0.0,0.0,0.0,144,9,0.0625
IRL,1982,0.0,0.0,0.0,0.0,0.0,0.0,181,7,0.03867403314917127
IRL,1983,0.0,0.0,0.0,0.0,0.0,0.0,132,3,0.022727272727272728
IRL,1984,0.0,0.0,0.0,0.0,0.0,0.0,257,5,0.019455252918287938
IRL,1985,0.0,0.0,0.0,0.0,0.0,0.0,175,4,0.022857142857142857
IRL,1986,0.0,0.0,0.0,0.0,0.0,0.0,151,7,0.046357615894039736
IRL,1987,0.0,0.0,0.0,0.0,0.0,0.0,129,3,0.023255813953488372
IRL,1988,0.0,0.0,0.0,0.0,0.0,0.0,140,5,0.03571428571428571
IRL,1989,0.0,0.0,0.0,0.0,0.0,0.0,174,18,0.10344827586206896
IRL,1990,0.0,0.0,0.0,0.0,0.0,0.0,123,5,0.04065040650406504
IRL,1991,0.0,0.0,0.0,0.0,0.0,0.0,119,10,0.08403361344537816
IRL,1992,0.0,0.0,0.0,0.0,0.0,0.0,118,5,0.0423728813559322
IRL,1993,0.0,0.0,0.0,0.0,0.0,0.0,85,3,0.03529411764705882
IRL,1994,0.0,0.0,0.0,0.0,0.0,0.0,101,5,0.04950495049504951
IRL,1995,0.0,0.0,0.0,0.0,0.0,0.0,110,3,0.02727272727272727
IRL,1996,0.0,0.0,0.0,0.0,0.0,0.0,143,4,0.027972027972027972
IRL,1997,0.0,0.0,0.0,0.0,0.0,0.0,92,8,0.08695652173913043
IRL,1998,0.0,0.0,0.0,0.0,0.0,0.0,140,5,0.03571428571428571
IRL,1999,0.0,0.0,0.0,0.0,0.0,0.0,118,6,0.05084745762711865
IRL,2000,0.0,0.0,0.0,0.0,0.0,0.0,104,4,0.038461538461538464
IRL,2001,0.0,0.0,0.0,0.0,0.0,0.0,81,4,0.04938271604938271
IRL,2002,0.0,0.0,0.0,0.0,0.0,0.0,104,3,0.028846153846153848
IRL,2003,0.0,0.0,0.0,0.0,0.0,0.0,114,2,0.017543859649122806
IRL,2004,0.0,0.0,0.0,0.0,0.0,0.0,114,3,0.02631578947368421
IRL,2005,0.0,0.0,0.0,0.0,0.0,0.0,87,3,0.034482758620689655
IRL,2006,0.0,0.0,0.0,0.0,0.0,0.0,114,5,0.043859649122807015
IRL,2007,0.0,0.0,0.0,0.0,0.0,0.0,107,9,0.08411214953271028
IRL,2008,0.0,0.0,0.0,0.0,0.0,0.0,117,8,0.06837606837606838
IRL,2009,0.0,0.0,0.0,0.0,0.0,0.0,111,17,0.15315315315315314
IRL,2010,0.0,0.0,0.0,0.0,0.0,0.0,139,16,0.11510791366906475
IRL,2011,0.0,0.0,0.0,0.0,0.0,0.0,115,8,0.06956521739130435
IRL,2012,0.0,0.0,0.0,0.0,0.0,0.0,79,3,0.0379746835443038
IRL,2013,0.0,0.0,0.0,0.0,0.0,0.0,75,8,0.10666666666666667
IRL,2014,0.0,0.0,0.0,0.0,0.0,0.0,74,6,0.08108108108108109
IRL,2015,0.0,0.0,0.0,0.0,0.0,0.0,86,7,0.08139534883720931
IRL,2016,0.0,0.0,0.0,0.0,0.0,0.0,74,4,0.05405405405405406
IRL,2017,0.0,0.0,0.0,0.0,0.0,0.0,104,10,0.09615384615384616
IRL,2018,0.0,0.0,0.0,0.0,0.0,0.0,115,11,0.09565217391304348
IRL,2019,0.0,0.0,0.0,0.0,0.0,0.0,113,22,0.19469026548672566
IRL,2020,0.0,0.0,0.0,0.0,0.0,0.0,40,2,0.05
IRL,2021,0.0,0.0,0.0,0.0,0.0,0.0,107,21,0.19626168224299065
IRL,2022,0.0,0.0,0.0,0.0,0.0,0.0,103,12,0.11650485436893204
IRL,2023,0.0,0.0,0.0,0.0,0.0,0.0,78,14,0.1794871794871795
IRL,2024,0.0,0.0,0.0,0.0,0.0,0.0,4,1,0.25
IRL,2025,0.0,0.0,0.0,0.0,0.0,0.0,141,5,0.03546099290780142
IRN,1946,0.0,0.0,0.0,0.0,0.0,0.0,15,0,0.0
IRN,1948,0.0,0.0,0.0,0.0,0.0,0.0,13,0,0.0
IRN,1951,0.0,0.0,0.0,0.0,0.0,0.0,92,1,0.010869565217391304
IRN,1955,0.0,0.0,0.0,0.0,0.0,0.0,47,1,0.02127659574468085
IRN,1956,0.0,0.0,0.0,0.0,0.0,0.0,45,0,0.0
IRN,1957,0.0,0.0,0.0,0.0,0.0,0.0,59,3,0.05084745762711865
IRN,1958,0.0,0.0,0.0,0.0,0.0,0.0,69,2,0.028985507246376812
IRN,1959,0.0,0.0,0.0,0.0,0.0,0.0,45,0,0.0
IRN,1960,0.0,0.0,0.0,0.0,0.0,0.0,85,3,0.03529411764705882
IRN,1961,0.0,0.0,0.0,0.0,0.0,0.0,67,0,0.0
IRN,1962,0.0,0.0,0.0,0.0,0.0,0.0,95,3,0.031578947368421054
IRN,1963,0.0,0.0,0.0,0.0,0.0,0.0,83,1,0.012048192771084338
IRN,1964,0.0,0.0,0.0,0.0,0.0,0.0,41,0,0.0
IRN,1965,0.0,0.0,0.0,0.0,0.0,0.0,119,2,0.01680672268907563
IRN,1966,0.0,0.0,0.0,0.0,0.0,0.0,131,0,0.0
IRN,1967,0.0,0.0,0.0,0.0,0.0,0.0,85,0,0.0
IRN,1968,0.0,0.0,0.0,0.0,0.0,0.0,104,3,0.028846153846153848
IRN,1969,0.0,0.0,0.0,0.0,0.0,0.0,143,2,0.013986013986013986
IRN,1970,0.0,0.0,0.0,0.0,0.0,0.0,81,3,0.037037037037037035
IRN,1971,0.0,0.0,0.0,0.0,0.0,0.0,72,5,0.06944444444444445
IRN,1972,0.0,0.0,0.0,0.0,0.0,0.0,76,11,0.14473684210526316
IRN,1973,0.0,0.0,0.0,0.0,0.0,0.0,64,1,0.015625
IRN,1974,0.0,0.0,0.0,0.0,0.0,0.0,87,15,0.1724137931034483
IRN,1975,0.0,0.0,0.0,0.0,0.0,0.0,59,11,0.1864406779661017
IRN,1976,0.0,0.0,0.0,0.0,0.0,0.0,73,2,0.0273972602739726
IRN,1977,0.0,0.0,0.0,0.0,0.0,0.0,54,2,0.037037037037037035
IRN,1978,0.0,0.0,0.0,0.0,0.0,0.0,58,0,0.0
IRN,1979,0.0,0.0,0.0,0.0,0.0,0.0,135,1,0.007407407407407408
IRN,1980,0.0,0.0,0.0,0.0,0.0,0.0,163,1,0.006134969325153374
IRN,1981,0.0,0.0,0.0,0.0,0.0,0.0,107,0,0.0
IRN,1982,0.0,0.0,0.0,0.0,0.0,0.0,107,0,0.0
IRN,1983,0.0,0.0,0.0,0.0,0.0,0.0,150,0,0.0
IRN,1984,0.0,0.0,0.0,0.0,0.0,0.0,125,1,0.008
IRN,1985,0.0,0.0,0.0,0.0,0.0,0.0,92,0,0.0
IRN,1986,0.0,0.0,0.0,0.0,0.0,0.0,211,0,0.0
IRN,1987,0.0,0.0,0.0,0.0,0.0,0.0,182,1,0.005494505494505495
IRN,1988,0.0,0.0,0.0,0.0,0.0,0.0,86,0,0.0
IRN,1989,0.0,0.0,0.0,0.0,0.0,0.0,78,0,0.0
IRN,1990,0.0,0.0,0.0,0.0,0.0,0.0,85,0,0.0
IRN,1991,0.0,0.0,0.0,0.0,0.0,0.0,57,6,0.10526315789473684
IRN,1992,0.0,0.0,0.0,0.0,0.0,0.0,92,6,0.06521739130434782
IRN,1993,0.0,0.0,0.0,0.0,0.0,0.0,78,1,0.01282051282051282
IRN,1994,0.0,0.0,0.0,0.0,0.0,0.0,69,3,0.043478260869565216
IRN,1995,0.0,0.0,0.0,0.0,0.0,0.0,51,2,0.0392156862745098
IRN,1996,0.0,0.0,0.0,0.0,0.0,0.0,50,0,0.0
IRN,1997,0.0,0.0,0.0,0.0,0.0,0.0,40,0,0.0
IRN,1998,0.0,0.0,0.0,0.0,0.0,0.0,71,2,0.028169014084507043
IRN,1999,0.0,0.0,0.0,0.0,0.0,0.0,52,1,0.019230769230769232
IRN,2000,0.0,0.0,0.0,0.0,0.0,0.0,61,2,0.03278688524590164
IRN,2001,0.0,0.0,0.0,0.0,0.0,0.0,48,1,0.020833333333333332
IRN,2002,0.0,0.0,0.0,0.0,0.0,0.0,39,0,0.0
IRN,2003,0.0,0.0,0.0,0.0,0.0,0.0,44,1,0.022727272727272728
IRN,2004,0.0,0.0,0.0,0.0,0.0,0.0,40,1,0.025
IRN,2005,0.0,0.0,0.0,0.0,0.0,0.0,72,5,0.06944444444444445
IRN,2006,0.0,0.0,0.0,0.0,0.0,0.0,117,4,0.03418803418803419
IRN,2007,0.0,0.0,0.0,0.0,0.0,0.0,170,4,0.023529411764705882
IRN,2008,0.0,0.0,0.0,0.0,0.0,0.0,119,3,0.025210084033613446
IRN,2009,0.0,0.0,0.0,0.0,0.0,0.0,135,4,0.02962962962962963
IRN,2010,0.0,0.0,0.0,0.0,0.0,0.0,156,10,0.0641025641025641
IRN,2011,0.0,0.0,0.0,0.0,0.0,0.0,88,2,0.022727272727272728
IRN,2012,0.0,0.0,0.0,0.0,0.0,0.0,79,3,0.0379746835443038
IRN,2013,0.0,0.0,0.0,0.0,0.0,0.0,83,0,0.0
IRN,2014,0.0,0.0,0.0,0.0,0.0,0.0,82,3,0.036585365853658534
IRN,2015,0.0,0.0,0.0,0.0,0.0,0.0,65,2,0.03076923076923077
IRN,2016,0.0,0.0,0.0,0.0,0.0,0.0,46,2,0.043478260869565216
IRN,2017,0.0,0.0,0.0,0.0,0.0,0.0,71,2,0.028169014084507043
IRN,2018,0.0,0.0,0.0,0.0,0.0,0.0,68,0,0.0
IRN,2019,0.0,0.0,0.0,0.0,0.0,0.0,54,0,0.0
IRN,2020,0.0,0.0,0.0,0.0,0.0,0.0,36,1,0.027777777777777776
IRN,2021,0.0,0.0,0.0,0.0,0.0,0.0,60,2,0.03333333333333333
IRN,2022,0.0,0.0,0.0,0.0,0.0,0.0,98,0,0.0
IRN,2023,0.0,0.0,0.0,0.0,0.0,0.0,119,1,0.008403361344537815
IRN,2024,0.0,0.0,0.0,0.0,0.0,0.0,81,2,0.024691358024691357
IRN,2025,0.0,0.0,0.0,0.0,0.0,0.0,65,0,0.0
IRQ,1947,0.0,0.0,0.0,0.0,0.0,0.0,51,0,0.0
IRQ,1949,0.0,0.0,0.0,0.0,0.0,0.0,52,0,0.0
IRQ,1950,0.0,0.0,0.0,0.0,0.0,0.0,77,0,0.0
IRQ,1951,0.0,0.0,0.0,0.0,0.0,0.0,86,0,0.0
IRQ,1952,0.0,0.0,0.0,0.0,0.0,0.0,110,2,0.01818181818181818
IRQ,1953,0.0,0.0,0.0,0.0,0.0,0.0,99,1,0.010101010101010102
IRQ,1954,0.0,0.0,0.0,0.0,0.0,0.0,117,3,0.02564102564102564
IRQ,1955,0.0,0.0,0.0,0.0,0.0,0.0,97,2,0.020618556701030927
IRQ,1956,0.0,0.0,0.0,0.0,0.0,0.0,140,2,0.014285714285714285
IRQ,1957,0.0,0.0,0.0,0.0,0.0,0.0,43,2,0.046511627906976744
IRQ,1958,0.0,0.0,0.0,0.0,0.0,0.0,98,0,0.0
IRQ,1959,0.0,0.0,0.0,0.0,0.0,0.0,105,2,0.01904761904761905
IRQ,1960,0.0,0.0,0.0,0.0,0.0,0.0,174,0,0.0
IRQ,1961,0.0,0.0,0.0,0.0,0.0,0.0,146,4,0.0273972602739726
IRQ,1962,0.0,0.0,0.0,0.0,0.0,0.0,231,3,0.012987012987012988
IRQ,1963,0.0,0.0,0.0,0.0,0.0,0.0,103,0,0.0
IRQ,1964,0.0,0.0,0.0,0.0,0.0,0.0,52,0,0.0
IRQ,1965,0.0,0.0,0.0,0.0,0.0,0.0,107,2,0.018691588785046728
IRQ,1966,0.0,0.0,0.0,0.0,0.0,0.0,124,1,0.008064516129032258
IRQ,1967,0.0,0.0,0.0,0.0,0.0,0.0,118,0,0.0
IRQ,1968,0.0,0.0,0.0,0.0,0.0,0.0,108,2,0.018518518518518517
IRQ,1969,0.0,0.0,0.0,0.0,0.0,0.0,118,0,0.0
IRQ,1970,0.0,0.0,0.0,0.0,0.0,0.0,69,0,0.0
IRQ,1971,0.0,0.0,0.0,0.0,0.0,0.0,87,3,0.034482758620689655
IRQ,1972,0.0,0.0,0.0,0.0,0.0,0.0,81,1,0.012345679012345678
IRQ,1973,0.0,0.0,0.0,0.0,0.0,0.0,63,2,0.031746031746031744
IRQ,1974,0.0,0.0,0.0,0.0,0.0,0.0,108,9,0.08333333333333333
IRQ,1975,0.0,0.0,0.0,0.0,0.0,0.0,70,3,0.04285714285714286
IRQ,1976,0.0,0.0,0.0,0.0,0.0,0.0,96,1,0.010416666666666666
IRQ,1977,0.0,0.0,0.0,0.0,0.0,0.0,137,0,0.0
IRQ,1978,0.0,0.0,0.0,0.0,0.0,0.0,108,4,0.037037037037037035
IRQ,1979,0.0,0.0,0.0,0.0,0.0,0.0,61,2,0.03278688524590164
IRQ,1980,0.0,0.0,0.0,0.0,0.0,0.0,88,0,0.0
IRQ,1981,0.0,0.0,0.0,0.0,0.0,0.0,154,2,0.012987012987012988
IRQ,1982,0.0,0.0,0.0,0.0,0.0,0.0,108,3,0.027777777777777776
IRQ,1983,0.0,0.0,0.0,0.0,0.0,0.0,107,3,0.028037383177570093
IRQ,1984,0.0,0.0,0.0,0.0,0.0,0.0,62,0,0.0
IRQ,1985,0.0,0.0,0.0,0.0,0.0,0.0,99,0,0.0
IRQ,1986,0.0,0.0,0.0,0.0,0.0,0.0,110,1,0.00909090909090909
IRQ,1987,0.0,0.0,0.0,0.0,0.0,0.0,139,0,0.0
IRQ,1988,0.0,0.0,0.0,0.0,0.0,0.0,99,0,0.0
IRQ,1989,0.0,0.0,0.0,0.0,0.0,0.0,42,1,0.023809523809523808
IRQ,1990,0.0,0.0,0.0,0.0,0.0,0.0,75,0,0.0
IRQ,1991,0.0,0.0,0.0,0.0,0.0,0.0,80,3,0.0375
IRQ,1992,0.0,0.0,0.0,0.0,0.0,0.0,50,1,0.02
IRQ,1993,0.0,0.0,0.0,0.0,0.0,0.0,51,2,0.0392156862745098
IRQ,1994,0.0,0.0,0.0,0.0,0.0,0.0,73,5,0.0684931506849315
IRQ,1995,0.0,0.0,0.0,0.0,0.0,0.0,64,1,0.015625
IRQ,1996,0.0,0.0,0.0,0.0,0.0,0.0,58,1,0.017241379310344827
IRQ,1997,0.0,0.0,0.0,0.0,0.0,0.0,71,0,0.0
IRQ,1998,0.0,0.0,0.0,0.0,0.0,0.0,39,0,0.0
IRQ,1999,0.0,0.0,0.0,0.0,0.0,0.0,70,0,0.0
IRQ,2000,0.0,0.0,0.0,0.0,0.0,0.0,48,1,0.020833333333333332
IRQ,2001,0.0,0.0,0.0,0.0,0.0,0.0,53,1,0.018867924528301886
IRQ,2002,0.0,0.0,0.0,0.0,0.0,0.0,30,0,0.0
IRQ,2003,0.0,0.0,0.0,0.0,0.0,0.0,91,2,0.02197802197802198
IRQ,2004,0.0,0.0,0.0,0.0,0.0,0.0,63,1,0.015873015873015872
IRQ,2005,0.0,0.0,0.0,0.0,0.0,0.0,44,2,0.045454545454545456
IRQ,2006,0.0,0.0,0.0,0.0,0.0,0.0,107,1,0.009345794392523364
IRQ,2007,0.0,0.0,0.0,0.0,0.0,0.0,105,3,0.02857142857142857
IRQ,2008,0.0,0.0,0.0,0.0,0.0,0.0,72,2,0.027777777777777776
IRQ,2009,0.0,0.0,0.0,0.0,0.0,0.0,69,1,0.014492753623188406
IRQ,2010,0.0,0.0,0.0,0.0,0.0,0.0,57,0,0.0
IRQ,2011,0.0,0.0,0.0,0.0,0.0,0.0,82,2,0.024390243902439025
IRQ,2012,0.0,0.0,0.0,0.0,0.0,0.0,50,3,0.06
IRQ,2013,0.0,0.0,0.0,0.0,0.0,0.0,35,8,0.22857142857142856
IRQ,2014,0.0,0.0,0.0,0.0,0.0,0.0,53,1,0.018867924528301886
IRQ,2015,0.0,0.0,0.0,0.0,0.0,0.0,57,5,0.08771929824561403
IRQ,2016,0.0,0.0,0.0,0.0,0.0,0.0,54,4,0.07407407407407407
IRQ,2017,0.0,0.0,0.0,0.0,0.0,0.0,80,5,0.0625
IRQ,2018,0.0,0.0,0.0,0.0,0.0,0.0,67,4,0.05970149253731343
IRQ,2019,0.0,0.0,0.0,0.0,0.0,0.0,90,3,0.03333333333333333
IRQ,2020,0.0,0.0,0.0,0.0,0.0,0.0,73,4,0.0547945205479452
IRQ,2021,0.0,0.0,0.0,0.0,0.0,0.0,65,14,0.2153846153846154
IRQ,2022,0.0,0.0,0.0,0.0,0.0,0.0,52,11,0.21153846153846154
IRQ,2023,0.0,0.0,0.0,0.0,1.0,0.0,76,16,0.21052631578947367
IRQ,2024,0.0,0.0,0.0,0.0,0.0,0.0,30,5,0.16666666666666666
IRQ,2025,0.0,0.0,0.0,0.0,0.0,0.0,109,12,0.11009174311926606
ISL,1953,0.0,0.0,0.0,0.0,0.0,0.0,143,3,0.02097902097902098
ISL,1958,0.0,0.0,0.0,0.0,0.0,0.0,126,4,0.031746031746031744
ISL,1959,0.0,0.0,0.0,0.0,0.0,0.0,144,1,0.006944444444444444
ISL,1966,0.0,0.0,0.0,0.0,0.0,0.0,80,8,0.1
ISL,1967,0.0,0.0,0.0,0.0,0.0,0.0,113,3,0.02654867256637168
ISL,1968,0.0,0.0,0.0,0.0,0.0,0.0,118,6,0.05084745762711865
ISL,1969,0.0,0.0,0.0,0.0,0.0,0.0,110,15,0.13636363636363635
ISL,1970,0.0,0.0,0.0,0.0,0.0,0.0,98,10,0.10204081632653061
ISL,1971,0.0,0.0,0.0,0.0,0.0,0.0,86,21,0.2441860465116279
ISL,1972,0.0,0.0,0.0,0.0,0.0,0.0,72,6,0.08333333333333333
ISL,1973,0.0,0.0,0.0,0.0,0.0,0.0,86,6,0.06976744186046512
ISL,1974,0.0,0.0,1.0,0.0,0.0,0.0,65,6,0.09230769230769231
ISL,1975,0.0,0.0,0.0,0.0,0.0,0.0,69,4,0.057971014492753624
ISL,1976,0.0,0.0,0.0,0.0,0.0,0.0,68,1,0.014705882352941176
ISL,1977,0.0,0.0,0.0,0.0,0.0,0.0,62,5,0.08064516129032258
ISL,1978,0.0,0.0,0.0,0.0,0.0,0.0,66,3,0.045454545454545456
ISL,1979,0.0,0.0,0.0,0.0,0.0,0.0,49,4,0.08163265306122448
ISL,1980,0.0,0.0,0.0,0.0,0.0,0.0,53,1,0.018867924528301886
ISL,1981,0.0,0.0,0.0,0.0,0.0,0.0,53,2,0.03773584905660377
ISL,1982,0.0,0.0,0.0,0.0,0.0,0.0,65,4,0.06153846153846154
ISL,1983,0.0,0.0,0.0,0.0,0.0,0.0,81,3,0.037037037037037035
ISL,1984,0.0,0.0,0.0,0.0,0.0,0.0,51,0,0.0
ISL,1985,0.0,0.0,0.0,0.0,0.0,0.0,64,1,0.015625
ISL,1986,0.0,0.0,0.0,0.0,0.0,0.0,64,1,0.015625
ISL,1987,0.0,0.0,0.0,0.0,0.0,0.0,36,5,0.1388888888888889
ISL,1988,0.0,0.0,0.0,0.0,0.0,0.0,63,4,0.06349206349206349
ISL,1989,0.0,0.0,0.0,0.0,0.0,0.0,86,37,0.43023255813953487
ISL,1990,0.0,0.0,0.0,0.0,0.0,0.0,100,18,0.18
ISL,1991,0.0,0.0,0.0,0.0,0.0,0.0,86,17,0.19767441860465115
ISL,1992,0.0,0.0,0.0,0.0,0.0,0.0,113,21,0.18584070796460178
ISL,1993,0.0,0.0,0.0,0.0,0.0,0.0,92,16,0.17391304347826086
ISL,1994,0.0,0.0,0.0,0.0,0.0,0.0,65,11,0.16923076923076924
ISL,1995,0.0,0.0,0.0,0.0,0.0,0.0,48,11,0.22916666666666666
ISL,1996,0.0,0.0,0.0,0.0,0.0,0.0,49,7,0.14285714285714285
ISL,1997,0.0,0.0,0.0,0.0,0.0,0.0,46,5,0.10869565217391304
ISL,1998,0.0,0.0,1.0,0.0,0.0,0.0,54,14,0.25925925925925924
ISL,1999,0.0,0.0,0.0,0.0,0.0,0.0,59,8,0.13559322033898305
ISL,2000,0.0,0.0,1.0,0.0,0.0,0.0,65,13,0.2
ISL,2001,0.0,0.0,0.0,0.0,0.0,0.0,49,9,0.1836734693877551
ISL,2002,0.0,0.0,0.0,0.0,0.0,0.0,54,6,0.1111111111111111
ISL,2003,0.0,0.0,0.0,0.0,0.0,0.0,49,2,0.04081632653061224
ISL,2004,0.0,0.0,0.0,0.0,0.0,0.0,58,5,0.08620689655172414
ISL,2005,0.0,0.0,0.0,0.0,0.0,0.0,24,0,0.0
ISL,2006,0.0,0.0,1.0,0.0,0.0,0.0,68,24,0.35294117647058826
ISL,2007,0.0,0.0,1.0,0.0,0.0,1.0,112,24,0.21428571428571427
ISL,2008,0.0,0.0,3.0,0.0,0.0,0.0,61,13,0.21311475409836064
ISL,2009,0.0,0.0,1.0,0.0,0.0,0.0,78,25,0.32051282051282054
ISL,2010,0.0,0.0,2.0,0.0,0.0,0.0,79,18,0.22784810126582278
ISL,2011,0.0,0.0,1.0,0.0,0.0,0.0,68,31,0.45588235294117646
ISL,2012,0.0,0.0,1.0,0.0,0.0,0.0,44,10,0.22727272727272727
ISL,2013,0.0,0.0,1.0,0.0,0.0,0.0,83,19,0.2289156626506024
ISL,2014,0.0,0.0,2.0,0.0,0.0,0.0,75,23,0.30666666666666664
ISL,2015,0.0,0.0,0.0,0.0,0.0,0.0,76,16,0.21052631578947367
ISL,2016,0.0,0.0,1.0,0.0,0.0,0.0,80,11,0.1375
ISL,2017,0.0,0.0,1.0,0.0,0.0,0.0,71,15,0.2112676056338028
ISL,2018,1.0,0.0,0.0,0.0,0.0,0.0,65,20,0.3076923076923077
ISL,2019,0.0,0.0,1.0,0.0,0.0,0.0,64,22,0.34375
ISL,2020,0.0,0.0,0.0,0.0,0.0,0.0,41,7,0.17073170731707318
ISL,2021,0.0,0.0,2.0,0.0,1.0,0.0,58,21,0.3620689655172414
ISL,2022,0.0,0.0,0.0,0.0,0.0,0.0,86,15,0.1744186046511628
ISL,2023,0.0,0.0,0.0,0.0,1.0,0.0,98,12,0.12244897959183673
ISL,2024,0.0,0.0,0.0,0.0,0.0,0.0,87,6,0.06896551724137931
ISL,2025,0.0,0.0,0.0,0.0,0.0,0.0,136,10,0.07352941176470588
ISR,1949,0.0,0.0,0.0,0.0,0.0,0.0,94,1,0.010638297872340425
ISR,1950,0.0,0.0,0.0,0.0,0.0,0.0,89,1,0.011235955056179775
ISR,1951,0.0,0.0,0.0,0.0,1.0,0.0,82,5,0.06097560975609756
ISR,1952,0.0,0.0,0.0,0.0,0.0,0.0,79,0,0.0
ISR,1953,0.0,0.0,0.0,0.0,0.0,0.0,103,3,0.02912621359223301
ISR,1954,0.0,0.0,0.0,0.0,0.0,0.0,152,0,0.0
ISR,1955,0.0,0.0,0.0,0.0,0.0,0.0,128,4,0.03125
ISR,1956,0.0,0.0,0.0,0.0,0.0,0.0,120,2,0.016666666666666666
ISR,1957,0.0,0.0,0.0,0.0,0.0,0.0,146,5,0.03424657534246575
ISR,1958,0.0,0.0,0.0,0.0,0.0,0.0,115,3,0.02608695652173913
ISR,1959,0.0,0.0,0.0,0.0,0.0,0.0,100,2,0.02
ISR,1960,0.0,0.0,0.0,0.0,0.0,0.0,126,1,0.007936507936507936
ISR,1961,0.0,0.0,0.0,0.0,0.0,0.0,158,5,0.03164556962025317
ISR,1962,0.0,0.0,0.0,0.0,0.0,0.0,136,1,0.007352941176470588
ISR,1963,0.0,0.0,0.0,0.0,0.0,0.0,84,1,0.011904761904761904
ISR,1964,0.0,0.0,0.0,0.0,0.0,0.0,169,5,0.029585798816568046
ISR,1965,0.0,0.0,0.0,0.0,0.0,0.0,159,2,0.012578616352201259
ISR,1966,0.0,0.0,0.0,0.0,0.0,0.0,230,5,0.021739130434782608
ISR,1967,0.0,0.0,0.0,0.0,0.0,0.0,244,0,0.0
ISR,1968,0.0,0.0,0.0,0.0,0.0,0.0,266,3,0.011278195488721804
ISR,1969,0.0,0.0,0.0,0.0,0.0,0.0,290,6,0.020689655172413793
ISR,1970,0.0,0.0,0.0,0.0,0.0,0.0,250,1,0.004
ISR,1971,0.0,0.0,0.0,0.0,0.0,0.0,227,3,0.013215859030837005
ISR,1972,0.0,0.0,0.0,0.0,0.0,0.0,226,3,0.01327433628318584
ISR,1973,0.0,0.0,0.0,0.0,0.0,0.0,189,7,0.037037037037037035
ISR,1974,0.0,0.0,0.0,0.0,0.0,0.0,111,2,0.018018018018018018
ISR,1975,0.0,0.0,0.0,0.0,0.0,0.0,79,0,0.0
ISR,1976,0.0,0.0,0.0,0.0,0.0,0.0,68,1,0.014705882352941176
ISR,1977,0.0,0.0,0.0,0.0,0.0,0.0,127,0,0.0
ISR,1978,0.0,0.0,0.0,0.0,0.0,0.0,55,1,0.01818181818181818
ISR,1979,0.0,0.0,0.0,0.0,0.0,0.0,67,0,0.0
ISR,1980,0.0,0.0,0.0,0.0,0.0,0.0,104,0,0.0
ISR,1981,0.0,0.0,0.0,0.0,0.0,0.0,75,1,0.013333333333333334
ISR,1982,0.0,0.0,0.0,0.0,0.0,0.0,90,1,0.011111111111111112
ISR,1983,0.0,0.0,0.0,0.0,0.0,0.0,117,2,0.017094017094017096
ISR,1984,0.0,0.0,0.0,0.0,0.0,0.0,124,2,0.016129032258064516
ISR,1985,0.0,0.0,0.0,0.0,0.0,0.0,102,2,0.0196078431372549
ISR,1986,0.0,0.0,0.0,0.0,0.0,0.0,151,3,0.019867549668874173
ISR,1987,0.0,0.0,0.0,0.0,0.0,0.0,72,2,0.027777777777777776
ISR,1988,0.0,0.0,0.0,0.0,0.0,0.0,77,2,0.025974025974025976
ISR,1989,0.0,0.0,0.0,0.0,0.0,0.0,57,1,0.017543859649122806
ISR,1990,0.0,0.0,0.0,0.0,0.0,0.0,82,2,0.024390243902439025
ISR,1991,0.0,0.0,0.0,0.0,0.0,0.0,86,2,0.023255813953488372
ISR,1992,0.0,0.0,0.0,0.0,0.0,0.0,168,16,0.09523809523809523
ISR,1993,0.0,0.0,0.0,0.0,0.0,0.0,77,4,0.05194805194805195
ISR,1994,0.0,0.0,0.0,0.0,0.0,0.0,103,6,0.05825242718446602
ISR,1995,0.0,0.0,0.0,0.0,0.0,0.0,60,2,0.03333333333333333
ISR,1996,0.0,0.0,0.0,0.0,0.0,0.0,69,0,0.0
ISR,1997,0.0,0.0,0.0,0.0,0.0,0.0,74,1,0.013513513513513514
ISR,1998,0.0,0.0,0.0,0.0,0.0,0.0,103,2,0.019417475728155338
ISR,1999,0.0,0.0,0.0,0.0,0.0,0.0,89,2,0.02247191011235955
ISR,2000,0.0,0.0,0.0,0.0,0.0,0.0,80,1,0.0125
ISR,2001,0.0,0.0,0.0,0.0,0.0,0.0,111,6,0.05405405405405406
ISR,2002,0.0,0.0,0.0,1.0,0.0,0.0,85,8,0.09411764705882353
ISR,2003,0.0,0.0,0.0,0.0,0.0,0.0,67,1,0.014925373134328358
ISR,2004,0.0,0.0,0.0,0.0,0.0,0.0,53,0,0.0
ISR,2005,0.0,0.0,0.0,0.0,0.0,0.0,50,1,0.02
ISR,2006,0.0,0.0,0.0,0.0,0.0,0.0,114,0,0.0
ISR,2007,0.0,0.0,0.0,0.0,0.0,0.0,105,2,0.01904761904761905
ISR,2008,0.0,0.0,0.0,0.0,0.0,0.0,105,7,0.06666666666666667
ISR,2009,0.0,0.0,0.0,0.0,0.0,0.0,127,4,0.031496062992125984
ISR,2010,0.0,0.0,0.0,0.0,0.0,0.0,53,0,0.0
ISR,2011,0.0,0.0,0.0,0.0,0.0,0.0,231,7,0.030303030303030304
ISR,2012,0.0,0.0,0.0,0.0,0.0,0.0,152,8,0.05263157894736842
ISR,2013,0.0,0.0,0.0,0.0,0.0,0.0,140,9,0.06428571428571428
ISR,2014,0.0,0.0,0.0,0.0,0.0,0.0,145,3,0.020689655172413793
ISR,2015,0.0,0.0,0.0,0.0,0.0,0.0,168,4,0.023809523809523808
ISR,2016,0.0,0.0,0.0,0.0,0.0,0.0,166,5,0.030120481927710843
ISR,2017,0.0,0.0,0.0,0.0,0.0,0.0,105,7,0.06666666666666667
ISR,2018,0.0,0.0,0.0,0.0,0.0,0.0,161,13,0.08074534161490683
ISR,2019,0.0,0.0,0.0,0.0,0.0,0.0,28,0,0.0
ISR,2020,0.0,0.0,0.0,0.0,0.0,0.0,50,4,0.08
ISR,2021,0.0,0.0,0.0,0.0,0.0,0.0,106,3,0.02830188679245283
ISR,2022,0.0,0.0,0.0,0.0,0.0,0.0,116,6,0.05172413793103448
ISR,2023,0.0,0.0,0.0,0.0,0.0,0.0,148,9,0.060810810810810814
ISR,2024,0.0,0.0,0.0,0.0,0.0,0.0,225,4,0.017777777777777778
ISR,2025,0.0,0.0,0.0,0.0,0.0,0.0,295,4,0.013559322033898305
ITA,1956,0.0,0.0,0.0,0.0,0.0,0.0,102,3,0.029411764705882353
ITA,1957,0.0,0.0,0.0,0.0,0.0,0.0,116,2,0.017241379310344827
ITA,1958,0.0,0.0,0.0,0.0,0.0,0.0,83,0,0.0
ITA,1959,0.0,0.0,0.0,0.0,0.0,0.0,88,2,0.022727272727272728
ITA,1960,0.0,0.0,0.0,0.0,0.0,0.0,85,0,0.0
ITA,1961,0.0,0.0,0.0,0.0,0.0,0.0,73,1,0.0136986301369863
ITA,1962,0.0,0.0,0.0,0.0,0.0,0.0,88,2,0.022727272727272728
ITA,1963,0.0,0.0,0.0,0.0,0.0,0.0,144,5,0.034722222222222224
ITA,1964,0.0,0.0,0.0,0.0,0.0,0.0,69,1,0.014492753623188406
ITA,1965,0.0,0.0,0.0,0.0,0.0,0.0,131,2,0.015267175572519083
ITA,1966,0.0,0.0,0.0,0.0,0.0,0.0,151,2,0.013245033112582781
ITA,1967,0.0,0.0,0.0,0.0,0.0,0.0,112,4,0.03571428571428571
ITA,1968,0.0,0.0,0.0,0.0,0.0,0.0,114,6,0.05263157894736842
ITA,1969,0.0,0.0,0.0,0.0,0.0,0.0,157,4,0.025477707006369428
ITA,1970,0.0,0.0,0.0,0.0,0.0,0.0,46,4,0.08695652173913043
ITA,1971,0.0,0.0,0.0,0.0,0.0,0.0,88,0,0.0
ITA,1972,0.0,0.0,0.0,0.0,0.0,0.0,67,2,0.029850746268656716
ITA,1973,0.0,0.0,0.0,0.0,0.0,0.0,50,1,0.02
ITA,1974,0.0,0.0,0.0,0.0,0.0,0.0,64,5,0.078125
ITA,1975,0.0,0.0,0.0,0.0,0.0,0.0,75,3,0.04
ITA,1976,0.0,0.0,0.0,0.0,0.0,0.0,46,1,0.021739130434782608
ITA,1977,0.0,0.0,0.0,0.0,0.0,0.0,56,4,0.07142857142857142
ITA,1978,0.0,0.0,0.0,0.0,0.0,0.0,57,0,0.0
ITA,1979,0.0,0.0,0.0,0.0,0.0,0.0,44,2,0.045454545454545456
ITA,1980,0.0,0.0,0.0,0.0,0.0,0.0,73,1,0.0136986301369863
ITA,1981,0.0,0.0,0.0,0.0,0.0,0.0,76,3,0.039473684210526314
ITA,1982,0.0,0.0,0.0,0.0,0.0,0.0,84,1,0.011904761904761904
ITA,1983,0.0,0.0,0.0,0.0,0.0,0.0,72,4,0.05555555555555555
ITA,1984,0.0,0.0,0.0,0.0,0.0,0.0,121,2,0.01652892561983471
ITA,1985,0.0,0.0,0.0,0.0,0.0,0.0,95,1,0.010526315789473684
ITA,1986,0.0,0.0,0.0,0.0,0.0,0.0,65,1,0.015384615384615385
ITA,1987,0.0,0.0,0.0,0.0,0.0,0.0,71,3,0.04225352112676056
ITA,1988,0.0,0.0,0.0,0.0,0.0,0.0,80,6,0.075
ITA,1989,0.0,0.0,0.0,0.0,0.0,0.0,100,12,0.12
ITA,1990,0.0,0.0,0.0,0.0,0.0,0.0,109,7,0.06422018348623854
ITA,1991,0.0,0.0,0.0,0.0,0.0,0.0,93,3,0.03225806451612903
ITA,1992,0.0,0.0,0.0,0.0,0.0,0.0,120,6,0.05
ITA,1993,0.0,0.0,0.0,0.0,0.0,0.0,55,2,0.03636363636363636
ITA,1994,0.0,0.0,0.0,0.0,0.0,0.0,63,3,0.047619047619047616
ITA,1995,0.0,0.0,0.0,0.0,0.0,0.0,33,1,0.030303030303030304
ITA,1996,0.0,0.0,0.0,0.0,0.0,0.0,61,3,0.04918032786885246
ITA,1997,0.0,0.0,0.0,0.0,0.0,0.0,45,0,0.0
ITA,1998,0.0,0.0,0.0,0.0,0.0,0.0,72,1,0.013888888888888888
ITA,1999,0.0,0.0,0.0,0.0,0.0,0.0,60,0,0.0
ITA,2000,0.0,0.0,0.0,0.0,0.0,0.0,57,1,0.017543859649122806
ITA,2001,0.0,0.0,0.0,0.0,0.0,0.0,40,1,0.025
ITA,2002,0.0,0.0,0.0,0.0,0.0,0.0,32,0,0.0
ITA,2003,0.0,0.0,0.0,0.0,0.0,0.0,57,4,0.07017543859649122
ITA,2004,0.0,0.0,0.0,0.0,0.0,0.0,40,0,0.0
ITA,2005,0.0,0.0,0.0,0.0,0.0,0.0,31,0,0.0
ITA,2006,0.0,0.0,0.0,0.0,0.0,0.0,87,3,0.034482758620689655
ITA,2007,0.0,0.0,0.0,0.0,0.0,0.0,84,6,0.07142857142857142
ITA,2008,0.0,0.0,0.0,0.0,0.0,0.0,52,12,0.23076923076923078
ITA,2009,0.0,0.0,0.0,0.0,0.0,0.0,53,11,0.20754716981132076
ITA,2010,0.0,0.0,0.0,0.0,0.0,0.0,68,4,0.058823529411764705
ITA,2011,0.0,0.0,0.0,0.0,0.0,0.0,63,3,0.047619047619047616
ITA,2012,0.0,0.0,0.0,0.0,0.0,0.0,74,7,0.0945945945945946
ITA,2013,0.0,0.0,0.0,0.0,0.0,0.0,69,9,0.13043478260869565
ITA,2014,0.0,0.0,0.0,0.0,0.0,0.0,62,1,0.016129032258064516
ITA,2015,0.0,0.0,0.0,0.0,0.0,0.0,86,4,0.046511627906976744
ITA,2016,0.0,0.0,0.0,0.0,0.0,0.0,35,2,0.05714285714285714
ITA,2017,0.0,0.0,0.0,0.0,0.0,0.0,70,10,0.14285714285714285
ITA,2018,0.0,0.0,0.0,0.0,0.0,0.0,24,2,0.08333333333333333
ITA,2019,0.0,0.0,0.0,0.0,0.0,0.0,72,11,0.1527777777777778
ITA,2020,0.0,0.0,0.0,0.0,0.0,0.0,65,8,0.12307692307692308
ITA,2021,0.0,0.0,0.0,0.0,2.0,1.0,3,1,0.3333333333333333
ITA,2022,0.0,0.0,0.0,0.0,0.0,0.0,72,17,0.2361111111111111
ITA,2023,0.0,0.0,0.0,0.0,0.0,0.0,56,3,0.05357142857142857
ITA,2024,0.0,0.0,0.0,0.0,0.0,0.0,37,2,0.05405405405405406
ITA,2025,0.0,0.0,0.0,0.0,0.0,0.0,99,8,0.08080808080808081
JAM,1962,0.0,0.0,0.0,0.0,0.0,0.0,76,0,0.0
JAM,1963,0.0,0.0,0.0,0.0,0.0,0.0,67,1,0.014925373134328358
JAM,1964,0.0,0.0,0.0,0.0,0.0,0.0,88,0,0.0
JAM,1965,0.0,0.0,0.0,0.0,0.0,0.0,124,0,0.0
JAM,1966,0.0,0.0,0.0,0.0,0.0,0.0,134,1,0.007462686567164179
JAM,1967,0.0,0.0,0.0,0.0,0.0,0.0,127,3,0.023622047244094488
JAM,1968,0.0,0.0,0.0,0.0,0.0,0.0,98,4,0.04081632653061224
JAM,1969,0.0,0.0,0.0,0.0,0.0,0.0,116,8,0.06896551724137931
JAM,1971,0.0,0.0,0.0,0.0,0.0,0.0,88,12,0.13636363636363635
JAM,1972,0.0,0.0,0.0,0.0,0.0,0.0,74,2,0.02702702702702703
JAM,1973,0.0,0.0,0.0,0.0,0.0,0.0,130,7,0.05384615384615385
JAM,1974,0.0,0.0,0.0,0.0,0.0,0.0,95,3,0.031578947368421054
JAM,1975,0.0,0.0,0.0,0.0,0.0,0.0,59,1,0.01694915254237288
JAM,1976,0.0,0.0,0.0,0.0,0.0,0.0,74,0,0.0
JAM,1977,0.0,0.0,0.0,0.0,0.0,0.0,93,5,0.053763440860215055
JAM,1978,0.0,0.0,0.0,0.0,0.0,0.0,110,7,0.06363636363636363
JAM,1979,0.0,0.0,0.0,0.0,0.0,0.0,83,14,0.1686746987951807
JAM,1980,0.0,0.0,0.0,0.0,0.0,0.0,112,11,0.09821428571428571
JAM,1981,0.0,0.0,0.0,0.0,0.0,0.0,103,12,0.11650485436893204
JAM,1982,0.0,0.0,0.0,0.0,0.0,0.0,143,12,0.08391608391608392
JAM,1983,0.0,0.0,0.0,0.0,0.0,0.0,116,1,0.008620689655172414
JAM,1984,0.0,0.0,0.0,0.0,0.0,0.0,113,4,0.035398230088495575
JAM,1985,0.0,0.0,0.0,0.0,0.0,0.0,111,5,0.04504504504504504
JAM,1986,0.0,0.0,0.0,0.0,0.0,0.0,119,1,0.008403361344537815
JAM,1987,0.0,0.0,0.0,0.0,0.0,0.0,96,8,0.08333333333333333
JAM,1988,0.0,0.0,0.0,0.0,0.0,0.0,77,7,0.09090909090909091
JAM,1989,0.0,0.0,0.0,0.0,0.0,0.0,100,8,0.08
JAM,1990,0.0,0.0,0.0,0.0,0.0,0.0,70,15,0.21428571428571427
JAM,1991,0.0,0.0,0.0,0.0,0.0,0.0,65,4,0.06153846153846154
JAM,1992,0.0,0.0,0.0,0.0,0.0,0.0,107,8,0.07476635514018691
JAM,1993,0.0,0.0,0.0,0.0,0.0,0.0,72,5,0.06944444444444445
JAM,1994,0.0,0.0,0.0,0.0,0.0,0.0,65,4,0.06153846153846154
JAM,1995,0.0,0.0,0.0,0.0,0.0,0.0,82,9,0.10975609756097561
JAM,1996,0.0,0.0,0.0,0.0,0.0,0.0,83,4,0.04819277108433735
JAM,1997,0.0,0.0,0.0,0.0,0.0,0.0,80,7,0.0875
JAM,1998,0.0,0.0,0.0,0.0,0.0,0.0,56,7,0.125
JAM,1999,0.0,0.0,0.0,0.0,0.0,0.0,68,3,0.04411764705882353
JAM,2000,0.0,0.0,0.0,0.0,0.0,0.0,57,3,0.05263157894736842
JAM,2001,0.0,0.0,0.0,0.0,0.0,0.0,58,2,0.034482758620689655
JAM,2002,0.0,0.0,0.0,0.0,0.0,0.0,55,4,0.07272727272727272
JAM,2003,0.0,0.0,0.0,0.0,0.0,0.0,72,0,0.0
JAM,2004,0.0,0.0,0.0,0.0,0.0,0.0,62,1,0.016129032258064516
JAM,2005,0.0,0.0,0.0,0.0,0.0,0.0,61,13,0.21311475409836064
JAM,2006,0.0,0.0,0.0,0.0,0.0,0.0,113,7,0.061946902654867256
JAM,2007,0.0,0.0,0.0,0.0,0.0,0.0,103,9,0.08737864077669903
JAM,2008,0.0,0.0,0.0,0.0,0.0,0.0,98,11,0.11224489795918367
JAM,2009,0.0,0.0,0.0,0.0,0.0,0.0,100,16,0.16
JAM,2010,0.0,0.0,0.0,0.0,0.0,0.0,105,16,0.1523809523809524
JAM,2011,0.0,0.0,0.0,0.0,0.0,0.0,153,30,0.19607843137254902
JAM,2012,0.0,0.0,0.0,0.0,0.0,0.0,75,7,0.09333333333333334
JAM,2013,0.0,0.0,0.0,0.0,0.0,0.0,53,5,0.09433962264150944
JAM,2014,0.0,0.0,0.0,0.0,0.0,0.0,70,11,0.15714285714285714
JAM,2015,0.0,0.0,0.0,0.0,0.0,0.0,81,12,0.14814814814814814
JAM,2016,0.0,0.0,0.0,0.0,0.0,0.0,72,17,0.2361111111111111
JAM,2017,0.0,0.0,0.0,0.0,0.0,0.0,67,22,0.3283582089552239
JAM,2018,0.0,0.0,0.0,0.0,0.0,0.0,69,15,0.21739130434782608
JAM,2019,0.0,0.0,0.0,0.0,0.0,0.0,70,23,0.32857142857142857
JAM,2020,0.0,0.0,0.0,0.0,0.0,0.0,39,4,0.10256410256410256
JAM,2021,0.0,0.0,0.0,0.0,0.0,1.0,59,12,0.2033898305084746
JAM,2022,0.0,0.0,0.0,0.0,0.0,0.0,74,18,0.24324324324324326
JAM,2023,1.0,0.0,0.0,0.0,0.0,1.0,114,19,0.16666666666666666
JAM,2024,0.0,0.0,0.0,0.0,0.0,1.0,130,32,0.24615384615384617
JAM,2025,0.0,0.0,0.0,0.0,0.0,1.0,62,11,0.1774193548387097
JOR,1956,0.0,0.0,0.0,0.0,1.0,0.0,124,0,0.0
JOR,1957,0.0,0.0,0.0,0.0,0.0,0.0,70,0,0.0
JOR,1958,0.0,0.0,0.0,0.0,0.0,0.0,138,0,0.0
JOR,1959,0.0,0.0,0.0,0.0,0.0,0.0,84,1,0.011904761904761904
JOR,1960,0.0,0.0,0.0,0.0,0.0,0.0,80,1,0.0125
JOR,1962,0.0,0.0,0.0,0.0,0.0,0.0,59,1,0.01694915254237288
JOR,1963,0.0,0.0,0.0,0.0,0.0,0.0,116,2,0.017241379310344827
JOR,1965,0.0,0.0,0.0,0.0,0.0,0.0,128,1,0.0078125
JOR,1966,0.0,0.0,0.0,0.0,0.0,0.0,120,0,0.0
JOR,1967,0.0,0.0,0.0,0.0,0.0,0.0,153,0,0.0
JOR,1968,0.0,0.0,0.0,0.0,0.0,0.0,99,0,0.0
JOR,1969,0.0,0.0,0.0,0.0,0.0,0.0,150,3,0.02
JOR,1971,0.0,0.0,0.0,0.0,0.0,0.0,131,2,0.015267175572519083
JOR,1972,0.0,0.0,0.0,0.0,0.0,0.0,81,0,0.0
JOR,1973,0.0,0.0,0.0,0.0,0.0,0.0,69,1,0.014492753623188406
JOR,1974,0.0,0.0,0.0,0.0,0.0,0.0,73,2,0.0273972602739726
JOR,1975,0.0,0.0,0.0,0.0,0.0,0.0,67,1,0.014925373134328358
JOR,1976,0.0,0.0,0.0,0.0,0.0,0.0,68,1,0.014705882352941176
JOR,1977,0.0,0.0,0.0,0.0,0.0,0.0,44,0,0.0
JOR,1978,0.0,0.0,0.0,0.0,0.0,0.0,56,0,0.0
JOR,1979,0.0,0.0,0.0,0.0,0.0,0.0,110,1,0.00909090909090909
JOR,1980,0.0,0.0,0.0,0.0,0.0,0.0,69,4,0.057971014492753624
JOR,1981,0.0,0.0,0.0,0.0,0.0,0.0,85,5,0.058823529411764705
JOR,1982,0.0,0.0,0.0,0.0,0.0,0.0,100,1,0.01
JOR,1983,0.0,0.0,0.0,0.0,0.0,0.0,101,0,0.0
JOR,1984,0.0,0.0,0.0,0.0,0.0,0.0,113,2,0.017699115044247787
JOR,1985,0.0,0.0,0.0,0.0,0.0,0.0,98,2,0.02040816326530612
JOR,1986,0.0,0.0,0.0,0.0,0.0,0.0,86,0,0.0
JOR,1987,0.0,0.0,0.0,0.0,0.0,0.0,84,1,0.011904761904761904
JOR,1988,0.0,0.0,0.0,0.0,0.0,0.0,89,1,0.011235955056179775
JOR,1989,0.0,0.0,0.0,0.0,0.0,0.0,71,4,0.056338028169014086
JOR,1990,0.0,0.0,0.0,0.0,0.0,0.0,71,3,0.04225352112676056
JOR,1991,0.0,0.0,0.0,0.0,0.0,0.0,61,11,0.18032786885245902
JOR,1992,0.0,0.0,0.0,0.0,0.0,0.0,111,3,0.02702702702702703
JOR,1993,0.0,0.0,0.0,0.0,0.0,0.0,78,2,0.02564102564102564
JOR,1994,0.0,0.0,0.0,0.0,0.0,0.0,94,0,0.0
JOR,1995,0.0,0.0,0.0,0.0,0.0,0.0,48,1,0.020833333333333332
JOR,1996,0.0,0.0,0.0,0.0,0.0,0.0,70,1,0.014285714285714285
JOR,1997,0.0,0.0,0.0,0.0,0.0,0.0,74,1,0.013513513513513514
JOR,1998,0.0,0.0,0.0,0.0,0.0,0.0,69,1,0.014492753623188406
JOR,1999,0.0,0.0,0.0,0.0,0.0,0.0,70,4,0.05714285714285714
JOR,2000,0.0,0.0,0.0,0.0,0.0,0.0,56,0,0.0
JOR,2001,0.0,0.0,0.0,0.0,0.0,0.0,47,0,0.0
JOR,2002,0.0,0.0,0.0,0.0,0.0,0.0,49,0,0.0
JOR,2003,0.0,0.0,0.0,0.0,0.0,0.0,55,1,0.01818181818181818
JOR,2004,0.0,0.0,0.0,0.0,0.0,0.0,53,1,0.018867924528301886
JOR,2005,0.0,0.0,0.0,0.0,0.0,0.0,44,1,0.022727272727272728
JOR,2006,0.0,0.0,0.0,0.0,0.0,0.0,33,0,0.0
JOR,2007,0.0,0.0,0.0,0.0,0.0,0.0,47,1,0.02127659574468085
JOR,2008,0.0,0.0,0.0,0.0,0.0,0.0,75,3,0.04
JOR,2009,0.0,0.0,0.0,0.0,0.0,0.0,73,3,0.0410958904109589
JOR,2010,0.0,0.0,0.0,0.0,0.0,0.0,33,0,0.0
JOR,2011,0.0,0.0,0.0,0.0,0.0,0.0,50,2,0.04
JOR,2012,0.0,0.0,0.0,0.0,0.0,0.0,41,1,0.024390243902439025
JOR,2013,0.0,0.0,0.0,0.0,0.0,0.0,46,5,0.10869565217391304
JOR,2014,0.0,0.0,0.0,0.0,0.0,0.0,39,1,0.02564102564102564
JOR,2015,0.0,0.0,0.0,0.0,0.0,0.0,56,2,0.03571428571428571
JOR,2016,0.0,0.0,0.0,0.0,0.0,0.0,58,0,0.0
JOR,2017,0.0,0.0,0.0,0.0,0.0,0.0,48,3,0.0625
JOR,2018,0.0,0.0,0.0,0.0,0.0,0.0,37,1,0.02702702702702703
JOR,2019,0.0,0.0,0.0,0.0,0.0,0.0,19,1,0.05263157894736842
JOR,2020,0.0,0.0,0.0,0.0,0.0,0.0,14,2,0.14285714285714285
JOR,2021,0.0,0.0,0.0,0.0,0.0,0.0,23,6,0.2608695652173913
JOR,2022,0.0,0.0,0.0,0.0,0.0,0.0,45,5,0.1111111111111111
JOR,2023,0.0,0.0,0.0,0.0,0.0,0.0,55,5,0.09090909090909091
JOR,2024,0.0,0.0,0.0,0.0,0.0,0.0,28,0,0.0
JOR,2025,0.0,0.0,0.0,0.0,0.0,0.0,61,0,0.0
JPN,1957,0.0,0.0,0.0,0.0,0.0,0.0,67,0,0.0
JPN,1958,0.0,0.0,0.0,0.0,0.0,0.0,66,1,0.015151515151515152
JPN,1959,0.0,0.0,0.0,0.0,0.0,0.0,64,0,0.0
JPN,1960,0.0,0.0,0.0,0.0,0.0,0.0,75,2,0.02666666666666667
JPN,1961,0.0,0.0,0.0,0.0,1.0,0.0,109,1,0.009174311926605505
JPN,1962,0.0,0.0,0.0,0.0,0.0,0.0,129,2,0.015503875968992248
JPN,1963,0.0,0.0,0.0,0.0,0.0,0.0,152,4,0.02631578947368421
JPN,1964,0.0,0.0,0.0,0.0,0.0,0.0,98,4,0.04081632653061224
JPN,1965,0.0,0.0,0.0,0.0,0.0,0.0,148,3,0.02027027027027027
JPN,1966,0.0,0.0,0.0,0.0,0.0,0.0,179,4,0.0223463687150838
JPN,1967,0.0,0.0,0.0,0.0,0.0,0.0,175,5,0.02857142857142857
JPN,1968,0.0,0.0,0.0,0.0,0.0,0.0,184,7,0.03804347826086957
JPN,1969,0.0,0.0,0.0,0.0,0.0,0.0,107,3,0.028037383177570093
JPN,1970,0.0,0.0,0.0,0.0,0.0,0.0,76,0,0.0
JPN,1971,0.0,0.0,0.0,0.0,0.0,0.0,85,11,0.12941176470588237
JPN,1972,0.0,0.0,0.0,0.0,0.0,0.0,96,8,0.08333333333333333
JPN,1973,0.0,0.0,0.0,0.0,0.0,0.0,140,5,0.03571428571428571
JPN,1974,0.0,0.0,0.0,0.0,0.0,0.0,67,6,0.08955223880597014
JPN,1975,0.0,0.0,0.0,0.0,0.0,0.0,61,0,0.0
JPN,1976,0.0,0.0,0.0,0.0,0.0,0.0,90,0,0.0
JPN,1977,0.0,0.0,0.0,0.0,0.0,0.0,75,2,0.02666666666666667
JPN,1978,0.0,0.0,0.0,0.0,0.0,0.0,56,0,0.0
JPN,1979,0.0,0.0,0.0,0.0,0.0,0.0,80,3,0.0375
JPN,1980,0.0,0.0,0.0,0.0,0.0,0.0,95,1,0.010526315789473684
JPN,1981,0.0,0.0,0.0,0.0,0.0,0.0,77,2,0.025974025974025976
JPN,1982,0.0,0.0,0.0,0.0,0.0,0.0,118,0,0.0
JPN,1983,0.0,0.0,0.0,0.0,0.0,0.0,74,3,0.04054054054054054
JPN,1984,0.0,0.0,0.0,0.0,0.0,0.0,86,5,0.05813953488372093
JPN,1985,1.0,0.0,0.0,0.0,0.0,0.0,109,8,0.07339449541284404
JPN,1986,0.0,0.0,0.0,0.0,0.0,0.0,106,14,0.1320754716981132
JPN,1987,0.0,0.0,0.0,0.0,0.0,0.0,113,5,0.04424778761061947
JPN,1988,0.0,0.0,0.0,0.0,0.0,0.0,109,10,0.09174311926605505
JPN,1989,0.0,0.0,0.0,0.0,0.0,0.0,146,24,0.1643835616438356
JPN,1990,0.0,0.0,0.0,0.0,0.0,0.0,125,14,0.112
JPN,1991,0.0,0.0,0.0,0.0,0.0,0.0,94,8,0.0851063829787234
JPN,1992,0.0,0.0,0.0,0.0,0.0,0.0,145,8,0.05517241379310345
JPN,1993,0.0,0.0,0.0,0.0,0.0,0.0,60,7,0.11666666666666667
JPN,1994,0.0,0.0,0.0,0.0,0.0,0.0,51,3,0.058823529411764705
JPN,1995,0.0,0.0,0.0,0.0,0.0,0.0,66,4,0.06060606060606061
JPN,1996,0.0,0.0,0.0,0.0,0.0,0.0,82,6,0.07317073170731707
JPN,1997,0.0,0.0,1.0,0.0,0.0,0.0,61,3,0.04918032786885246
JPN,1998,0.0,0.0,0.0,0.0,0.0,0.0,87,3,0.034482758620689655
JPN,1999,0.0,0.0,0.0,0.0,0.0,0.0,82,7,0.08536585365853659
JPN,2000,0.0,0.0,0.0,0.0,0.0,0.0,74,11,0.14864864864864866
JPN,2001,0.0,0.0,0.0,0.0,0.0,0.0,23,0,0.0
JPN,2002,0.0,0.0,0.0,0.0,0.0,0.0,51,4,0.0784313725490196
JPN,2003,0.0,0.0,0.0,0.0,0.0,0.0,68,4,0.058823529411764705
JPN,2004,0.0,0.0,0.0,0.0,0.0,0.0,62,5,0.08064516129032258
JPN,2005,0.0,0.0,0.0,0.0,0.0,0.0,42,2,0.047619047619047616
JPN,2006,0.0,0.0,0.0,0.0,0.0,0.0,87,2,0.022988505747126436
JPN,2007,0.0,0.0,0.0,0.0,0.0,1.0,100,18,0.18
JPN,2008,0.0,0.0,0.0,0.0,0.0,0.0,106,14,0.1320754716981132
JPN,2009,0.0,0.0,0.0,0.0,0.0,0.0,101,12,0.1188118811881188
JPN,2010,0.0,0.0,0.0,0.0,0.0,0.0,101,20,0.19801980198019803
JPN,2011,0.0,0.0,0.0,0.0,0.0,0.0,129,19,0.14728682170542637
JPN,2012,0.0,0.0,0.0,0.0,0.0,0.0,73,9,0.1232876712328767
JPN,2013,0.0,0.0,0.0,0.0,0.0,0.0,99,6,0.06060606060606061
JPN,2014,0.0,0.0,0.0,0.0,0.0,0.0,79,3,0.0379746835443038
JPN,2015,0.0,0.0,0.0,0.0,0.0,0.0,77,2,0.025974025974025976
JPN,2016,0.0,0.0,0.0,0.0,0.0,0.0,70,3,0.04285714285714286
JPN,2017,0.0,0.0,0.0,0.0,0.0,0.0,69,10,0.14492753623188406
JPN,2018,0.0,0.0,0.0,0.0,0.0,0.0,69,5,0.07246376811594203
JPN,2019,0.0,0.0,0.0,0.0,0.0,0.0,60,0,0.0
JPN,2020,0.0,0.0,0.0,0.0,0.0,0.0,63,5,0.07936507936507936
JPN,2021,0.0,0.0,0.0,0.0,0.0,0.0,37,6,0.16216216216216217
JPN,2022,0.0,0.0,0.0,0.0,0.0,0.0,66,4,0.06060606060606061
JPN,2023,0.0,0.0,0.0,0.0,0.0,0.0,95,17,0.17894736842105263
JPN,2024,0.0,0.0,0.0,0.0,0.0,0.0,92,11,0.11956521739130435
JPN,2025,0.0,0.0,0.0,0.0,0.0,0.0,158,5,0.03164556962025317
KAZ,1992,0.0,0.0,0.0,0.0,0.0,0.0,113,6,0.05309734513274336
KAZ,1993,0.0,0.0,0.0,0.0,0.0,0.0,59,7,0.11864406779661017
KAZ,1994,0.0,0.0,0.0,0.0,0.0,0.0,64,6,0.09375
KAZ,1995,0.0,0.0,0.0,0.0,0.0,0.0,47,4,0.0851063829787234
KAZ,1996,0.0,0.0,0.0,0.0,0.0,0.0,75,8,0.10666666666666667
KAZ,1997,0.0,0.0,0.0,0.0,0.0,0.0,56,12,0.21428571428571427
KAZ,1998,0.0,0.0,0.0,0.0,0.0,0.0,52,8,0.15384615384615385
KAZ,1999,0.0,0.0,0.0,0.0,0.0,0.0,53,7,0.1320754716981132
KAZ,2000,0.0,0.0,0.0,0.0,0.0,0.0,69,12,0.17391304347826086
KAZ,2001,0.0,0.0,0.0,0.0,0.0,0.0,26,3,0.11538461538461539
KAZ,2002,0.0,0.0,0.0,0.0,0.0,0.0,49,6,0.12244897959183673
KAZ,2003,0.0,0.0,0.0,0.0,0.0,0.0,45,7,0.15555555555555556
KAZ,2004,0.0,0.0,0.0,0.0,0.0,0.0,57,6,0.10526315789473684
KAZ,2005,0.0,0.0,0.0,0.0,0.0,0.0,86,11,0.12790697674418605
KAZ,2006,0.0,0.0,0.0,0.0,0.0,0.0,93,10,0.10752688172043011
KAZ,2007,0.0,0.0,0.0,0.0,0.0,0.0,89,22,0.24719101123595505
KAZ,2008,0.0,0.0,0.0,0.0,0.0,0.0,55,12,0.21818181818181817
KAZ,2009,0.0,0.0,0.0,0.0,0.0,0.0,72,8,0.1111111111111111
KAZ,2010,0.0,0.0,0.0,0.0,0.0,0.0,76,19,0.25
KAZ,2011,0.0,0.0,0.0,0.0,0.0,0.0,86,14,0.16279069767441862
KAZ,2012,0.0,0.0,0.0,0.0,0.0,0.0,44,8,0.18181818181818182
KAZ,2013,0.0,0.0,0.0,0.0,0.0,0.0,62,13,0.20967741935483872
KAZ,2014,0.0,0.0,0.0,0.0,0.0,0.0,89,11,0.12359550561797752
KAZ,2015,0.0,0.0,0.0,0.0,0.0,0.0,57,9,0.15789473684210525
KAZ,2016,0.0,0.0,0.0,0.0,0.0,0.0,72,12,0.16666666666666666
KAZ,2017,0.0,0.0,0.0,0.0,0.0,0.0,77,12,0.15584415584415584
KAZ,2018,0.0,0.0,0.0,0.0,0.0,0.0,71,8,0.11267605633802817
KAZ,2019,0.0,0.0,0.0,0.0,0.0,0.0,66,6,0.09090909090909091
KAZ,2020,0.0,0.0,0.0,0.0,0.0,0.0,41,8,0.1951219512195122
KAZ,2021,0.0,0.0,0.0,0.0,0.0,0.0,42,10,0.23809523809523808
KAZ,2022,0.0,0.0,0.0,0.0,0.0,0.0,101,14,0.13861386138613863
KAZ,2023,0.0,0.0,0.0,0.0,0.0,0.0,89,18,0.20224719101123595
KAZ,2024,0.0,0.0,0.0,0.0,0.0,0.0,81,25,0.30864197530864196
KAZ,2025,0.0,0.0,0.0,0.0,0.0,0.0,138,24,0.17391304347826086
KEN,1964,0.0,0.0,0.0,0.0,0.0,0.0,81,1,0.012345679012345678
KEN,1965,0.0,0.0,0.0,0.0,0.0,0.0,243,1,0.00411522633744856
KEN,1966,0.0,0.0,0.0,0.0,0.0,0.0,151,1,0.006622516556291391
KEN,1967,0.0,0.0,0.0,0.0,0.0,0.0,114,0,0.0
KEN,1968,0.0,0.0,0.0,0.0,0.0,0.0,174,3,0.017241379310344827
KEN,1969,0.0,0.0,0.0,0.0,0.0,0.0,107,1,0.009345794392523364
KEN,1970,0.0,0.0,0.0,0.0,0.0,0.0,110,2,0.01818181818181818
KEN,1971,0.0,0.0,0.0,0.0,0.0,0.0,139,12,0.08633093525179857
KEN,1972,0.0,0.0,0.0,1.0,0.0,0.0,99,7,0.0707070707070707
KEN,1973,0.0,0.0,1.0,0.0,0.0,0.0,134,3,0.022388059701492536
KEN,1974,0.0,0.0,0.0,0.0,0.0,0.0,143,12,0.08391608391608392
KEN,1975,0.0,0.0,0.0,0.0,0.0,0.0,161,3,0.018633540372670808
KEN,1976,0.0,0.0,0.0,0.0,0.0,0.0,166,8,0.04819277108433735
KEN,1977,0.0,0.0,0.0,0.0,0.0,0.0,161,14,0.08695652173913043
KEN,1978,0.0,0.0,0.0,0.0,0.0,0.0,166,3,0.018072289156626505
KEN,1979,0.0,0.0,0.0,0.0,0.0,0.0,102,8,0.0784313725490196
KEN,1980,0.0,0.0,0.0,0.0,0.0,0.0,104,8,0.07692307692307693
KEN,1981,0.0,0.0,0.0,0.0,0.0,0.0,206,15,0.07281553398058252
KEN,1982,0.0,0.0,0.0,0.0,1.0,0.0,145,12,0.08275862068965517
KEN,1983,0.0,0.0,0.0,0.0,0.0,0.0,177,8,0.04519774011299435
KEN,1984,0.0,0.0,0.0,0.0,0.0,0.0,162,9,0.05555555555555555
KEN,1985,0.0,0.0,0.0,0.0,0.0,0.0,125,6,0.048
KEN,1986,0.0,0.0,0.0,0.0,0.0,0.0,141,2,0.014184397163120567
KEN,1987,0.0,0.0,0.0,0.0,0.0,0.0,105,7,0.06666666666666667
KEN,1988,0.0,0.0,0.0,0.0,0.0,0.0,84,6,0.07142857142857142
KEN,1989,1.0,0.0,0.0,0.0,0.0,0.0,86,17,0.19767441860465115
KEN,1990,0.0,0.0,0.0,0.0,0.0,0.0,103,11,0.10679611650485436
KEN,1991,0.0,0.0,0.0,0.0,0.0,0.0,65,4,0.06153846153846154
KEN,1992,0.0,0.0,0.0,0.0,0.0,0.0,111,17,0.15315315315315314
KEN,1993,0.0,0.0,0.0,0.0,0.0,0.0,88,4,0.045454545454545456
KEN,1994,0.0,0.0,0.0,0.0,0.0,0.0,106,12,0.11320754716981132
KEN,1995,0.0,0.0,0.0,0.0,0.0,0.0,73,2,0.0273972602739726
KEN,1996,0.0,0.0,0.0,0.0,0.0,0.0,68,10,0.14705882352941177
KEN,1997,0.0,0.0,0.0,0.0,0.0,0.0,95,4,0.042105263157894736
KEN,1998,0.0,0.0,0.0,0.0,0.0,0.0,80,7,0.0875
KEN,1999,0.0,0.0,0.0,0.0,0.0,0.0,100,0,0.0
KEN,2000,0.0,0.0,0.0,0.0,0.0,0.0,79,7,0.08860759493670886
KEN,2001,0.0,0.0,0.0,0.0,0.0,0.0,42,1,0.023809523809523808
KEN,2002,0.0,0.0,0.0,0.0,0.0,0.0,59,3,0.05084745762711865
KEN,2003,0.0,0.0,0.0,0.0,0.0,0.0,62,2,0.03225806451612903
KEN,2004,0.0,0.0,0.0,0.0,0.0,0.0,53,1,0.018867924528301886
KEN,2005,0.0,0.0,0.0,0.0,0.0,0.0,46,4,0.08695652173913043
KEN,2006,0.0,0.0,0.0,0.0,0.0,0.0,82,2,0.024390243902439025
KEN,2007,0.0,0.0,0.0,0.0,0.0,0.0,111,5,0.04504504504504504
KEN,2008,0.0,0.0,0.0,0.0,0.0,0.0,59,9,0.15254237288135594
KEN,2009,1.0,0.0,1.0,0.0,0.0,0.0,76,21,0.27631578947368424
KEN,2010,0.0,0.0,1.0,0.0,0.0,0.0,45,10,0.2222222222222222
KEN,2011,0.0,0.0,0.0,0.0,0.0,0.0,39,10,0.2564102564102564
KEN,2012,0.0,0.0,0.0,0.0,0.0,0.0,34,4,0.11764705882352941
KEN,2014,0.0,0.0,0.0,0.0,0.0,0.0,82,9,0.10975609756097561
KEN,2015,0.0,0.0,0.0,0.0,0.0,0.0,81,24,0.2962962962962963
KEN,2016,0.0,0.0,0.0,0.0,0.0,0.0,76,14,0.18421052631578946
KEN,2017,0.0,0.0,0.0,0.0,0.0,0.0,69,15,0.21739130434782608
KEN,2018,0.0,0.0,0.0,0.0,0.0,0.0,75,4,0.05333333333333334
KEN,2019,0.0,0.0,1.0,0.0,0.0,0.0,73,23,0.3150684931506849
KEN,2020,0.0,0.0,0.0,0.0,0.0,0.0,52,11,0.21153846153846154
KEN,2021,0.0,0.0,0.0,0.0,0.0,1.0,32,6,0.1875
KEN,2022,0.0,0.0,0.0,0.0,0.0,0.0,105,35,0.3333333333333333
KEN,2023,0.0,0.0,0.0,0.0,0.0,0.0,77,20,0.2597402597402597
KEN,2024,0.0,0.0,1.0,0.0,0.0,2.0,132,31,0.23484848484848486
KEN,2025,0.0,0.0,1.0,0.0,0.0,0.0,158,19,0.12025316455696203
KGZ,1992,0.0,0.0,0.0,0.0,0.0,0.0,42,3,0.07142857142857142
KGZ,1993,0.0,0.0,0.0,0.0,0.0,0.0,30,2,0.06666666666666667
KGZ,1994,0.0,0.0,0.0,0.0,0.0,0.0,49,0,0.0
KGZ,1995,0.0,0.0,0.0,0.0,0.0,0.0,50,4,0.08
KGZ,1996,0.0,0.0,0.0,0.0,0.0,0.0,47,2,0.0425531914893617
KGZ,1997,0.0,0.0,0.0,0.0,0.0,0.0,49,9,0.1836734693877551
KGZ,1998,0.0,0.0,0.0,0.0,0.0,0.0,38,4,0.10526315789473684
KGZ,1999,0.0,0.0,0.0,0.0,0.0,0.0,39,0,0.0
KGZ,2000,0.0,0.0,0.0,0.0,0.0,0.0,42,3,0.07142857142857142
KGZ,2001,0.0,0.0,0.0,0.0,0.0,0.0,35,6,0.17142857142857143
KGZ,2002,0.0,0.0,0.0,0.0,0.0,0.0,60,1,0.016666666666666666
KGZ,2003,0.0,0.0,0.0,0.0,0.0,0.0,48,4,0.08333333333333333
KGZ,2004,0.0,0.0,0.0,0.0,0.0,0.0,52,3,0.057692307692307696
KGZ,2005,0.0,0.0,0.0,0.0,0.0,0.0,48,6,0.125
KGZ,2006,0.0,0.0,0.0,0.0,0.0,0.0,79,21,0.26582278481012656
KGZ,2007,0.0,0.0,0.0,0.0,0.0,0.0,48,7,0.14583333333333334
KGZ,2008,0.0,0.0,0.0,0.0,0.0,0.0,35,8,0.22857142857142856
KGZ,2009,0.0,0.0,0.0,0.0,0.0,0.0,61,22,0.36065573770491804
KGZ,2010,0.0,0.0,0.0,0.0,0.0,0.0,73,15,0.2054794520547945
KGZ,2011,0.0,0.0,0.0,0.0,0.0,0.0,62,3,0.04838709677419355
KGZ,2012,0.0,0.0,1.0,0.0,0.0,0.0,105,12,0.11428571428571428
KGZ,2013,0.0,0.0,1.0,0.0,0.0,0.0,54,22,0.4074074074074074
KGZ,2014,0.0,0.0,0.0,0.0,0.0,0.0,60,18,0.3
KGZ,2015,0.0,0.0,0.0,0.0,0.0,0.0,95,13,0.1368421052631579
KGZ,2016,0.0,0.0,1.0,0.0,0.0,0.0,88,22,0.25
KGZ,2017,0.0,0.0,0.0,0.0,0.0,0.0,83,19,0.2289156626506024
KGZ,2018,0.0,0.0,0.0,0.0,0.0,0.0,62,14,0.22580645161290322
KGZ,2019,0.0,0.0,1.0,0.0,0.0,0.0,78,21,0.2692307692307692
KGZ,2020,0.0,0.0,1.0,0.0,0.0,0.0,59,19,0.3220338983050847
KGZ,2021,1.0,0.0,1.0,0.0,0.0,0.0,66,20,0.30303030303030304
KGZ,2022,0.0,0.0,1.0,0.0,0.0,0.0,65,8,0.12307692307692308
KGZ,2023,0.0,0.0,0.0,0.0,0.0,0.0,98,27,0.2755102040816326
KGZ,2024,0.0,0.0,0.0,0.0,0.0,0.0,103,35,0.33980582524271846
KGZ,2025,0.0,0.0,0.0,0.0,0.0,0.0,151,17,0.11258278145695365
KHM,1956,0.0,0.0,0.0,0.0,0.0,0.0,82,0,0.0
KHM,1957,0.0,0.0,0.0,0.0,0.0,0.0,48,0,0.0
KHM,1958,0.0,0.0,0.0,0.0,0.0,0.0,62,1,0.016129032258064516
KHM,1959,0.0,0.0,0.0,0.0,0.0,0.0,34,0,0.0
KHM,1960,0.0,0.0,0.0,0.0,0.0,0.0,113,2,0.017699115044247787
KHM,1961,0.0,0.0,0.0,0.0,0.0,0.0,149,2,0.013422818791946308
KHM,1962,0.0,0.0,0.0,0.0,0.0,0.0,76,0,0.0
KHM,1963,0.0,0.0,0.0,0.0,0.0,0.0,143,0,0.0
KHM,1964,0.0,0.0,0.0,0.0,0.0,0.0,128,2,0.015625
KHM,1965,0.0,0.0,0.0,0.0,0.0,0.0,73,0,0.0
KHM,1966,0.0,0.0,0.0,0.0,0.0,0.0,100,0,0.0
KHM,1967,0.0,0.0,0.0,0.0,0.0,0.0,164,2,0.012195121951219513
KHM,1968,0.0,0.0,0.0,0.0,0.0,0.0,121,0,0.0
KHM,1969,0.0,0.0,0.0,0.0,0.0,0.0,87,1,0.011494252873563218
KHM,1970,0.0,0.0,0.0,0.0,0.0,0.0,78,0,0.0
KHM,1971,0.0,0.0,0.0,0.0,0.0,0.0,72,0,0.0
KHM,1972,0.0,0.0,0.0,0.0,0.0,0.0,52,0,0.0
KHM,1973,0.0,0.0,0.0,0.0,0.0,0.0,68,2,0.029411764705882353
KHM,1974,0.0,0.0,0.0,0.0,0.0,0.0,115,1,0.008695652173913044
KHM,1975,0.0,0.0,0.0,0.0,0.0,0.0,30,2,0.06666666666666667
KHM,1976,0.0,0.0,0.0,0.0,0.0,0.0,131,3,0.022900763358778626
KHM,1977,0.0,0.0,0.0,0.0,0.0,0.0,184,6,0.03260869565217391
KHM,1978,0.0,0.0,0.0,0.0,0.0,0.0,219,2,0.0091324200913242
KHM,1979,0.0,0.0,0.0,0.0,0.0,0.0,116,0,0.0
KHM,1980,0.0,0.0,0.0,0.0,0.0,0.0,105,0,0.0
KHM,1981,0.0,0.0,0.0,0.0,0.0,0.0,84,0,0.0
KHM,1982,0.0,0.0,0.0,0.0,0.0,0.0,50,0,0.0
KHM,1983,0.0,0.0,0.0,0.0,0.0,0.0,78,1,0.01282051282051282
KHM,1984,0.0,0.0,0.0,0.0,0.0,0.0,75,0,0.0
KHM,1985,0.0,0.0,0.0,0.0,0.0,0.0,166,1,0.006024096385542169
KHM,1986,0.0,0.0,0.0,0.0,0.0,0.0,151,3,0.019867549668874173
KHM,1987,0.0,0.0,0.0,0.0,0.0,0.0,105,0,0.0
KHM,1988,0.0,0.0,0.0,0.0,0.0,0.0,52,0,0.0
KHM,1989,0.0,0.0,0.0,0.0,0.0,0.0,79,1,0.012658227848101266
KHM,1991,0.0,0.0,0.0,0.0,0.0,0.0,49,8,0.16326530612244897
KHM,1993,0.0,0.0,0.0,0.0,0.0,0.0,50,2,0.04
KHM,1994,0.0,0.0,0.0,0.0,0.0,0.0,38,1,0.02631578947368421
KHM,1995,0.0,0.0,0.0,0.0,0.0,0.0,52,1,0.019230769230769232
KHM,1996,0.0,0.0,0.0,0.0,0.0,0.0,73,4,0.0547945205479452
KHM,1999,0.0,0.0,0.0,0.0,0.0,0.0,71,4,0.056338028169014086
KHM,2000,0.0,0.0,0.0,0.0,0.0,0.0,23,0,0.0
KHM,2001,0.0,0.0,0.0,0.0,0.0,0.0,40,0,0.0
KHM,2002,0.0,0.0,0.0,0.0,0.0,0.0,36,4,0.1111111111111111
KHM,2003,0.0,0.0,0.0,0.0,0.0,0.0,51,2,0.0392156862745098
KHM,2004,0.0,0.0,0.0,0.0,0.0,0.0,24,1,0.041666666666666664
KHM,2005,0.0,0.0,0.0,0.0,0.0,0.0,47,5,0.10638297872340426
KHM,2006,0.0,0.0,0.0,0.0,0.0,0.0,43,5,0.11627906976744186
KHM,2007,0.0,0.0,1.0,0.0,0.0,0.0,64,15,0.234375
KHM,2008,1.0,0.0,0.0,0.0,0.0,0.0,62,19,0.3064516129032258
KHM,2009,1.0,0.0,1.0,0.0,0.0,0.0,72,31,0.4305555555555556
KHM,2010,0.0,0.0,1.0,0.0,0.0,0.0,59,18,0.3050847457627119
KHM,2011,0.0,0.0,1.0,0.0,0.0,0.0,86,31,0.36046511627906974
KHM,2012,0.0,0.0,0.0,0.0,0.0,0.0,37,15,0.40540540540540543
KHM,2013,0.0,0.0,0.0,0.0,0.0,0.0,31,7,0.22580645161290322
KHM,2014,0.0,0.0,0.0,0.0,0.0,0.0,39,14,0.358974358974359
KHM,2015,0.0,0.0,0.0,0.0,0.0,0.0,22,9,0.4090909090909091
KHM,2016,0.0,0.0,0.0,0.0,0.0,0.0,70,10,0.14285714285714285
KHM,2017,0.0,0.0,0.0,0.0,0.0,0.0,39,7,0.1794871794871795
KHM,2018,0.0,0.0,0.0,0.0,0.0,0.0,47,8,0.1702127659574468
KHM,2019,0.0,0.0,0.0,0.0,0.0,0.0,71,11,0.15492957746478872
KHM,2020,0.0,0.0,0.0,0.0,1.0,2.0,30,5,0.16666666666666666
KHM,2021,0.0,0.0,0.0,0.0,0.0,0.0,33,3,0.09090909090909091
KHM,2022,0.0,0.0,0.0,0.0,0.0,0.0,35,8,0.22857142857142856
KHM,2023,0.0,0.0,0.0,0.0,0.0,0.0,47,12,0.2553191489361702
KHM,2024,1.0,0.0,0.0,0.0,0.0,0.0,88,14,0.1590909090909091
KHM,2025,0.0,0.0,0.0,0.0,0.0,1.0,73,4,0.0547945205479452
KIR,2003,0.0,0.0,0.0,0.0,0.0,0.0,40,4,0.1
KIR,2004,0.0,0.0,0.0,0.0,0.0,0.0,51,6,0.11764705882352941
KIR,2005,0.0,0.0,0.0,0.0,0.0,0.0,26,5,0.19230769230769232
KIR,2006,0.0,0.0,0.0,0.0,0.0,0.0,69,13,0.18840579710144928
KIR,2007,0.0,0.0,0.0,0.0,0.0,0.0,51,13,0.2549019607843137
KIR,2008,0.0,0.0,0.0,0.0,0.0,0.0,113,53,0.4690265486725664
KIR,2009,0.0,0.0,0.0,0.0,0.0,0.0,65,28,0.4307692307692308
KIR,2010,0.0,0.0,0.0,0.0,0.0,0.0,71,39,0.5492957746478874
KIR,2011,0.0,0.0,0.0,0.0,0.0,0.0,49,26,0.5306122448979592
KIR,2012,0.0,0.0,0.0,0.0,0.0,0.0,75,27,0.36
KIR,2013,0.0,0.0,0.0,0.0,0.0,0.0,67,24,0.3582089552238806
KIR,2014,0.0,0.0,0.0,0.0,0.0,0.0,91,34,0.37362637362637363
KIR,2015,0.0,0.0,0.0,0.0,0.0,2.0,62,36,0.5806451612903226
KIR,2016,0.0,0.0,0.0,0.0,0.0,0.0,86,27,0.313953488372093
KIR,2017,0.0,0.0,0.0,0.0,0.0,0.0,67,19,0.2835820895522388
KIR,2018,0.0,0.0,0.0,0.0,0.0,0.0,53,12,0.22641509433962265
KIR,2019,0.0,0.0,0.0,0.0,0.0,2.0,53,16,0.3018867924528302
KIR,2020,0.0,0.0,0.0,0.0,0.0,0.0,62,9,0.14516129032258066
KIR,2021,0.0,0.0,0.0,0.0,0.0,0.0,44,11,0.25
KIR,2022,0.0,0.0,0.0,0.0,0.0,0.0,52,14,0.2692307692307692
KIR,2023,0.0,0.0,0.0,0.0,0.0,0.0,67,24,0.3582089552238806
KIR,2024,0.0,0.0,0.0,0.0,0.0,0.0,72,24,0.3333333333333333
KIR,2025,0.0,0.0,0.0,0.0,0.0,0.0,60,21,0.35
KNA,1985,0.0,0.0,0.0,0.0,0.0,0.0,37,1,0.02702702702702703
KNA,1987,0.0,0.0,0.0,0.0,0.0,0.0,93,4,0.043010752688172046
KNA,1988,0.0,0.0,0.0,0.0,0.0,0.0,103,11,0.10679611650485436
KNA,1989,0.0,0.0,0.0,0.0,0.0,0.0,69,4,0.057971014492753624
KNA,1990,0.0,0.0,0.0,0.0,0.0,0.0,104,20,0.19230769230769232
KNA,1991,0.0,0.0,0.0,0.0,0.0,0.0,86,13,0.1511627906976744
KNA,1992,0.0,0.0,0.0,0.0,0.0,0.0,112,15,0.13392857142857142
KNA,1993,0.0,0.0,0.0,0.0,0.0,0.0,79,9,0.11392405063291139
KNA,1994,0.0,0.0,0.0,0.0,0.0,0.0,92,12,0.13043478260869565
KNA,1995,0.0,0.0,0.0,0.0,0.0,0.0,78,8,0.10256410256410256
KNA,1996,0.0,0.0,0.0,0.0,0.0,0.0,78,7,0.08974358974358974
KNA,1997,0.0,0.0,0.0,0.0,0.0,0.0,90,3,0.03333333333333333
KNA,1998,0.0,0.0,0.0,0.0,0.0,0.0,67,10,0.14925373134328357
KNA,1999,0.0,0.0,0.0,0.0,0.0,0.0,79,3,0.0379746835443038
KNA,2000,0.0,0.0,0.0,0.0,0.0,0.0,62,4,0.06451612903225806
KNA,2001,0.0,0.0,0.0,0.0,0.0,0.0,45,1,0.022222222222222223
KNA,2002,0.0,0.0,0.0,0.0,0.0,0.0,47,0,0.0
KNA,2003,0.0,0.0,0.0,0.0,0.0,0.0,50,3,0.06
KNA,2004,0.0,0.0,0.0,0.0,0.0,0.0,48,6,0.125
KNA,2005,0.0,0.0,0.0,0.0,0.0,0.0,47,8,0.1702127659574468
KNA,2006,0.0,0.0,0.0,0.0,0.0,0.0,82,5,0.06097560975609756
KNA,2007,0.0,0.0,0.0,0.0,0.0,0.0,81,15,0.18518518518518517
KNA,2008,0.0,0.0,1.0,0.0,0.0,0.0,91,15,0.16483516483516483
KNA,2009,0.0,0.0,1.0,0.0,0.0,0.0,104,20,0.19230769230769232
KNA,2010,0.0,0.0,0.0,0.0,0.0,0.0,73,10,0.136986301369863
KNA,2011,0.0,0.0,0.0,0.0,0.0,0.0,78,12,0.15384615384615385
KNA,2012,0.0,0.0,0.0,0.0,0.0,0.0,67,9,0.13432835820895522
KNA,2013,0.0,0.0,0.0,0.0,0.0,0.0,80,14,0.175
KNA,2014,0.0,0.0,0.0,0.0,0.0,2.0,58,21,0.3620689655172414
KNA,2015,0.0,0.0,1.0,0.0,0.0,0.0,59,19,0.3220338983050847
KNA,2016,0.0,0.0,0.0,0.0,0.0,0.0,56,13,0.23214285714285715
KNA,2017,0.0,0.0,0.0,0.0,0.0,0.0,95,27,0.28421052631578947
KNA,2018,0.0,0.0,0.0,0.0,0.0,0.0,67,16,0.23880597014925373
KNA,2019,0.0,0.0,0.0,0.0,0.0,0.0,64,19,0.296875
KNA,2020,0.0,0.0,0.0,0.0,0.0,0.0,62,11,0.1774193548387097
KNA,2021,0.0,0.0,0.0,0.0,0.0,0.0,32,3,0.09375
KNA,2022,0.0,0.0,0.0,0.0,0.0,0.0,43,9,0.20930232558139536
KNA,2023,0.0,0.0,1.0,0.0,0.0,0.0,69,15,0.21739130434782608
KNA,2024,0.0,0.0,1.0,0.0,0.0,0.0,123,31,0.25203252032520324
KNA,2025,0.0,0.0,1.0,0.0,0.0,0.0,161,29,0.18012422360248448
KOR,1991,0.0,0.0,0.0,0.0,0.0,0.0,110,3,0.02727272727272727
KOR,1992,0.0,0.0,0.0,0.0,0.0,0.0,136,13,0.09558823529411764
KOR,1993,0.0,0.0,0.0,0.0,0.0,0.0,97,13,0.13402061855670103
KOR,1994,0.0,0.0,0.0,0.0,0.0,0.0,79,12,0.1518987341772152
KOR,1995,0.0,0.0,0.0,0.0,0.0,0.0,62,3,0.04838709677419355
KOR,1996,0.0,0.0,0.0,0.0,0.0,0.0,79,4,0.05063291139240506
KOR,1997,0.0,0.0,0.0,0.0,0.0,0.0,59,7,0.11864406779661017
KOR,1998,0.0,0.0,0.0,0.0,0.0,0.0,82,5,0.06097560975609756
KOR,1999,0.0,0.0,0.0,0.0,0.0,0.0,88,2,0.022727272727272728
KOR,2000,0.0,0.0,0.0,0.0,0.0,0.0,52,0,0.0
KOR,2001,0.0,0.0,0.0,0.0,0.0,0.0,53,3,0.05660377358490566
KOR,2002,0.0,0.0,0.0,0.0,0.0,0.0,44,2,0.045454545454545456
KOR,2003,0.0,0.0,0.0,0.0,0.0,0.0,39,3,0.07692307692307693
KOR,2004,0.0,0.0,0.0,0.0,0.0,0.0,60,2,0.03333333333333333
KOR,2005,0.0,0.0,0.0,0.0,0.0,0.0,86,6,0.06976744186046512
KOR,2006,0.0,0.0,0.0,0.0,0.0,0.0,87,6,0.06896551724137931
KOR,2007,0.0,0.0,0.0,0.0,0.0,0.0,94,9,0.09574468085106383
KOR,2008,0.0,0.0,0.0,1.0,0.0,0.0,87,16,0.1839080459770115
KOR,2009,0.0,0.0,0.0,0.0,0.0,2.0,89,36,0.4044943820224719
KOR,2010,0.0,0.0,0.0,0.0,0.0,0.0,89,9,0.10112359550561797
KOR,2011,0.0,0.0,0.0,0.0,0.0,0.0,102,17,0.16666666666666666
KOR,2012,0.0,0.0,0.0,0.0,0.0,0.0,41,6,0.14634146341463414
KOR,2013,0.0,0.0,0.0,0.0,0.0,0.0,61,4,0.06557377049180328
KOR,2014,0.0,0.0,0.0,0.0,0.0,0.0,73,15,0.2054794520547945
KOR,2015,0.0,0.0,0.0,0.0,0.0,0.0,82,12,0.14634146341463414
KOR,2016,0.0,0.0,0.0,0.0,0.0,0.0,62,11,0.1774193548387097
KOR,2017,0.0,0.0,0.0,0.0,0.0,0.0,87,2,0.022988505747126436
KOR,2018,0.0,0.0,0.0,0.0,0.0,0.0,85,5,0.058823529411764705
KOR,2019,0.0,0.0,0.0,0.0,0.0,0.0,65,7,0.1076923076923077
KOR,2020,0.0,0.0,0.0,0.0,0.0,0.0,48,11,0.22916666666666666
KOR,2021,0.0,0.0,0.0,0.0,0.0,0.0,72,17,0.2361111111111111
KOR,2022,0.0,0.0,0.0,0.0,0.0,0.0,37,2,0.05405405405405406
KOR,2023,0.0,0.0,0.0,0.0,0.0,0.0,76,16,0.21052631578947367
KOR,2024,0.0,0.0,0.0,0.0,0.0,0.0,10,0,0.0
KOR,2025,0.0,0.0,0.0,0.0,0.0,0.0,97,7,0.07216494845360824
KWT,1963,0.0,0.0,0.0,0.0,0.0,0.0,66,1,0.015151515151515152
KWT,1964,0.0,0.0,0.0,0.0,0.0,0.0,60,0,0.0
KWT,1965,0.0,0.0,0.0,0.0,1.0,0.0,143,2,0.013986013986013986
KWT,1966,0.0,0.0,0.0,0.0,0.0,0.0,130,1,0.007692307692307693
KWT,1967,0.0,0.0,0.0,0.0,0.0,0.0,118,2,0.01694915254237288
KWT,1968,0.0,0.0,0.0,0.0,0.0,0.0,117,0,0.0
KWT,1969,0.0,0.0,0.0,0.0,0.0,0.0,81,1,0.012345679012345678
KWT,1970,0.0,0.0,0.0,0.0,0.0,0.0,46,3,0.06521739130434782
KWT,1971,0.0,0.0,0.0,0.0,0.0,0.0,61,0,0.0
KWT,1972,0.0,0.0,0.0,0.0,0.0,0.0,70,0,0.0
KWT,1973,0.0,0.0,0.0,0.0,0.0,0.0,16,0,0.0
KWT,1974,0.0,0.0,0.0,0.0,0.0,0.0,81,11,0.13580246913580246
KWT,1975,0.0,0.0,0.0,0.0,0.0,0.0,73,5,0.0684931506849315
KWT,1976,0.0,0.0,0.0,0.0,0.0,0.0,97,4,0.041237113402061855
KWT,1977,0.0,0.0,0.0,0.0,0.0,0.0,86,0,0.0
KWT,1978,0.0,0.0,0.0,0.0,0.0,0.0,94,6,0.06382978723404255
KWT,1979,0.0,0.0,0.0,0.0,0.0,0.0,91,1,0.01098901098901099
KWT,1981,0.0,0.0,0.0,0.0,0.0,0.0,49,1,0.02040816326530612
KWT,1982,0.0,0.0,0.0,0.0,0.0,0.0,52,2,0.038461538461538464
KWT,1983,0.0,0.0,0.0,0.0,0.0,0.0,52,1,0.019230769230769232
KWT,1984,0.0,0.0,0.0,0.0,0.0,0.0,71,0,0.0
KWT,1985,0.0,0.0,0.0,0.0,0.0,0.0,49,1,0.02040816326530612
KWT,1986,0.0,0.0,0.0,0.0,0.0,0.0,53,0,0.0
KWT,1987,0.0,0.0,0.0,0.0,0.0,0.0,68,0,0.0
KWT,1988,0.0,0.0,0.0,0.0,0.0,0.0,90,6,0.06666666666666667
KWT,1989,0.0,0.0,0.0,0.0,0.0,0.0,48,1,0.020833333333333332
KWT,1990,0.0,0.0,0.0,0.0,0.0,0.0,57,0,0.0
KWT,1991,0.0,0.0,0.0,0.0,0.0,0.0,58,0,0.0
KWT,1992,0.0,0.0,0.0,0.0,0.0,0.0,108,3,0.027777777777777776
KWT,1993,0.0,0.0,0.0,0.0,0.0,0.0,99,1,0.010101010101010102
KWT,1994,0.0,0.0,0.0,0.0,0.0,0.0,86,1,0.011627906976744186
KWT,1995,0.0,0.0,0.0,0.0,0.0,0.0,89,1,0.011235955056179775
KWT,1996,0.0,0.0,0.0,0.0,0.0,0.0,60,1,0.016666666666666666
KWT,1997,0.0,0.0,0.0,0.0,0.0,0.0,96,3,0.03125
KWT,1998,0.0,0.0,0.0,0.0,0.0,0.0,67,1,0.014925373134328358
KWT,1999,0.0,0.0,0.0,0.0,0.0,0.0,96,5,0.052083333333333336
KWT,2000,0.0,0.0,0.0,0.0,0.0,0.0,79,0,0.0
KWT,2001,0.0,0.0,0.0,0.0,0.0,0.0,59,4,0.06779661016949153
KWT,2002,0.0,0.0,0.0,0.0,0.0,0.0,58,2,0.034482758620689655
KWT,2003,0.0,0.0,0.0,0.0,0.0,0.0,59,2,0.03389830508474576
KWT,2004,0.0,0.0,0.0,0.0,0.0,0.0,26,0,0.0
KWT,2005,0.0,0.0,0.0,0.0,0.0,0.0,34,2,0.058823529411764705
KWT,2006,0.0,0.0,0.0,0.0,0.0,0.0,45,0,0.0
KWT,2007,0.0,0.0,0.0,0.0,0.0,0.0,53,4,0.07547169811320754
KWT,2008,0.0,0.0,0.0,0.0,0.0,0.0,53,7,0.1320754716981132
KWT,2009,0.0,0.0,0.0,0.0,0.0,0.0,73,6,0.0821917808219178
KWT,2010,0.0,0.0,0.0,0.0,0.0,0.0,59,6,0.1016949152542373
KWT,2011,0.0,0.0,0.0,0.0,0.0,0.0,71,4,0.056338028169014086
KWT,2012,0.0,0.0,0.0,0.0,0.0,0.0,40,5,0.125
KWT,2013,0.0,0.0,0.0,0.0,0.0,0.0,40,1,0.025
KWT,2014,0.0,0.0,0.0,0.0,0.0,0.0,39,5,0.1282051282051282
KWT,2015,0.0,0.0,0.0,0.0,0.0,0.0,57,2,0.03508771929824561
KWT,2016,0.0,0.0,0.0,0.0,0.0,0.0,42,4,0.09523809523809523
KWT,2017,0.0,0.0,0.0,0.0,0.0,0.0,47,7,0.14893617021276595
KWT,2018,0.0,0.0,0.0,0.0,0.0,0.0,72,4,0.05555555555555555
KWT,2019,0.0,0.0,0.0,0.0,0.0,0.0,32,3,0.09375
KWT,2020,0.0,0.0,0.0,0.0,0.0,0.0,38,3,0.07894736842105263
KWT,2021,0.0,0.0,0.0,0.0,0.0,0.0,35,4,0.11428571428571428
KWT,2022,0.0,0.0,0.0,0.0,0.0,0.0,25,2,0.08
KWT,2023,0.0,0.0,0.0,0.0,0.0,0.0,49,10,0.20408163265306123
KWT,2024,0.0,0.0,0.0,0.0,0.0,0.0,36,1,0.027777777777777776
KWT,2025,0.0,0.0,0.0,0.0,0.0,0.0,96,2,0.020833333333333332
LAO,1956,0.0,0.0,0.0,0.0,0.0,0.0,54,1,0.018518518518518517
LAO,1957,0.0,0.0,0.0,0.0,0.0,0.0,50,1,0.02
LAO,1958,0.0,0.0,0.0,0.0,0.0,0.0,68,0,0.0
LAO,1959,0.0,0.0,0.0,0.0,0.0,0.0,192,2,0.010416666666666666
LAO,1960,0.0,0.0,0.0,0.0,0.0,0.0,58,1,0.017241379310344827
LAO,1961,0.0,0.0,0.0,0.0,0.0,0.0,116,6,0.05172413793103448
LAO,1962,0.0,0.0,0.0,0.0,0.0,0.0,80,2,0.025
LAO,1963,0.0,0.0,0.0,0.0,0.0,0.0,79,3,0.0379746835443038
LAO,1964,0.0,0.0,0.0,0.0,0.0,0.0,118,2,0.01694915254237288
LAO,1965,0.0,0.0,0.0,0.0,0.0,0.0,68,2,0.029411764705882353
LAO,1966,0.0,0.0,0.0,0.0,0.0,0.0,81,1,0.012345679012345678
LAO,1967,0.0,0.0,0.0,0.0,0.0,0.0,64,1,0.015625
LAO,1968,0.0,0.0,0.0,0.0,0.0,0.0,79,2,0.02531645569620253
LAO,1969,0.0,0.0,0.0,0.0,0.0,0.0,99,1,0.010101010101010102
LAO,1971,0.0,0.0,0.0,0.0,0.0,0.0,51,1,0.0196078431372549
LAO,1972,0.0,0.0,0.0,0.0,0.0,0.0,80,2,0.025
LAO,1973,0.0,0.0,0.0,0.0,0.0,0.0,60,1,0.016666666666666666
LAO,1974,0.0,0.0,0.0,0.0,0.0,0.0,39,1,0.02564102564102564
LAO,1975,0.0,0.0,0.0,0.0,0.0,0.0,49,1,0.02040816326530612
LAO,1976,0.0,0.0,0.0,0.0,0.0,0.0,50,0,0.0
LAO,1977,0.0,0.0,0.0,0.0,0.0,0.0,31,0,0.0
LAO,1978,0.0,0.0,0.0,0.0,0.0,0.0,26,2,0.07692307692307693
LAO,1979,0.0,0.0,0.0,0.0,0.0,0.0,64,0,0.0
LAO,1980,0.0,0.0,0.0,0.0,0.0,0.0,80,1,0.0125
LAO,1981,0.0,0.0,0.0,0.0,0.0,0.0,58,2,0.034482758620689655
LAO,1982,0.0,0.0,0.0,0.0,0.0,0.0,72,1,0.013888888888888888
LAO,1983,0.0,0.0,0.0,0.0,0.0,0.0,44,1,0.022727272727272728
LAO,1984,0.0,0.0,0.0,0.0,0.0,0.0,63,0,0.0
LAO,1985,0.0,0.0,0.0,0.0,0.0,0.0,50,0,0.0
LAO,1986,0.0,0.0,0.0,0.0,0.0,0.0,64,1,0.015625
LAO,1987,0.0,0.0,0.0,0.0,0.0,0.0,48,1,0.020833333333333332
LAO,1988,0.0,0.0,0.0,0.0,0.0,0.0,64,3,0.046875
LAO,1989,0.0,0.0,0.0,0.0,0.0,0.0,52,3,0.057692307692307696
LAO,1990,0.0,0.0,0.0,0.0,0.0,0.0,58,0,0.0
LAO,1991,0.0,0.0,0.0,0.0,0.0,0.0,55,0,0.0
LAO,1992,0.0,0.0,0.0,0.0,0.0,0.0,60,6,0.1
LAO,1993,0.0,0.0,0.0,0.0,0.0,0.0,34,3,0.08823529411764706
LAO,1994,0.0,0.0,0.0,0.0,0.0,0.0,48,1,0.020833333333333332
LAO,1995,0.0,0.0,0.0,0.0,0.0,0.0,34,1,0.029411764705882353
LAO,1996,0.0,0.0,0.0,0.0,0.0,0.0,52,5,0.09615384615384616
LAO,1997,0.0,0.0,1.0,0.0,0.0,0.0,45,3,0.06666666666666667
LAO,1998,0.0,0.0,0.0,0.0,0.0,0.0,35,1,0.02857142857142857
LAO,1999,0.0,0.0,0.0,0.0,0.0,0.0,36,1,0.027777777777777776
LAO,2000,0.0,0.0,0.0,0.0,0.0,0.0,36,0,0.0
LAO,2001,0.0,0.0,0.0,0.0,0.0,0.0,34,1,0.029411764705882353
LAO,2002,0.0,0.0,0.0,0.0,0.0,0.0,18,0,0.0
LAO,2003,0.0,0.0,0.0,0.0,0.0,0.0,38,3,0.07894736842105263
LAO,2004,0.0,0.0,0.0,0.0,0.0,0.0,32,2,0.0625
LAO,2005,0.0,0.0,0.0,0.0,0.0,0.0,36,0,0.0
LAO,2006,0.0,0.0,0.0,0.0,0.0,0.0,31,3,0.0967741935483871
LAO,2007,0.0,0.0,0.0,0.0,0.0,0.0,52,7,0.1346153846153846
LAO,2008,0.0,0.0,0.0,0.0,0.0,0.0,51,12,0.23529411764705882
LAO,2009,0.0,0.0,0.0,0.0,0.0,0.0,55,8,0.14545454545454545
LAO,2010,0.0,0.0,0.0,0.0,0.0,0.0,64,7,0.109375
LAO,2011,0.0,0.0,0.0,0.0,0.0,0.0,56,2,0.03571428571428571
LAO,2012,0.0,0.0,0.0,0.0,0.0,0.0,26,3,0.11538461538461539
LAO,2013,0.0,0.0,0.0,0.0,0.0,0.0,42,6,0.14285714285714285
LAO,2014,0.0,0.0,0.0,0.0,0.0,0.0,36,4,0.1111111111111111
LAO,2015,0.0,0.0,0.0,0.0,0.0,0.0,44,7,0.1590909090909091
LAO,2016,0.0,0.0,0.0,0.0,0.0,0.0,31,16,0.5161290322580645
LAO,2017,0.0,0.0,0.0,0.0,0.0,0.0,42,8,0.19047619047619047
LAO,2018,0.0,0.0,0.0,0.0,0.0,0.0,36,11,0.3055555555555556
LAO,2019,0.0,0.0,0.0,0.0,0.0,0.0,38,14,0.3684210526315789
LAO,2020,0.0,0.0,0.0,0.0,0.0,0.0,57,15,0.2631578947368421
LAO,2021,0.0,0.0,0.0,0.0,0.0,1.0,50,7,0.14
LAO,2022,0.0,0.0,0.0,0.0,0.0,0.0,37,9,0.24324324324324326
LAO,2023,0.0,0.0,0.0,0.0,0.0,0.0,44,20,0.45454545454545453
LAO,2024,0.0,0.0,0.0,0.0,0.0,0.0,52,18,0.34615384615384615
LAO,2025,0.0,0.0,0.0,0.0,0.0,0.0,59,17,0.288135593220339
LBN,1946,0.0,0.0,0.0,0.0,0.0,0.0,26,0,0.0
LBN,1947,0.0,0.0,0.0,0.0,0.0,0.0,21,1,0.047619047619047616
LBN,1948,0.0,0.0,0.0,0.0,0.0,0.0,245,5,0.02040816326530612
LBN,1949,0.0,0.0,0.0,0.0,0.0,0.0,103,0,0.0
LBN,1950,0.0,0.0,0.0,0.0,0.0,0.0,51,0,0.0
LBN,1951,0.0,0.0,0.0,0.0,0.0,0.0,43,0,0.0
LBN,1952,0.0,0.0,0.0,0.0,0.0,0.0,97,0,0.0
LBN,1953,0.0,0.0,0.0,0.0,0.0,0.0,182,0,0.0
LBN,1955,0.0,0.0,0.0,0.0,0.0,0.0,65,2,0.03076923076923077
LBN,1957,0.0,0.0,0.0,0.0,0.0,0.0,213,4,0.018779342723004695
LBN,1959,0.0,0.0,0.0,0.0,0.0,0.0,51,0,0.0
LBN,1960,0.0,0.0,0.0,0.0,0.0,0.0,125,2,0.016
LBN,1961,0.0,0.0,0.0,0.0,0.0,0.0,80,1,0.0125
LBN,1962,0.0,0.0,0.0,0.0,0.0,0.0,62,0,0.0
LBN,1965,0.0,0.0,0.0,0.0,0.0,0.0,159,3,0.018867924528301886
LBN,1967,0.0,0.0,0.0,0.0,0.0,0.0,175,3,0.017142857142857144
LBN,1968,0.0,0.0,0.0,0.0,0.0,0.0,83,2,0.024096385542168676
LBN,1969,0.0,0.0,0.0,0.0,0.0,0.0,47,1,0.02127659574468085
LBN,1970,0.0,0.0,0.0,0.0,0.0,0.0,35,0,0.0
LBN,1971,0.0,0.0,0.0,0.0,0.0,0.0,45,0,0.0
LBN,1972,0.0,0.0,0.0,0.0,0.0,0.0,89,3,0.033707865168539325
LBN,1973,0.0,0.0,0.0,0.0,0.0,0.0,86,6,0.06976744186046512
LBN,1974,0.0,0.0,0.0,0.0,0.0,0.0,51,1,0.0196078431372549
LBN,1976,0.0,0.0,0.0,0.0,0.0,0.0,112,2,0.017857142857142856
LBN,1977,0.0,0.0,0.0,0.0,0.0,0.0,52,2,0.038461538461538464
LBN,1978,0.0,0.0,0.0,0.0,0.0,0.0,68,0,0.0
LBN,1979,0.0,0.0,0.0,0.0,0.0,0.0,80,2,0.025
LBN,1980,0.0,0.0,0.0,0.0,0.0,0.0,48,2,0.041666666666666664
LBN,1981,0.0,0.0,0.0,0.0,0.0,0.0,118,0,0.0
LBN,1983,0.0,0.0,0.0,0.0,0.0,0.0,106,0,0.0
LBN,1984,0.0,0.0,0.0,0.0,0.0,0.0,107,3,0.028037383177570093
LBN,1986,0.0,0.0,0.0,0.0,0.0,0.0,96,1,0.010416666666666666
LBN,1987,0.0,0.0,0.0,0.0,0.0,0.0,98,1,0.01020408163265306
LBN,1988,0.0,0.0,0.0,0.0,0.0,0.0,52,0,0.0
LBN,1990,0.0,0.0,0.0,0.0,0.0,0.0,66,1,0.015151515151515152
LBN,1991,0.0,0.0,0.0,0.0,0.0,0.0,66,0,0.0
LBN,1992,0.0,0.0,0.0,0.0,0.0,0.0,89,5,0.056179775280898875
LBN,1993,0.0,0.0,0.0,0.0,0.0,0.0,69,0,0.0
LBN,1994,0.0,0.0,0.0,0.0,0.0,0.0,56,2,0.03571428571428571
LBN,1995,0.0,0.0,0.0,0.0,0.0,0.0,42,2,0.047619047619047616
LBN,1996,0.0,0.0,0.0,0.0,0.0,0.0,73,1,0.0136986301369863
LBN,1997,0.0,0.0,0.0,0.0,0.0,0.0,62,2,0.03225806451612903
LBN,1998,0.0,0.0,0.0,0.0,0.0,0.0,81,0,0.0
LBN,1999,0.0,0.0,0.0,0.0,0.0,0.0,92,3,0.03260869565217391
LBN,2000,0.0,0.0,0.0,0.0,0.0,0.0,87,5,0.05747126436781609
LBN,2001,0.0,0.0,0.0,0.0,0.0,0.0,67,1,0.014925373134328358
LBN,2002,0.0,0.0,0.0,0.0,0.0,0.0,67,0,0.0
LBN,2003,0.0,0.0,0.0,0.0,0.0,0.0,37,0,0.0
LBN,2004,0.0,0.0,0.0,0.0,0.0,0.0,41,0,0.0
LBN,2005,0.0,0.0,0.0,0.0,0.0,0.0,30,0,0.0
LBN,2006,0.0,0.0,0.0,0.0,0.0,0.0,51,0,0.0
LBN,2007,0.0,0.0,0.0,0.0,0.0,0.0,52,0,0.0
LBN,2008,0.0,0.0,0.0,0.0,0.0,0.0,72,4,0.05555555555555555
LBN,2009,0.0,0.0,0.0,0.0,0.0,0.0,54,2,0.037037037037037035
LBN,2010,0.0,0.0,0.0,0.0,0.0,0.0,40,1,0.025
LBN,2011,0.0,0.0,0.0,0.0,0.0,0.0,57,2,0.03508771929824561
LBN,2012,0.0,0.0,0.0,0.0,0.0,0.0,44,1,0.022727272727272728
LBN,2013,0.0,0.0,0.0,0.0,0.0,0.0,51,0,0.0
LBN,2014,0.0,0.0,0.0,0.0,0.0,0.0,52,0,0.0
LBN,2015,0.0,0.0,0.0,1.0,0.0,0.0,37,1,0.02702702702702703
LBN,2016,0.0,0.0,0.0,0.0,0.0,0.0,45,1,0.022222222222222223
LBN,2017,0.0,0.0,0.0,0.0,0.0,0.0,81,1,0.012345679012345678
LBN,2018,0.0,0.0,0.0,0.0,0.0,0.0,52,0,0.0
LBN,2019,0.0,0.0,0.0,0.0,0.0,0.0,37,5,0.13513513513513514
LBN,2020,0.0,0.0,0.0,0.0,0.0,0.0,58,6,0.10344827586206896
LBN,2021,0.0,0.0,0.0,0.0,0.0,0.0,24,0,0.0
LBN,2022,0.0,0.0,0.0,0.0,0.0,0.0,47,2,0.0425531914893617
LBN,2023,0.0,0.0,0.0,0.0,0.0,1.0,41,7,0.17073170731707318
LBN,2024,0.0,0.0,0.0,0.0,0.0,0.0,36,2,0.05555555555555555
LBN,2025,0.0,0.0,0.0,0.0,0.0,0.0,95,1,0.010526315789473684
LBR,1946,0.0,0.0,0.0,0.0,0.0,0.0,26,0,0.0
LBR,1947,0.0,0.0,0.0,0.0,0.0,0.0,10,0,0.0
LBR,1948,0.0,0.0,0.0,0.0,0.0,0.0,16,1,0.0625
LBR,1949,0.0,0.0,0.0,0.0,0.0,0.0,12,0,0.0
LBR,1950,0.0,0.0,0.0,0.0,0.0,0.0,71,3,0.04225352112676056
LBR,1951,0.0,0.0,0.0,0.0,0.0,0.0,41,0,0.0
LBR,1952,0.0,0.0,0.0,0.0,0.0,0.0,16,0,0.0
LBR,1953,0.0,0.0,0.0,0.0,0.0,0.0,52,0,0.0
LBR,1954,0.0,0.0,0.0,0.0,0.0,0.0,13,0,0.0
LBR,1955,0.0,0.0,0.0,0.0,0.0,0.0,17,0,0.0
LBR,1956,0.0,0.0,0.0,0.0,0.0,0.0,67,2,0.029850746268656716
LBR,1957,0.0,0.0,0.0,0.0,0.0,0.0,79,0,0.0
LBR,1958,0.0,0.0,0.0,0.0,0.0,0.0,70,1,0.014285714285714285
LBR,1959,0.0,0.0,0.0,0.0,0.0,0.0,46,0,0.0
LBR,1960,0.0,0.0,0.0,0.0,0.0,0.0,83,0,0.0
LBR,1961,0.0,0.0,0.0,0.0,0.0,0.0,121,1,0.008264462809917356
LBR,1962,0.0,0.0,0.0,0.0,0.0,0.0,110,3,0.02727272727272727
LBR,1963,0.0,0.0,0.0,0.0,0.0,0.0,133,3,0.022556390977443608
LBR,1964,0.0,0.0,0.0,0.0,0.0,0.0,87,5,0.05747126436781609
LBR,1965,0.0,0.0,0.0,0.0,0.0,0.0,136,2,0.014705882352941176
LBR,1966,0.0,0.0,0.0,0.0,0.0,0.0,126,2,0.015873015873015872
LBR,1967,0.0,0.0,0.0,0.0,0.0,0.0,135,3,0.022222222222222223
LBR,1968,0.0,0.0,0.0,0.0,0.0,0.0,129,4,0.031007751937984496
LBR,1969,0.0,0.0,0.0,0.0,0.0,0.0,142,4,0.028169014084507043
LBR,1970,0.0,0.0,0.0,0.0,0.0,0.0,83,2,0.024096385542168676
LBR,1971,0.0,0.0,0.0,0.0,0.0,0.0,73,1,0.0136986301369863
LBR,1972,0.0,0.0,0.0,0.0,0.0,0.0,91,4,0.04395604395604396
LBR,1973,0.0,0.0,0.0,0.0,0.0,0.0,65,1,0.015384615384615385
LBR,1974,0.0,0.0,0.0,0.0,0.0,0.0,101,5,0.04950495049504951
LBR,1975,0.0,0.0,0.0,0.0,0.0,0.0,57,2,0.03508771929824561
LBR,1976,0.0,0.0,0.0,0.0,0.0,0.0,52,0,0.0
LBR,1977,0.0,0.0,0.0,0.0,0.0,0.0,52,1,0.019230769230769232
LBR,1978,0.0,0.0,0.0,0.0,0.0,0.0,85,3,0.03529411764705882
LBR,1979,0.0,0.0,0.0,0.0,0.0,0.0,83,2,0.024096385542168676
LBR,1980,0.0,0.0,0.0,0.0,0.0,0.0,40,0,0.0
LBR,1981,0.0,0.0,0.0,0.0,0.0,0.0,57,2,0.03508771929824561
LBR,1982,0.0,0.0,0.0,0.0,0.0,0.0,67,2,0.029850746268656716
LBR,1983,0.0,0.0,0.0,0.0,0.0,0.0,99,1,0.010101010101010102
LBR,1984,0.0,0.0,0.0,0.0,0.0,0.0,99,3,0.030303030303030304
LBR,1985,0.0,0.0,0.0,0.0,0.0,0.0,72,1,0.013888888888888888
LBR,1986,0.0,0.0,0.0,0.0,0.0,0.0,80,2,0.025
LBR,1987,0.0,0.0,0.0,0.0,0.0,0.0,60,3,0.05
LBR,1988,0.0,0.0,0.0,0.0,0.0,0.0,52,6,0.11538461538461539
LBR,1989,0.0,0.0,0.0,0.0,0.0,0.0,64,14,0.21875
LBR,1990,0.0,0.0,0.0,0.0,0.0,0.0,52,0,0.0
LBR,1991,0.0,0.0,0.0,0.0,0.0,0.0,62,0,0.0
LBR,1992,0.0,0.0,0.0,0.0,0.0,0.0,129,7,0.05426356589147287
LBR,1993,0.0,0.0,0.0,0.0,0.0,0.0,68,6,0.08823529411764706
LBR,1994,0.0,0.0,0.0,0.0,0.0,0.0,72,0,0.0
LBR,1995,0.0,0.0,0.0,0.0,0.0,0.0,96,0,0.0
LBR,1996,0.0,0.0,0.0,0.0,0.0,0.0,49,0,0.0
LBR,1997,0.0,0.0,0.0,0.0,0.0,0.0,116,6,0.05172413793103448
LBR,1998,0.0,0.0,0.0,0.0,0.0,0.0,66,4,0.06060606060606061
LBR,1999,0.0,0.0,0.0,0.0,0.0,0.0,72,1,0.013888888888888888
LBR,2000,0.0,0.0,0.0,0.0,0.0,0.0,68,5,0.07352941176470588
LBR,2001,0.0,0.0,0.0,0.0,0.0,0.0,78,2,0.02564102564102564
LBR,2002,0.0,0.0,0.0,0.0,0.0,0.0,72,0,0.0
LBR,2003,0.0,0.0,0.0,0.0,0.0,0.0,56,2,0.03571428571428571
LBR,2004,0.0,0.0,0.0,0.0,0.0,0.0,51,3,0.058823529411764705
LBR,2006,0.0,0.0,0.0,0.0,0.0,0.0,93,7,0.07526881720430108
LBR,2007,0.0,0.0,0.0,0.0,0.0,0.0,82,10,0.12195121951219512
LBR,2008,0.0,0.0,0.0,0.0,0.0,0.0,89,6,0.06741573033707865
LBR,2009,0.0,0.0,0.0,0.0,0.0,0.0,90,8,0.08888888888888889
LBR,2010,0.0,0.0,0.0,0.0,0.0,0.0,72,8,0.1111111111111111
LBR,2011,0.0,0.0,0.0,0.0,0.0,0.0,82,4,0.04878048780487805
LBR,2012,0.0,0.0,0.0,0.0,0.0,0.0,54,5,0.09259259259259259
LBR,2013,0.0,0.0,0.0,0.0,0.0,0.0,51,5,0.09803921568627451
LBR,2014,0.0,0.0,0.0,1.0,0.0,0.0,56,6,0.10714285714285714
LBR,2015,0.0,0.0,0.0,0.0,0.0,0.0,32,3,0.09375
LBR,2016,0.0,0.0,0.0,0.0,0.0,0.0,31,10,0.3225806451612903
LBR,2017,0.0,0.0,0.0,0.0,0.0,0.0,48,7,0.14583333333333334
LBR,2018,0.0,0.0,0.0,0.0,0.0,0.0,33,0,0.0
LBR,2019,0.0,0.0,0.0,0.0,0.0,0.0,55,3,0.05454545454545454
LBR,2020,0.0,0.0,0.0,0.0,0.0,0.0,24,3,0.125
LBR,2021,0.0,0.0,0.0,0.0,0.0,0.0,28,13,0.4642857142857143
LBR,2022,0.0,0.0,0.0,0.0,0.0,0.0,37,8,0.21621621621621623
LBR,2023,0.0,0.0,0.0,0.0,0.0,0.0,44,9,0.20454545454545456
LBR,2024,0.0,0.0,0.0,0.0,0.0,0.0,42,8,0.19047619047619047
LBR,2025,0.0,0.0,0.0,0.0,0.0,0.0,67,11,0.16417910447761194
LBY,1956,0.0,0.0,0.0,0.0,0.0,0.0,11,0,0.0
LBY,1957,0.0,0.0,0.0,0.0,0.0,0.0,51,0,0.0
LBY,1958,0.0,0.0,0.0,0.0,0.0,0.0,78,0,0.0
LBY,1959,0.0,0.0,0.0,0.0,0.0,0.0,97,1,0.010309278350515464
LBY,1960,0.0,0.0,0.0,0.0,0.0,0.0,117,0,0.0
LBY,1961,0.0,0.0,0.0,0.0,0.0,0.0,123,2,0.016260162601626018
LBY,1962,0.0,0.0,0.0,0.0,0.0,0.0,75,0,0.0
LBY,1963,0.0,0.0,0.0,0.0,0.0,0.0,138,1,0.007246376811594203
LBY,1964,0.0,0.0,0.0,0.0,0.0,0.0,76,0,0.0
LBY,1965,0.0,0.0,0.0,0.0,0.0,0.0,95,0,0.0
LBY,1966,0.0,0.0,0.0,0.0,0.0,0.0,95,0,0.0
LBY,1967,0.0,0.0,0.0,0.0,0.0,0.0,101,0,0.0
LBY,1968,0.0,0.0,0.0,0.0,0.0,0.0,141,4,0.028368794326241134
LBY,1969,0.0,0.0,0.0,0.0,0.0,0.0,110,1,0.00909090909090909
LBY,1970,0.0,0.0,0.0,0.0,0.0,0.0,45,0,0.0
LBY,1971,0.0,0.0,0.0,0.0,0.0,0.0,114,0,0.0
LBY,1972,0.0,0.0,0.0,0.0,0.0,0.0,113,3,0.02654867256637168
LBY,1973,0.0,0.0,0.0,0.0,0.0,0.0,48,0,0.0
LBY,1974,0.0,0.0,0.0,0.0,0.0,0.0,115,2,0.017391304347826087
LBY,1975,0.0,0.0,0.0,0.0,0.0,0.0,98,2,0.02040816326530612
LBY,1976,0.0,0.0,0.0,0.0,0.0,0.0,133,1,0.007518796992481203
LBY,1977,0.0,0.0,0.0,0.0,0.0,0.0,217,7,0.03225806451612903
LBY,1978,0.0,0.0,0.0,0.0,0.0,0.0,103,2,0.019417475728155338
LBY,1979,0.0,0.0,0.0,0.0,0.0,0.0,135,19,0.14074074074074075
LBY,1980,0.0,0.0,0.0,0.0,0.0,0.0,119,8,0.06722689075630252
LBY,1981,0.0,0.0,0.0,0.0,0.0,0.0,73,1,0.0136986301369863
LBY,1982,0.0,0.0,0.0,0.0,0.0,0.0,77,1,0.012987012987012988
LBY,1983,0.0,0.0,0.0,0.0,0.0,0.0,75,1,0.013333333333333334
LBY,1984,0.0,0.0,0.0,0.0,0.0,0.0,118,2,0.01694915254237288
LBY,1985,0.0,0.0,0.0,0.0,0.0,0.0,146,1,0.00684931506849315
LBY,1986,0.0,0.0,0.0,0.0,0.0,0.0,49,0,0.0
LBY,1987,0.0,0.0,0.0,0.0,0.0,0.0,84,2,0.023809523809523808
LBY,1988,0.0,0.0,0.0,0.0,0.0,0.0,116,2,0.017241379310344827
LBY,1989,0.0,0.0,0.0,0.0,0.0,0.0,100,5,0.05
LBY,1990,0.0,0.0,0.0,0.0,0.0,0.0,111,2,0.018018018018018018
LBY,1991,0.0,0.0,0.0,0.0,0.0,0.0,93,9,0.0967741935483871
LBY,1992,0.0,0.0,0.0,0.0,0.0,0.0,163,12,0.0736196319018405
LBY,1993,0.0,0.0,0.0,0.0,0.0,0.0,106,9,0.08490566037735849
LBY,1994,0.0,0.0,0.0,0.0,0.0,0.0,123,2,0.016260162601626018
LBY,1995,0.0,0.0,0.0,0.0,0.0,0.0,114,4,0.03508771929824561
LBY,1996,0.0,0.0,0.0,0.0,0.0,0.0,120,7,0.058333333333333334
LBY,1997,0.0,0.0,0.0,0.0,0.0,0.0,157,3,0.01910828025477707
LBY,1998,0.0,0.0,0.0,0.0,0.0,0.0,145,1,0.006896551724137931
LBY,1999,0.0,0.0,0.0,0.0,0.0,0.0,115,0,0.0
LBY,2000,0.0,0.0,0.0,0.0,0.0,0.0,72,3,0.041666666666666664
LBY,2001,0.0,0.0,0.0,0.0,0.0,0.0,95,1,0.010526315789473684
LBY,2004,0.0,0.0,0.0,0.0,0.0,0.0,21,0,0.0
LBY,2005,0.0,0.0,0.0,0.0,0.0,0.0,43,1,0.023255813953488372
LBY,2006,0.0,0.0,0.0,0.0,0.0,0.0,64,1,0.015625
LBY,2007,0.0,0.0,0.0,0.0,0.0,0.0,66,3,0.045454545454545456
LBY,2008,0.0,0.0,1.0,0.0,0.0,0.0,74,14,0.1891891891891892
LBY,2009,0.0,0.0,0.0,0.0,0.0,0.0,543,17,0.03130755064456722
LBY,2010,0.0,0.0,0.0,0.0,0.0,0.0,49,3,0.061224489795918366
LBY,2011,0.0,0.0,0.0,0.0,0.0,0.0,111,4,0.036036036036036036
LBY,2012,0.0,0.0,0.0,0.0,0.0,0.0,64,0,0.0
LBY,2013,0.0,0.0,0.0,0.0,0.0,0.0,39,0,0.0
LBY,2014,0.0,0.0,0.0,0.0,0.0,0.0,46,0,0.0
LBY,2015,0.0,0.0,0.0,0.0,0.0,0.0,36,2,0.05555555555555555
LBY,2016,0.0,0.0,0.0,0.0,0.0,0.0,55,2,0.03636363636363636
LBY,2017,0.0,0.0,0.0,0.0,0.0,0.0,48,0,0.0
LBY,2018,0.0,0.0,0.0,0.0,0.0,0.0,89,5,0.056179775280898875
LBY,2019,0.0,0.0,0.0,0.0,0.0,0.0,85,0,0.0
LBY,2020,0.0,0.0,0.0,0.0,0.0,0.0,81,3,0.037037037037037035
LBY,2021,0.0,0.0,0.0,0.0,0.0,0.0,46,1,0.021739130434782608
LBY,2022,0.0,0.0,0.0,0.0,0.0,0.0,36,1,0.027777777777777776
LBY,2023,0.0,0.0,0.0,0.0,0.0,0.0,22,1,0.045454545454545456
LBY,2024,0.0,0.0,0.0,0.0,0.0,0.0,27,0,0.0
LBY,2025,0.0,0.0,0.0,0.0,0.0,0.0,55,0,0.0
LCA,1980,0.0,0.0,0.0,0.0,0.0,0.0,100,11,0.11
LCA,1981,0.0,0.0,0.0,0.0,0.0,0.0,132,7,0.05303030303030303
LCA,1982,0.0,0.0,0.0,0.0,0.0,0.0,65,3,0.046153846153846156
LCA,1984,0.0,0.0,0.0,0.0,0.0,0.0,95,2,0.021052631578947368
LCA,1987,0.0,0.0,0.0,0.0,0.0,0.0,82,2,0.024390243902439025
LCA,1988,0.0,0.0,0.0,0.0,0.0,0.0,83,17,0.20481927710843373
LCA,1989,0.0,0.0,0.0,0.0,0.0,0.0,73,4,0.0547945205479452
LCA,1990,0.0,0.0,0.0,0.0,0.0,0.0,75,4,0.05333333333333334
LCA,1991,0.0,0.0,0.0,0.0,0.0,0.0,57,4,0.07017543859649122
LCA,1993,0.0,0.0,0.0,0.0,0.0,0.0,62,3,0.04838709677419355
LCA,1994,0.0,0.0,0.0,0.0,0.0,0.0,36,5,0.1388888888888889
LCA,1995,0.0,0.0,0.0,0.0,0.0,0.0,84,5,0.05952380952380952
LCA,1996,0.0,0.0,0.0,0.0,0.0,0.0,40,3,0.075
LCA,1997,0.0,0.0,0.0,0.0,0.0,0.0,80,6,0.075
LCA,1998,0.0,0.0,0.0,1.0,0.0,0.0,68,9,0.1323529411764706
LCA,1999,0.0,0.0,0.0,0.0,0.0,0.0,67,3,0.04477611940298507
LCA,2000,0.0,0.0,0.0,0.0,0.0,0.0,100,2,0.02
LCA,2001,0.0,0.0,0.0,0.0,0.0,0.0,54,3,0.05555555555555555
LCA,2002,0.0,0.0,0.0,0.0,0.0,0.0,45,4,0.08888888888888889
LCA,2003,0.0,0.0,0.0,0.0,0.0,0.0,59,2,0.03389830508474576
LCA,2004,0.0,0.0,0.0,0.0,0.0,0.0,58,2,0.034482758620689655
LCA,2005,0.0,0.0,0.0,1.0,0.0,0.0,35,7,0.2
LCA,2006,0.0,0.0,0.0,0.0,0.0,0.0,66,9,0.13636363636363635
LCA,2007,0.0,0.0,0.0,0.0,0.0,0.0,96,15,0.15625
LCA,2008,0.0,0.0,0.0,0.0,0.0,0.0,102,16,0.1568627450980392
LCA,2009,0.0,0.0,1.0,1.0,0.0,0.0,109,25,0.22935779816513763
LCA,2010,0.0,0.0,1.0,0.0,0.0,0.0,122,26,0.21311475409836064
LCA,2011,0.0,0.0,0.0,0.0,0.0,0.0,76,34,0.4473684210526316
LCA,2012,0.0,0.0,0.0,0.0,0.0,0.0,80,7,0.0875
LCA,2013,0.0,0.0,0.0,0.0,0.0,0.0,53,8,0.1509433962264151
LCA,2014,0.0,0.0,0.0,0.0,0.0,0.0,48,2,0.041666666666666664
LCA,2015,0.0,0.0,0.0,0.0,0.0,0.0,53,7,0.1320754716981132
LCA,2016,0.0,0.0,0.0,0.0,0.0,0.0,48,3,0.0625
LCA,2017,0.0,0.0,0.0,0.0,0.0,0.0,61,12,0.19672131147540983
LCA,2018,0.0,0.0,0.0,0.0,0.0,2.0,68,18,0.2647058823529412
LCA,2019,0.0,0.0,0.0,0.0,0.0,0.0,49,12,0.24489795918367346
LCA,2020,0.0,0.0,0.0,0.0,0.0,0.0,68,12,0.17647058823529413
LCA,2021,0.0,0.0,0.0,0.0,0.0,0.0,83,15,0.18072289156626506
LCA,2022,0.0,0.0,0.0,0.0,0.0,0.0,56,16,0.2857142857142857
LCA,2023,0.0,0.0,0.0,0.0,0.0,2.0,85,26,0.3058823529411765
LCA,2024,0.0,0.0,0.0,0.0,0.0,1.0,68,9,0.1323529411764706
LCA,2025,0.0,0.0,0.0,0.0,0.0,0.0,110,12,0.10909090909090909
LIE,1990,0.0,0.0,0.0,0.0,0.0,0.0,29,4,0.13793103448275862
LIE,1991,0.0,0.0,0.0,0.0,0.0,0.0,65,1,0.015384615384615385
LIE,1992,0.0,0.0,0.0,0.0,0.0,0.0,88,1,0.011363636363636364
LIE,1993,0.0,0.0,0.0,0.0,0.0,0.0,55,1,0.01818181818181818
LIE,1994,0.0,0.0,0.0,0.0,0.0,0.0,36,0,0.0
LIE,1995,0.0,0.0,0.0,0.0,0.0,0.0,43,0,0.0
LIE,1996,0.0,0.0,0.0,0.0,0.0,0.0,35,1,0.02857142857142857
LIE,1997,0.0,0.0,0.0,0.0,0.0,0.0,33,1,0.030303030303030304
LIE,1998,0.0,0.0,0.0,0.0,0.0,0.0,34,0,0.0
LIE,1999,0.0,0.0,0.0,0.0,0.0,0.0,28,0,0.0
LIE,2000,0.0,0.0,0.0,0.0,0.0,0.0,36,1,0.027777777777777776
LIE,2001,0.0,0.0,0.0,0.0,0.0,0.0,52,0,0.0
LIE,2002,0.0,0.0,0.0,0.0,0.0,0.0,35,2,0.05714285714285714
LIE,2003,0.0,0.0,0.0,0.0,0.0,0.0,31,0,0.0
LIE,2004,0.0,0.0,0.0,0.0,0.0,0.0,38,1,0.02631578947368421
LIE,2005,0.0,0.0,0.0,0.0,0.0,0.0,49,1,0.02040816326530612
LIE,2006,0.0,0.0,0.0,0.0,0.0,0.0,53,2,0.03773584905660377
LIE,2007,0.0,0.0,0.0,0.0,0.0,0.0,52,4,0.07692307692307693
LIE,2008,0.0,0.0,0.0,0.0,0.0,0.0,60,3,0.05
LIE,2009,0.0,0.0,0.0,0.0,0.0,0.0,70,4,0.05714285714285714
LIE,2010,0.0,0.0,0.0,0.0,0.0,0.0,67,3,0.04477611940298507
LIE,2011,0.0,0.0,0.0,0.0,0.0,0.0,76,3,0.039473684210526314
LIE,2012,0.0,0.0,0.0,0.0,0.0,0.0,69,1,0.014492753623188406
LIE,2013,0.0,0.0,0.0,0.0,0.0,0.0,71,5,0.07042253521126761
LIE,2014,0.0,0.0,0.0,0.0,0.0,0.0,81,3,0.037037037037037035
LIE,2015,0.0,0.0,0.0,0.0,0.0,0.0,65,1,0.015384615384615385
LIE,2016,0.0,0.0,0.0,0.0,0.0,0.0,62,2,0.03225806451612903
LIE,2017,0.0,0.0,0.0,0.0,0.0,0.0,90,10,0.1111111111111111
LIE,2018,0.0,0.0,0.0,0.0,0.0,0.0,67,5,0.07462686567164178
LIE,2019,0.0,0.0,0.0,0.0,0.0,0.0,51,8,0.1568627450980392
LIE,2020,0.0,0.0,0.0,0.0,1.0,0.0,88,11,0.125
LIE,2021,0.0,0.0,0.0,0.0,0.0,0.0,57,10,0.17543859649122806
LIE,2022,0.0,0.0,0.0,0.0,0.0,0.0,51,9,0.17647058823529413
LIE,2023,0.0,0.0,0.0,0.0,0.0,0.0,97,16,0.16494845360824742
LIE,2024,0.0,0.0,0.0,0.0,0.0,0.0,73,3,0.0410958904109589
LIE,2025,0.0,0.0,0.0,0.0,0.0,0.0,80,7,0.0875
LKA,1956,0.0,0.0,0.0,0.0,0.0,0.0,150,5,0.03333333333333333
LKA,1957,0.0,0.0,0.0,0.0,0.0,0.0,88,2,0.022727272727272728
LKA,1958,0.0,0.0,0.0,0.0,0.0,0.0,147,1,0.006802721088435374
LKA,1959,0.0,0.0,0.0,1.0,0.0,0.0,247,7,0.02834008097165992
LKA,1960,0.0,0.0,0.0,0.0,0.0,0.0,230,7,0.030434782608695653
LKA,1961,0.0,0.0,0.0,0.0,0.0,0.0,258,4,0.015503875968992248
LKA,1962,0.0,0.0,0.0,0.0,0.0,0.0,116,2,0.017241379310344827
LKA,1964,0.0,0.0,0.0,0.0,0.0,0.0,106,8,0.07547169811320754
LKA,1965,0.0,0.0,0.0,0.0,0.0,0.0,130,1,0.007692307692307693
LKA,1966,0.0,0.0,0.0,0.0,0.0,0.0,170,2,0.011764705882352941
LKA,1967,0.0,0.0,0.0,0.0,0.0,0.0,154,2,0.012987012987012988
LKA,1968,0.0,0.0,0.0,0.0,0.0,0.0,168,6,0.03571428571428571
LKA,1969,0.0,0.0,0.0,0.0,0.0,0.0,187,6,0.03208556149732621
LKA,1970,0.0,0.0,0.0,0.0,0.0,0.0,104,3,0.028846153846153848
LKA,1971,0.0,0.0,0.0,0.0,0.0,0.0,120,3,0.025
LKA,1972,0.0,0.0,0.0,0.0,0.0,0.0,118,3,0.025423728813559324
LKA,1973,0.0,0.0,0.0,0.0,0.0,0.0,118,4,0.03389830508474576
LKA,1974,0.0,0.0,0.0,0.0,0.0,0.0,104,10,0.09615384615384616
LKA,1975,0.0,0.0,0.0,0.0,0.0,0.0,90,4,0.044444444444444446
LKA,1976,0.0,0.0,0.0,0.0,0.0,0.0,110,0,0.0
LKA,1977,0.0,0.0,0.0,0.0,0.0,0.0,118,2,0.01694915254237288
LKA,1978,0.0,0.0,0.0,0.0,0.0,0.0,126,8,0.06349206349206349
LKA,1979,0.0,0.0,0.0,0.0,0.0,0.0,105,4,0.0380952380952381
LKA,1980,0.0,0.0,0.0,0.0,0.0,0.0,115,4,0.034782608695652174
LKA,1981,0.0,0.0,0.0,0.0,0.0,0.0,124,4,0.03225806451612903
LKA,1982,0.0,0.0,0.0,0.0,0.0,0.0,109,3,0.027522935779816515
LKA,1983,0.0,0.0,0.0,0.0,0.0,0.0,93,5,0.053763440860215055
LKA,1984,0.0,0.0,0.0,0.0,0.0,0.0,75,2,0.02666666666666667
LKA,1985,0.0,0.0,0.0,0.0,0.0,0.0,84,2,0.023809523809523808
LKA,1986,0.0,0.0,0.0,0.0,0.0,0.0,95,1,0.010526315789473684
LKA,1987,0.0,0.0,0.0,0.0,0.0,0.0,99,2,0.020202020202020204
LKA,1988,0.0,0.0,0.0,0.0,0.0,0.0,96,8,0.08333333333333333
LKA,1989,0.0,0.0,0.0,0.0,0.0,0.0,126,2,0.015873015873015872
LKA,1990,0.0,0.0,0.0,0.0,0.0,0.0,117,7,0.05982905982905983
LKA,1991,0.0,0.0,0.0,0.0,0.0,0.0,82,5,0.06097560975609756
LKA,1992,0.0,0.0,0.0,0.0,0.0,0.0,130,6,0.046153846153846156
LKA,1993,0.0,0.0,0.0,0.0,0.0,0.0,70,1,0.014285714285714285
LKA,1994,0.0,0.0,0.0,0.0,0.0,0.0,89,4,0.0449438202247191
LKA,1995,0.0,0.0,0.0,0.0,0.0,0.0,110,3,0.02727272727272727
LKA,1996,0.0,0.0,0.0,0.0,0.0,0.0,103,3,0.02912621359223301
LKA,1997,0.0,0.0,0.0,0.0,0.0,0.0,137,3,0.021897810218978103
LKA,1998,0.0,0.0,0.0,0.0,0.0,0.0,125,5,0.04
LKA,1999,0.0,0.0,0.0,0.0,0.0,0.0,126,0,0.0
LKA,2000,0.0,0.0,0.0,0.0,0.0,0.0,76,0,0.0
LKA,2001,0.0,0.0,0.0,0.0,0.0,0.0,43,3,0.06976744186046512
LKA,2002,0.0,0.0,0.0,0.0,0.0,0.0,69,3,0.043478260869565216
LKA,2003,0.0,0.0,0.0,0.0,0.0,0.0,53,1,0.018867924528301886
LKA,2004,0.0,0.0,0.0,0.0,0.0,0.0,57,1,0.017543859649122806
LKA,2005,0.0,0.0,0.0,0.0,0.0,0.0,57,4,0.07017543859649122
LKA,2006,0.0,0.0,0.0,0.0,0.0,0.0,86,1,0.011627906976744186
LKA,2007,0.0,0.0,0.0,0.0,0.0,0.0,77,6,0.07792207792207792
LKA,2008,0.0,0.0,0.0,0.0,0.0,0.0,93,16,0.17204301075268819
LKA,2009,0.0,0.0,0.0,0.0,0.0,0.0,108,6,0.05555555555555555
LKA,2010,0.0,0.0,0.0,0.0,0.0,0.0,81,5,0.06172839506172839
LKA,2011,0.0,0.0,0.0,0.0,0.0,0.0,69,2,0.028985507246376812
LKA,2012,0.0,0.0,0.0,0.0,0.0,0.0,56,6,0.10714285714285714
LKA,2013,0.0,0.0,0.0,0.0,0.0,0.0,57,8,0.14035087719298245
LKA,2014,0.0,0.0,0.0,0.0,0.0,0.0,52,9,0.17307692307692307
LKA,2015,0.0,0.0,0.0,0.0,0.0,0.0,67,2,0.029850746268656716
LKA,2016,0.0,0.0,0.0,0.0,0.0,0.0,34,3,0.08823529411764706
LKA,2017,0.0,0.0,0.0,0.0,0.0,0.0,43,2,0.046511627906976744
LKA,2018,0.0,0.0,0.0,0.0,0.0,0.0,51,4,0.0784313725490196
LKA,2019,0.0,0.0,0.0,0.0,0.0,0.0,57,6,0.10526315789473684
LKA,2020,0.0,0.0,0.0,0.0,0.0,0.0,21,4,0.19047619047619047
LKA,2021,0.0,0.0,0.0,0.0,0.0,0.0,59,17,0.288135593220339
LKA,2022,0.0,0.0,0.0,0.0,0.0,2.0,78,18,0.23076923076923078
LKA,2023,0.0,0.0,0.0,0.0,0.0,0.0,74,24,0.32432432432432434
LKA,2024,0.0,0.0,0.0,0.0,0.0,0.0,84,22,0.2619047619047619
LKA,2025,0.0,0.0,0.0,0.0,0.0,0.0,116,6,0.05172413793103448
LSO,1967,0.0,0.0,0.0,0.0,0.0,0.0,179,1,0.00558659217877095
LSO,1968,0.0,0.0,0.0,0.0,0.0,0.0,81,1,0.012345679012345678
LSO,1969,0.0,0.0,0.0,0.0,0.0,0.0,83,0,0.0
LSO,1973,0.0,0.0,0.0,0.0,0.0,0.0,61,9,0.14754098360655737
LSO,1974,0.0,0.0,0.0,0.0,0.0,0.0,66,2,0.030303030303030304
LSO,1975,0.0,0.0,0.0,0.0,0.0,0.0,108,1,0.009259259259259259
LSO,1976,0.0,0.0,0.0,0.0,0.0,0.0,148,3,0.02027027027027027
LSO,1977,0.0,0.0,0.0,0.0,0.0,0.0,156,9,0.057692307692307696
LSO,1978,0.0,0.0,0.0,0.0,0.0,0.0,152,4,0.02631578947368421
LSO,1979,0.0,0.0,0.0,0.0,0.0,0.0,117,6,0.05128205128205128
LSO,1980,0.0,0.0,0.0,0.0,0.0,0.0,98,2,0.02040816326530612
LSO,1982,0.0,0.0,0.0,0.0,0.0,0.0,126,2,0.015873015873015872
LSO,1983,0.0,0.0,0.0,0.0,0.0,0.0,85,0,0.0
LSO,1984,0.0,0.0,0.0,0.0,0.0,0.0,67,3,0.04477611940298507
LSO,1986,0.0,0.0,0.0,0.0,0.0,0.0,55,0,0.0
LSO,1987,0.0,0.0,0.0,0.0,0.0,0.0,78,1,0.01282051282051282
LSO,1988,0.0,0.0,0.0,0.0,0.0,0.0,55,0,0.0
LSO,1989,0.0,0.0,0.0,0.0,0.0,0.0,109,11,0.10091743119266056
LSO,1990,0.0,0.0,0.0,0.0,0.0,0.0,48,4,0.08333333333333333
LSO,1991,0.0,0.0,0.0,0.0,0.0,0.0,30,2,0.06666666666666667
LSO,1992,0.0,0.0,0.0,0.0,0.0,0.0,85,2,0.023529411764705882
LSO,1993,0.0,0.0,0.0,0.0,0.0,0.0,54,6,0.1111111111111111
LSO,1994,0.0,0.0,0.0,0.0,0.0,0.0,42,1,0.023809523809523808
LSO,1995,0.0,0.0,0.0,0.0,0.0,0.0,79,3,0.0379746835443038
LSO,1996,0.0,0.0,0.0,0.0,0.0,0.0,54,2,0.037037037037037035
LSO,1997,0.0,0.0,0.0,0.0,0.0,0.0,51,3,0.058823529411764705
LSO,1998,0.0,0.0,0.0,0.0,0.0,0.0,72,1,0.013888888888888888
LSO,1999,0.0,0.0,0.0,0.0,0.0,0.0,70,0,0.0
LSO,2000,0.0,0.0,0.0,0.0,0.0,0.0,52,6,0.11538461538461539
LSO,2001,0.0,0.0,0.0,0.0,0.0,0.0,55,2,0.03636363636363636
LSO,2002,0.0,0.0,0.0,0.0,0.0,0.0,35,1,0.02857142857142857
LSO,2003,0.0,0.0,0.0,0.0,0.0,0.0,56,0,0.0
LSO,2004,0.0,0.0,0.0,0.0,0.0,0.0,51,0,0.0
LSO,2005,0.0,0.0,0.0,0.0,0.0,0.0,29,0,0.0
LSO,2006,0.0,0.0,0.0,0.0,0.0,0.0,78,3,0.038461538461538464
LSO,2007,0.0,0.0,0.0,0.0,0.0,0.0,84,15,0.17857142857142858
LSO,2008,0.0,0.0,1.0,0.0,0.0,0.0,61,8,0.13114754098360656
LSO,2009,0.0,0.0,0.0,0.0,0.0,0.0,97,10,0.10309278350515463
LSO,2010,0.0,0.0,0.0,0.0,0.0,0.0,71,10,0.14084507042253522
LSO,2011,0.0,0.0,0.0,0.0,0.0,0.0,88,4,0.045454545454545456
LSO,2012,0.0,0.0,0.0,0.0,0.0,0.0,69,9,0.13043478260869565
LSO,2013,0.0,0.0,0.0,0.0,0.0,0.0,63,10,0.15873015873015872
LSO,2014,0.0,0.0,0.0,0.0,0.0,0.0,53,13,0.24528301886792453
LSO,2015,0.0,0.0,0.0,0.0,0.0,0.0,79,11,0.13924050632911392
LSO,2016,0.0,0.0,0.0,0.0,0.0,0.0,56,12,0.21428571428571427
LSO,2017,0.0,0.0,0.0,0.0,0.0,0.0,79,7,0.08860759493670886
LSO,2018,0.0,0.0,0.0,0.0,1.0,0.0,75,4,0.05333333333333334
LSO,2019,0.0,0.0,0.0,0.0,0.0,0.0,54,16,0.2962962962962963
LSO,2020,0.0,0.0,0.0,0.0,0.0,0.0,79,5,0.06329113924050633
LSO,2021,0.0,0.0,0.0,0.0,1.0,0.0,67,10,0.14925373134328357
LSO,2022,0.0,0.0,0.0,0.0,0.0,0.0,64,14,0.21875
LSO,2023,0.0,0.0,0.0,0.0,0.0,0.0,67,15,0.22388059701492538
LSO,2024,0.0,0.0,0.0,0.0,0.0,0.0,75,12,0.16
LSO,2025,0.0,0.0,0.0,0.0,0.0,0.0,92,21,0.22826086956521738
LTU,1991,0.0,0.0,0.0,0.0,0.0,0.0,72,10,0.1388888888888889
LTU,1992,0.0,0.0,0.0,0.0,0.0,0.0,88,3,0.03409090909090909
LTU,1993,0.0,0.0,0.0,0.0,0.0,0.0,84,2,0.023809523809523808
LTU,1994,0.0,0.0,0.0,0.0,0.0,0.0,125,7,0.056
LTU,1995,0.0,0.0,0.0,0.0,0.0,0.0,64,1,0.015625
LTU,1996,0.0,0.0,0.0,0.0,0.0,0.0,57,3,0.05263157894736842
LTU,1997,0.0,0.0,0.0,0.0,0.0,0.0,55,1,0.01818181818181818
LTU,1998,0.0,0.0,0.0,0.0,0.0,0.0,55,10,0.18181818181818182
LTU,1999,0.0,0.0,0.0,0.0,0.0,0.0,50,1,0.02
LTU,2000,0.0,0.0,0.0,0.0,0.0,0.0,66,1,0.015151515151515152
LTU,2001,0.0,0.0,0.0,0.0,0.0,0.0,55,4,0.07272727272727272
LTU,2002,0.0,0.0,0.0,0.0,0.0,0.0,25,1,0.04
LTU,2003,0.0,0.0,0.0,0.0,0.0,0.0,40,1,0.025
LTU,2004,0.0,0.0,0.0,0.0,0.0,0.0,31,1,0.03225806451612903
LTU,2005,0.0,0.0,0.0,0.0,0.0,0.0,29,4,0.13793103448275862
LTU,2006,0.0,0.0,0.0,0.0,0.0,0.0,54,4,0.07407407407407407
LTU,2007,0.0,0.0,0.0,0.0,0.0,0.0,72,18,0.25
LTU,2008,0.0,0.0,0.0,0.0,0.0,0.0,56,6,0.10714285714285714
LTU,2009,0.0,0.0,0.0,0.0,0.0,0.0,41,4,0.0975609756097561
LTU,2010,0.0,0.0,0.0,0.0,0.0,0.0,43,9,0.20930232558139536
LTU,2011,0.0,0.0,0.0,0.0,0.0,0.0,37,14,0.3783783783783784
LTU,2012,0.0,0.0,0.0,0.0,0.0,0.0,24,16,0.6666666666666666
LTU,2013,0.0,0.0,0.0,0.0,0.0,0.0,31,5,0.16129032258064516
LTU,2014,0.0,0.0,0.0,0.0,0.0,0.0,20,0,0.0
LTU,2015,0.0,0.0,0.0,0.0,0.0,0.0,30,0,0.0
LTU,2016,0.0,0.0,0.0,0.0,0.0,0.0,28,7,0.25
LTU,2017,0.0,0.0,0.0,0.0,0.0,0.0,23,1,0.043478260869565216
LTU,2018,0.0,0.0,0.0,0.0,0.0,0.0,19,3,0.15789473684210525
LTU,2019,0.0,0.0,0.0,0.0,0.0,0.0,63,14,0.2222222222222222
LTU,2020,0.0,0.0,0.0,0.0,0.0,0.0,71,10,0.14084507042253522
LTU,2021,0.0,0.0,0.0,0.0,0.0,0.0,65,10,0.15384615384615385
LTU,2022,0.0,0.0,0.0,0.0,0.0,0.0,62,5,0.08064516129032258
LTU,2023,0.0,0.0,0.0,0.0,0.0,0.0,64,16,0.25
LTU,2024,0.0,0.0,0.0,0.0,0.0,0.0,77,3,0.03896103896103896
LTU,2025,0.0,0.0,0.0,0.0,0.0,0.0,96,5,0.052083333333333336
LUX,1946,0.0,0.0,0.0,0.0,0.0,0.0,24,0,0.0
LUX,1960,0.0,0.0,0.0,0.0,0.0,0.0,49,0,0.0
LUX,1967,0.0,0.0,0.0,0.0,0.0,0.0,100,0,0.0
LUX,1968,0.0,0.0,0.0,0.0,0.0,0.0,108,2,0.018518518518518517
LUX,1969,0.0,0.0,0.0,0.0,0.0,0.0,113,0,0.0
LUX,1971,0.0,0.0,0.0,0.0,0.0,0.0,45,0,0.0
LUX,1972,0.0,0.0,0.0,0.0,0.0,0.0,55,3,0.05454545454545454
LUX,1973,0.0,0.0,0.0,0.0,0.0,0.0,52,3,0.057692307692307696
LUX,1974,0.0,0.0,0.0,0.0,0.0,0.0,69,3,0.043478260869565216
LUX,1977,0.0,0.0,0.0,0.0,0.0,0.0,83,0,0.0
LUX,1978,0.0,0.0,0.0,0.0,0.0,0.0,61,1,0.01639344262295082
LUX,1979,0.0,0.0,0.0,0.0,0.0,0.0,74,0,0.0
LUX,1980,0.0,0.0,0.0,0.0,0.0,0.0,177,12,0.06779661016949153
LUX,1981,0.0,0.0,0.0,0.0,0.0,0.0,66,0,0.0
LUX,1982,0.0,0.0,0.0,0.0,0.0,0.0,72,1,0.013888888888888888
LUX,1983,0.0,0.0,0.0,0.0,0.0,0.0,80,1,0.0125
LUX,1984,0.0,0.0,0.0,0.0,0.0,0.0,57,4,0.07017543859649122
LUX,1985,0.0,0.0,0.0,0.0,0.0,0.0,175,4,0.022857142857142857
LUX,1986,0.0,0.0,0.0,0.0,0.0,0.0,60,1,0.016666666666666666
LUX,1987,0.0,0.0,0.0,0.0,0.0,0.0,126,4,0.031746031746031744
LUX,1988,0.0,0.0,0.0,0.0,0.0,0.0,144,22,0.1527777777777778
LUX,1989,0.0,0.0,0.0,0.0,0.0,0.0,99,12,0.12121212121212122
LUX,1990,0.0,0.0,0.0,0.0,0.0,0.0,113,19,0.168141592920354
LUX,1991,0.0,0.0,0.0,0.0,0.0,0.0,89,2,0.02247191011235955
LUX,1992,0.0,0.0,0.0,0.0,0.0,0.0,107,8,0.07476635514018691
LUX,1993,0.0,0.0,0.0,0.0,0.0,0.0,62,2,0.03225806451612903
LUX,1994,0.0,0.0,0.0,0.0,0.0,0.0,61,3,0.04918032786885246
LUX,1995,0.0,0.0,0.0,0.0,0.0,0.0,69,3,0.043478260869565216
LUX,1996,0.0,0.0,0.0,0.0,0.0,0.0,67,2,0.029850746268656716
LUX,1997,0.0,0.0,0.0,0.0,0.0,0.0,99,5,0.050505050505050504
LUX,1998,0.0,0.0,0.0,0.0,0.0,0.0,65,5,0.07692307692307693
LUX,1999,0.0,0.0,0.0,0.0,0.0,0.0,79,2,0.02531645569620253
LUX,2000,0.0,0.0,0.0,0.0,0.0,0.0,84,3,0.03571428571428571
LUX,2001,0.0,0.0,0.0,0.0,0.0,0.0,41,0,0.0
LUX,2002,0.0,0.0,0.0,0.0,0.0,0.0,66,1,0.015151515151515152
LUX,2003,0.0,0.0,0.0,0.0,0.0,0.0,63,2,0.031746031746031744
LUX,2004,0.0,0.0,0.0,0.0,0.0,0.0,52,1,0.019230769230769232
LUX,2005,0.0,0.0,0.0,0.0,0.0,0.0,35,3,0.08571428571428572
LUX,2006,0.0,0.0,0.0,0.0,0.0,0.0,79,0,0.0
LUX,2007,0.0,0.0,0.0,0.0,0.0,0.0,74,11,0.14864864864864866
LUX,2008,0.0,0.0,0.0,0.0,0.0,0.0,78,11,0.14102564102564102
LUX,2009,0.0,0.0,0.0,0.0,0.0,0.0,83,10,0.12048192771084337
LUX,2010,0.0,0.0,0.0,0.0,0.0,0.0,102,3,0.029411764705882353
LUX,2011,0.0,0.0,0.0,0.0,0.0,0.0,90,11,0.12222222222222222
LUX,2012,0.0,0.0,0.0,0.0,0.0,0.0,63,6,0.09523809523809523
LUX,2013,0.0,0.0,0.0,0.0,0.0,0.0,89,7,0.07865168539325842
LUX,2014,0.0,0.0,0.0,0.0,0.0,0.0,102,11,0.10784313725490197
LUX,2015,0.0,0.0,0.0,0.0,0.0,0.0,81,3,0.037037037037037035
LUX,2016,0.0,0.0,0.0,0.0,0.0,0.0,113,8,0.07079646017699115
LUX,2017,0.0,0.0,0.0,0.0,0.0,0.0,109,11,0.10091743119266056
LUX,2018,0.0,0.0,0.0,0.0,0.0,0.0,95,8,0.08421052631578947
LUX,2019,0.0,0.0,0.0,0.0,0.0,0.0,122,19,0.1557377049180328
LUX,2020,0.0,0.0,0.0,0.0,0.0,0.0,77,7,0.09090909090909091
LUX,2021,0.0,0.0,0.0,0.0,0.0,0.0,138,22,0.15942028985507245
LUX,2022,0.0,0.0,0.0,0.0,0.0,0.0,123,17,0.13821138211382114
LUX,2023,0.0,0.0,0.0,0.0,0.0,0.0,104,15,0.14423076923076922
LUX,2024,0.0,0.0,0.0,0.0,0.0,0.0,77,5,0.06493506493506493
LUX,2025,0.0,0.0,0.0,0.0,0.0,0.0,56,1,0.017857142857142856
LVA,1991,0.0,0.0,0.0,0.0,0.0,0.0,31,3,0.0967741935483871
LVA,1992,0.0,0.0,0.0,0.0,0.0,0.0,90,3,0.03333333333333333
LVA,1993,0.0,0.0,0.0,0.0,0.0,0.0,77,1,0.012987012987012988
LVA,1994,0.0,0.0,0.0,0.0,0.0,0.0,84,4,0.047619047619047616
LVA,1995,0.0,0.0,0.0,0.0,0.0,0.0,43,2,0.046511627906976744
LVA,1996,0.0,0.0,0.0,0.0,0.0,0.0,47,1,0.02127659574468085
LVA,1997,0.0,0.0,0.0,0.0,0.0,0.0,49,0,0.0
LVA,1998,0.0,0.0,0.0,0.0,0.0,0.0,45,1,0.022222222222222223
LVA,1999,0.0,0.0,0.0,0.0,0.0,0.0,44,1,0.022727272727272728
LVA,2000,0.0,0.0,0.0,0.0,0.0,0.0,30,1,0.03333333333333333
LVA,2001,0.0,0.0,0.0,0.0,0.0,0.0,39,0,0.0
LVA,2002,0.0,0.0,0.0,0.0,0.0,0.0,34,7,0.20588235294117646
LVA,2003,0.0,0.0,0.0,0.0,0.0,0.0,39,7,0.1794871794871795
LVA,2004,0.0,0.0,0.0,0.0,0.0,0.0,34,2,0.058823529411764705
LVA,2005,0.0,0.0,0.0,0.0,0.0,0.0,56,6,0.10714285714285714
LVA,2006,0.0,0.0,0.0,0.0,0.0,0.0,106,5,0.04716981132075472
LVA,2007,0.0,0.0,0.0,0.0,0.0,0.0,88,6,0.06818181818181818
LVA,2008,0.0,0.0,0.0,0.0,1.0,0.0,94,14,0.14893617021276595
LVA,2009,0.0,0.0,0.0,0.0,0.0,0.0,102,9,0.08823529411764706
LVA,2010,0.0,0.0,0.0,0.0,0.0,0.0,100,15,0.15
LVA,2011,0.0,0.0,0.0,0.0,0.0,0.0,75,6,0.08
LVA,2012,0.0,0.0,0.0,0.0,0.0,0.0,48,0,0.0
LVA,2013,0.0,0.0,0.0,0.0,0.0,0.0,40,2,0.05
LVA,2014,0.0,0.0,0.0,0.0,0.0,0.0,66,3,0.045454545454545456
LVA,2015,0.0,0.0,0.0,0.0,0.0,0.0,61,7,0.11475409836065574
LVA,2016,0.0,0.0,0.0,0.0,0.0,0.0,62,10,0.16129032258064516
LVA,2017,0.0,0.0,0.0,0.0,0.0,0.0,69,8,0.11594202898550725
LVA,2018,0.0,0.0,0.0,0.0,0.0,0.0,76,1,0.013157894736842105
LVA,2019,0.0,0.0,0.0,0.0,0.0,0.0,68,16,0.23529411764705882
LVA,2020,0.0,0.0,0.0,0.0,0.0,0.0,43,5,0.11627906976744186
LVA,2021,0.0,0.0,0.0,0.0,0.0,0.0,65,11,0.16923076923076924
LVA,2022,0.0,0.0,0.0,0.0,0.0,0.0,63,10,0.15873015873015872
LVA,2023,0.0,0.0,0.0,0.0,0.0,0.0,98,8,0.08163265306122448
LVA,2024,0.0,0.0,0.0,0.0,0.0,0.0,59,7,0.11864406779661017
LVA,2025,0.0,0.0,0.0,0.0,0.0,0.0,114,4,0.03508771929824561
MAR,1956,0.0,0.0,0.0,0.0,0.0,0.0,49,0,0.0
MAR,1957,0.0,0.0,0.0,0.0,0.0,0.0,38,0,0.0
MAR,1958,0.0,0.0,0.0,0.0,0.0,0.0,72,0,0.0
MAR,1959,0.0,0.0,0.0,0.0,0.0,0.0,93,0,0.0
MAR,1960,0.0,0.0,0.0,0.0,0.0,0.0,144,4,0.027777777777777776
MAR,1961,0.0,0.0,0.0,0.0,0.0,0.0,110,0,0.0
MAR,1962,0.0,0.0,0.0,0.0,0.0,0.0,46,1,0.021739130434782608
MAR,1963,0.0,0.0,0.0,0.0,0.0,0.0,66,2,0.030303030303030304
MAR,1964,0.0,0.0,0.0,0.0,0.0,0.0,60,0,0.0
MAR,1965,0.0,0.0,0.0,0.0,0.0,0.0,84,0,0.0
MAR,1966,0.0,0.0,0.0,0.0,0.0,0.0,135,2,0.014814814814814815
MAR,1967,0.0,0.0,0.0,0.0,0.0,0.0,109,0,0.0
MAR,1968,0.0,0.0,0.0,0.0,0.0,0.0,126,0,0.0
MAR,1969,0.0,0.0,0.0,0.0,0.0,0.0,137,1,0.0072992700729927005
MAR,1970,0.0,0.0,0.0,0.0,0.0,0.0,65,2,0.03076923076923077
MAR,1971,0.0,0.0,0.0,0.0,0.0,0.0,43,1,0.023255813953488372
MAR,1972,0.0,0.0,0.0,0.0,0.0,0.0,72,1,0.013888888888888888
MAR,1973,0.0,0.0,0.0,0.0,0.0,0.0,36,0,0.0
MAR,1974,0.0,0.0,0.0,0.0,0.0,0.0,151,2,0.013245033112582781
MAR,1975,0.0,0.0,0.0,0.0,0.0,0.0,75,0,0.0
MAR,1976,0.0,0.0,0.0,0.0,0.0,0.0,41,0,0.0
MAR,1977,0.0,0.0,0.0,0.0,0.0,0.0,63,0,0.0
MAR,1978,0.0,0.0,0.0,0.0,0.0,0.0,69,1,0.014492753623188406
MAR,1979,0.0,0.0,0.0,0.0,0.0,0.0,71,4,0.056338028169014086
MAR,1980,0.0,0.0,0.0,0.0,0.0,0.0,84,0,0.0
MAR,1981,0.0,0.0,0.0,0.0,0.0,0.0,68,2,0.029411764705882353
MAR,1982,0.0,0.0,0.0,0.0,0.0,0.0,124,1,0.008064516129032258
MAR,1983,0.0,0.0,0.0,0.0,0.0,0.0,55,3,0.05454545454545454
MAR,1984,0.0,0.0,0.0,0.0,0.0,0.0,61,3,0.04918032786885246
MAR,1985,0.0,0.0,0.0,0.0,0.0,0.0,66,3,0.045454545454545456
MAR,1986,0.0,0.0,0.0,0.0,0.0,0.0,79,0,0.0
MAR,1987,0.0,0.0,0.0,0.0,0.0,0.0,72,0,0.0
MAR,1988,0.0,0.0,0.0,0.0,0.0,0.0,66,2,0.030303030303030304
MAR,1989,0.0,0.0,0.0,0.0,0.0,0.0,63,6,0.09523809523809523
MAR,1990,0.0,0.0,0.0,0.0,0.0,0.0,90,1,0.011111111111111112
MAR,1991,0.0,0.0,0.0,0.0,0.0,0.0,57,1,0.017543859649122806
MAR,1992,0.0,0.0,0.0,0.0,0.0,0.0,117,4,0.03418803418803419
MAR,1993,0.0,0.0,0.0,0.0,0.0,0.0,47,1,0.02127659574468085
MAR,1994,0.0,0.0,0.0,0.0,0.0,0.0,52,1,0.019230769230769232
MAR,1995,0.0,0.0,0.0,0.0,0.0,0.0,33,0,0.0
MAR,1996,0.0,0.0,0.0,0.0,0.0,0.0,51,1,0.0196078431372549
MAR,1997,0.0,0.0,0.0,0.0,0.0,0.0,25,0,0.0
MAR,1998,0.0,0.0,0.0,0.0,0.0,0.0,24,0,0.0
MAR,1999,0.0,0.0,0.0,0.0,0.0,0.0,44,0,0.0
MAR,2000,0.0,0.0,0.0,0.0,0.0,0.0,47,1,0.02127659574468085
MAR,2001,0.0,0.0,0.0,0.0,0.0,0.0,47,2,0.0425531914893617
MAR,2002,0.0,0.0,0.0,0.0,0.0,0.0,37,1,0.02702702702702703
MAR,2003,0.0,0.0,0.0,0.0,0.0,0.0,22,1,0.045454545454545456
MAR,2004,0.0,0.0,0.0,0.0,0.0,0.0,22,1,0.045454545454545456
MAR,2005,0.0,0.0,0.0,0.0,0.0,0.0,21,0,0.0
MAR,2006,0.0,0.0,0.0,0.0,0.0,0.0,59,1,0.01694915254237288
MAR,2007,0.0,0.0,0.0,0.0,0.0,0.0,53,3,0.05660377358490566
MAR,2008,0.0,0.0,0.0,0.0,0.0,0.0,45,2,0.044444444444444446
MAR,2009,0.0,0.0,0.0,0.0,0.0,0.0,63,12,0.19047619047619047
MAR,2010,0.0,0.0,0.0,0.0,0.0,0.0,41,3,0.07317073170731707
MAR,2011,0.0,0.0,0.0,0.0,0.0,0.0,88,2,0.022727272727272728
MAR,2012,0.0,0.0,0.0,0.0,0.0,0.0,30,0,0.0
MAR,2013,0.0,0.0,0.0,0.0,0.0,0.0,51,2,0.0392156862745098
MAR,2014,0.0,0.0,0.0,0.0,0.0,0.0,46,5,0.10869565217391304
MAR,2015,0.0,0.0,0.0,0.0,0.0,0.0,36,13,0.3611111111111111
MAR,2016,0.0,0.0,0.0,0.0,0.0,0.0,71,7,0.09859154929577464
MAR,2017,0.0,0.0,0.0,0.0,0.0,0.0,41,8,0.1951219512195122
MAR,2018,0.0,0.0,0.0,0.0,0.0,0.0,47,5,0.10638297872340426
MAR,2019,0.0,0.0,0.0,0.0,0.0,0.0,55,6,0.10909090909090909
MAR,2020,0.0,0.0,0.0,0.0,0.0,0.0,35,4,0.11428571428571428
MAR,2021,0.0,0.0,0.0,0.0,0.0,0.0,56,6,0.10714285714285714
MAR,2022,0.0,0.0,0.0,0.0,0.0,0.0,48,9,0.1875
MAR,2023,0.0,0.0,0.0,0.0,0.0,0.0,66,9,0.13636363636363635
MAR,2024,0.0,0.0,0.0,0.0,0.0,0.0,62,8,0.12903225806451613
MAR,2025,0.0,0.0,0.0,0.0,0.0,0.0,95,10,0.10526315789473684
MCO,1993,0.0,0.0,0.0,0.0,0.0,0.0,13,1,0.07692307692307693
MCO,1994,0.0,0.0,0.0,0.0,0.0,0.0,33,5,0.15151515151515152
MCO,1995,0.0,0.0,0.0,0.0,0.0,0.0,55,7,0.12727272727272726
MCO,1996,0.0,0.0,0.0,0.0,0.0,0.0,41,3,0.07317073170731707
MCO,1997,0.0,0.0,0.0,0.0,0.0,0.0,34,7,0.20588235294117646
MCO,1998,0.0,0.0,0.0,0.0,0.0,0.0,81,7,0.08641975308641975
MCO,1999,0.0,0.0,0.0,0.0,0.0,0.0,51,3,0.058823529411764705
MCO,2000,0.0,0.0,0.0,0.0,0.0,0.0,33,3,0.09090909090909091
MCO,2001,0.0,0.0,0.0,0.0,0.0,0.0,30,3,0.1
MCO,2002,0.0,0.0,0.0,0.0,0.0,0.0,54,5,0.09259259259259259
MCO,2003,0.0,0.0,0.0,0.0,0.0,0.0,24,3,0.125
MCO,2004,0.0,0.0,0.0,0.0,0.0,0.0,29,0,0.0
MCO,2005,0.0,0.0,0.0,0.0,0.0,0.0,23,6,0.2608695652173913
MCO,2006,0.0,0.0,0.0,0.0,0.0,0.0,52,9,0.17307692307692307
MCO,2007,0.0,0.0,0.0,0.0,0.0,0.0,84,25,0.2976190476190476
MCO,2008,0.0,0.0,1.0,0.0,0.0,0.0,54,18,0.3333333333333333
MCO,2009,0.0,0.0,0.0,0.0,0.0,0.0,64,22,0.34375
MCO,2010,0.0,0.0,0.0,0.0,0.0,0.0,28,3,0.10714285714285714
MCO,2011,0.0,0.0,0.0,0.0,0.0,0.0,49,14,0.2857142857142857
MCO,2012,0.0,0.0,0.0,0.0,0.0,0.0,36,8,0.2222222222222222
MCO,2013,0.0,0.0,0.0,0.0,0.0,0.0,51,18,0.35294117647058826
MCO,2014,0.0,0.0,0.0,0.0,0.0,0.0,42,7,0.16666666666666666
MCO,2015,0.0,0.0,0.0,0.0,0.0,0.0,43,14,0.32558139534883723
MCO,2016,0.0,0.0,0.0,0.0,0.0,0.0,58,23,0.39655172413793105
MCO,2017,0.0,0.0,0.0,0.0,0.0,0.0,54,17,0.3148148148148148
MCO,2018,0.0,0.0,0.0,0.0,0.0,0.0,39,12,0.3076923076923077
MCO,2019,0.0,0.0,0.0,0.0,0.0,0.0,49,26,0.5306122448979592
MCO,2020,0.0,0.0,0.0,0.0,0.0,0.0,30,14,0.4666666666666667
MCO,2021,0.0,0.0,0.0,0.0,0.0,0.0,66,17,0.25757575757575757
MCO,2022,0.0,0.0,0.0,0.0,0.0,0.0,46,15,0.32608695652173914
MCO,2023,0.0,0.0,0.0,0.0,0.0,0.0,60,31,0.5166666666666667
MCO,2024,0.0,0.0,0.0,0.0,0.0,1.0,17,6,0.35294117647058826
MCO,2025,0.0,0.0,0.0,0.0,0.0,0.0,67,14,0.208955223880597
MDA,1992,0.0,0.0,0.0,0.0,0.0,0.0,65,1,0.015384615384615385
MDA,1993,0.0,0.0,0.0,0.0,0.0,0.0,42,0,0.0
MDA,1994,0.0,0.0,0.0,0.0,0.0,0.0,59,4,0.06779661016949153
MDA,1995,0.0,0.0,0.0,0.0,0.0,0.0,57,1,0.017543859649122806
MDA,1996,0.0,0.0,0.0,0.0,0.0,0.0,38,0,0.0
MDA,1997,0.0,0.0,0.0,0.0,0.0,0.0,59,1,0.01694915254237288
MDA,1998,0.0,0.0,0.0,0.0,0.0,0.0,39,0,0.0
MDA,1999,0.0,0.0,0.0,0.0,0.0,0.0,53,0,0.0
MDA,2000,0.0,0.0,0.0,0.0,0.0,0.0,43,2,0.046511627906976744
MDA,2001,0.0,0.0,0.0,0.0,0.0,0.0,51,1,0.0196078431372549
MDA,2002,0.0,0.0,0.0,0.0,0.0,0.0,41,1,0.024390243902439025
MDA,2003,0.0,0.0,0.0,0.0,0.0,0.0,31,0,0.0
MDA,2004,0.0,0.0,0.0,0.0,0.0,0.0,49,3,0.061224489795918366
MDA,2005,0.0,0.0,0.0,0.0,0.0,0.0,43,1,0.023255813953488372
MDA,2006,0.0,0.0,0.0,0.0,0.0,0.0,68,0,0.0
MDA,2007,0.0,0.0,0.0,0.0,0.0,0.0,38,4,0.10526315789473684
MDA,2008,0.0,0.0,0.0,0.0,0.0,0.0,32,6,0.1875
MDA,2009,0.0,0.0,0.0,0.0,0.0,0.0,76,16,0.21052631578947367
MDA,2010,0.0,0.0,0.0,0.0,0.0,0.0,86,9,0.10465116279069768
MDA,2011,0.0,0.0,0.0,0.0,0.0,0.0,92,3,0.03260869565217391
MDA,2012,0.0,0.0,0.0,0.0,0.0,0.0,42,2,0.047619047619047616
MDA,2013,0.0,0.0,0.0,0.0,0.0,0.0,56,6,0.10714285714285714
MDA,2014,0.0,0.0,0.0,0.0,0.0,0.0,50,5,0.1
MDA,2015,0.0,0.0,0.0,0.0,0.0,0.0,44,6,0.13636363636363635
MDA,2016,0.0,0.0,0.0,0.0,0.0,0.0,61,7,0.11475409836065574
MDA,2017,0.0,0.0,0.0,0.0,0.0,0.0,31,4,0.12903225806451613
MDA,2018,0.0,0.0,0.0,0.0,0.0,0.0,44,9,0.20454545454545456
MDA,2019,0.0,0.0,0.0,0.0,0.0,0.0,73,7,0.0958904109589041
MDA,2020,0.0,0.0,0.0,0.0,0.0,0.0,60,5,0.08333333333333333
MDA,2021,0.0,0.0,0.0,0.0,0.0,0.0,66,14,0.21212121212121213
MDA,2022,0.0,0.0,0.0,0.0,0.0,0.0,53,8,0.1509433962264151
MDA,2023,0.0,0.0,0.0,0.0,0.0,0.0,46,2,0.043478260869565216
MDA,2024,0.0,0.0,0.0,0.0,0.0,0.0,81,11,0.13580246913580246
MDA,2025,0.0,0.0,0.0,0.0,0.0,0.0,49,1,0.02040816326530612
MDG,1961,0.0,0.0,0.0,0.0,0.0,0.0,48,0,0.0
MDG,1962,0.0,0.0,0.0,0.0,0.0,0.0,63,0,0.0
MDG,1963,0.0,0.0,0.0,0.0,0.0,0.0,85,0,0.0
MDG,1964,0.0,0.0,0.0,0.0,0.0,0.0,43,0,0.0
MDG,1965,0.0,0.0,0.0,0.0,0.0,0.0,69,0,0.0
MDG,1966,0.0,0.0,0.0,0.0,0.0,0.0,76,0,0.0
MDG,1967,0.0,0.0,0.0,0.0,0.0,0.0,62,0,0.0
MDG,1968,0.0,0.0,0.0,0.0,0.0,0.0,136,2,0.014705882352941176
MDG,1969,0.0,0.0,0.0,0.0,0.0,0.0,140,6,0.04285714285714286
MDG,1970,0.0,0.0,0.0,0.0,0.0,0.0,37,0,0.0
MDG,1971,0.0,0.0,0.0,0.0,0.0,0.0,71,3,0.04225352112676056
MDG,1972,0.0,0.0,0.0,0.0,0.0,0.0,53,0,0.0
MDG,1973,0.0,0.0,0.0,0.0,0.0,0.0,97,2,0.020618556701030927
MDG,1975,0.0,0.0,0.0,0.0,0.0,0.0,99,2,0.020202020202020204
MDG,1976,0.0,0.0,0.0,0.0,0.0,0.0,75,1,0.013333333333333334
MDG,1977,0.0,0.0,0.0,0.0,0.0,0.0,67,0,0.0
MDG,1978,0.0,0.0,0.0,0.0,0.0,0.0,69,2,0.028985507246376812
MDG,1979,0.0,0.0,0.0,0.0,0.0,0.0,74,6,0.08108108108108109
MDG,1980,0.0,0.0,0.0,0.0,0.0,0.0,57,1,0.017543859649122806
MDG,1981,0.0,0.0,0.0,0.0,0.0,0.0,50,0,0.0
MDG,1982,0.0,0.0,0.0,0.0,0.0,0.0,79,0,0.0
MDG,1983,0.0,0.0,0.0,0.0,0.0,0.0,43,0,0.0
MDG,1984,0.0,0.0,0.0,0.0,0.0,0.0,83,1,0.012048192771084338
MDG,1985,0.0,0.0,0.0,0.0,0.0,0.0,77,2,0.025974025974025976
MDG,1987,0.0,0.0,0.0,0.0,0.0,0.0,71,0,0.0
MDG,1988,0.0,0.0,0.0,0.0,0.0,0.0,60,1,0.016666666666666666
MDG,1989,0.0,0.0,0.0,0.0,0.0,0.0,86,5,0.05813953488372093
MDG,1990,0.0,0.0,0.0,0.0,0.0,0.0,43,2,0.046511627906976744
MDG,1991,0.0,0.0,0.0,0.0,0.0,0.0,57,0,0.0
MDG,1992,0.0,0.0,0.0,0.0,0.0,0.0,81,4,0.04938271604938271
MDG,1994,0.0,0.0,0.0,0.0,0.0,0.0,49,1,0.02040816326530612
MDG,1995,0.0,0.0,0.0,0.0,0.0,0.0,33,2,0.06060606060606061
MDG,1996,0.0,0.0,0.0,0.0,0.0,0.0,35,4,0.11428571428571428
MDG,1997,0.0,0.0,0.0,0.0,0.0,0.0,50,4,0.08
MDG,1998,0.0,0.0,0.0,0.0,0.0,0.0,37,1,0.02702702702702703
MDG,1999,0.0,0.0,0.0,0.0,0.0,0.0,69,4,0.057971014492753624
MDG,2000,0.0,0.0,0.0,0.0,0.0,0.0,43,0,0.0
MDG,2001,0.0,0.0,0.0,0.0,0.0,0.0,60,4,0.06666666666666667
MDG,2002,0.0,0.0,0.0,0.0,0.0,0.0,39,3,0.07692307692307693
MDG,2003,0.0,0.0,0.0,0.0,0.0,0.0,44,0,0.0
MDG,2004,1.0,0.0,0.0,0.0,0.0,0.0,69,11,0.15942028985507245
MDG,2005,0.0,0.0,1.0,0.0,0.0,0.0,54,11,0.2037037037037037
MDG,2006,0.0,0.0,0.0,0.0,0.0,0.0,103,9,0.08737864077669903
MDG,2007,0.0,0.0,0.0,0.0,0.0,0.0,91,41,0.45054945054945056
MDG,2008,1.0,0.0,0.0,0.0,0.0,0.0,86,24,0.27906976744186046
MDG,2009,0.0,0.0,0.0,0.0,0.0,0.0,55,4,0.07272727272727272
MDG,2011,0.0,0.0,0.0,0.0,0.0,0.0,42,0,0.0
MDG,2012,0.0,0.0,0.0,0.0,0.0,0.0,49,2,0.04081632653061224
MDG,2013,0.0,0.0,0.0,0.0,0.0,0.0,39,2,0.05128205128205128
MDG,2014,1.0,0.0,0.0,0.0,0.0,0.0,53,9,0.16981132075471697
MDG,2015,0.0,0.0,0.0,0.0,0.0,0.0,74,16,0.21621621621621623
MDG,2016,0.0,0.0,0.0,0.0,0.0,0.0,53,18,0.33962264150943394
MDG,2017,0.0,0.0,0.0,0.0,0.0,0.0,48,11,0.22916666666666666
MDG,2018,0.0,0.0,1.0,0.0,0.0,0.0,68,11,0.16176470588235295
MDG,2019,1.0,0.0,0.0,0.0,0.0,0.0,52,10,0.19230769230769232
MDG,2020,0.0,0.0,0.0,0.0,0.0,0.0,16,0,0.0
MDG,2021,0.0,0.0,0.0,0.0,0.0,0.0,70,13,0.18571428571428572
MDG,2022,0.0,0.0,1.0,0.0,0.0,0.0,96,31,0.3229166666666667
MDG,2024,0.0,0.0,1.0,0.0,0.0,0.0,28,9,0.32142857142857145
MDG,2025,1.0,0.0,1.0,0.0,0.0,0.0,155,27,0.17419354838709677
MDV,1966,0.0,0.0,0.0,0.0,0.0,0.0,59,0,0.0
MDV,1968,0.0,0.0,0.0,0.0,0.0,0.0,79,5,0.06329113924050633
MDV,1969,0.0,0.0,0.0,0.0,0.0,0.0,83,4,0.04819277108433735
MDV,1976,0.0,0.0,0.0,0.0,0.0,0.0,53,1,0.018867924528301886
MDV,1977,0.0,0.0,0.0,0.0,0.0,0.0,44,2,0.045454545454545456
MDV,1978,0.0,0.0,0.0,0.0,0.0,0.0,53,1,0.018867924528301886
MDV,1979,0.0,0.0,0.0,0.0,0.0,0.0,66,0,0.0
MDV,1980,0.0,0.0,0.0,0.0,0.0,0.0,38,0,0.0
MDV,1981,0.0,0.0,0.0,0.0,0.0,0.0,54,1,0.018518518518518517
MDV,1982,0.0,0.0,0.0,0.0,0.0,0.0,67,4,0.05970149253731343
MDV,1983,0.0,0.0,0.0,0.0,0.0,0.0,77,2,0.025974025974025976
MDV,1984,0.0,0.0,0.0,0.0,0.0,0.0,110,3,0.02727272727272727
MDV,1986,0.0,0.0,0.0,0.0,0.0,0.0,81,2,0.024691358024691357
MDV,1987,0.0,0.0,0.0,0.0,0.0,0.0,46,3,0.06521739130434782
MDV,1988,0.0,0.0,0.0,0.0,0.0,0.0,99,17,0.1717171717171717
MDV,1989,0.0,0.0,0.0,0.0,0.0,0.0,103,11,0.10679611650485436
MDV,1990,0.0,0.0,0.0,0.0,0.0,0.0,87,16,0.1839080459770115
MDV,1991,0.0,0.0,0.0,0.0,0.0,0.0,66,7,0.10606060606060606
MDV,1992,0.0,0.0,0.0,0.0,0.0,0.0,66,6,0.09090909090909091
MDV,1993,0.0,0.0,0.0,0.0,0.0,0.0,71,7,0.09859154929577464
MDV,1994,0.0,0.0,0.0,0.0,0.0,0.0,53,7,0.1320754716981132
MDV,1995,0.0,0.0,0.0,0.0,0.0,0.0,43,4,0.09302325581395349
MDV,1996,0.0,0.0,0.0,0.0,0.0,0.0,67,7,0.1044776119402985
MDV,1997,0.0,0.0,0.0,0.0,0.0,1.0,52,16,0.3076923076923077
MDV,1998,0.0,0.0,0.0,0.0,0.0,0.0,67,21,0.31343283582089554
MDV,1999,0.0,0.0,0.0,0.0,1.0,0.0,88,11,0.125
MDV,2000,0.0,0.0,0.0,0.0,0.0,0.0,76,10,0.13157894736842105
MDV,2001,0.0,0.0,0.0,0.0,0.0,0.0,57,10,0.17543859649122806
MDV,2002,0.0,0.0,0.0,0.0,0.0,0.0,48,7,0.14583333333333334
MDV,2003,0.0,0.0,0.0,0.0,0.0,0.0,43,4,0.09302325581395349
MDV,2004,0.0,0.0,0.0,0.0,0.0,0.0,37,4,0.10810810810810811
MDV,2005,0.0,0.0,0.0,0.0,0.0,0.0,42,5,0.11904761904761904
MDV,2006,0.0,0.0,0.0,0.0,0.0,0.0,87,13,0.14942528735632185
MDV,2007,0.0,0.0,0.0,0.0,0.0,0.0,77,13,0.16883116883116883
MDV,2008,0.0,0.0,0.0,0.0,0.0,0.0,78,19,0.24358974358974358
MDV,2009,0.0,0.0,0.0,0.0,0.0,1.0,67,9,0.13432835820895522
MDV,2010,0.0,0.0,0.0,0.0,0.0,2.0,90,17,0.18888888888888888
MDV,2011,0.0,0.0,0.0,0.0,0.0,0.0,85,17,0.2
MDV,2012,0.0,0.0,0.0,0.0,0.0,0.0,65,16,0.24615384615384617
MDV,2013,0.0,0.0,0.0,0.0,0.0,0.0,72,12,0.16666666666666666
MDV,2014,0.0,0.0,0.0,0.0,0.0,0.0,73,5,0.0684931506849315
MDV,2015,0.0,0.0,0.0,0.0,0.0,0.0,60,15,0.25
MDV,2016,0.0,0.0,0.0,0.0,0.0,0.0,91,19,0.2087912087912088
MDV,2017,0.0,0.0,0.0,0.0,0.0,0.0,122,31,0.2540983606557377
MDV,2018,0.0,0.0,0.0,0.0,0.0,0.0,44,3,0.06818181818181818
MDV,2019,0.0,0.0,0.0,0.0,0.0,0.0,60,14,0.23333333333333334
MDV,2020,0.0,0.0,0.0,0.0,0.0,0.0,76,18,0.23684210526315788
MDV,2021,0.0,0.0,0.0,0.0,0.0,0.0,92,19,0.20652173913043478
MDV,2022,0.0,0.0,0.0,0.0,0.0,0.0,71,21,0.29577464788732394
MDV,2023,0.0,0.0,0.0,0.0,0.0,2.0,86,25,0.29069767441860467
MDV,2024,0.0,0.0,0.0,0.0,0.0,1.0,142,30,0.2112676056338028
MDV,2025,0.0,0.0,0.0,0.0,0.0,1.0,103,16,0.1553398058252427
MEX,1946,0.0,0.0,0.0,0.0,0.0,0.0,31,0,0.0
MEX,1947,0.0,0.0,0.0,0.0,0.0,0.0,33,0,0.0
MEX,1948,0.0,0.0,0.0,0.0,0.0,0.0,36,0,0.0
MEX,1949,0.0,0.0,0.0,0.0,0.0,0.0,14,0,0.0
MEX,1953,0.0,0.0,0.0,0.0,0.0,0.0,68,3,0.04411764705882353
MEX,1957,0.0,0.0,0.0,0.0,0.0,0.0,100,2,0.02
MEX,1958,0.0,0.0,0.0,0.0,0.0,0.0,125,9,0.072
MEX,1962,0.0,0.0,0.0,0.0,0.0,0.0,81,7,0.08641975308641975
MEX,1963,0.0,0.0,0.0,0.0,0.0,0.0,103,2,0.019417475728155338
MEX,1964,0.0,0.0,0.0,0.0,0.0,0.0,94,1,0.010638297872340425
MEX,1965,0.0,0.0,0.0,0.0,0.0,0.0,136,1,0.007352941176470588
MEX,1966,0.0,0.0,0.0,0.0,0.0,0.0,90,4,0.044444444444444446
MEX,1967,0.0,0.0,0.0,0.0,0.0,0.0,113,5,0.04424778761061947
MEX,1968,0.0,0.0,0.0,0.0,0.0,0.0,71,1,0.014084507042253521
MEX,1969,0.0,0.0,0.0,0.0,0.0,0.0,91,5,0.054945054945054944
MEX,1970,0.0,0.0,0.0,0.0,0.0,0.0,63,1,0.015873015873015872
MEX,1971,0.0,0.0,0.0,0.0,0.0,0.0,56,4,0.07142857142857142
MEX,1972,0.0,0.0,0.0,0.0,0.0,0.0,78,8,0.10256410256410256
MEX,1973,0.0,0.0,0.0,0.0,0.0,0.0,84,4,0.047619047619047616
MEX,1974,0.0,0.0,0.0,0.0,0.0,0.0,65,5,0.07692307692307693
MEX,1975,0.0,0.0,0.0,0.0,0.0,0.0,79,1,0.012658227848101266
MEX,1976,0.0,0.0,0.0,0.0,0.0,0.0,84,5,0.05952380952380952
MEX,1977,0.0,0.0,0.0,0.0,0.0,0.0,75,5,0.06666666666666667
MEX,1978,0.0,0.0,0.0,0.0,0.0,0.0,107,2,0.018691588785046728
MEX,1979,0.0,0.0,0.0,0.0,0.0,0.0,67,29,0.43283582089552236
MEX,1980,0.0,0.0,0.0,0.0,0.0,0.0,88,8,0.09090909090909091
MEX,1981,0.0,0.0,0.0,0.0,0.0,0.0,76,4,0.05263157894736842
MEX,1982,0.0,0.0,0.0,0.0,0.0,0.0,132,7,0.05303030303030303
MEX,1983,0.0,0.0,0.0,0.0,0.0,0.0,93,1,0.010752688172043012
MEX,1984,0.0,0.0,0.0,0.0,0.0,0.0,138,0,0.0
MEX,1985,0.0,0.0,0.0,0.0,0.0,0.0,132,4,0.030303030303030304
MEX,1986,0.0,0.0,0.0,0.0,0.0,0.0,102,3,0.029411764705882353
MEX,1987,0.0,0.0,0.0,0.0,0.0,0.0,81,0,0.0
MEX,1988,0.0,0.0,0.0,0.0,0.0,0.0,106,3,0.02830188679245283
MEX,1989,0.0,0.0,0.0,0.0,0.0,0.0,82,11,0.13414634146341464
MEX,1990,0.0,0.0,0.0,0.0,0.0,0.0,175,9,0.05142857142857143
MEX,1991,0.0,0.0,0.0,0.0,0.0,0.0,67,0,0.0
MEX,1992,0.0,0.0,0.0,0.0,0.0,0.0,107,13,0.12149532710280374
MEX,1993,0.0,0.0,0.0,0.0,0.0,0.0,72,0,0.0
MEX,1994,0.0,0.0,0.0,0.0,0.0,0.0,62,4,0.06451612903225806
MEX,1995,0.0,0.0,0.0,0.0,0.0,0.0,38,1,0.02631578947368421
MEX,1996,0.0,0.0,0.0,0.0,0.0,0.0,47,2,0.0425531914893617
MEX,1997,0.0,0.0,0.0,0.0,0.0,0.0,47,1,0.02127659574468085
MEX,1998,0.0,0.0,0.0,0.0,0.0,0.0,64,5,0.078125
MEX,1999,0.0,0.0,0.0,0.0,0.0,0.0,58,4,0.06896551724137931
MEX,2000,0.0,0.0,0.0,0.0,0.0,0.0,27,0,0.0
MEX,2001,0.0,0.0,0.0,0.0,0.0,0.0,30,1,0.03333333333333333
MEX,2002,0.0,0.0,0.0,0.0,0.0,0.0,50,1,0.02
MEX,2003,0.0,0.0,0.0,0.0,0.0,0.0,51,0,0.0
MEX,2004,0.0,0.0,0.0,0.0,0.0,0.0,47,2,0.0425531914893617
MEX,2005,0.0,0.0,0.0,0.0,0.0,0.0,38,1,0.02631578947368421
MEX,2006,0.0,0.0,0.0,0.0,0.0,0.0,71,4,0.056338028169014086
MEX,2007,0.0,0.0,0.0,0.0,0.0,0.0,87,16,0.1839080459770115
MEX,2008,0.0,0.0,0.0,0.0,0.0,0.0,71,10,0.14084507042253522
MEX,2009,0.0,0.0,0.0,0.0,0.0,0.0,51,11,0.21568627450980393
MEX,2010,0.0,0.0,0.0,0.0,0.0,0.0,99,9,0.09090909090909091
MEX,2011,0.0,0.0,0.0,0.0,0.0,0.0,97,22,0.2268041237113402
MEX,2012,0.0,0.0,0.0,0.0,0.0,0.0,140,30,0.21428571428571427
MEX,2013,0.0,0.0,0.0,0.0,0.0,0.0,56,7,0.125
MEX,2014,0.0,0.0,0.0,0.0,0.0,0.0,51,6,0.11764705882352941
MEX,2015,0.0,0.0,0.0,0.0,0.0,0.0,47,6,0.1276595744680851
MEX,2016,0.0,0.0,0.0,0.0,1.0,0.0,55,18,0.32727272727272727
MEX,2017,0.0,0.0,0.0,0.0,0.0,0.0,86,10,0.11627906976744186
MEX,2018,0.0,0.0,0.0,0.0,0.0,0.0,54,3,0.05555555555555555
MEX,2019,0.0,0.0,0.0,0.0,0.0,0.0,46,2,0.043478260869565216
MEX,2020,0.0,0.0,0.0,0.0,0.0,0.0,57,0,0.0
MEX,2021,1.0,0.0,0.0,0.0,0.0,2.0,44,6,0.13636363636363635
MEX,2022,0.0,0.0,0.0,0.0,0.0,0.0,28,1,0.03571428571428571
MEX,2023,0.0,0.0,0.0,0.0,0.0,0.0,108,19,0.17592592592592593
MEX,2024,0.0,0.0,0.0,0.0,0.0,0.0,36,6,0.16666666666666666
MEX,2025,1.0,0.0,0.0,0.0,0.0,0.0,76,1,0.013157894736842105
MHL,1991,0.0,0.0,0.0,0.0,0.0,0.0,69,7,0.10144927536231885
MHL,1992,0.0,0.0,0.0,0.0,0.0,0.0,53,12,0.22641509433962265
MHL,1993,0.0,0.0,0.0,0.0,0.0,0.0,78,19,0.24358974358974358
MHL,1994,0.0,0.0,0.0,0.0,0.0,0.0,68,15,0.22058823529411764
MHL,1995,0.0,0.0,0.0,0.0,0.0,0.0,81,17,0.20987654320987653
MHL,1996,0.0,0.0,0.0,0.0,0.0,0.0,62,19,0.3064516129032258
MHL,1997,0.0,0.0,0.0,0.0,0.0,2.0,74,21,0.28378378378378377
MHL,1999,0.0,0.0,0.0,0.0,0.0,0.0,67,20,0.29850746268656714
MHL,2000,0.0,0.0,0.0,0.0,0.0,0.0,48,6,0.125
MHL,2001,0.0,0.0,0.0,0.0,0.0,0.0,30,5,0.16666666666666666
MHL,2002,0.0,0.0,0.0,0.0,0.0,0.0,34,9,0.2647058823529412
MHL,2003,0.0,0.0,0.0,0.0,0.0,0.0,38,12,0.3157894736842105
MHL,2004,0.0,0.0,0.0,0.0,0.0,0.0,44,13,0.29545454545454547
MHL,2005,0.0,0.0,0.0,0.0,0.0,0.0,44,10,0.22727272727272727
MHL,2006,0.0,0.0,0.0,0.0,0.0,0.0,62,15,0.24193548387096775
MHL,2007,0.0,0.0,0.0,0.0,0.0,0.0,68,21,0.3088235294117647
MHL,2008,0.0,0.0,0.0,0.0,0.0,0.0,64,18,0.28125
MHL,2009,0.0,0.0,0.0,0.0,0.0,0.0,74,20,0.2702702702702703
MHL,2010,0.0,0.0,0.0,0.0,0.0,0.0,47,25,0.5319148936170213
MHL,2011,0.0,0.0,0.0,0.0,0.0,0.0,66,27,0.4090909090909091
MHL,2012,0.0,0.0,0.0,0.0,0.0,2.0,55,16,0.2909090909090909
MHL,2013,0.0,0.0,0.0,0.0,0.0,0.0,44,20,0.45454545454545453
MHL,2014,0.0,0.0,0.0,0.0,0.0,0.0,45,19,0.4222222222222222
MHL,2015,0.0,0.0,0.0,0.0,0.0,2.0,46,11,0.2391304347826087
MHL,2016,0.0,0.0,0.0,0.0,0.0,0.0,54,20,0.37037037037037035
MHL,2017,0.0,0.0,0.0,0.0,0.0,0.0,60,23,0.38333333333333336
MHL,2018,0.0,0.0,0.0,0.0,0.0,0.0,65,21,0.3230769230769231
MHL,2019,0.0,0.0,0.0,0.0,0.0,0.0,64,15,0.234375
MHL,2020,0.0,0.0,0.0,0.0,0.0,1.0,61,18,0.29508196721311475
MHL,2021,0.0,0.0,0.0,0.0,0.0,2.0,65,18,0.27692307692307694
MHL,2022,0.0,0.0,0.0,0.0,0.0,0.0,55,25,0.45454545454545453
MHL,2023,0.0,0.0,0.0,0.0,0.0,0.0,70,25,0.35714285714285715
MHL,2024,0.0,0.0,0.0,0.0,0.0,0.0,81,39,0.48148148148148145
MHL,2025,0.0,0.0,0.0,0.0,0.0,0.0,86,30,0.3488372093023256
MKD,1993,0.0,0.0,0.0,0.0,0.0,0.0,55,1,0.01818181818181818
MKD,1994,0.0,0.0,0.0,0.0,0.0,0.0,38,0,0.0
MKD,1995,0.0,0.0,0.0,0.0,0.0,0.0,57,0,0.0
MKD,1996,0.0,0.0,0.0,0.0,0.0,0.0,26,1,0.038461538461538464
MKD,1997,0.0,0.0,0.0,0.0,0.0,0.0,44,1,0.022727272727272728
MKD,1998,0.0,0.0,0.0,0.0,0.0,0.0,45,1,0.022222222222222223
MKD,1999,0.0,0.0,0.0,0.0,0.0,0.0,65,0,0.0
MKD,2000,0.0,0.0,0.0,0.0,0.0,0.0,66,3,0.045454545454545456
MKD,2001,0.0,0.0,0.0,0.0,0.0,0.0,46,3,0.06521739130434782
MKD,2002,0.0,0.0,0.0,0.0,0.0,0.0,37,1,0.02702702702702703
MKD,2003,0.0,0.0,0.0,0.0,0.0,0.0,30,0,0.0
MKD,2004,0.0,0.0,0.0,0.0,0.0,0.0,44,1,0.022727272727272728
MKD,2005,0.0,0.0,0.0,0.0,0.0,0.0,56,2,0.03571428571428571
MKD,2006,0.0,0.0,0.0,0.0,0.0,0.0,54,0,0.0
MKD,2007,0.0,0.0,0.0,0.0,0.0,0.0,64,10,0.15625
MKD,2008,0.0,0.0,0.0,0.0,0.0,0.0,53,3,0.05660377358490566
MKD,2009,0.0,0.0,0.0,0.0,0.0,0.0,71,6,0.08450704225352113
MKD,2010,0.0,0.0,0.0,0.0,0.0,0.0,68,11,0.16176470588235295
MKD,2011,0.0,0.0,0.0,0.0,0.0,0.0,86,8,0.09302325581395349
MKD,2012,0.0,0.0,0.0,0.0,0.0,0.0,81,4,0.04938271604938271
MKD,2013,0.0,0.0,0.0,0.0,0.0,0.0,79,3,0.0379746835443038
MKD,2014,0.0,0.0,0.0,0.0,0.0,0.0,117,12,0.10256410256410256
MKD,2015,0.0,0.0,0.0,0.0,0.0,0.0,75,3,0.04
MKD,2016,0.0,0.0,0.0,0.0,0.0,0.0,113,7,0.061946902654867256
MKD,2017,0.0,0.0,0.0,0.0,0.0,0.0,68,7,0.10294117647058823
MKD,2018,0.0,0.0,0.0,0.0,0.0,0.0,115,3,0.02608695652173913
MKD,2019,0.0,0.0,0.0,0.0,0.0,0.0,57,8,0.14035087719298245
MKD,2020,0.0,0.0,0.0,0.0,0.0,0.0,45,7,0.15555555555555556
MKD,2021,0.0,0.0,0.0,0.0,0.0,0.0,52,6,0.11538461538461539
MKD,2022,0.0,0.0,0.0,0.0,0.0,0.0,81,10,0.12345679012345678
MKD,2023,0.0,0.0,0.0,0.0,0.0,0.0,58,13,0.22413793103448276
MKD,2024,0.0,0.0,0.0,0.0,0.0,0.0,76,11,0.14473684210526316
MKD,2025,0.0,0.0,0.0,0.0,0.0,0.0,86,7,0.08139534883720931
MLI,1960,0.0,0.0,0.0,0.0,0.0,0.0,122,1,0.00819672131147541
MLI,1961,0.0,0.0,0.0,0.0,0.0,0.0,111,0,0.0
MLI,1962,0.0,0.0,0.0,0.0,0.0,0.0,117,2,0.017094017094017096
MLI,1963,0.0,0.0,0.0,0.0,0.0,0.0,93,3,0.03225806451612903
MLI,1964,0.0,0.0,0.0,0.0,0.0,0.0,80,1,0.0125
MLI,1965,0.0,0.0,0.0,0.0,0.0,0.0,141,0,0.0
MLI,1966,0.0,0.0,0.0,0.0,0.0,0.0,163,1,0.006134969325153374
MLI,1967,0.0,0.0,0.0,0.0,0.0,0.0,62,0,0.0
MLI,1968,0.0,0.0,0.0,0.0,0.0,0.0,136,2,0.014705882352941176
MLI,1969,0.0,0.0,0.0,0.0,0.0,0.0,98,0,0.0
MLI,1971,0.0,0.0,0.0,0.0,0.0,0.0,80,0,0.0
MLI,1972,0.0,0.0,0.0,0.0,0.0,0.0,86,2,0.023255813953488372
MLI,1973,0.0,0.0,0.0,0.0,0.0,0.0,78,3,0.038461538461538464
MLI,1974,0.0,0.0,0.0,0.0,0.0,0.0,63,3,0.047619047619047616
MLI,1975,0.0,0.0,0.0,0.0,0.0,0.0,70,2,0.02857142857142857
MLI,1976,0.0,0.0,0.0,0.0,0.0,0.0,135,2,0.014814814814814815
MLI,1977,0.0,0.0,0.0,0.0,0.0,0.0,103,2,0.019417475728155338
MLI,1978,0.0,0.0,0.0,0.0,0.0,0.0,59,1,0.01694915254237288
MLI,1979,0.0,0.0,0.0,0.0,0.0,0.0,86,2,0.023255813953488372
MLI,1980,0.0,0.0,0.0,0.0,0.0,0.0,89,2,0.02247191011235955
MLI,1981,0.0,0.0,0.0,0.0,0.0,0.0,132,9,0.06818181818181818
MLI,1982,0.0,0.0,0.0,0.0,0.0,0.0,124,5,0.04032258064516129
MLI,1983,0.0,0.0,0.0,0.0,0.0,0.0,101,4,0.039603960396039604
MLI,1984,0.0,0.0,0.0,0.0,0.0,0.0,140,14,0.1
MLI,1985,0.0,0.0,0.0,0.0,0.0,0.0,71,5,0.07042253521126761
MLI,1986,0.0,0.0,0.0,0.0,0.0,0.0,48,2,0.041666666666666664
MLI,1987,0.0,0.0,0.0,0.0,0.0,0.0,53,1,0.018867924528301886
MLI,1988,0.0,0.0,0.0,0.0,0.0,0.0,77,3,0.03896103896103896
MLI,1989,0.0,0.0,0.0,0.0,0.0,0.0,86,9,0.10465116279069768
MLI,1990,0.0,0.0,0.0,0.0,0.0,0.0,56,8,0.14285714285714285
MLI,1991,0.0,0.0,0.0,0.0,0.0,0.0,62,5,0.08064516129032258
MLI,1992,0.0,0.0,0.0,0.0,0.0,0.0,82,7,0.08536585365853659
MLI,1993,0.0,0.0,0.0,0.0,0.0,0.0,62,6,0.0967741935483871
MLI,1994,0.0,0.0,0.0,0.0,0.0,0.0,37,1,0.02702702702702703
MLI,1995,0.0,0.0,0.0,0.0,0.0,0.0,81,3,0.037037037037037035
MLI,1996,0.0,0.0,0.0,0.0,0.0,0.0,67,5,0.07462686567164178
MLI,1997,0.0,0.0,0.0,0.0,0.0,0.0,41,3,0.07317073170731707
MLI,1998,0.0,0.0,0.0,0.0,0.0,0.0,57,0,0.0
MLI,1999,0.0,0.0,0.0,0.0,0.0,0.0,47,1,0.02127659574468085
MLI,2000,0.0,0.0,0.0,0.0,0.0,0.0,65,1,0.015384615384615385
MLI,2001,0.0,0.0,0.0,0.0,0.0,0.0,54,0,0.0
MLI,2002,0.0,0.0,0.0,0.0,0.0,0.0,35,1,0.02857142857142857
MLI,2003,0.0,0.0,0.0,0.0,0.0,0.0,54,2,0.037037037037037035
MLI,2004,0.0,0.0,0.0,0.0,0.0,0.0,42,0,0.0
MLI,2006,0.0,0.0,0.0,0.0,0.0,0.0,83,1,0.012048192771084338
MLI,2008,0.0,0.0,0.0,0.0,0.0,0.0,53,10,0.18867924528301888
MLI,2009,0.0,0.0,0.0,0.0,0.0,0.0,38,9,0.23684210526315788
MLI,2010,0.0,0.0,0.0,0.0,0.0,0.0,50,7,0.14
MLI,2011,0.0,0.0,0.0,0.0,0.0,0.0,57,5,0.08771929824561403
MLI,2012,0.0,0.0,0.0,0.0,0.0,0.0,39,2,0.05128205128205128
MLI,2013,0.0,0.0,0.0,0.0,0.0,0.0,82,3,0.036585365853658534
MLI,2014,0.0,0.0,0.0,0.0,0.0,0.0,66,5,0.07575757575757576
MLI,2015,0.0,0.0,0.0,0.0,0.0,0.0,72,3,0.041666666666666664
MLI,2016,0.0,0.0,0.0,0.0,0.0,0.0,39,7,0.1794871794871795
MLI,2017,0.0,0.0,0.0,0.0,0.0,0.0,66,6,0.09090909090909091
MLI,2018,0.0,0.0,0.0,0.0,0.0,0.0,55,4,0.07272727272727272
MLI,2019,0.0,0.0,0.0,0.0,0.0,0.0,63,9,0.14285714285714285
MLI,2021,0.0,0.0,0.0,0.0,0.0,0.0,70,4,0.05714285714285714
MLI,2022,0.0,0.0,0.0,0.0,0.0,0.0,103,5,0.04854368932038835
MLI,2023,0.0,0.0,0.0,0.0,0.0,0.0,108,4,0.037037037037037035
MLI,2024,0.0,0.0,0.0,0.0,0.0,0.0,32,3,0.09375
MLI,2025,0.0,0.0,0.0,0.0,0.0,0.0,137,3,0.021897810218978103
MLT,1964,0.0,0.0,0.0,0.0,0.0,0.0,54,0,0.0
MLT,1965,0.0,0.0,0.0,0.0,0.0,0.0,63,0,0.0
MLT,1967,0.0,0.0,0.0,0.0,0.0,0.0,85,7,0.08235294117647059
MLT,1969,0.0,0.0,0.0,0.0,0.0,0.0,108,3,0.027777777777777776
MLT,1971,0.0,0.0,0.0,0.0,0.0,0.0,76,6,0.07894736842105263
MLT,1972,0.0,0.0,0.0,0.0,0.0,0.0,82,12,0.14634146341463414
MLT,1974,0.0,0.0,0.0,0.0,0.0,0.0,107,4,0.037383177570093455
MLT,1976,0.0,0.0,0.0,0.0,0.0,0.0,134,7,0.05223880597014925
MLT,1978,0.0,0.0,0.0,0.0,0.0,0.0,99,8,0.08080808080808081
MLT,1979,0.0,0.0,0.0,0.0,0.0,0.0,116,3,0.02586206896551724
MLT,1980,0.0,0.0,0.0,0.0,0.0,0.0,114,3,0.02631578947368421
MLT,1981,0.0,0.0,0.0,0.0,0.0,0.0,150,4,0.02666666666666667
MLT,1982,0.0,0.0,0.0,0.0,0.0,0.0,108,7,0.06481481481481481
MLT,1983,0.0,0.0,0.0,0.0,0.0,0.0,106,3,0.02830188679245283
MLT,1984,0.0,0.0,0.0,0.0,0.0,0.0,116,1,0.008620689655172414
MLT,1985,0.0,0.0,0.0,0.0,0.0,0.0,89,3,0.033707865168539325
MLT,1986,0.0,0.0,0.0,0.0,0.0,0.0,126,5,0.03968253968253968
MLT,1987,0.0,0.0,0.0,0.0,0.0,0.0,83,6,0.07228915662650602
MLT,1988,0.0,0.0,0.0,0.0,0.0,0.0,113,15,0.13274336283185842
MLT,1989,0.0,0.0,0.0,0.0,0.0,0.0,79,15,0.189873417721519
MLT,1990,0.0,0.0,0.0,0.0,0.0,0.0,53,5,0.09433962264150944
MLT,1991,0.0,0.0,0.0,0.0,0.0,0.0,81,3,0.037037037037037035
MLT,1992,0.0,0.0,0.0,0.0,0.0,0.0,93,8,0.08602150537634409
MLT,1993,0.0,0.0,0.0,0.0,0.0,0.0,71,2,0.028169014084507043
MLT,1994,0.0,0.0,0.0,0.0,0.0,0.0,71,2,0.028169014084507043
MLT,1995,0.0,0.0,0.0,0.0,0.0,0.0,70,0,0.0
MLT,1996,0.0,0.0,0.0,0.0,0.0,0.0,102,8,0.0784313725490196
MLT,1997,0.0,0.0,0.0,0.0,0.0,0.0,78,12,0.15384615384615385
MLT,1998,0.0,0.0,0.0,0.0,0.0,0.0,155,9,0.05806451612903226
MLT,1999,0.0,0.0,0.0,0.0,0.0,0.0,76,2,0.02631578947368421
MLT,2000,0.0,0.0,0.0,0.0,0.0,0.0,55,7,0.12727272727272726
MLT,2001,0.0,0.0,0.0,0.0,0.0,0.0,58,10,0.1724137931034483
MLT,2002,0.0,0.0,0.0,0.0,0.0,0.0,48,2,0.041666666666666664
MLT,2003,0.0,0.0,0.0,0.0,0.0,0.0,65,0,0.0
MLT,2004,0.0,0.0,0.0,0.0,0.0,0.0,57,2,0.03508771929824561
MLT,2005,0.0,0.0,0.0,0.0,0.0,0.0,60,4,0.06666666666666667
MLT,2006,0.0,0.0,0.0,0.0,0.0,0.0,100,18,0.18
MLT,2007,0.0,0.0,0.0,0.0,0.0,0.0,69,11,0.15942028985507245
MLT,2008,0.0,0.0,0.0,0.0,0.0,0.0,58,13,0.22413793103448276
MLT,2009,0.0,0.0,0.0,0.0,0.0,0.0,68,10,0.14705882352941177
MLT,2010,0.0,0.0,0.0,0.0,0.0,0.0,77,6,0.07792207792207792
MLT,2011,0.0,0.0,0.0,0.0,0.0,0.0,80,7,0.0875
MLT,2012,0.0,0.0,0.0,0.0,0.0,0.0,52,5,0.09615384615384616
MLT,2013,0.0,0.0,0.0,1.0,0.0,0.0,101,12,0.1188118811881188
MLT,2014,0.0,0.0,0.0,0.0,0.0,0.0,80,11,0.1375
MLT,2015,0.0,0.0,0.0,0.0,0.0,0.0,89,15,0.16853932584269662
MLT,2016,0.0,0.0,0.0,0.0,0.0,0.0,58,0,0.0
MLT,2017,0.0,0.0,0.0,0.0,0.0,0.0,50,12,0.24
MLT,2018,0.0,0.0,0.0,0.0,0.0,0.0,57,6,0.10526315789473684
MLT,2019,0.0,0.0,0.0,0.0,0.0,0.0,49,3,0.061224489795918366
MLT,2020,0.0,0.0,0.0,0.0,0.0,0.0,20,5,0.25
MLT,2021,0.0,0.0,0.0,0.0,0.0,0.0,88,19,0.2159090909090909
MLT,2022,0.0,0.0,0.0,0.0,0.0,0.0,105,25,0.23809523809523808
MLT,2023,0.0,0.0,0.0,0.0,0.0,0.0,139,20,0.14388489208633093
MLT,2024,0.0,0.0,0.0,0.0,0.0,0.0,169,19,0.11242603550295859
MLT,2025,0.0,0.0,0.0,0.0,0.0,0.0,171,13,0.07602339181286549
MMR,1948,0.0,0.0,0.0,0.0,0.0,0.0,23,1,0.043478260869565216
MMR,1951,0.0,0.0,0.0,0.0,0.0,0.0,44,1,0.022727272727272728
MMR,1952,0.0,0.0,0.0,0.0,0.0,0.0,58,0,0.0
MMR,1953,0.0,0.0,0.0,0.0,0.0,0.0,51,1,0.0196078431372549
MMR,1954,0.0,0.0,0.0,0.0,0.0,0.0,114,12,0.10526315789473684
MMR,1955,0.0,0.0,0.0,0.0,0.0,0.0,93,5,0.053763440860215055
MMR,1956,0.0,0.0,0.0,0.0,0.0,0.0,71,0,0.0
MMR,1957,0.0,0.0,0.0,0.0,0.0,0.0,57,3,0.05263157894736842
MMR,1958,0.0,0.0,0.0,0.0,0.0,0.0,70,3,0.04285714285714286
MMR,1959,0.0,0.0,0.0,0.0,0.0,0.0,86,3,0.03488372093023256
MMR,1960,0.0,0.0,0.0,0.0,0.0,0.0,101,5,0.04950495049504951
MMR,1962,0.0,0.0,0.0,0.0,0.0,0.0,85,2,0.023529411764705882
MMR,1963,0.0,0.0,0.0,0.0,0.0,0.0,112,4,0.03571428571428571
MMR,1965,0.0,0.0,0.0,0.0,0.0,0.0,80,0,0.0
MMR,1966,0.0,0.0,0.0,0.0,0.0,0.0,105,1,0.009523809523809525
MMR,1967,0.0,0.0,0.0,0.0,0.0,0.0,57,0,0.0
MMR,1968,0.0,0.0,0.0,0.0,0.0,0.0,45,1,0.022222222222222223
MMR,1969,0.0,0.0,0.0,0.0,0.0,0.0,86,3,0.03488372093023256
MMR,1970,0.0,0.0,0.0,0.0,0.0,0.0,61,1,0.01639344262295082
MMR,1971,0.0,0.0,0.0,0.0,0.0,0.0,57,0,0.0
MMR,1972,0.0,0.0,0.0,0.0,0.0,0.0,87,2,0.022988505747126436
MMR,1973,0.0,0.0,0.0,0.0,0.0,0.0,57,2,0.03508771929824561
MMR,1974,0.0,0.0,0.0,0.0,0.0,0.0,52,3,0.057692307692307696
MMR,1975,0.0,0.0,0.0,0.0,0.0,0.0,49,0,0.0
MMR,1976,0.0,0.0,0.0,0.0,0.0,0.0,70,1,0.014285714285714285
MMR,1977,0.0,0.0,0.0,0.0,0.0,0.0,66,3,0.045454545454545456
MMR,1978,0.0,0.0,0.0,0.0,0.0,0.0,64,1,0.015625
MMR,1979,0.0,0.0,0.0,0.0,0.0,0.0,51,2,0.0392156862745098
MMR,1980,0.0,0.0,0.0,0.0,0.0,0.0,68,1,0.014705882352941176
MMR,1982,0.0,0.0,0.0,0.0,0.0,0.0,102,5,0.049019607843137254
MMR,1983,0.0,0.0,0.0,0.0,0.0,0.0,93,2,0.021505376344086023
MMR,1984,0.0,0.0,0.0,0.0,0.0,0.0,112,7,0.0625
MMR,1985,0.0,0.0,0.0,0.0,0.0,0.0,106,4,0.03773584905660377
MMR,1986,0.0,0.0,0.0,0.0,0.0,0.0,90,1,0.011111111111111112
MMR,1987,0.0,0.0,0.0,0.0,0.0,0.0,65,3,0.046153846153846156
MMR,1988,0.0,0.0,0.0,0.0,0.0,0.0,43,0,0.0
MMR,1989,0.0,0.0,0.0,0.0,0.0,0.0,124,5,0.04032258064516129
MMR,1990,0.0,0.0,0.0,0.0,0.0,0.0,86,0,0.0
MMR,1991,1.0,0.0,0.0,0.0,0.0,0.0,119,12,0.10084033613445378
MMR,1992,1.0,0.0,0.0,0.0,0.0,0.0,158,14,0.08860759493670886
MMR,1993,0.0,0.0,0.0,0.0,0.0,0.0,107,5,0.04672897196261682
MMR,1994,1.0,0.0,1.0,0.0,0.0,0.0,133,19,0.14285714285714285
MMR,1995,0.0,0.0,0.0,0.0,0.0,0.0,61,1,0.01639344262295082
MMR,1996,0.0,0.0,0.0,0.0,0.0,0.0,72,10,0.1388888888888889
MMR,1997,0.0,0.0,0.0,0.0,0.0,0.0,75,2,0.02666666666666667
MMR,1998,0.0,0.0,0.0,0.0,0.0,0.0,78,0,0.0
MMR,1999,0.0,0.0,0.0,0.0,0.0,0.0,82,3,0.036585365853658534
MMR,2000,0.0,0.0,0.0,0.0,0.0,0.0,95,3,0.031578947368421054
MMR,2001,0.0,0.0,0.0,0.0,0.0,0.0,59,2,0.03389830508474576
MMR,2002,0.0,0.0,0.0,0.0,0.0,0.0,71,6,0.08450704225352113
MMR,2003,0.0,0.0,0.0,0.0,0.0,0.0,53,1,0.018867924528301886
MMR,2004,0.0,0.0,0.0,0.0,0.0,0.0,78,1,0.01282051282051282
MMR,2005,0.0,0.0,0.0,0.0,0.0,0.0,45,1,0.022222222222222223
MMR,2006,0.0,0.0,0.0,0.0,0.0,0.0,59,3,0.05084745762711865
MMR,2007,2.0,0.0,0.0,0.0,0.0,0.0,102,25,0.24509803921568626
MMR,2008,0.0,0.0,1.0,0.0,0.0,0.0,97,14,0.14432989690721648
MMR,2009,0.0,0.0,0.0,0.0,0.0,0.0,94,16,0.1702127659574468
MMR,2010,0.0,0.0,0.0,0.0,0.0,0.0,57,15,0.2631578947368421
MMR,2011,0.0,0.0,0.0,0.0,0.0,0.0,83,13,0.1566265060240964
MMR,2012,0.0,0.0,0.0,0.0,0.0,0.0,53,4,0.07547169811320754
MMR,2013,0.0,0.0,0.0,0.0,0.0,0.0,73,9,0.1232876712328767
MMR,2014,0.0,0.0,0.0,0.0,0.0,0.0,96,9,0.09375
MMR,2015,0.0,0.0,0.0,0.0,0.0,0.0,87,13,0.14942528735632185
MMR,2016,0.0,0.0,0.0,0.0,0.0,0.0,50,3,0.06
MMR,2017,0.0,0.0,0.0,0.0,0.0,0.0,64,4,0.0625
MMR,2018,0.0,0.0,0.0,0.0,0.0,0.0,59,1,0.01694915254237288
MMR,2019,0.0,0.0,0.0,0.0,0.0,0.0,95,5,0.05263157894736842
MMR,2020,0.0,0.0,0.0,0.0,0.0,0.0,143,2,0.013986013986013986
MNE,2006,0.0,0.0,0.0,0.0,0.0,0.0,29,3,0.10344827586206896
MNE,2007,0.0,0.0,0.0,0.0,0.0,0.0,72,13,0.18055555555555555
MNE,2008,0.0,0.0,0.0,0.0,0.0,0.0,53,7,0.1320754716981132
MNE,2009,0.0,0.0,0.0,0.0,0.0,2.0,55,12,0.21818181818181817
MNE,2010,0.0,0.0,0.0,0.0,0.0,0.0,41,9,0.21951219512195122
MNE,2011,0.0,0.0,0.0,0.0,0.0,0.0,68,15,0.22058823529411764
MNE,2012,0.0,0.0,0.0,0.0,0.0,0.0,45,4,0.08888888888888889
MNE,2013,0.0,0.0,0.0,0.0,0.0,0.0,54,8,0.14814814814814814
MNE,2014,0.0,0.0,0.0,0.0,0.0,0.0,23,1,0.043478260869565216
MNE,2015,0.0,0.0,0.0,0.0,0.0,0.0,34,4,0.11764705882352941
MNE,2016,0.0,0.0,0.0,0.0,0.0,0.0,72,14,0.19444444444444445
MNE,2017,0.0,0.0,0.0,0.0,0.0,0.0,38,6,0.15789473684210525
MNE,2018,0.0,0.0,0.0,0.0,0.0,0.0,53,6,0.11320754716981132
MNE,2019,0.0,0.0,0.0,0.0,0.0,0.0,57,6,0.10526315789473684
MNE,2020,0.0,0.0,0.0,0.0,0.0,0.0,33,3,0.09090909090909091
MNE,2021,0.0,0.0,0.0,0.0,0.0,0.0,61,10,0.16393442622950818
MNE,2022,0.0,0.0,0.0,0.0,0.0,0.0,109,20,0.1834862385321101
MNE,2023,0.0,0.0,0.0,0.0,0.0,0.0,59,10,0.1694915254237288
MNE,2024,0.0,0.0,0.0,0.0,0.0,0.0,73,12,0.1643835616438356
MNE,2025,0.0,0.0,0.0,0.0,0.0,0.0,86,8,0.09302325581395349
MNG,1962,0.0,0.0,0.0,0.0,0.0,0.0,58,3,0.05172413793103448
MNG,1963,0.0,0.0,0.0,0.0,1.0,0.0,91,0,0.0
MNG,1964,0.0,0.0,0.0,0.0,0.0,0.0,77,1,0.012987012987012988
MNG,1965,0.0,0.0,0.0,0.0,0.0,0.0,157,1,0.006369426751592357
MNG,1966,0.0,0.0,0.0,0.0,0.0,0.0,129,4,0.031007751937984496
MNG,1967,0.0,0.0,0.0,0.0,0.0,0.0,100,1,0.01
MNG,1968,0.0,0.0,0.0,0.0,0.0,0.0,97,2,0.020618556701030927
MNG,1969,0.0,0.0,0.0,0.0,0.0,0.0,119,1,0.008403361344537815
MNG,1971,0.0,0.0,0.0,0.0,0.0,0.0,54,3,0.05555555555555555
MNG,1972,0.0,0.0,0.0,0.0,0.0,0.0,105,1,0.009523809523809525
MNG,1973,0.0,0.0,0.0,0.0,0.0,0.0,58,5,0.08620689655172414
MNG,1974,0.0,0.0,0.0,0.0,0.0,0.0,53,2,0.03773584905660377
MNG,1975,0.0,0.0,0.0,0.0,0.0,0.0,49,2,0.04081632653061224
MNG,1976,0.0,0.0,0.0,0.0,0.0,0.0,54,1,0.018518518518518517
MNG,1977,0.0,0.0,0.0,0.0,0.0,0.0,37,2,0.05405405405405406
MNG,1978,0.0,0.0,0.0,0.0,0.0,0.0,38,0,0.0
MNG,1979,0.0,0.0,0.0,0.0,0.0,0.0,69,3,0.043478260869565216
MNG,1980,0.0,0.0,0.0,0.0,0.0,0.0,76,2,0.02631578947368421
MNG,1981,0.0,0.0,0.0,0.0,0.0,0.0,83,3,0.03614457831325301
MNG,1982,0.0,0.0,0.0,0.0,0.0,0.0,125,6,0.048
MNG,1983,0.0,0.0,0.0,0.0,0.0,0.0,53,0,0.0
MNG,1984,0.0,0.0,0.0,0.0,0.0,0.0,85,3,0.03529411764705882
MNG,1985,0.0,0.0,0.0,0.0,0.0,0.0,86,0,0.0
MNG,1986,0.0,0.0,0.0,0.0,0.0,0.0,75,1,0.013333333333333334
MNG,1987,0.0,0.0,0.0,0.0,0.0,0.0,66,1,0.015151515151515152
MNG,1988,0.0,0.0,0.0,0.0,0.0,0.0,69,3,0.043478260869565216
MNG,1989,0.0,0.0,0.0,0.0,0.0,0.0,59,7,0.11864406779661017
MNG,1990,0.0,0.0,0.0,0.0,0.0,0.0,75,5,0.06666666666666667
MNG,1991,0.0,0.0,0.0,0.0,0.0,0.0,84,7,0.08333333333333333
MNG,1992,0.0,0.0,0.0,0.0,0.0,0.0,104,11,0.10576923076923077
MNG,1993,0.0,0.0,0.0,0.0,0.0,0.0,49,8,0.16326530612244897
MNG,1994,0.0,0.0,0.0,0.0,0.0,0.0,51,5,0.09803921568627451
MNG,1995,0.0,0.0,0.0,0.0,0.0,0.0,32,2,0.0625
MNG,1996,0.0,0.0,0.0,0.0,0.0,0.0,48,4,0.08333333333333333
MNG,1997,0.0,0.0,0.0,0.0,0.0,0.0,39,6,0.15384615384615385
MNG,1998,0.0,0.0,0.0,0.0,0.0,0.0,49,6,0.12244897959183673
MNG,1999,0.0,0.0,0.0,0.0,0.0,0.0,66,4,0.06060606060606061
MNG,2000,0.0,0.0,0.0,0.0,0.0,0.0,75,10,0.13333333333333333
MNG,2001,0.0,0.0,0.0,0.0,0.0,0.0,57,3,0.05263157894736842
MNG,2002,0.0,0.0,0.0,0.0,0.0,0.0,43,5,0.11627906976744186
MNG,2003,0.0,0.0,0.0,0.0,0.0,0.0,26,2,0.07692307692307693
MNG,2004,0.0,0.0,0.0,0.0,0.0,0.0,41,3,0.07317073170731707
MNG,2005,0.0,0.0,0.0,0.0,0.0,0.0,47,6,0.1276595744680851
MNG,2006,0.0,0.0,0.0,0.0,0.0,0.0,78,8,0.10256410256410256
MNG,2007,0.0,0.0,0.0,0.0,0.0,2.0,101,36,0.3564356435643564
MNG,2008,0.0,0.0,0.0,0.0,0.0,0.0,45,20,0.4444444444444444
MNG,2009,0.0,0.0,0.0,0.0,0.0,0.0,72,9,0.125
MNG,2010,0.0,0.0,0.0,0.0,0.0,0.0,93,23,0.24731182795698925
MNG,2011,0.0,0.0,0.0,0.0,0.0,0.0,117,24,0.20512820512820512
MNG,2012,0.0,0.0,0.0,0.0,0.0,0.0,78,8,0.10256410256410256
MNG,2013,0.0,0.0,0.0,0.0,0.0,0.0,79,21,0.26582278481012656
MNG,2014,0.0,0.0,0.0,0.0,0.0,0.0,52,14,0.2692307692307692
MNG,2015,0.0,0.0,0.0,0.0,0.0,0.0,143,21,0.14685314685314685
MNG,2016,0.0,0.0,0.0,0.0,0.0,0.0,124,21,0.1693548387096774
MNG,2017,0.0,0.0,0.0,0.0,0.0,0.0,70,25,0.35714285714285715
MNG,2018,0.0,0.0,0.0,0.0,0.0,0.0,76,18,0.23684210526315788
MNG,2019,0.0,0.0,0.0,0.0,0.0,0.0,80,19,0.2375
MNG,2020,0.0,0.0,0.0,0.0,0.0,0.0,20,5,0.25
MNG,2021,0.0,0.0,0.0,0.0,0.0,0.0,86,24,0.27906976744186046
MNG,2022,0.0,0.0,0.0,0.0,0.0,0.0,35,9,0.2571428571428571
MNG,2023,0.0,0.0,0.0,0.0,0.0,0.0,78,22,0.28205128205128205
MNG,2024,0.0,0.0,0.0,0.0,0.0,0.0,92,22,0.2391304347826087
MNG,2025,0.0,0.0,0.0,0.0,0.0,0.0,84,18,0.21428571428571427
MOZ,1975,0.0,0.0,0.0,0.0,0.0,0.0,146,3,0.02054794520547945
MOZ,1976,0.0,0.0,0.0,0.0,0.0,0.0,152,0,0.0
MOZ,1977,0.0,0.0,0.0,0.0,0.0,0.0,112,1,0.008928571428571428
MOZ,1978,0.0,0.0,0.0,0.0,0.0,0.0,60,0,0.0
MOZ,1979,0.0,0.0,0.0,0.0,0.0,0.0,158,6,0.0379746835443038
MOZ,1980,0.0,0.0,0.0,0.0,0.0,0.0,118,5,0.0423728813559322
MOZ,1981,0.0,0.0,0.0,0.0,0.0,0.0,75,2,0.02666666666666667
MOZ,1982,0.0,0.0,0.0,0.0,0.0,0.0,167,3,0.017964071856287425
MOZ,1983,0.0,0.0,0.0,0.0,0.0,0.0,74,1,0.013513513513513514
MOZ,1984,0.0,0.0,0.0,0.0,0.0,0.0,126,1,0.007936507936507936
MOZ,1985,0.0,0.0,0.0,0.0,0.0,0.0,140,3,0.02142857142857143
MOZ,1986,0.0,0.0,0.0,0.0,0.0,0.0,154,4,0.025974025974025976
MOZ,1987,0.0,0.0,0.0,0.0,0.0,0.0,103,0,0.0
MOZ,1988,0.0,0.0,0.0,0.0,0.0,0.0,79,1,0.012658227848101266
MOZ,1989,0.0,0.0,0.0,0.0,0.0,0.0,78,2,0.02564102564102564
MOZ,1990,0.0,0.0,0.0,0.0,0.0,0.0,70,4,0.05714285714285714
MOZ,1991,0.0,0.0,0.0,0.0,0.0,0.0,66,8,0.12121212121212122
MOZ,1992,0.0,0.0,0.0,0.0,0.0,0.0,122,12,0.09836065573770492
MOZ,1993,0.0,0.0,0.0,0.0,0.0,0.0,54,3,0.05555555555555555
MOZ,1994,0.0,0.0,0.0,0.0,0.0,0.0,80,1,0.0125
MOZ,1995,0.0,0.0,0.0,0.0,0.0,0.0,82,4,0.04878048780487805
MOZ,1996,0.0,0.0,0.0,0.0,0.0,0.0,67,2,0.029850746268656716
MOZ,1997,0.0,0.0,0.0,0.0,0.0,0.0,69,1,0.014492753623188406
MOZ,1998,0.0,0.0,0.0,0.0,0.0,0.0,64,0,0.0
MOZ,1999,0.0,0.0,1.0,0.0,0.0,0.0,82,4,0.04878048780487805
MOZ,2001,0.0,0.0,0.0,0.0,0.0,0.0,49,3,0.061224489795918366
MOZ,2002,0.0,0.0,0.0,0.0,0.0,0.0,48,4,0.08333333333333333
MOZ,2003,0.0,0.0,0.0,0.0,0.0,0.0,50,2,0.04
MOZ,2004,0.0,0.0,0.0,0.0,0.0,0.0,45,4,0.08888888888888889
MOZ,2005,0.0,0.0,0.0,0.0,0.0,0.0,38,2,0.05263157894736842
MOZ,2006,0.0,0.0,0.0,0.0,0.0,0.0,68,6,0.08823529411764706
MOZ,2007,0.0,0.0,0.0,0.0,0.0,0.0,51,34,0.6666666666666666
MOZ,2008,0.0,0.0,0.0,0.0,0.0,0.0,53,12,0.22641509433962265
MOZ,2009,0.0,0.0,0.0,0.0,0.0,0.0,38,7,0.18421052631578946
MOZ,2010,0.0,0.0,0.0,0.0,0.0,0.0,62,12,0.1935483870967742
MOZ,2011,0.0,0.0,0.0,0.0,0.0,0.0,59,1,0.01694915254237288
MOZ,2012,0.0,0.0,0.0,0.0,0.0,0.0,36,3,0.08333333333333333
MOZ,2013,0.0,0.0,0.0,0.0,0.0,0.0,37,2,0.05405405405405406
MOZ,2014,0.0,0.0,0.0,0.0,0.0,0.0,49,6,0.12244897959183673
MOZ,2015,0.0,0.0,0.0,0.0,0.0,0.0,67,7,0.1044776119402985
MOZ,2016,0.0,0.0,0.0,0.0,0.0,0.0,22,11,0.5
MOZ,2017,0.0,0.0,0.0,0.0,0.0,0.0,53,13,0.24528301886792453
MOZ,2018,0.0,0.0,0.0,0.0,0.0,0.0,51,7,0.13725490196078433
MOZ,2019,0.0,0.0,1.0,0.0,0.0,0.0,34,9,0.2647058823529412
MOZ,2020,0.0,0.0,1.0,0.0,0.0,0.0,16,5,0.3125
MOZ,2021,0.0,0.0,0.0,0.0,0.0,0.0,40,8,0.2
MOZ,2022,0.0,0.0,0.0,0.0,0.0,0.0,29,8,0.27586206896551724
MOZ,2023,0.0,0.0,0.0,0.0,0.0,0.0,65,29,0.4461538461538462
MOZ,2024,0.0,0.0,0.0,0.0,0.0,0.0,44,5,0.11363636363636363
MOZ,2025,0.0,0.0,0.0,0.0,0.0,0.0,83,14,0.1686746987951807
MRT,1962,0.0,0.0,0.0,0.0,0.0,0.0,68,1,0.014705882352941176
MRT,1967,0.0,0.0,0.0,0.0,0.0,0.0,86,0,0.0
MRT,1968,0.0,0.0,0.0,0.0,0.0,0.0,102,1,0.00980392156862745
MRT,1969,0.0,0.0,0.0,0.0,0.0,0.0,107,0,0.0
MRT,1971,0.0,0.0,0.0,0.0,0.0,0.0,54,2,0.037037037037037035
MRT,1972,0.0,0.0,0.0,0.0,0.0,0.0,92,0,0.0
MRT,1973,0.0,0.0,0.0,0.0,0.0,0.0,82,2,0.024390243902439025
MRT,1974,0.0,0.0,0.0,0.0,0.0,0.0,106,0,0.0
MRT,1975,0.0,0.0,0.0,0.0,0.0,0.0,67,0,0.0
MRT,1976,0.0,0.0,0.0,0.0,0.0,0.0,105,1,0.009523809523809525
MRT,1977,0.0,0.0,0.0,0.0,0.0,0.0,105,1,0.009523809523809525
MRT,1978,0.0,0.0,0.0,0.0,0.0,0.0,40,1,0.025
MRT,1979,0.0,0.0,0.0,0.0,0.0,0.0,47,3,0.06382978723404255
MRT,1980,0.0,0.0,0.0,0.0,0.0,0.0,77,2,0.025974025974025976
MRT,1981,0.0,0.0,0.0,0.0,0.0,0.0,108,5,0.046296296296296294
MRT,1982,0.0,0.0,0.0,0.0,0.0,0.0,78,8,0.10256410256410256
MRT,1983,0.0,0.0,0.0,0.0,0.0,0.0,58,10,0.1724137931034483
MRT,1984,0.0,0.0,0.0,0.0,0.0,0.0,53,8,0.1509433962264151
MRT,1985,0.0,0.0,0.0,0.0,0.0,0.0,105,5,0.047619047619047616
MRT,1986,0.0,0.0,0.0,0.0,0.0,0.0,36,2,0.05555555555555555
MRT,1987,0.0,0.0,0.0,0.0,0.0,0.0,63,3,0.047619047619047616
MRT,1988,0.0,0.0,0.0,0.0,0.0,0.0,61,3,0.04918032786885246
MRT,1989,0.0,0.0,0.0,0.0,0.0,0.0,72,2,0.027777777777777776
MRT,1990,0.0,0.0,0.0,0.0,0.0,0.0,35,3,0.08571428571428572
MRT,1991,0.0,0.0,0.0,0.0,0.0,0.0,63,5,0.07936507936507936
MRT,1992,0.0,0.0,0.0,0.0,0.0,0.0,112,6,0.05357142857142857
MRT,1993,0.0,0.0,0.0,0.0,0.0,0.0,55,1,0.01818181818181818
MRT,1994,0.0,0.0,0.0,0.0,0.0,0.0,40,0,0.0
MRT,1995,0.0,0.0,1.0,0.0,0.0,0.0,27,2,0.07407407407407407
MRT,1996,0.0,0.0,1.0,0.0,0.0,0.0,34,3,0.08823529411764706
MRT,1997,0.0,0.0,0.0,0.0,0.0,0.0,29,1,0.034482758620689655
MRT,1998,0.0,0.0,0.0,0.0,0.0,0.0,36,0,0.0
MRT,1999,0.0,0.0,0.0,0.0,0.0,0.0,36,0,0.0
MRT,2000,0.0,0.0,0.0,0.0,0.0,0.0,26,0,0.0
MRT,2001,0.0,0.0,0.0,0.0,0.0,0.0,25,1,0.04
MRT,2002,0.0,0.0,0.0,0.0,0.0,0.0,31,0,0.0
MRT,2003,0.0,0.0,0.0,0.0,0.0,0.0,25,2,0.08
MRT,2004,0.0,0.0,0.0,0.0,0.0,0.0,23,1,0.043478260869565216
MRT,2005,0.0,0.0,0.0,0.0,0.0,0.0,27,0,0.0
MRT,2006,0.0,0.0,0.0,0.0,0.0,0.0,37,0,0.0
MRT,2007,0.0,0.0,0.0,0.0,0.0,0.0,51,3,0.058823529411764705
MRT,2008,0.0,0.0,0.0,0.0,0.0,0.0,71,8,0.11267605633802817
MRT,2009,0.0,0.0,0.0,0.0,0.0,0.0,38,6,0.15789473684210525
MRT,2010,0.0,0.0,0.0,0.0,0.0,0.0,39,0,0.0
MRT,2011,0.0,0.0,0.0,0.0,0.0,0.0,81,4,0.04938271604938271
MRT,2012,0.0,0.0,0.0,0.0,0.0,0.0,56,3,0.05357142857142857
MRT,2013,0.0,0.0,0.0,0.0,0.0,0.0,66,6,0.09090909090909091
MRT,2014,0.0,0.0,0.0,0.0,0.0,0.0,72,2,0.027777777777777776
MRT,2015,0.0,0.0,0.0,0.0,0.0,0.0,38,1,0.02631578947368421
MRT,2016,0.0,0.0,0.0,0.0,0.0,0.0,51,9,0.17647058823529413
MRT,2017,0.0,0.0,0.0,0.0,0.0,0.0,38,7,0.18421052631578946
MRT,2018,0.0,0.0,0.0,0.0,0.0,0.0,51,5,0.09803921568627451
MRT,2019,0.0,0.0,0.0,0.0,0.0,0.0,33,9,0.2727272727272727
MRT,2020,0.0,0.0,0.0,0.0,0.0,0.0,27,3,0.1111111111111111
MRT,2021,0.0,0.0,0.0,0.0,0.0,0.0,26,5,0.19230769230769232
MRT,2022,0.0,0.0,0.0,0.0,0.0,0.0,31,7,0.22580645161290322
MRT,2023,0.0,0.0,0.0,0.0,0.0,0.0,50,11,0.22
MRT,2024,0.0,0.0,0.0,0.0,0.0,2.0,12,4,0.3333333333333333
MRT,2025,0.0,0.0,0.0,0.0,0.0,1.0,61,5,0.08196721311475409
MUS,1968,0.0,0.0,0.0,0.0,0.0,0.0,74,2,0.02702702702702703
MUS,1969,0.0,0.0,0.0,0.0,0.0,0.0,81,4,0.04938271604938271
MUS,1971,0.0,0.0,0.0,0.0,0.0,0.0,42,0,0.0
MUS,1972,0.0,0.0,0.0,0.0,0.0,0.0,48,0,0.0
MUS,1973,0.0,0.0,0.0,0.0,0.0,0.0,56,1,0.017857142857142856
MUS,1974,0.0,0.0,0.0,0.0,0.0,0.0,72,6,0.08333333333333333
MUS,1975,0.0,0.0,0.0,0.0,0.0,0.0,33,1,0.030303030303030304
MUS,1976,0.0,0.0,0.0,0.0,0.0,0.0,42,0,0.0
MUS,1977,0.0,0.0,0.0,0.0,0.0,0.0,96,1,0.010416666666666666
MUS,1978,0.0,0.0,0.0,0.0,0.0,0.0,56,2,0.03571428571428571
MUS,1979,0.0,0.0,0.0,0.0,0.0,0.0,51,0,0.0
MUS,1980,0.0,0.0,0.0,0.0,0.0,0.0,67,2,0.029850746268656716
MUS,1981,0.0,0.0,0.0,0.0,0.0,0.0,37,3,0.08108108108108109
MUS,1982,0.0,0.0,0.0,0.0,0.0,0.0,100,2,0.02
MUS,1983,0.0,0.0,0.0,0.0,0.0,0.0,68,0,0.0
MUS,1984,0.0,0.0,0.0,0.0,0.0,0.0,130,8,0.06153846153846154
MUS,1985,0.0,0.0,0.0,0.0,0.0,0.0,204,5,0.024509803921568627
MUS,1986,0.0,0.0,0.0,0.0,0.0,0.0,82,3,0.036585365853658534
MUS,1987,0.0,0.0,0.0,0.0,0.0,0.0,72,3,0.041666666666666664
MUS,1988,0.0,0.0,0.0,0.0,0.0,0.0,104,11,0.10576923076923077
MUS,1989,0.0,0.0,0.0,0.0,0.0,0.0,74,6,0.08108108108108109
MUS,1990,0.0,0.0,0.0,0.0,0.0,0.0,76,10,0.13157894736842105
MUS,1991,0.0,0.0,0.0,0.0,0.0,0.0,112,4,0.03571428571428571
MUS,1992,0.0,0.0,0.0,0.0,0.0,0.0,141,7,0.04964539007092199
MUS,1993,0.0,0.0,0.0,0.0,0.0,0.0,86,5,0.05813953488372093
MUS,1994,0.0,0.0,0.0,0.0,0.0,0.0,105,5,0.047619047619047616
MUS,1995,0.0,0.0,0.0,0.0,0.0,0.0,76,0,0.0
MUS,1996,0.0,0.0,0.0,0.0,0.0,0.0,78,9,0.11538461538461539
MUS,1997,0.0,0.0,0.0,0.0,0.0,0.0,84,4,0.047619047619047616
MUS,1998,0.0,0.0,0.0,0.0,0.0,0.0,56,5,0.08928571428571429
MUS,1999,0.0,0.0,0.0,0.0,0.0,0.0,91,5,0.054945054945054944
MUS,2000,0.0,0.0,0.0,0.0,0.0,0.0,82,4,0.04878048780487805
MUS,2001,0.0,0.0,0.0,0.0,0.0,0.0,51,1,0.0196078431372549
MUS,2002,0.0,0.0,0.0,0.0,0.0,0.0,42,4,0.09523809523809523
MUS,2003,0.0,0.0,0.0,0.0,0.0,0.0,48,0,0.0
MUS,2004,0.0,0.0,0.0,0.0,0.0,0.0,64,5,0.078125
MUS,2005,0.0,0.0,0.0,0.0,0.0,0.0,58,1,0.017241379310344827
MUS,2006,0.0,0.0,0.0,0.0,0.0,0.0,103,9,0.08737864077669903
MUS,2007,0.0,0.0,0.0,0.0,0.0,0.0,126,16,0.12698412698412698
MUS,2008,0.0,0.0,0.0,0.0,0.0,0.0,134,33,0.2462686567164179
MUS,2009,0.0,0.0,0.0,0.0,0.0,0.0,212,30,0.14150943396226415
MUS,2010,0.0,0.0,0.0,0.0,0.0,0.0,82,11,0.13414634146341464
MUS,2011,0.0,0.0,0.0,0.0,0.0,0.0,156,36,0.23076923076923078
MUS,2012,0.0,0.0,0.0,0.0,0.0,0.0,49,8,0.16326530612244897
MUS,2013,0.0,0.0,0.0,0.0,0.0,0.0,83,29,0.3493975903614458
MUS,2014,0.0,0.0,0.0,0.0,0.0,0.0,73,32,0.4383561643835616
MUS,2015,0.0,0.0,0.0,0.0,0.0,0.0,63,5,0.07936507936507936
MUS,2016,0.0,0.0,0.0,0.0,0.0,0.0,67,15,0.22388059701492538
MUS,2017,0.0,0.0,0.0,0.0,0.0,0.0,61,14,0.22950819672131148
MUS,2018,0.0,0.0,0.0,0.0,0.0,0.0,55,10,0.18181818181818182
MUS,2019,0.0,0.0,0.0,0.0,0.0,0.0,65,14,0.2153846153846154
MUS,2020,0.0,0.0,0.0,0.0,0.0,0.0,50,13,0.26
MUS,2021,0.0,0.0,0.0,0.0,0.0,0.0,33,3,0.09090909090909091
MUS,2022,0.0,0.0,0.0,0.0,0.0,0.0,53,10,0.18867924528301888
MUS,2023,0.0,0.0,0.0,0.0,0.0,0.0,77,26,0.33766233766233766
MUS,2024,0.0,0.0,0.0,0.0,0.0,0.0,79,12,0.1518987341772152
MUS,2025,0.0,0.0,0.0,0.0,0.0,1.0,86,20,0.23255813953488372
MWI,1964,0.0,0.0,0.0,0.0,0.0,0.0,49,0,0.0
MWI,1965,0.0,0.0,0.0,0.0,0.0,0.0,79,0,0.0
MWI,1966,0.0,0.0,0.0,0.0,0.0,0.0,118,0,0.0
MWI,1967,0.0,0.0,0.0,0.0,0.0,0.0,75,0,0.0
MWI,1968,0.0,0.0,0.0,0.0,0.0,0.0,61,0,0.0
MWI,1972,0.0,0.0,0.0,0.0,0.0,0.0,77,1,0.012987012987012988
MWI,1975,0.0,0.0,0.0,0.0,0.0,0.0,54,1,0.018518518518518517
MWI,1977,0.0,0.0,0.0,0.0,0.0,0.0,74,2,0.02702702702702703
MWI,1979,0.0,0.0,0.0,0.0,0.0,0.0,86,0,0.0
MWI,1980,0.0,0.0,0.0,0.0,0.0,0.0,122,2,0.01639344262295082
MWI,1985,0.0,0.0,0.0,0.0,0.0,0.0,76,4,0.05263157894736842
MWI,1986,0.0,0.0,0.0,0.0,0.0,0.0,65,1,0.015384615384615385
MWI,1987,0.0,0.0,0.0,0.0,0.0,0.0,74,0,0.0
MWI,1988,0.0,0.0,0.0,0.0,0.0,0.0,75,0,0.0
MWI,1989,0.0,0.0,0.0,0.0,0.0,0.0,80,0,0.0
MWI,1990,0.0,0.0,0.0,0.0,0.0,0.0,108,0,0.0
MWI,1991,0.0,0.0,0.0,0.0,0.0,0.0,55,3,0.05454545454545454
MWI,1992,0.0,0.0,0.0,0.0,0.0,0.0,113,15,0.13274336283185842
MWI,1993,0.0,0.0,0.0,0.0,0.0,0.0,93,2,0.021505376344086023
MWI,1994,0.0,0.0,0.0,0.0,0.0,0.0,109,1,0.009174311926605505
MWI,1995,0.0,0.0,0.0,0.0,0.0,0.0,66,3,0.045454545454545456
MWI,1996,0.0,0.0,0.0,0.0,0.0,0.0,86,1,0.011627906976744186
MWI,1997,0.0,0.0,0.0,0.0,0.0,0.0,94,7,0.07446808510638298
MWI,1998,0.0,0.0,0.0,0.0,0.0,0.0,82,6,0.07317073170731707
MWI,1999,0.0,0.0,0.0,0.0,0.0,0.0,92,4,0.043478260869565216
MWI,2000,0.0,0.0,0.0,0.0,0.0,0.0,85,3,0.03529411764705882
MWI,2001,0.0,0.0,0.0,0.0,0.0,0.0,48,1,0.020833333333333332
MWI,2002,0.0,0.0,0.0,0.0,0.0,0.0,49,3,0.061224489795918366
MWI,2003,0.0,0.0,0.0,0.0,0.0,0.0,40,1,0.025
MWI,2004,0.0,0.0,0.0,0.0,0.0,0.0,55,2,0.03636363636363636
MWI,2005,0.0,0.0,0.0,0.0,0.0,0.0,57,4,0.07017543859649122
MWI,2006,0.0,0.0,0.0,0.0,0.0,0.0,63,8,0.12698412698412698
MWI,2007,1.0,0.0,0.0,0.0,0.0,0.0,82,16,0.1951219512195122
MWI,2008,0.0,0.0,0.0,0.0,0.0,0.0,47,17,0.3617021276595745
MWI,2009,0.0,0.0,0.0,0.0,0.0,0.0,34,9,0.2647058823529412
MWI,2010,0.0,0.0,0.0,0.0,0.0,0.0,101,16,0.15841584158415842
MWI,2011,0.0,0.0,0.0,0.0,0.0,0.0,63,10,0.15873015873015872
MWI,2012,0.0,0.0,0.0,0.0,0.0,0.0,49,4,0.08163265306122448
MWI,2013,0.0,0.0,1.0,0.0,0.0,0.0,53,8,0.1509433962264151
MWI,2014,0.0,0.0,0.0,0.0,0.0,0.0,54,8,0.14814814814814814
MWI,2015,0.0,0.0,0.0,0.0,0.0,0.0,45,4,0.08888888888888889
MWI,2016,0.0,0.0,0.0,0.0,0.0,0.0,74,15,0.20270270270270271
MWI,2017,0.0,0.0,0.0,0.0,0.0,0.0,59,7,0.11864406779661017
MWI,2018,0.0,0.0,0.0,0.0,0.0,0.0,84,12,0.14285714285714285
MWI,2019,0.0,0.0,0.0,0.0,0.0,0.0,132,12,0.09090909090909091
MWI,2020,0.0,0.0,0.0,0.0,0.0,0.0,43,10,0.23255813953488372
MWI,2021,0.0,0.0,0.0,0.0,0.0,0.0,37,8,0.21621621621621623
MWI,2022,0.0,0.0,0.0,0.0,0.0,0.0,38,19,0.5
MWI,2023,0.0,0.0,0.0,0.0,0.0,0.0,48,24,0.5
MWI,2024,0.0,0.0,0.0,0.0,0.0,0.0,43,4,0.09302325581395349
MWI,2025,0.0,0.0,0.0,0.0,0.0,0.0,82,12,0.14634146341463414
MYS,1957,0.0,0.0,0.0,0.0,0.0,0.0,45,0,0.0
MYS,1958,0.0,0.0,0.0,0.0,0.0,0.0,50,0,0.0
MYS,1959,0.0,0.0,0.0,0.0,0.0,0.0,98,1,0.01020408163265306
MYS,1960,0.0,0.0,0.0,0.0,0.0,0.0,107,0,0.0
MYS,1961,0.0,0.0,0.0,0.0,0.0,0.0,122,3,0.02459016393442623
MYS,1962,0.0,0.0,0.0,0.0,0.0,0.0,146,4,0.0273972602739726
MYS,1963,0.0,0.0,0.0,0.0,0.0,0.0,141,0,0.0
MYS,1964,0.0,0.0,0.0,0.0,0.0,0.0,155,2,0.012903225806451613
MYS,1965,0.0,0.0,0.0,0.0,0.0,0.0,181,6,0.03314917127071823
MYS,1966,0.0,0.0,0.0,0.0,0.0,0.0,148,2,0.013513513513513514
MYS,1967,0.0,0.0,0.0,0.0,0.0,0.0,93,5,0.053763440860215055
MYS,1968,0.0,0.0,0.0,0.0,0.0,0.0,119,6,0.05042016806722689
MYS,1969,0.0,0.0,0.0,0.0,0.0,0.0,143,0,0.0
MYS,1971,0.0,0.0,0.0,0.0,0.0,0.0,122,3,0.02459016393442623
MYS,1972,0.0,0.0,0.0,0.0,0.0,0.0,80,0,0.0
MYS,1973,0.0,0.0,0.0,0.0,0.0,0.0,119,4,0.03361344537815126
MYS,1974,0.0,0.0,0.0,0.0,0.0,0.0,139,7,0.050359712230215826
MYS,1975,0.0,0.0,0.0,0.0,0.0,0.0,126,4,0.031746031746031744
MYS,1976,0.0,0.0,0.0,0.0,0.0,0.0,78,1,0.01282051282051282
MYS,1977,0.0,0.0,0.0,0.0,0.0,0.0,53,0,0.0
MYS,1978,0.0,0.0,0.0,0.0,0.0,0.0,79,0,0.0
MYS,1979,0.0,0.0,0.0,0.0,0.0,0.0,93,1,0.010752688172043012
MYS,1980,0.0,0.0,0.0,0.0,0.0,0.0,101,4,0.039603960396039604
MYS,1981,0.0,0.0,0.0,0.0,0.0,0.0,98,0,0.0
MYS,1982,0.0,0.0,0.0,0.0,0.0,0.0,161,14,0.08695652173913043
MYS,1983,0.0,0.0,0.0,0.0,0.0,0.0,75,3,0.04
MYS,1984,0.0,0.0,0.0,0.0,0.0,0.0,161,20,0.12422360248447205
MYS,1985,0.0,0.0,0.0,0.0,0.0,0.0,66,3,0.045454545454545456
MYS,1986,0.0,0.0,0.0,0.0,0.0,0.0,152,8,0.05263157894736842
MYS,1987,0.0,0.0,0.0,0.0,0.0,0.0,117,5,0.042735042735042736
MYS,1988,0.0,0.0,0.0,0.0,0.0,0.0,134,5,0.03731343283582089
MYS,1989,0.0,0.0,0.0,0.0,0.0,0.0,104,10,0.09615384615384616
MYS,1990,0.0,0.0,0.0,0.0,0.0,0.0,107,11,0.102803738317757
MYS,1991,1.0,0.0,0.0,0.0,0.0,0.0,107,17,0.1588785046728972
MYS,1992,0.0,0.0,0.0,0.0,0.0,0.0,102,7,0.06862745098039216
MYS,1993,0.0,0.0,0.0,0.0,0.0,0.0,122,4,0.03278688524590164
MYS,1994,0.0,0.0,0.0,0.0,0.0,0.0,56,7,0.125
MYS,1995,0.0,0.0,0.0,0.0,0.0,0.0,108,11,0.10185185185185185
MYS,1996,0.0,0.0,0.0,0.0,0.0,0.0,95,4,0.042105263157894736
MYS,1997,0.0,0.0,0.0,0.0,0.0,0.0,74,3,0.04054054054054054
MYS,1998,0.0,0.0,0.0,0.0,0.0,0.0,98,2,0.02040816326530612
MYS,1999,0.0,0.0,0.0,0.0,0.0,0.0,147,3,0.02040816326530612
MYS,2000,0.0,0.0,0.0,0.0,0.0,0.0,60,1,0.016666666666666666
MYS,2001,0.0,0.0,0.0,0.0,0.0,0.0,98,2,0.02040816326530612
MYS,2002,0.0,0.0,0.0,0.0,0.0,0.0,46,0,0.0
MYS,2003,0.0,0.0,0.0,0.0,0.0,0.0,45,1,0.022222222222222223
MYS,2004,0.0,0.0,0.0,0.0,0.0,0.0,68,1,0.014705882352941176
MYS,2005,0.0,0.0,0.0,0.0,0.0,0.0,61,1,0.01639344262295082
MYS,2006,0.0,0.0,0.0,0.0,0.0,0.0,80,0,0.0
MYS,2007,0.0,0.0,0.0,0.0,0.0,0.0,86,17,0.19767441860465115
MYS,2008,0.0,0.0,0.0,0.0,0.0,0.0,88,15,0.17045454545454544
MYS,2009,0.0,0.0,0.0,0.0,0.0,0.0,96,16,0.16666666666666666
MYS,2010,0.0,0.0,0.0,0.0,0.0,0.0,69,4,0.057971014492753624
MYS,2011,0.0,0.0,0.0,0.0,0.0,0.0,75,11,0.14666666666666667
MYS,2012,0.0,0.0,0.0,0.0,0.0,0.0,71,4,0.056338028169014086
MYS,2013,0.0,0.0,0.0,0.0,0.0,0.0,78,1,0.01282051282051282
MYS,2014,0.0,0.0,0.0,0.0,0.0,0.0,102,1,0.00980392156862745
MYS,2015,0.0,0.0,0.0,0.0,0.0,0.0,88,0,0.0
MYS,2016,0.0,0.0,0.0,0.0,0.0,0.0,66,14,0.21212121212121213
MYS,2017,0.0,0.0,0.0,0.0,0.0,0.0,45,4,0.08888888888888889
MYS,2018,0.0,0.0,0.0,0.0,0.0,0.0,109,9,0.08256880733944955
MYS,2019,0.0,0.0,0.0,0.0,0.0,0.0,148,33,0.22297297297297297
MYS,2020,0.0,0.0,0.0,0.0,0.0,0.0,90,11,0.12222222222222222
MYS,2021,0.0,0.0,0.0,0.0,0.0,0.0,96,10,0.10416666666666667
MYS,2022,1.0,0.0,0.0,0.0,0.0,0.0,87,17,0.19540229885057472
MYS,2023,0.0,0.0,0.0,0.0,0.0,0.0,65,7,0.1076923076923077
MYS,2024,0.0,0.0,0.0,0.0,0.0,0.0,120,8,0.06666666666666667
MYS,2025,0.0,0.0,0.0,0.0,0.0,0.0,80,2,0.025
NAM,1990,0.0,0.0,0.0,0.0,0.0,0.0,74,6,0.08108108108108109
NAM,1991,0.0,0.0,0.0,0.0,0.0,0.0,71,3,0.04225352112676056
NAM,1992,0.0,0.0,0.0,0.0,0.0,0.0,127,18,0.14173228346456693
NAM,1993,0.0,0.0,0.0,0.0,0.0,0.0,78,3,0.038461538461538464
NAM,1994,0.0,0.0,0.0,0.0,0.0,0.0,88,0,0.0
NAM,1995,0.0,0.0,0.0,0.0,0.0,0.0,70,3,0.04285714285714286
NAM,1996,0.0,0.0,0.0,0.0,0.0,0.0,60,1,0.016666666666666666
NAM,1997,0.0,0.0,0.0,0.0,0.0,0.0,108,4,0.037037037037037035
NAM,1998,0.0,0.0,0.0,0.0,0.0,0.0,92,1,0.010869565217391304
NAM,1999,0.0,0.0,0.0,0.0,0.0,0.0,94,3,0.031914893617021274
NAM,2000,0.0,0.0,0.0,0.0,0.0,0.0,138,2,0.014492753623188406
NAM,2001,0.0,0.0,0.0,0.0,0.0,0.0,71,2,0.028169014084507043
NAM,2002,0.0,0.0,0.0,0.0,0.0,0.0,48,1,0.020833333333333332
NAM,2003,0.0,0.0,0.0,0.0,0.0,0.0,37,1,0.02702702702702703
NAM,2004,0.0,0.0,0.0,0.0,0.0,0.0,73,3,0.0410958904109589
NAM,2005,0.0,0.0,0.0,0.0,0.0,0.0,29,0,0.0
NAM,2006,0.0,0.0,0.0,0.0,0.0,0.0,68,1,0.014705882352941176
NAM,2007,0.0,0.0,0.0,0.0,0.0,0.0,61,14,0.22950819672131148
NAM,2008,0.0,0.0,0.0,0.0,0.0,0.0,64,11,0.171875
NAM,2009,0.0,0.0,0.0,0.0,0.0,0.0,55,12,0.21818181818181817
NAM,2010,0.0,0.0,0.0,0.0,0.0,0.0,63,9,0.14285714285714285
NAM,2011,0.0,0.0,0.0,0.0,0.0,0.0,38,5,0.13157894736842105
NAM,2012,0.0,0.0,0.0,0.0,0.0,0.0,32,3,0.09375
NAM,2013,0.0,0.0,0.0,0.0,0.0,0.0,26,5,0.19230769230769232
NAM,2014,0.0,0.0,0.0,0.0,0.0,0.0,35,8,0.22857142857142856
NAM,2015,0.0,0.0,0.0,0.0,0.0,0.0,80,4,0.05
NAM,2016,0.0,0.0,0.0,0.0,0.0,0.0,57,13,0.22807017543859648
NAM,2017,0.0,0.0,0.0,0.0,0.0,0.0,60,5,0.08333333333333333
NAM,2018,0.0,0.0,0.0,0.0,0.0,0.0,66,6,0.09090909090909091
NAM,2019,0.0,0.0,0.0,0.0,0.0,0.0,60,16,0.26666666666666666
NAM,2020,0.0,0.0,0.0,0.0,0.0,0.0,44,7,0.1590909090909091
NAM,2021,0.0,0.0,0.0,0.0,0.0,0.0,47,5,0.10638297872340426
NAM,2022,0.0,0.0,0.0,0.0,0.0,0.0,59,10,0.1694915254237288
NAM,2023,0.0,0.0,0.0,0.0,0.0,0.0,60,21,0.35
NAM,2024,0.0,0.0,0.0,0.0,0.0,0.0,40,7,0.175
NAM,2025,0.0,0.0,0.0,0.0,0.0,0.0,75,9,0.12
NER,1961,0.0,0.0,0.0,0.0,0.0,0.0,103,3,0.02912621359223301
NER,1962,0.0,0.0,0.0,0.0,0.0,0.0,52,0,0.0
NER,1963,0.0,0.0,0.0,0.0,0.0,0.0,77,3,0.03896103896103896
NER,1964,0.0,0.0,0.0,0.0,0.0,0.0,41,0,0.0
NER,1965,0.0,0.0,0.0,0.0,0.0,0.0,84,1,0.011904761904761904
NER,1966,0.0,0.0,0.0,0.0,0.0,0.0,92,2,0.021739130434782608
NER,1967,0.0,0.0,0.0,0.0,0.0,0.0,57,0,0.0
NER,1971,0.0,0.0,0.0,0.0,0.0,0.0,28,0,0.0
NER,1972,0.0,0.0,0.0,0.0,0.0,0.0,43,0,0.0
NER,1973,1.0,0.0,0.0,0.0,0.0,0.0,43,4,0.09302325581395349
NER,1974,0.0,0.0,0.0,0.0,0.0,0.0,82,11,0.13414634146341464
NER,1975,1.0,0.0,0.0,0.0,0.0,0.0,79,2,0.02531645569620253
NER,1976,0.0,0.0,0.0,0.0,0.0,0.0,78,3,0.038461538461538464
NER,1977,0.0,0.0,0.0,0.0,0.0,0.0,98,8,0.08163265306122448
NER,1978,0.0,0.0,0.0,0.0,0.0,0.0,73,5,0.0684931506849315
NER,1979,0.0,0.0,0.0,0.0,0.0,0.0,56,0,0.0
NER,1980,0.0,0.0,0.0,0.0,0.0,0.0,38,0,0.0
NER,1981,0.0,0.0,0.0,0.0,0.0,0.0,94,7,0.07446808510638298
NER,1982,0.0,0.0,0.0,0.0,0.0,0.0,48,2,0.041666666666666664
NER,1983,0.0,0.0,0.0,0.0,0.0,0.0,85,1,0.011764705882352941
NER,1984,0.0,0.0,0.0,0.0,0.0,0.0,66,4,0.06060606060606061
NER,1985,1.0,0.0,0.0,0.0,0.0,0.0,63,4,0.06349206349206349
NER,1986,1.0,0.0,0.0,0.0,0.0,0.0,65,6,0.09230769230769231
NER,1987,0.0,0.0,0.0,0.0,0.0,0.0,89,12,0.1348314606741573
NER,1988,0.0,0.0,0.0,0.0,0.0,0.0,53,3,0.05660377358490566
NER,1989,0.0,0.0,0.0,0.0,0.0,0.0,98,7,0.07142857142857142
NER,1990,0.0,0.0,0.0,0.0,0.0,0.0,112,12,0.10714285714285714
NER,1992,0.0,0.0,0.0,0.0,0.0,0.0,59,7,0.11864406779661017
NER,1993,0.0,0.0,0.0,0.0,0.0,0.0,63,6,0.09523809523809523
NER,1994,0.0,0.0,0.0,0.0,0.0,0.0,43,2,0.046511627906976744
NER,1995,0.0,0.0,0.0,0.0,0.0,0.0,59,3,0.05084745762711865
NER,1996,0.0,0.0,0.0,0.0,0.0,0.0,62,3,0.04838709677419355
NER,1997,0.0,0.0,0.0,0.0,0.0,0.0,41,6,0.14634146341463414
NER,1998,0.0,0.0,0.0,0.0,0.0,0.0,32,0,0.0
NER,1999,0.0,0.0,0.0,0.0,0.0,0.0,41,0,0.0
NER,2000,0.0,0.0,0.0,0.0,0.0,0.0,39,1,0.02564102564102564
NER,2001,0.0,0.0,0.0,0.0,0.0,0.0,49,4,0.08163265306122448
NER,2002,0.0,0.0,0.0,0.0,0.0,0.0,38,2,0.05263157894736842
NER,2003,0.0,0.0,0.0,0.0,0.0,0.0,37,0,0.0
NER,2004,0.0,0.0,0.0,0.0,0.0,0.0,33,0,0.0
NER,2005,0.0,0.0,0.0,0.0,0.0,0.0,32,0,0.0
NER,2006,0.0,0.0,0.0,0.0,0.0,0.0,45,4,0.08888888888888889
NER,2007,0.0,0.0,0.0,0.0,0.0,0.0,67,11,0.16417910447761194
NER,2008,0.0,0.0,0.0,0.0,0.0,0.0,79,6,0.0759493670886076
NER,2009,0.0,0.0,0.0,0.0,0.0,0.0,67,6,0.08955223880597014
NER,2010,0.0,0.0,0.0,1.0,0.0,0.0,79,5,0.06329113924050633
NER,2011,0.0,0.0,0.0,0.0,0.0,0.0,105,12,0.11428571428571428
NER,2012,0.0,0.0,0.0,0.0,0.0,0.0,38,3,0.07894736842105263
NER,2013,0.0,0.0,0.0,0.0,0.0,0.0,37,3,0.08108108108108109
NER,2014,0.0,0.0,0.0,0.0,0.0,0.0,57,15,0.2631578947368421
NER,2015,0.0,0.0,0.0,0.0,0.0,0.0,61,9,0.14754098360655737
NER,2016,0.0,0.0,0.0,0.0,0.0,0.0,56,15,0.26785714285714285
NER,2017,0.0,0.0,0.0,0.0,0.0,0.0,71,8,0.11267605633802817
NER,2018,0.0,0.0,0.0,0.0,0.0,0.0,64,13,0.203125
NER,2019,0.0,0.0,0.0,0.0,0.0,0.0,76,21,0.27631578947368424
NER,2020,0.0,0.0,0.0,0.0,0.0,0.0,122,16,0.13114754098360656
NER,2021,0.0,0.0,0.0,0.0,0.0,0.0,38,8,0.21052631578947367
NER,2022,0.0,0.0,0.0,0.0,0.0,0.0,38,11,0.2894736842105263
NER,2024,0.0,0.0,0.0,0.0,0.0,0.0,29,2,0.06896551724137931
NER,2025,0.0,0.0,0.0,0.0,0.0,0.0,151,7,0.046357615894039736
NGA,1961,0.0,0.0,0.0,0.0,0.0,0.0,317,11,0.03470031545741325
NGA,1962,0.0,0.0,0.0,0.0,0.0,0.0,272,4,0.014705882352941176
NGA,1963,0.0,0.0,0.0,0.0,0.0,0.0,292,9,0.030821917808219176
NGA,1964,0.0,0.0,0.0,0.0,0.0,0.0,79,2,0.02531645569620253
NGA,1965,0.0,0.0,0.0,0.0,0.0,0.0,126,1,0.007936507936507936
NGA,1966,0.0,0.0,0.0,0.0,0.0,0.0,123,1,0.008130081300813009
NGA,1967,0.0,0.0,0.0,0.0,0.0,0.0,103,3,0.02912621359223301
NGA,1968,0.0,0.0,0.0,0.0,0.0,0.0,161,0,0.0
NGA,1969,0.0,0.0,0.0,0.0,0.0,0.0,119,3,0.025210084033613446
NGA,1971,0.0,0.0,0.0,0.0,0.0,0.0,78,3,0.038461538461538464
NGA,1972,0.0,0.0,0.0,0.0,0.0,0.0,68,0,0.0
NGA,1973,0.0,0.0,0.0,0.0,0.0,0.0,139,0,0.0
NGA,1974,0.0,0.0,0.0,0.0,0.0,0.0,59,8,0.13559322033898305
NGA,1975,0.0,0.0,0.0,0.0,0.0,0.0,140,0,0.0
NGA,1976,0.0,0.0,0.0,0.0,0.0,0.0,123,6,0.04878048780487805
NGA,1977,0.0,0.0,0.0,0.0,0.0,0.0,59,0,0.0
NGA,1978,0.0,0.0,0.0,0.0,0.0,0.0,116,2,0.017241379310344827
NGA,1979,0.0,0.0,0.0,0.0,0.0,0.0,127,6,0.047244094488188976
NGA,1980,0.0,0.0,0.0,0.0,0.0,0.0,135,3,0.022222222222222223
NGA,1981,0.0,0.0,0.0,0.0,0.0,0.0,83,2,0.024096385542168676
NGA,1982,0.0,0.0,0.0,0.0,0.0,0.0,126,4,0.031746031746031744
NGA,1983,0.0,0.0,0.0,0.0,0.0,0.0,128,1,0.0078125
NGA,1984,0.0,0.0,0.0,0.0,0.0,0.0,120,8,0.06666666666666667
NGA,1985,0.0,0.0,0.0,0.0,0.0,0.0,145,6,0.041379310344827586
NGA,1986,0.0,0.0,0.0,0.0,0.0,0.0,116,4,0.034482758620689655
NGA,1987,0.0,0.0,0.0,0.0,0.0,0.0,105,5,0.047619047619047616
NGA,1988,0.0,0.0,0.0,0.0,0.0,0.0,88,15,0.17045454545454544
NGA,1989,1.0,0.0,0.0,0.0,0.0,0.0,93,15,0.16129032258064516
NGA,1990,0.0,0.0,0.0,0.0,0.0,0.0,126,14,0.1111111111111111
NGA,1991,0.0,0.0,0.0,0.0,0.0,0.0,100,11,0.11
NGA,1992,0.0,0.0,0.0,0.0,0.0,0.0,65,5,0.07692307692307693
NGA,1993,0.0,0.0,0.0,0.0,0.0,0.0,96,7,0.07291666666666667
NGA,1994,0.0,0.0,0.0,0.0,0.0,0.0,66,2,0.030303030303030304
NGA,1995,0.0,0.0,0.0,0.0,0.0,0.0,71,1,0.014084507042253521
NGA,1996,0.0,0.0,0.0,0.0,0.0,0.0,99,1,0.010101010101010102
NGA,1997,0.0,0.0,0.0,0.0,0.0,0.0,92,4,0.043478260869565216
NGA,1998,0.0,0.0,0.0,0.0,0.0,0.0,65,1,0.015384615384615385
NGA,1999,0.0,0.0,0.0,0.0,0.0,0.0,71,1,0.014084507042253521
NGA,2000,0.0,0.0,0.0,0.0,0.0,0.0,33,0,0.0
NGA,2001,0.0,0.0,0.0,0.0,0.0,0.0,46,0,0.0
NGA,2002,0.0,0.0,0.0,0.0,0.0,0.0,49,0,0.0
NGA,2003,0.0,0.0,0.0,0.0,0.0,0.0,65,0,0.0
NGA,2004,0.0,0.0,0.0,0.0,0.0,0.0,57,2,0.03508771929824561
NGA,2005,0.0,0.0,0.0,0.0,0.0,0.0,73,3,0.0410958904109589
NGA,2006,0.0,0.0,0.0,0.0,0.0,0.0,89,6,0.06741573033707865
NGA,2007,0.0,0.0,0.0,0.0,0.0,0.0,48,6,0.125
NGA,2008,0.0,0.0,0.0,0.0,0.0,0.0,67,7,0.1044776119402985
NGA,2009,0.0,0.0,0.0,0.0,0.0,0.0,86,13,0.1511627906976744
NGA,2010,0.0,0.0,0.0,0.0,0.0,0.0,72,6,0.08333333333333333
NGA,2011,0.0,0.0,0.0,0.0,0.0,0.0,91,2,0.02197802197802198
NGA,2012,0.0,0.0,0.0,0.0,0.0,0.0,54,0,0.0
NGA,2013,0.0,0.0,0.0,0.0,0.0,0.0,59,5,0.0847457627118644
NGA,2014,0.0,0.0,0.0,0.0,0.0,0.0,46,10,0.21739130434782608
NGA,2015,0.0,0.0,0.0,0.0,0.0,0.0,55,11,0.2
NGA,2016,0.0,0.0,0.0,0.0,0.0,0.0,55,15,0.2727272727272727
NGA,2017,0.0,0.0,0.0,0.0,0.0,0.0,31,3,0.0967741935483871
NGA,2018,0.0,0.0,0.0,0.0,0.0,0.0,67,6,0.08955223880597014
NGA,2019,0.0,0.0,0.0,0.0,0.0,0.0,61,5,0.08196721311475409
NGA,2020,0.0,0.0,0.0,0.0,0.0,0.0,37,7,0.1891891891891892
NGA,2021,0.0,0.0,0.0,0.0,0.0,0.0,61,10,0.16393442622950818
NGA,2022,0.0,0.0,0.0,0.0,0.0,0.0,70,15,0.21428571428571427
NGA,2023,0.0,0.0,0.0,0.0,0.0,0.0,80,11,0.1375
NGA,2024,0.0,0.0,0.0,0.0,0.0,0.0,125,18,0.144
NGA,2025,0.0,0.0,0.0,0.0,0.0,0.0,131,8,0.061068702290076333
NIC,1951,0.0,0.0,0.0,0.0,0.0,0.0,25,0,0.0
NIC,1968,0.0,0.0,0.0,0.0,0.0,0.0,119,3,0.025210084033613446
NIC,1971,0.0,0.0,1.0,0.0,0.0,0.0,70,1,0.014285714285714285
NIC,1972,0.0,0.0,0.0,0.0,0.0,0.0,56,4,0.07142857142857142
NIC,1973,0.0,0.0,0.0,0.0,0.0,0.0,44,1,0.022727272727272728
NIC,1974,0.0,0.0,0.0,0.0,0.0,0.0,62,14,0.22580645161290322
NIC,1975,0.0,0.0,0.0,0.0,0.0,0.0,42,1,0.023809523809523808
NIC,1976,0.0,0.0,0.0,0.0,0.0,0.0,89,7,0.07865168539325842
NIC,1977,0.0,0.0,0.0,0.0,0.0,0.0,73,2,0.0273972602739726
NIC,1978,0.0,0.0,0.0,0.0,0.0,0.0,51,2,0.0392156862745098
NIC,1979,0.0,0.0,0.0,0.0,0.0,0.0,40,0,0.0
NIC,1980,0.0,0.0,0.0,0.0,0.0,0.0,107,1,0.009345794392523364
NIC,1981,0.0,0.0,0.0,0.0,0.0,0.0,111,0,0.0
NIC,1982,0.0,0.0,0.0,0.0,0.0,0.0,70,0,0.0
NIC,1983,0.0,0.0,0.0,0.0,0.0,0.0,124,3,0.024193548387096774
NIC,1984,0.0,0.0,0.0,0.0,0.0,0.0,55,0,0.0
NIC,1986,0.0,0.0,0.0,0.0,0.0,0.0,86,0,0.0
NIC,1987,0.0,0.0,0.0,0.0,0.0,0.0,90,1,0.011111111111111112
NIC,1988,0.0,0.0,0.0,0.0,0.0,0.0,87,2,0.022988505747126436
NIC,1989,0.0,0.0,0.0,0.0,0.0,0.0,107,6,0.056074766355140186
NIC,1990,0.0,0.0,0.0,0.0,0.0,0.0,78,0,0.0
NIC,1991,0.0,0.0,0.0,0.0,0.0,0.0,82,0,0.0
NIC,1992,0.0,0.0,0.0,0.0,0.0,0.0,98,2,0.02040816326530612
NIC,1993,0.0,0.0,0.0,0.0,0.0,0.0,31,1,0.03225806451612903
NIC,1994,0.0,0.0,0.0,0.0,0.0,0.0,27,1,0.037037037037037035
NIC,1995,0.0,0.0,0.0,0.0,0.0,0.0,48,1,0.020833333333333332
NIC,1996,0.0,0.0,0.0,0.0,0.0,0.0,54,2,0.037037037037037035
NIC,1997,0.0,0.0,0.0,0.0,0.0,0.0,24,0,0.0
NIC,1998,0.0,0.0,0.0,0.0,0.0,0.0,34,4,0.11764705882352941
NIC,1999,0.0,0.0,0.0,0.0,0.0,0.0,24,3,0.125
NIC,2000,0.0,0.0,0.0,0.0,0.0,0.0,45,1,0.022222222222222223
NIC,2001,0.0,0.0,0.0,0.0,0.0,0.0,21,5,0.23809523809523808
NIC,2002,0.0,0.0,0.0,0.0,0.0,0.0,40,3,0.075
NIC,2003,0.0,0.0,0.0,0.0,0.0,0.0,41,0,0.0
NIC,2004,0.0,0.0,0.0,0.0,0.0,0.0,31,2,0.06451612903225806
NIC,2005,0.0,0.0,0.0,0.0,0.0,0.0,32,0,0.0
NIC,2006,0.0,0.0,0.0,0.0,0.0,0.0,75,7,0.09333333333333334
NIC,2007,0.0,0.0,0.0,0.0,0.0,0.0,98,5,0.05102040816326531
NIC,2008,0.0,0.0,0.0,0.0,0.0,0.0,86,10,0.11627906976744186
NIC,2009,0.0,0.0,1.0,0.0,0.0,0.0,81,14,0.1728395061728395
NIC,2010,0.0,0.0,0.0,0.0,0.0,0.0,93,10,0.10752688172043011
NIC,2011,0.0,0.0,0.0,0.0,0.0,0.0,124,13,0.10483870967741936
NIC,2012,0.0,0.0,0.0,0.0,0.0,0.0,54,5,0.09259259259259259
NIC,2013,0.0,0.0,0.0,0.0,0.0,0.0,46,6,0.13043478260869565
NIC,2014,0.0,0.0,0.0,0.0,0.0,0.0,45,6,0.13333333333333333
NIC,2015,0.0,0.0,0.0,0.0,0.0,0.0,31,4,0.12903225806451613
NIC,2016,0.0,0.0,0.0,0.0,0.0,0.0,33,5,0.15151515151515152
NIC,2017,0.0,0.0,0.0,0.0,0.0,0.0,45,9,0.2
NIC,2018,0.0,0.0,0.0,0.0,0.0,0.0,33,4,0.12121212121212122
NIC,2019,0.0,0.0,0.0,0.0,0.0,0.0,27,7,0.25925925925925924
NIC,2020,0.0,0.0,0.0,0.0,0.0,0.0,23,2,0.08695652173913043
NIC,2021,0.0,0.0,0.0,0.0,0.0,0.0,70,13,0.18571428571428572
NIC,2022,0.0,0.0,0.0,0.0,0.0,0.0,10,1,0.1
NIC,2023,0.0,0.0,0.0,0.0,0.0,0.0,50,1,0.02
NIC,2024,0.0,0.0,0.0,0.0,0.0,0.0,63,1,0.015873015873015872
NIC,2025,0.0,0.0,0.0,0.0,0.0,0.0,42,1,0.023809523809523808
NLD,1946,0.0,0.0,0.0,0.0,0.0,0.0,20,0,0.0
NLD,1947,0.0,0.0,0.0,0.0,0.0,0.0,18,0,0.0
NLD,1948,0.0,0.0,0.0,0.0,0.0,0.0,67,1,0.014925373134328358
NLD,1949,0.0,0.0,0.0,0.0,0.0,0.0,82,0,0.0
NLD,1950,0.0,0.0,0.0,0.0,0.0,0.0,70,0,0.0
NLD,1951,0.0,0.0,0.0,0.0,0.0,0.0,112,0,0.0
NLD,1952,0.0,0.0,0.0,0.0,0.0,0.0,104,1,0.009615384615384616
NLD,1953,0.0,0.0,0.0,0.0,0.0,0.0,109,1,0.009174311926605505
NLD,1954,0.0,0.0,0.0,0.0,0.0,0.0,95,2,0.021052631578947368
NLD,1955,0.0,0.0,0.0,0.0,0.0,0.0,73,3,0.0410958904109589
NLD,1956,0.0,0.0,0.0,0.0,0.0,0.0,61,0,0.0
NLD,1957,0.0,0.0,0.0,0.0,0.0,0.0,66,0,0.0
NLD,1958,0.0,0.0,0.0,0.0,0.0,0.0,53,0,0.0
NLD,1959,0.0,0.0,0.0,0.0,0.0,0.0,71,1,0.014084507042253521
NLD,1960,0.0,0.0,0.0,0.0,0.0,0.0,103,0,0.0
NLD,1961,0.0,0.0,0.0,0.0,0.0,0.0,24,0,0.0
NLD,1962,0.0,0.0,0.0,0.0,0.0,0.0,60,1,0.016666666666666666
NLD,1963,0.0,0.0,0.0,0.0,0.0,0.0,66,3,0.045454545454545456
NLD,1964,0.0,0.0,0.0,0.0,0.0,0.0,97,0,0.0
NLD,1965,0.0,0.0,0.0,0.0,0.0,0.0,102,1,0.00980392156862745
NLD,1966,0.0,0.0,0.0,0.0,0.0,0.0,93,3,0.03225806451612903
NLD,1967,0.0,0.0,0.0,0.0,0.0,0.0,68,1,0.014705882352941176
NLD,1968,0.0,0.0,0.0,0.0,0.0,0.0,136,5,0.03676470588235294
NLD,1969,0.0,0.0,0.0,0.0,0.0,0.0,156,3,0.019230769230769232
NLD,1970,0.0,0.0,0.0,0.0,0.0,0.0,101,9,0.0891089108910891
NLD,1971,0.0,0.0,0.0,0.0,0.0,0.0,98,8,0.08163265306122448
NLD,1972,0.0,0.0,0.0,0.0,0.0,0.0,98,3,0.030612244897959183
NLD,1973,0.0,0.0,0.0,0.0,0.0,0.0,104,4,0.038461538461538464
NLD,1974,0.0,0.0,0.0,0.0,0.0,0.0,109,5,0.045871559633027525
NLD,1975,0.0,0.0,0.0,0.0,0.0,0.0,92,2,0.021739130434782608
NLD,1976,0.0,0.0,0.0,0.0,0.0,0.0,152,9,0.05921052631578947
NLD,1977,0.0,0.0,0.0,0.0,0.0,0.0,127,16,0.12598425196850394
NLD,1978,0.0,0.0,0.0,0.0,0.0,0.0,139,3,0.02158273381294964
NLD,1979,0.0,0.0,0.0,0.0,0.0,0.0,129,4,0.031007751937984496
NLD,1980,0.0,0.0,0.0,0.0,0.0,0.0,113,3,0.02654867256637168
NLD,1981,0.0,0.0,0.0,0.0,0.0,0.0,122,10,0.08196721311475409
NLD,1982,0.0,0.0,0.0,0.0,0.0,0.0,114,0,0.0
NLD,1983,0.0,0.0,0.0,0.0,0.0,0.0,155,5,0.03225806451612903
NLD,1984,0.0,0.0,0.0,0.0,0.0,0.0,105,0,0.0
NLD,1985,0.0,0.0,0.0,0.0,0.0,0.0,95,3,0.031578947368421054
NLD,1986,0.0,0.0,0.0,0.0,0.0,0.0,117,3,0.02564102564102564
NLD,1987,0.0,0.0,0.0,0.0,0.0,0.0,117,7,0.05982905982905983
NLD,1988,0.0,0.0,0.0,0.0,0.0,0.0,140,6,0.04285714285714286
NLD,1989,0.0,0.0,0.0,0.0,0.0,0.0,124,22,0.1774193548387097
NLD,1990,0.0,0.0,0.0,0.0,0.0,0.0,132,12,0.09090909090909091
NLD,1991,0.0,0.0,0.0,0.0,0.0,0.0,155,10,0.06451612903225806
NLD,1992,0.0,0.0,0.0,0.0,0.0,0.0,153,5,0.032679738562091505
NLD,1993,0.0,0.0,0.0,0.0,0.0,0.0,99,1,0.010101010101010102
NLD,1994,0.0,0.0,0.0,0.0,0.0,0.0,78,2,0.02564102564102564
NLD,1995,0.0,0.0,0.0,0.0,0.0,0.0,71,4,0.056338028169014086
NLD,1996,0.0,0.0,0.0,0.0,0.0,0.0,87,4,0.04597701149425287
NLD,1997,0.0,0.0,0.0,0.0,0.0,0.0,93,1,0.010752688172043012
NLD,1998,0.0,0.0,0.0,0.0,0.0,0.0,78,2,0.02564102564102564
NLD,1999,0.0,0.0,0.0,0.0,0.0,0.0,70,3,0.04285714285714286
NLD,2000,0.0,0.0,0.0,0.0,0.0,0.0,86,6,0.06976744186046512
NLD,2001,0.0,0.0,0.0,0.0,0.0,0.0,98,5,0.05102040816326531
NLD,2002,0.0,0.0,0.0,0.0,0.0,0.0,54,1,0.018518518518518517
NLD,2003,0.0,0.0,0.0,0.0,0.0,0.0,54,2,0.037037037037037035
NLD,2004,0.0,0.0,0.0,0.0,0.0,0.0,77,2,0.025974025974025976
NLD,2005,0.0,0.0,0.0,0.0,0.0,0.0,37,1,0.02702702702702703
NLD,2006,0.0,0.0,0.0,0.0,0.0,0.0,87,2,0.022988505747126436
NLD,2007,0.0,0.0,0.0,0.0,0.0,0.0,119,13,0.1092436974789916
NLD,2008,0.0,0.0,0.0,0.0,0.0,0.0,83,8,0.0963855421686747
NLD,2009,0.0,0.0,0.0,0.0,0.0,0.0,76,15,0.19736842105263158
NLD,2010,0.0,0.0,0.0,0.0,0.0,0.0,89,8,0.0898876404494382
NLD,2011,0.0,0.0,0.0,0.0,0.0,0.0,91,1,0.01098901098901099
NLD,2012,0.0,0.0,0.0,0.0,0.0,0.0,68,3,0.04411764705882353
NLD,2013,0.0,0.0,0.0,0.0,0.0,0.0,100,15,0.15
NLD,2014,0.0,0.0,0.0,0.0,0.0,0.0,40,6,0.15
NLD,2015,0.0,0.0,0.0,0.0,0.0,0.0,82,8,0.0975609756097561
NLD,2016,0.0,0.0,0.0,0.0,0.0,0.0,118,12,0.1016949152542373
NLD,2017,0.0,0.0,0.0,0.0,0.0,0.0,99,18,0.18181818181818182
NLD,2018,0.0,0.0,0.0,0.0,0.0,0.0,76,15,0.19736842105263158
NLD,2019,0.0,0.0,0.0,0.0,0.0,0.0,96,19,0.19791666666666666
NLD,2020,0.0,0.0,0.0,0.0,0.0,0.0,3,0,0.0
NLD,2021,0.0,0.0,0.0,0.0,0.0,0.0,85,22,0.25882352941176473
NLD,2022,0.0,0.0,0.0,0.0,0.0,0.0,83,23,0.27710843373493976
NLD,2023,0.0,0.0,0.0,0.0,0.0,0.0,85,15,0.17647058823529413
NLD,2024,0.0,0.0,0.0,0.0,0.0,1.0,141,12,0.0851063829787234
NLD,2025,0.0,0.0,0.0,0.0,0.0,0.0,83,2,0.024096385542168676
NOR,1946,0.0,0.0,0.0,0.0,0.0,0.0,59,0,0.0
NOR,1950,0.0,0.0,0.0,0.0,0.0,0.0,56,0,0.0
NOR,1954,0.0,0.0,0.0,0.0,0.0,0.0,102,2,0.0196078431372549
NOR,1956,0.0,0.0,0.0,0.0,0.0,0.0,118,3,0.025423728813559324
NOR,1958,0.0,0.0,0.0,0.0,0.0,0.0,75,3,0.04
NOR,1959,0.0,0.0,0.0,0.0,0.0,0.0,70,3,0.04285714285714286
NOR,1960,0.0,0.0,0.0,0.0,0.0,0.0,71,5,0.07042253521126761
NOR,1962,0.0,0.0,0.0,0.0,0.0,0.0,80,2,0.025
NOR,1963,0.0,0.0,0.0,0.0,0.0,0.0,71,4,0.056338028169014086
NOR,1964,0.0,0.0,0.0,0.0,0.0,0.0,88,6,0.06818181818181818
NOR,1966,0.0,0.0,0.0,0.0,0.0,0.0,75,1,0.013333333333333334
NOR,1967,0.0,0.0,0.0,0.0,0.0,0.0,94,0,0.0
NOR,1968,0.0,0.0,0.0,0.0,0.0,0.0,87,1,0.011494252873563218
NOR,1969,0.0,0.0,0.0,0.0,0.0,0.0,126,12,0.09523809523809523
NOR,1970,0.0,0.0,0.0,0.0,0.0,0.0,73,6,0.0821917808219178
NOR,1971,0.0,0.0,0.0,0.0,0.0,0.0,82,7,0.08536585365853659
NOR,1973,0.0,0.0,0.0,0.0,0.0,0.0,126,7,0.05555555555555555
NOR,1974,0.0,0.0,0.0,0.0,0.0,0.0,62,6,0.0967741935483871
NOR,1975,0.0,0.0,0.0,0.0,0.0,0.0,89,4,0.0449438202247191
NOR,1976,0.0,0.0,0.0,0.0,0.0,0.0,102,2,0.0196078431372549
NOR,1977,0.0,0.0,0.0,0.0,0.0,0.0,84,0,0.0
NOR,1978,0.0,0.0,0.0,0.0,0.0,0.0,89,3,0.033707865168539325
NOR,1979,0.0,0.0,0.0,0.0,0.0,0.0,76,1,0.013157894736842105
NOR,1980,0.0,0.0,0.0,0.0,0.0,0.0,118,6,0.05084745762711865
NOR,1982,0.0,0.0,0.0,0.0,0.0,0.0,85,6,0.07058823529411765
NOR,1983,0.0,0.0,0.0,0.0,0.0,0.0,109,5,0.045871559633027525
NOR,1984,0.0,0.0,0.0,0.0,0.0,0.0,83,2,0.024096385542168676
NOR,1985,0.0,0.0,0.0,0.0,0.0,0.0,92,3,0.03260869565217391
NOR,1986,0.0,0.0,0.0,0.0,0.0,0.0,83,13,0.1566265060240964
NOR,1987,0.0,0.0,0.0,0.0,0.0,0.0,72,8,0.1111111111111111
NOR,1988,0.0,0.0,0.0,0.0,0.0,0.0,83,13,0.1566265060240964
NOR,1989,0.0,0.0,0.0,0.0,0.0,3.0,140,45,0.32142857142857145
NOR,1990,0.0,0.0,0.0,0.0,0.0,0.0,131,10,0.07633587786259542
NOR,1991,0.0,0.0,0.0,0.0,0.0,0.0,86,16,0.18604651162790697
NOR,1992,0.0,0.0,0.0,0.0,0.0,0.0,116,10,0.08620689655172414
NOR,1993,0.0,0.0,0.0,0.0,0.0,0.0,67,10,0.14925373134328357
NOR,1994,0.0,0.0,0.0,0.0,0.0,0.0,83,9,0.10843373493975904
NOR,1995,0.0,0.0,0.0,0.0,0.0,0.0,54,2,0.037037037037037035
NOR,1996,0.0,0.0,0.0,0.0,0.0,0.0,77,7,0.09090909090909091
NOR,1997,0.0,0.0,0.0,0.0,0.0,0.0,61,2,0.03278688524590164
NOR,1998,0.0,0.0,0.0,0.0,0.0,0.0,74,6,0.08108108108108109
NOR,1999,0.0,0.0,0.0,0.0,0.0,0.0,80,6,0.075
NOR,2000,0.0,0.0,0.0,0.0,0.0,0.0,44,3,0.06818181818181818
NOR,2001,0.0,0.0,0.0,0.0,0.0,0.0,43,0,0.0
NOR,2002,0.0,0.0,0.0,0.0,0.0,0.0,62,4,0.06451612903225806
NOR,2003,0.0,0.0,0.0,0.0,0.0,0.0,60,3,0.05
NOR,2004,0.0,0.0,0.0,0.0,0.0,0.0,70,5,0.07142857142857142
NOR,2005,0.0,0.0,0.0,0.0,0.0,0.0,74,3,0.04054054054054054
NOR,2006,0.0,0.0,0.0,0.0,0.0,0.0,59,10,0.1694915254237288
NOR,2007,0.0,0.0,0.0,0.0,0.0,0.0,66,23,0.3484848484848485
NOR,2008,0.0,0.0,0.0,0.0,0.0,0.0,72,16,0.2222222222222222
NOR,2009,0.0,0.0,0.0,0.0,0.0,0.0,46,11,0.2391304347826087
NOR,2010,0.0,0.0,0.0,0.0,0.0,0.0,59,8,0.13559322033898305
NOR,2011,0.0,0.0,0.0,0.0,0.0,0.0,98,17,0.17346938775510204
NOR,2012,0.0,0.0,0.0,0.0,0.0,0.0,56,1,0.017857142857142856
NOR,2013,0.0,0.0,0.0,0.0,0.0,0.0,70,7,0.1
NOR,2014,0.0,0.0,0.0,0.0,0.0,0.0,57,7,0.12280701754385964
NOR,2015,0.0,0.0,0.0,0.0,0.0,0.0,78,8,0.10256410256410256
NOR,2016,0.0,0.0,0.0,0.0,0.0,0.0,79,16,0.20253164556962025
NOR,2017,0.0,0.0,0.0,0.0,0.0,0.0,68,14,0.20588235294117646
NOR,2018,0.0,0.0,0.0,0.0,0.0,0.0,99,23,0.23232323232323232
NOR,2019,0.0,0.0,0.0,0.0,0.0,0.0,109,35,0.3211009174311927
NOR,2020,0.0,0.0,0.0,0.0,1.0,0.0,71,19,0.2676056338028169
NOR,2021,0.0,0.0,0.0,0.0,0.0,0.0,78,20,0.2564102564102564
NOR,2022,0.0,0.0,0.0,0.0,0.0,0.0,73,25,0.3424657534246575
NOR,2023,0.0,0.0,0.0,0.0,0.0,0.0,88,25,0.2840909090909091
NOR,2024,0.0,0.0,0.0,0.0,0.0,0.0,99,9,0.09090909090909091
NOR,2025,0.0,0.0,0.0,0.0,0.0,2.0,116,9,0.07758620689655173
NPL,1956,0.0,0.0,0.0,0.0,0.0,0.0,71,3,0.04225352112676056
NPL,1957,0.0,0.0,0.0,0.0,0.0,0.0,95,0,0.0
NPL,1958,0.0,0.0,0.0,0.0,0.0,0.0,72,0,0.0
NPL,1959,0.0,0.0,0.0,1.0,0.0,0.0,61,0,0.0
NPL,1960,0.0,0.0,0.0,0.0,0.0,0.0,104,0,0.0
NPL,1961,0.0,0.0,0.0,0.0,0.0,0.0,174,1,0.005747126436781609
NPL,1962,0.0,0.0,0.0,0.0,0.0,0.0,125,3,0.024
NPL,1963,0.0,0.0,0.0,0.0,0.0,0.0,132,5,0.03787878787878788
NPL,1964,0.0,0.0,0.0,0.0,0.0,0.0,88,4,0.045454545454545456
NPL,1965,0.0,0.0,0.0,0.0,0.0,0.0,120,1,0.008333333333333333
NPL,1966,0.0,0.0,0.0,0.0,0.0,0.0,168,5,0.02976190476190476
NPL,1967,0.0,0.0,0.0,0.0,0.0,0.0,129,1,0.007751937984496124
NPL,1968,0.0,0.0,0.0,0.0,0.0,0.0,142,4,0.028169014084507043
NPL,1969,0.0,0.0,0.0,0.0,0.0,0.0,143,6,0.04195804195804196
NPL,1971,0.0,0.0,0.0,0.0,0.0,0.0,117,3,0.02564102564102564
NPL,1972,0.0,0.0,0.0,0.0,0.0,0.0,103,8,0.07766990291262135
NPL,1973,0.0,0.0,0.0,0.0,0.0,0.0,112,10,0.08928571428571429
NPL,1974,0.0,0.0,0.0,0.0,0.0,0.0,104,8,0.07692307692307693
NPL,1975,0.0,0.0,0.0,0.0,0.0,0.0,79,0,0.0
NPL,1976,0.0,0.0,0.0,0.0,0.0,0.0,102,4,0.0392156862745098
NPL,1977,0.0,0.0,0.0,0.0,0.0,0.0,87,3,0.034482758620689655
NPL,1978,0.0,0.0,0.0,0.0,0.0,0.0,101,4,0.039603960396039604
NPL,1979,0.0,0.0,0.0,0.0,0.0,0.0,95,6,0.06315789473684211
NPL,1980,0.0,0.0,0.0,0.0,0.0,0.0,95,11,0.11578947368421053
NPL,1981,0.0,0.0,1.0,0.0,0.0,0.0,90,11,0.12222222222222222
NPL,1982,0.0,0.0,0.0,0.0,0.0,0.0,77,2,0.025974025974025976
NPL,1983,0.0,0.0,0.0,0.0,0.0,0.0,73,3,0.0410958904109589
NPL,1984,0.0,0.0,0.0,0.0,0.0,0.0,112,5,0.044642857142857144
NPL,1985,0.0,0.0,0.0,0.0,0.0,0.0,103,2,0.019417475728155338
NPL,1986,0.0,0.0,0.0,0.0,0.0,0.0,76,2,0.02631578947368421
NPL,1987,0.0,0.0,0.0,0.0,0.0,0.0,66,2,0.030303030303030304
NPL,1988,0.0,0.0,0.0,0.0,0.0,0.0,89,10,0.11235955056179775
NPL,1989,0.0,0.0,0.0,0.0,0.0,0.0,98,13,0.1326530612244898
NPL,1990,0.0,0.0,0.0,0.0,0.0,0.0,79,6,0.0759493670886076
NPL,1991,0.0,0.0,0.0,0.0,0.0,0.0,72,6,0.08333333333333333
NPL,1992,0.0,0.0,0.0,0.0,0.0,0.0,130,11,0.08461538461538462
NPL,1993,0.0,0.0,0.0,0.0,0.0,0.0,69,2,0.028985507246376812
NPL,1994,0.0,0.0,0.0,0.0,0.0,0.0,75,5,0.06666666666666667
NPL,1995,0.0,0.0,0.0,0.0,0.0,0.0,91,4,0.04395604395604396
NPL,1996,0.0,0.0,0.0,0.0,0.0,0.0,69,7,0.10144927536231885
NPL,1997,0.0,0.0,0.0,0.0,0.0,0.0,75,2,0.02666666666666667
NPL,1998,0.0,0.0,0.0,0.0,0.0,0.0,69,3,0.043478260869565216
NPL,1999,0.0,0.0,0.0,0.0,0.0,0.0,55,4,0.07272727272727272
NPL,2000,0.0,0.0,0.0,0.0,0.0,0.0,77,5,0.06493506493506493
NPL,2001,0.0,0.0,0.0,0.0,0.0,0.0,48,3,0.0625
NPL,2002,0.0,0.0,0.0,0.0,0.0,0.0,53,2,0.03773584905660377
NPL,2003,0.0,0.0,0.0,0.0,0.0,0.0,63,4,0.06349206349206349
NPL,2004,0.0,0.0,0.0,0.0,0.0,0.0,83,4,0.04819277108433735
NPL,2005,0.0,0.0,0.0,0.0,0.0,0.0,45,0,0.0
NPL,2006,0.0,0.0,0.0,0.0,0.0,0.0,119,3,0.025210084033613446
NPL,2007,0.0,0.0,0.0,0.0,0.0,0.0,126,15,0.11904761904761904
NPL,2008,0.0,0.0,0.0,0.0,0.0,0.0,90,13,0.14444444444444443
NPL,2009,0.0,0.0,0.0,0.0,0.0,0.0,130,18,0.13846153846153847
NPL,2010,1.0,0.0,0.0,0.0,0.0,0.0,138,21,0.15217391304347827
NPL,2011,0.0,0.0,0.0,0.0,0.0,0.0,126,11,0.0873015873015873
NPL,2012,0.0,0.0,0.0,0.0,0.0,0.0,73,9,0.1232876712328767
NPL,2013,0.0,0.0,0.0,0.0,0.0,0.0,78,15,0.19230769230769232
NPL,2014,0.0,0.0,0.0,0.0,0.0,0.0,46,5,0.10869565217391304
NPL,2015,0.0,0.0,0.0,0.0,0.0,0.0,68,5,0.07352941176470588
NPL,2016,0.0,0.0,0.0,0.0,0.0,0.0,108,12,0.1111111111111111
NPL,2017,0.0,0.0,0.0,0.0,0.0,0.0,78,7,0.08974358974358974
NPL,2018,0.0,0.0,0.0,0.0,0.0,0.0,122,17,0.13934426229508196
NPL,2019,0.0,0.0,0.0,0.0,0.0,0.0,91,23,0.25274725274725274
NPL,2020,0.0,0.0,0.0,0.0,0.0,0.0,53,13,0.24528301886792453
NPL,2021,0.0,0.0,0.0,0.0,0.0,0.0,112,21,0.1875
NPL,2022,0.0,0.0,0.0,0.0,0.0,0.0,94,15,0.1595744680851064
NPL,2023,0.0,0.0,0.0,0.0,0.0,0.0,74,21,0.28378378378378377
NPL,2024,0.0,0.0,0.0,0.0,0.0,0.0,101,22,0.21782178217821782
NPL,2025,0.0,0.0,0.0,0.0,0.0,0.0,130,25,0.19230769230769232
NRU,2000,0.0,0.0,0.0,0.0,0.0,0.0,69,10,0.14492753623188406
NRU,2001,0.0,0.0,0.0,0.0,0.0,0.0,35,1,0.02857142857142857
NRU,2002,0.0,0.0,0.0,0.0,0.0,0.0,37,13,0.35135135135135137
NRU,2003,0.0,0.0,0.0,0.0,0.0,0.0,43,5,0.11627906976744186
NRU,2004,0.0,0.0,0.0,0.0,0.0,0.0,55,5,0.09090909090909091
NRU,2005,0.0,0.0,0.0,0.0,0.0,0.0,28,3,0.10714285714285714
NRU,2006,0.0,0.0,0.0,0.0,0.0,0.0,62,6,0.0967741935483871
NRU,2007,0.0,0.0,0.0,0.0,0.0,1.0,78,9,0.11538461538461539
NRU,2008,0.0,0.0,0.0,0.0,0.0,0.0,104,40,0.38461538461538464
NRU,2009,0.0,0.0,0.0,0.0,0.0,0.0,99,25,0.25252525252525254
NRU,2010,0.0,0.0,0.0,0.0,0.0,2.0,89,15,0.16853932584269662
NRU,2011,0.0,0.0,0.0,0.0,0.0,0.0,75,36,0.48
NRU,2012,0.0,0.0,0.0,0.0,0.0,0.0,59,27,0.4576271186440678
NRU,2013,0.0,0.0,0.0,0.0,0.0,0.0,62,24,0.3870967741935484
NRU,2014,0.0,0.0,0.0,0.0,0.0,0.0,58,15,0.25862068965517243
NRU,2015,0.0,0.0,0.0,0.0,0.0,0.0,60,21,0.35
NRU,2016,0.0,0.0,0.0,0.0,0.0,0.0,76,26,0.34210526315789475
NRU,2017,0.0,0.0,0.0,0.0,0.0,0.0,61,22,0.36065573770491804
NRU,2018,0.0,0.0,0.0,0.0,0.0,0.0,72,15,0.20833333333333334
NRU,2019,0.0,0.0,0.0,0.0,0.0,0.0,77,29,0.37662337662337664
NRU,2020,0.0,0.0,0.0,0.0,0.0,0.0,74,13,0.17567567567567569
NRU,2021,0.0,0.0,0.0,0.0,0.0,0.0,75,29,0.38666666666666666
NRU,2022,0.0,0.0,0.0,0.0,0.0,0.0,75,27,0.36
NRU,2023,0.0,0.0,0.0,0.0,0.0,0.0,83,20,0.24096385542168675
NRU,2024,0.0,0.0,0.0,0.0,0.0,0.0,78,28,0.358974358974359
NRU,2025,0.0,0.0,0.0,0.0,0.0,0.0,81,18,0.2222222222222222
NZL,1946,0.0,0.0,0.0,0.0,0.0,0.0,119,0,0.0
NZL,1947,0.0,0.0,0.0,0.0,0.0,0.0,86,1,0.011627906976744186
NZL,1948,0.0,0.0,0.0,0.0,0.0,0.0,51,0,0.0
NZL,1949,0.0,0.0,0.0,0.0,0.0,0.0,63,1,0.015873015873015872
NZL,1950,0.0,0.0,0.0,0.0,0.0,0.0,119,0,0.0
NZL,1951,0.0,0.0,0.0,0.0,0.0,0.0,78,0,0.0
NZL,1952,0.0,0.0,0.0,0.0,0.0,0.0,87,2,0.022988505747126436
NZL,1953,0.0,0.0,0.0,0.0,0.0,0.0,67,0,0.0
NZL,1954,0.0,0.0,0.0,0.0,0.0,0.0,96,1,0.010416666666666666
NZL,1955,0.0,0.0,0.0,0.0,0.0,0.0,80,1,0.0125
NZL,1956,0.0,0.0,0.0,0.0,0.0,0.0,128,1,0.0078125
NZL,1957,0.0,0.0,0.0,0.0,0.0,0.0,111,2,0.018018018018018018
NZL,1958,0.0,0.0,0.0,0.0,0.0,0.0,190,3,0.015789473684210527
NZL,1959,0.0,0.0,0.0,0.0,0.0,0.0,123,2,0.016260162601626018
NZL,1960,0.0,0.0,0.0,0.0,0.0,0.0,234,5,0.021367521367521368
NZL,1961,0.0,0.0,0.0,0.0,0.0,0.0,81,1,0.012345679012345678
NZL,1962,0.0,0.0,0.0,0.0,0.0,0.0,138,1,0.007246376811594203
NZL,1963,0.0,0.0,0.0,0.0,0.0,0.0,139,8,0.05755395683453238
NZL,1964,0.0,0.0,0.0,0.0,0.0,0.0,125,7,0.056
NZL,1965,0.0,0.0,0.0,0.0,0.0,0.0,133,1,0.007518796992481203
NZL,1966,0.0,0.0,0.0,0.0,0.0,0.0,202,3,0.01485148514851485
NZL,1967,0.0,0.0,0.0,0.0,0.0,0.0,123,3,0.024390243902439025
NZL,1968,0.0,0.0,0.0,0.0,0.0,0.0,204,3,0.014705882352941176
NZL,1969,0.0,0.0,0.0,0.0,0.0,0.0,114,2,0.017543859649122806
NZL,1970,0.0,0.0,0.0,0.0,0.0,0.0,121,6,0.049586776859504134
NZL,1971,0.0,0.0,0.0,0.0,0.0,0.0,108,2,0.018518518518518517
NZL,1972,0.0,0.0,0.0,0.0,0.0,0.0,107,6,0.056074766355140186
NZL,1973,0.0,0.0,0.0,0.0,0.0,0.0,120,9,0.075
NZL,1974,0.0,0.0,0.0,0.0,0.0,0.0,131,19,0.1450381679389313
NZL,1975,0.0,0.0,0.0,0.0,0.0,0.0,126,6,0.047619047619047616
NZL,1976,0.0,0.0,0.0,0.0,0.0,0.0,134,4,0.029850746268656716
NZL,1977,0.0,0.0,0.0,0.0,0.0,0.0,124,4,0.03225806451612903
NZL,1978,0.0,0.0,0.0,0.0,0.0,0.0,114,5,0.043859649122807015
NZL,1979,0.0,0.0,0.0,0.0,0.0,0.0,155,18,0.11612903225806452
NZL,1980,0.0,0.0,0.0,0.0,0.0,0.0,156,9,0.057692307692307696
NZL,1981,0.0,0.0,0.0,0.0,0.0,0.0,110,6,0.05454545454545454
NZL,1982,0.0,0.0,0.0,0.0,0.0,0.0,106,4,0.03773584905660377
NZL,1983,0.0,0.0,0.0,0.0,0.0,0.0,112,2,0.017857142857142856
NZL,1984,0.0,0.0,0.0,0.0,0.0,0.0,124,15,0.12096774193548387
NZL,1985,0.0,0.0,0.0,0.0,0.0,0.0,133,16,0.12030075187969924
NZL,1986,0.0,0.0,0.0,0.0,0.0,0.0,157,11,0.07006369426751592
NZL,1987,0.0,0.0,0.0,0.0,0.0,0.0,137,9,0.06569343065693431
NZL,1988,0.0,0.0,0.0,0.0,0.0,0.0,122,15,0.12295081967213115
NZL,1989,1.0,0.0,0.0,0.0,0.0,1.0,231,89,0.3852813852813853
NZL,1990,0.0,0.0,0.0,0.0,0.0,0.0,114,19,0.16666666666666666
NZL,1991,0.0,0.0,0.0,0.0,0.0,0.0,57,7,0.12280701754385964
NZL,1992,0.0,0.0,0.0,0.0,0.0,0.0,127,25,0.1968503937007874
NZL,1993,0.0,0.0,0.0,0.0,0.0,0.0,115,14,0.12173913043478261
NZL,1994,0.0,0.0,0.0,0.0,0.0,0.0,103,2,0.019417475728155338
NZL,1995,0.0,0.0,0.0,0.0,0.0,0.0,74,9,0.12162162162162163
NZL,1996,0.0,0.0,0.0,0.0,0.0,0.0,59,10,0.1694915254237288
NZL,1997,0.0,0.0,0.0,0.0,0.0,0.0,68,2,0.029411764705882353
NZL,1998,0.0,0.0,0.0,0.0,0.0,0.0,94,5,0.05319148936170213
NZL,1999,0.0,0.0,0.0,0.0,0.0,0.0,81,5,0.06172839506172839
NZL,2000,0.0,0.0,0.0,0.0,0.0,0.0,59,8,0.13559322033898305
NZL,2001,0.0,0.0,0.0,0.0,0.0,0.0,50,1,0.02
NZL,2002,0.0,0.0,0.0,0.0,0.0,0.0,52,5,0.09615384615384616
NZL,2003,0.0,0.0,0.0,0.0,0.0,0.0,47,0,0.0
NZL,2004,0.0,0.0,0.0,0.0,0.0,0.0,56,2,0.03571428571428571
NZL,2005,0.0,0.0,0.0,0.0,0.0,0.0,33,1,0.030303030303030304
NZL,2006,0.0,0.0,0.0,0.0,0.0,0.0,98,5,0.05102040816326531
NZL,2007,0.0,0.0,0.0,0.0,0.0,0.0,97,17,0.17525773195876287
NZL,2008,0.0,0.0,0.0,0.0,0.0,0.0,69,5,0.07246376811594203
NZL,2009,0.0,0.0,0.0,0.0,1.0,0.0,98,22,0.22448979591836735
NZL,2010,0.0,0.0,0.0,0.0,0.0,0.0,105,19,0.18095238095238095
NZL,2011,0.0,0.0,0.0,0.0,0.0,0.0,119,29,0.24369747899159663
NZL,2012,0.0,0.0,0.0,0.0,0.0,0.0,64,9,0.140625
NZL,2013,0.0,0.0,0.0,0.0,0.0,0.0,75,11,0.14666666666666667
NZL,2014,0.0,0.0,1.0,0.0,0.0,0.0,82,15,0.18292682926829268
NZL,2015,0.0,0.0,0.0,0.0,0.0,0.0,82,8,0.0975609756097561
NZL,2016,0.0,0.0,0.0,0.0,0.0,0.0,81,4,0.04938271604938271
NZL,2017,0.0,0.0,0.0,0.0,0.0,0.0,54,14,0.25925925925925924
NZL,2018,0.0,0.0,0.0,0.0,0.0,0.0,102,23,0.22549019607843138
NZL,2019,0.0,0.0,0.0,0.0,0.0,0.0,87,24,0.27586206896551724
NZL,2020,0.0,0.0,0.0,0.0,0.0,0.0,76,19,0.25
NZL,2021,0.0,0.0,0.0,0.0,0.0,0.0,80,30,0.375
NZL,2022,0.0,0.0,0.0,0.0,0.0,0.0,82,7,0.08536585365853659
NZL,2023,0.0,0.0,0.0,0.0,0.0,0.0,107,36,0.3364485981308411
NZL,2024,0.0,0.0,0.0,0.0,0.0,0.0,71,1,0.014084507042253521
NZL,2025,0.0,0.0,0.0,0.0,0.0,0.0,78,0,0.0
OMN,1972,0.0,0.0,0.0,0.0,0.0,0.0,36,0,0.0
OMN,1973,0.0,0.0,0.0,0.0,0.0,0.0,25,0,0.0
OMN,1974,0.0,0.0,0.0,0.0,0.0,0.0,43,6,0.13953488372093023
OMN,1975,0.0,0.0,0.0,0.0,0.0,0.0,33,4,0.12121212121212122
OMN,1976,0.0,0.0,0.0,0.0,0.0,0.0,55,0,0.0
OMN,1977,0.0,0.0,0.0,0.0,0.0,0.0,59,0,0.0
OMN,1978,0.0,0.0,0.0,0.0,0.0,0.0,39,0,0.0
OMN,1979,0.0,0.0,0.0,0.0,0.0,0.0,82,7,0.08536585365853659
OMN,1980,0.0,0.0,0.0,0.0,0.0,0.0,65,2,0.03076923076923077
OMN,1981,0.0,0.0,0.0,0.0,0.0,0.0,67,2,0.029850746268656716
OMN,1982,0.0,0.0,0.0,0.0,0.0,0.0,57,1,0.017543859649122806
OMN,1983,0.0,0.0,0.0,0.0,0.0,0.0,60,2,0.03333333333333333
OMN,1984,0.0,0.0,0.0,0.0,0.0,0.0,46,0,0.0
OMN,1985,0.0,0.0,0.0,0.0,0.0,0.0,68,1,0.014705882352941176
OMN,1986,0.0,0.0,0.0,0.0,0.0,0.0,38,1,0.02631578947368421
OMN,1987,0.0,0.0,0.0,0.0,0.0,0.0,71,4,0.056338028169014086
OMN,1988,0.0,0.0,0.0,0.0,0.0,0.0,79,0,0.0
OMN,1989,0.0,0.0,0.0,0.0,0.0,0.0,65,5,0.07692307692307693
OMN,1990,0.0,0.0,0.0,0.0,0.0,0.0,47,6,0.1276595744680851
OMN,1991,0.0,0.0,0.0,0.0,0.0,0.0,82,9,0.10975609756097561
OMN,1992,0.0,0.0,0.0,0.0,0.0,0.0,73,7,0.0958904109589041
OMN,1993,0.0,0.0,0.0,0.0,0.0,0.0,61,7,0.11475409836065574
OMN,1994,0.0,0.0,0.0,0.0,0.0,0.0,57,4,0.07017543859649122
OMN,1995,0.0,0.0,0.0,0.0,0.0,0.0,50,2,0.04
OMN,1996,0.0,0.0,0.0,0.0,0.0,0.0,58,3,0.05172413793103448
OMN,1997,0.0,0.0,0.0,0.0,0.0,0.0,73,11,0.1506849315068493
OMN,1998,0.0,0.0,0.0,0.0,0.0,0.0,67,3,0.04477611940298507
OMN,1999,0.0,0.0,0.0,0.0,0.0,0.0,67,7,0.1044776119402985
OMN,2000,0.0,0.0,0.0,0.0,0.0,0.0,57,0,0.0
OMN,2001,0.0,0.0,0.0,0.0,0.0,0.0,61,2,0.03278688524590164
OMN,2002,0.0,0.0,0.0,0.0,0.0,0.0,39,5,0.1282051282051282
OMN,2003,0.0,0.0,0.0,0.0,0.0,0.0,58,4,0.06896551724137931
OMN,2004,0.0,0.0,0.0,0.0,0.0,0.0,40,4,0.1
OMN,2006,0.0,0.0,0.0,0.0,0.0,0.0,49,5,0.10204081632653061
OMN,2007,0.0,0.0,0.0,0.0,0.0,0.0,42,5,0.11904761904761904
OMN,2008,0.0,0.0,0.0,0.0,0.0,0.0,47,5,0.10638297872340426
OMN,2009,0.0,0.0,0.0,0.0,0.0,0.0,29,2,0.06896551724137931
OMN,2010,0.0,0.0,0.0,0.0,0.0,0.0,30,4,0.13333333333333333
OMN,2011,0.0,0.0,0.0,0.0,0.0,0.0,31,3,0.0967741935483871
OMN,2012,0.0,0.0,0.0,0.0,0.0,0.0,23,0,0.0
OMN,2013,0.0,0.0,0.0,0.0,0.0,0.0,30,3,0.1
OMN,2014,0.0,0.0,0.0,0.0,0.0,0.0,30,1,0.03333333333333333
OMN,2015,0.0,0.0,0.0,0.0,0.0,0.0,31,3,0.0967741935483871
OMN,2016,0.0,0.0,0.0,0.0,0.0,0.0,22,0,0.0
OMN,2017,0.0,0.0,0.0,0.0,0.0,0.0,35,3,0.08571428571428572
OMN,2018,0.0,0.0,0.0,0.0,0.0,0.0,19,0,0.0
OMN,2019,0.0,0.0,0.0,0.0,0.0,0.0,34,5,0.14705882352941177
OMN,2020,0.0,0.0,0.0,0.0,0.0,0.0,29,2,0.06896551724137931
OMN,2021,0.0,0.0,0.0,0.0,0.0,1.0,26,5,0.19230769230769232
OMN,2022,0.0,0.0,0.0,0.0,0.0,0.0,31,8,0.25806451612903225
OMN,2023,0.0,0.0,0.0,0.0,0.0,0.0,25,5,0.2
OMN,2024,0.0,0.0,0.0,0.0,0.0,0.0,29,3,0.10344827586206896
OMN,2025,0.0,0.0,0.0,0.0,0.0,0.0,43,2,0.046511627906976744
PAK,1948,0.0,0.0,0.0,0.0,0.0,0.0,107,2,0.018691588785046728
PAK,1949,0.0,0.0,0.0,0.0,0.0,0.0,74,1,0.013513513513513514
PAK,1950,0.0,0.0,0.0,0.0,0.0,0.0,109,0,0.0
PAK,1951,0.0,0.0,0.0,0.0,0.0,0.0,138,3,0.021739130434782608
PAK,1952,0.0,0.0,0.0,0.0,0.0,0.0,98,0,0.0
PAK,1953,0.0,0.0,0.0,0.0,0.0,0.0,114,0,0.0
PAK,1954,0.0,0.0,0.0,0.0,0.0,0.0,93,0,0.0
PAK,1955,0.0,0.0,0.0,0.0,0.0,0.0,79,3,0.0379746835443038
PAK,1956,0.0,0.0,0.0,0.0,0.0,0.0,109,2,0.01834862385321101
PAK,1957,0.0,0.0,0.0,0.0,0.0,0.0,61,1,0.01639344262295082
PAK,1958,0.0,0.0,0.0,0.0,0.0,0.0,124,0,0.0
PAK,1959,0.0,0.0,0.0,0.0,0.0,0.0,130,3,0.023076923076923078
PAK,1960,0.0,0.0,0.0,0.0,0.0,0.0,159,4,0.025157232704402517
PAK,1961,0.0,0.0,0.0,0.0,0.0,0.0,76,1,0.013157894736842105
PAK,1962,0.0,0.0,0.0,0.0,0.0,0.0,239,2,0.008368200836820083
PAK,1963,0.0,0.0,0.0,0.0,0.0,0.0,209,3,0.014354066985645933
PAK,1964,0.0,0.0,0.0,0.0,0.0,0.0,234,3,0.01282051282051282
PAK,1965,0.0,0.0,0.0,0.0,0.0,0.0,295,2,0.006779661016949152
PAK,1966,0.0,0.0,0.0,0.0,0.0,0.0,219,7,0.0319634703196347
PAK,1967,0.0,0.0,0.0,0.0,0.0,0.0,166,6,0.03614457831325301
PAK,1968,0.0,0.0,0.0,0.0,0.0,0.0,196,9,0.04591836734693878
PAK,1969,0.0,0.0,0.0,0.0,0.0,0.0,201,6,0.029850746268656716
PAK,1970,0.0,0.0,0.0,0.0,0.0,0.0,205,14,0.06829268292682927
PAK,1971,0.0,0.0,0.0,0.0,0.0,0.0,189,7,0.037037037037037035
PAK,1972,0.0,0.0,0.0,0.0,0.0,0.0,103,1,0.009708737864077669
PAK,1973,0.0,0.0,0.0,0.0,0.0,0.0,87,2,0.022988505747126436
PAK,1974,0.0,0.0,0.0,0.0,0.0,0.0,83,8,0.0963855421686747
PAK,1975,0.0,0.0,0.0,0.0,0.0,0.0,88,6,0.06818181818181818
PAK,1976,0.0,0.0,0.0,0.0,0.0,0.0,85,0,0.0
PAK,1977,0.0,0.0,0.0,0.0,0.0,0.0,122,11,0.09016393442622951
PAK,1978,0.0,0.0,0.0,0.0,0.0,0.0,130,4,0.03076923076923077
PAK,1979,0.0,0.0,0.0,0.0,0.0,0.0,135,11,0.08148148148148149
PAK,1980,0.0,0.0,0.0,0.0,0.0,0.0,192,3,0.015625
PAK,1981,0.0,0.0,0.0,0.0,0.0,0.0,122,4,0.03278688524590164
PAK,1982,0.0,0.0,0.0,0.0,0.0,0.0,88,2,0.022727272727272728
PAK,1983,0.0,0.0,0.0,0.0,0.0,0.0,97,1,0.010309278350515464
PAK,1984,0.0,0.0,0.0,0.0,0.0,0.0,94,1,0.010638297872340425
PAK,1985,0.0,0.0,0.0,0.0,0.0,0.0,99,2,0.020202020202020204
PAK,1986,0.0,0.0,0.0,0.0,0.0,0.0,84,1,0.011904761904761904
PAK,1987,0.0,0.0,0.0,0.0,0.0,0.0,118,3,0.025423728813559324
PAK,1988,0.0,0.0,0.0,0.0,0.0,0.0,104,5,0.04807692307692308
PAK,1989,0.0,0.0,0.0,0.0,0.0,0.0,108,8,0.07407407407407407
PAK,1990,0.0,0.0,0.0,0.0,0.0,0.0,98,6,0.061224489795918366
PAK,1991,0.0,0.0,0.0,0.0,0.0,0.0,121,4,0.03305785123966942
PAK,1992,0.0,0.0,0.0,0.0,0.0,0.0,196,15,0.07653061224489796
PAK,1993,0.0,0.0,0.0,0.0,0.0,0.0,120,5,0.041666666666666664
PAK,1994,0.0,0.0,0.0,0.0,0.0,0.0,150,5,0.03333333333333333
PAK,1995,0.0,0.0,0.0,0.0,0.0,0.0,170,1,0.0058823529411764705
PAK,1996,0.0,0.0,0.0,0.0,0.0,0.0,63,0,0.0
PAK,1997,0.0,0.0,0.0,0.0,0.0,0.0,103,3,0.02912621359223301
PAK,1998,0.0,0.0,0.0,0.0,0.0,0.0,112,6,0.05357142857142857
PAK,1999,0.0,0.0,0.0,0.0,0.0,0.0,94,8,0.0851063829787234
PAK,2000,0.0,0.0,0.0,0.0,0.0,0.0,108,4,0.037037037037037035
PAK,2001,0.0,0.0,0.0,0.0,0.0,0.0,74,6,0.08108108108108109
PAK,2002,0.0,0.0,0.0,0.0,0.0,0.0,52,0,0.0
PAK,2003,0.0,0.0,0.0,0.0,0.0,0.0,70,0,0.0
PAK,2004,0.0,0.0,0.0,0.0,0.0,0.0,73,0,0.0
PAK,2005,0.0,0.0,0.0,0.0,0.0,0.0,76,1,0.013157894736842105
PAK,2006,0.0,0.0,0.0,0.0,0.0,0.0,78,6,0.07692307692307693
PAK,2007,0.0,0.0,0.0,0.0,0.0,0.0,112,17,0.15178571428571427
PAK,2008,0.0,0.0,0.0,0.0,0.0,0.0,150,2,0.013333333333333334
PAK,2009,0.0,0.0,0.0,0.0,0.0,0.0,88,2,0.022727272727272728
PAK,2010,0.0,0.0,0.0,0.0,0.0,2.0,97,11,0.1134020618556701
PAK,2011,0.0,0.0,0.0,0.0,0.0,0.0,185,5,0.02702702702702703
PAK,2012,0.0,0.0,0.0,0.0,0.0,0.0,86,2,0.023255813953488372
PAK,2013,0.0,0.0,0.0,0.0,0.0,0.0,106,6,0.05660377358490566
PAK,2014,0.0,0.0,0.0,0.0,0.0,0.0,82,12,0.14634146341463414
PAK,2015,0.0,0.0,0.0,0.0,0.0,0.0,80,5,0.0625
PAK,2016,0.0,0.0,0.0,0.0,0.0,0.0,75,4,0.05333333333333334
PAK,2017,0.0,0.0,0.0,0.0,0.0,0.0,78,8,0.10256410256410256
PAK,2018,0.0,0.0,0.0,0.0,0.0,0.0,107,10,0.09345794392523364
PAK,2019,1.0,0.0,0.0,0.0,0.0,0.0,242,16,0.06611570247933884
PAK,2020,0.0,0.0,0.0,0.0,0.0,0.0,66,5,0.07575757575757576
PAK,2021,0.0,0.0,0.0,0.0,0.0,0.0,80,6,0.075
PAK,2022,0.0,0.0,0.0,0.0,0.0,0.0,94,14,0.14893617021276595
PAK,2023,0.0,0.0,0.0,0.0,0.0,0.0,73,7,0.0958904109589041
PAK,2024,0.0,0.0,0.0,0.0,0.0,0.0,46,6,0.13043478260869565
PAK,2025,0.0,0.0,0.0,0.0,0.0,0.0,116,10,0.08620689655172414
PAN,1950,0.0,0.0,0.0,0.0,0.0,0.0,6,0,0.0
PAN,1951,0.0,0.0,0.0,0.0,0.0,0.0,49,1,0.02040816326530612
PAN,1952,0.0,0.0,0.0,0.0,0.0,0.0,15,0,0.0
PAN,1954,0.0,0.0,0.0,0.0,0.0,0.0,23,0,0.0
PAN,1955,0.0,0.0,0.0,0.0,0.0,0.0,20,1,0.05
PAN,1956,0.0,0.0,0.0,0.0,0.0,0.0,37,0,0.0
PAN,1957,0.0,0.0,0.0,0.0,0.0,0.0,55,1,0.01818181818181818
PAN,1958,0.0,0.0,0.0,0.0,0.0,0.0,74,2,0.02702702702702703
PAN,1959,0.0,0.0,0.0,0.0,0.0,0.0,58,0,0.0
PAN,1960,0.0,0.0,0.0,0.0,0.0,0.0,92,1,0.010869565217391304
PAN,1962,0.0,0.0,0.0,0.0,0.0,0.0,49,2,0.04081632653061224
PAN,1963,0.0,0.0,0.0,0.0,0.0,0.0,104,1,0.009615384615384616
PAN,1966,0.0,0.0,0.0,0.0,0.0,0.0,81,4,0.04938271604938271
PAN,1969,0.0,0.0,0.0,0.0,0.0,0.0,62,0,0.0
PAN,1971,0.0,0.0,0.0,0.0,0.0,0.0,32,0,0.0
PAN,1973,0.0,0.0,0.0,0.0,0.0,0.0,48,0,0.0
PAN,1975,0.0,0.0,0.0,0.0,0.0,0.0,45,0,0.0
PAN,1976,0.0,0.0,0.0,0.0,0.0,0.0,79,0,0.0
PAN,1977,0.0,0.0,0.0,0.0,0.0,0.0,69,0,0.0
PAN,1978,0.0,0.0,0.0,0.0,0.0,0.0,57,0,0.0
PAN,1979,0.0,0.0,0.0,0.0,0.0,0.0,42,0,0.0
PAN,1980,0.0,0.0,0.0,0.0,0.0,0.0,65,2,0.03076923076923077
PAN,1981,0.0,0.0,0.0,0.0,0.0,0.0,156,4,0.02564102564102564
PAN,1982,0.0,0.0,0.0,0.0,0.0,0.0,237,2,0.008438818565400843
PAN,1984,0.0,0.0,0.0,0.0,0.0,0.0,98,0,0.0
PAN,1985,0.0,0.0,0.0,0.0,0.0,0.0,67,0,0.0
PAN,1986,0.0,0.0,0.0,0.0,0.0,0.0,37,0,0.0
PAN,1987,0.0,0.0,0.0,0.0,0.0,0.0,54,0,0.0
PAN,1988,0.0,0.0,0.0,0.0,0.0,0.0,72,0,0.0
PAN,1989,0.0,0.0,0.0,0.0,0.0,0.0,89,2,0.02247191011235955
PAN,1990,0.0,0.0,0.0,0.0,0.0,0.0,100,1,0.01
PAN,1991,0.0,0.0,0.0,0.0,0.0,0.0,86,11,0.12790697674418605
PAN,1992,0.0,0.0,0.0,0.0,0.0,0.0,84,8,0.09523809523809523
PAN,1993,0.0,0.0,0.0,0.0,0.0,0.0,54,1,0.018518518518518517
PAN,1994,0.0,0.0,0.0,0.0,0.0,0.0,54,4,0.07407407407407407
PAN,1995,0.0,0.0,0.0,0.0,0.0,0.0,35,0,0.0
PAN,1996,0.0,0.0,0.0,0.0,0.0,0.0,72,8,0.1111111111111111
PAN,1997,0.0,0.0,0.0,0.0,0.0,0.0,39,0,0.0
PAN,1998,0.0,0.0,0.0,0.0,0.0,0.0,23,3,0.13043478260869565
PAN,1999,0.0,0.0,0.0,0.0,0.0,0.0,34,1,0.029411764705882353
PAN,2000,0.0,0.0,0.0,0.0,0.0,0.0,57,5,0.08771929824561403
PAN,2001,0.0,0.0,0.0,0.0,0.0,0.0,34,3,0.08823529411764706
PAN,2002,0.0,0.0,0.0,0.0,0.0,0.0,14,0,0.0
PAN,2003,0.0,0.0,0.0,0.0,0.0,0.0,26,0,0.0
PAN,2004,0.0,0.0,0.0,0.0,0.0,0.0,42,4,0.09523809523809523
PAN,2005,0.0,0.0,0.0,0.0,0.0,0.0,37,3,0.08108108108108109
PAN,2006,0.0,0.0,0.0,0.0,0.0,0.0,61,0,0.0
PAN,2007,0.0,0.0,0.0,0.0,0.0,0.0,56,2,0.03571428571428571
PAN,2008,0.0,0.0,0.0,0.0,0.0,0.0,51,15,0.29411764705882354
PAN,2009,0.0,0.0,0.0,0.0,0.0,0.0,121,14,0.11570247933884298
PAN,2010,0.0,0.0,0.0,0.0,0.0,0.0,80,5,0.0625
PAN,2011,0.0,0.0,0.0,0.0,0.0,0.0,65,9,0.13846153846153847
PAN,2012,0.0,0.0,0.0,0.0,0.0,0.0,64,4,0.0625
PAN,2013,0.0,0.0,0.0,0.0,0.0,0.0,94,16,0.1702127659574468
PAN,2014,0.0,0.0,0.0,0.0,0.0,0.0,36,3,0.08333333333333333
PAN,2015,0.0,0.0,0.0,0.0,0.0,0.0,53,7,0.1320754716981132
PAN,2016,0.0,0.0,0.0,0.0,0.0,0.0,51,8,0.1568627450980392
PAN,2017,0.0,0.0,0.0,0.0,0.0,0.0,56,4,0.07142857142857142
PAN,2018,0.0,0.0,0.0,0.0,0.0,0.0,55,6,0.10909090909090909
PAN,2019,0.0,0.0,0.0,0.0,0.0,0.0,51,7,0.13725490196078433
PAN,2020,0.0,0.0,0.0,0.0,0.0,0.0,21,1,0.047619047619047616
PAN,2021,0.0,0.0,0.0,0.0,0.0,0.0,42,8,0.19047619047619047
PAN,2022,0.0,0.0,0.0,0.0,0.0,0.0,58,9,0.15517241379310345
PAN,2023,0.0,0.0,0.0,0.0,0.0,0.0,27,12,0.4444444444444444
PAN,2024,0.0,0.0,0.0,0.0,0.0,0.0,47,13,0.2765957446808511
PAN,2025,0.0,0.0,0.0,0.0,0.0,0.0,77,17,0.22077922077922077
PER,1946,0.0,0.0,0.0,0.0,0.0,0.0,21,0,0.0
PER,1947,0.0,0.0,0.0,0.0,0.0,0.0,47,0,0.0
PER,1948,0.0,0.0,0.0,0.0,0.0,0.0,69,0,0.0
PER,1949,0.0,0.0,0.0,0.0,0.0,0.0,32,0,0.0
PER,1950,0.0,0.0,0.0,0.0,0.0,0.0,65,0,0.0
PER,1951,0.0,0.0,0.0,0.0,0.0,0.0,66,1,0.015151515151515152
PER,1952,0.0,0.0,0.0,0.0,0.0,0.0,71,0,0.0
PER,1953,0.0,0.0,0.0,0.0,0.0,0.0,119,0,0.0
PER,1954,0.0,0.0,0.0,0.0,0.0,0.0,101,2,0.019801980198019802
PER,1955,0.0,0.0,0.0,0.0,0.0,0.0,86,0,0.0
PER,1956,0.0,0.0,0.0,0.0,0.0,0.0,101,1,0.009900990099009901
PER,1957,0.0,0.0,0.0,0.0,0.0,0.0,43,0,0.0
PER,1958,0.0,0.0,1.0,0.0,0.0,0.0,88,4,0.045454545454545456
PER,1959,0.0,0.0,0.0,0.0,0.0,0.0,98,2,0.02040816326530612
PER,1961,0.0,0.0,0.0,0.0,0.0,0.0,35,1,0.02857142857142857
PER,1962,0.0,0.0,0.0,0.0,0.0,0.0,61,0,0.0
PER,1963,0.0,0.0,0.0,0.0,0.0,0.0,188,7,0.03723404255319149
PER,1964,0.0,0.0,0.0,0.0,0.0,0.0,34,0,0.0
PER,1965,0.0,0.0,0.0,0.0,0.0,0.0,145,8,0.05517241379310345
PER,1966,0.0,0.0,0.0,0.0,0.0,0.0,147,7,0.047619047619047616
PER,1967,0.0,0.0,0.0,0.0,0.0,0.0,91,0,0.0
PER,1969,0.0,0.0,0.0,0.0,0.0,0.0,205,3,0.014634146341463415
PER,1970,0.0,0.0,0.0,0.0,0.0,0.0,60,3,0.05
PER,1971,0.0,0.0,0.0,0.0,0.0,0.0,81,4,0.04938271604938271
PER,1972,0.0,0.0,0.0,0.0,0.0,0.0,80,3,0.0375
PER,1973,0.0,0.0,0.0,0.0,0.0,0.0,70,2,0.02857142857142857
PER,1974,0.0,0.0,0.0,0.0,0.0,0.0,90,6,0.06666666666666667
PER,1975,0.0,0.0,0.0,0.0,0.0,0.0,84,0,0.0
PER,1976,0.0,0.0,0.0,0.0,0.0,0.0,41,0,0.0
PER,1977,0.0,0.0,0.0,0.0,0.0,0.0,29,1,0.034482758620689655
PER,1978,0.0,0.0,0.0,0.0,0.0,0.0,52,1,0.019230769230769232
PER,1979,0.0,0.0,0.0,0.0,0.0,0.0,78,2,0.02564102564102564
PER,1980,0.0,0.0,0.0,0.0,0.0,0.0,50,4,0.08
PER,1981,0.0,0.0,0.0,0.0,0.0,0.0,61,2,0.03278688524590164
PER,1982,0.0,0.0,0.0,0.0,0.0,0.0,75,1,0.013333333333333334
PER,1983,0.0,0.0,0.0,0.0,0.0,0.0,84,0,0.0
PER,1984,0.0,0.0,1.0,0.0,0.0,0.0,57,4,0.07017543859649122
PER,1985,0.0,0.0,0.0,0.0,0.0,0.0,148,1,0.006756756756756757
PER,1986,0.0,0.0,0.0,0.0,0.0,0.0,36,0,0.0
PER,1987,0.0,0.0,0.0,0.0,0.0,0.0,41,1,0.024390243902439025
PER,1988,0.0,0.0,0.0,0.0,0.0,0.0,37,1,0.02702702702702703
PER,1989,0.0,0.0,0.0,0.0,0.0,0.0,83,5,0.060240963855421686
PER,1990,0.0,0.0,0.0,0.0,0.0,0.0,58,1,0.017241379310344827
PER,1991,0.0,0.0,0.0,0.0,0.0,0.0,78,7,0.08974358974358974
PER,1992,0.0,0.0,0.0,0.0,0.0,0.0,77,1,0.012987012987012988
PER,1993,0.0,0.0,0.0,0.0,0.0,0.0,21,0,0.0
PER,1994,0.0,0.0,0.0,0.0,0.0,0.0,27,1,0.037037037037037035
PER,1995,0.0,0.0,0.0,0.0,0.0,0.0,27,0,0.0
PER,1996,0.0,0.0,0.0,0.0,0.0,0.0,35,1,0.02857142857142857
PER,1997,0.0,0.0,0.0,0.0,0.0,0.0,61,7,0.11475409836065574
PER,1998,0.0,0.0,0.0,0.0,0.0,0.0,45,2,0.044444444444444446
PER,1999,0.0,0.0,0.0,0.0,0.0,0.0,14,0,0.0
PER,2000,0.0,0.0,0.0,0.0,0.0,0.0,45,2,0.044444444444444446
PER,2001,0.0,0.0,0.0,0.0,0.0,0.0,41,0,0.0
PER,2002,0.0,0.0,0.0,0.0,0.0,0.0,35,2,0.05714285714285714
PER,2003,0.0,0.0,0.0,0.0,0.0,0.0,41,0,0.0
PER,2004,0.0,0.0,0.0,0.0,0.0,0.0,32,1,0.03125
PER,2005,0.0,0.0,0.0,0.0,0.0,0.0,47,5,0.10638297872340426
PER,2006,0.0,0.0,0.0,0.0,0.0,0.0,61,4,0.06557377049180328
PER,2007,0.0,0.0,0.0,0.0,0.0,0.0,72,8,0.1111111111111111
PER,2008,0.0,0.0,0.0,0.0,0.0,0.0,66,11,0.16666666666666666
PER,2009,0.0,0.0,0.0,0.0,0.0,0.0,60,12,0.2
PER,2010,0.0,0.0,1.0,0.0,0.0,0.0,124,22,0.1774193548387097
PER,2011,1.0,0.0,0.0,0.0,0.0,0.0,103,10,0.0970873786407767
PER,2012,0.0,0.0,0.0,0.0,0.0,0.0,44,5,0.11363636363636363
PER,2013,0.0,0.0,0.0,0.0,0.0,0.0,79,6,0.0759493670886076
PER,2014,0.0,0.0,0.0,0.0,0.0,0.0,60,11,0.18333333333333332
PER,2015,0.0,0.0,0.0,0.0,0.0,0.0,40,11,0.275
PER,2016,1.0,0.0,0.0,0.0,0.0,0.0,26,7,0.2692307692307692
PER,2017,0.0,0.0,0.0,0.0,0.0,0.0,20,8,0.4
PER,2018,0.0,0.0,0.0,0.0,0.0,0.0,38,9,0.23684210526315788
PER,2019,0.0,0.0,0.0,0.0,0.0,0.0,50,18,0.36
PER,2020,0.0,0.0,0.0,0.0,0.0,0.0,35,5,0.14285714285714285
PER,2021,0.0,0.0,0.0,0.0,0.0,0.0,56,14,0.25
PER,2022,0.0,0.0,0.0,0.0,0.0,0.0,65,11,0.16923076923076924
PER,2023,0.0,0.0,0.0,0.0,0.0,0.0,71,22,0.30985915492957744
PER,2024,0.0,0.0,0.0,0.0,0.0,0.0,79,20,0.25316455696202533
PER,2025,0.0,0.0,0.0,0.0,0.0,0.0,97,3,0.030927835051546393
PHL,1946,0.0,0.0,0.0,0.0,0.0,0.0,75,0,0.0
PHL,1947,0.0,0.0,0.0,0.0,0.0,0.0,64,0,0.0
PHL,1948,0.0,0.0,0.0,0.0,0.0,0.0,76,0,0.0
PHL,1950,0.0,0.0,0.0,0.0,0.0,0.0,38,0,0.0
PHL,1951,0.0,0.0,0.0,0.0,0.0,0.0,87,0,0.0
PHL,1953,0.0,0.0,0.0,0.0,0.0,0.0,60,0,0.0
PHL,1954,0.0,0.0,0.0,0.0,0.0,0.0,177,2,0.011299435028248588
PHL,1956,0.0,0.0,0.0,0.0,0.0,0.0,63,2,0.031746031746031744
PHL,1957,0.0,0.0,0.0,0.0,0.0,0.0,75,0,0.0
PHL,1958,0.0,0.0,0.0,0.0,0.0,0.0,63,2,0.031746031746031744
PHL,1959,0.0,0.0,0.0,1.0,0.0,0.0,42,0,0.0
PHL,1960,0.0,0.0,0.0,0.0,0.0,0.0,146,4,0.0273972602739726
PHL,1961,0.0,0.0,0.0,0.0,0.0,0.0,79,3,0.0379746835443038
PHL,1962,0.0,0.0,0.0,0.0,0.0,0.0,79,0,0.0
PHL,1963,0.0,0.0,0.0,0.0,0.0,0.0,147,2,0.013605442176870748
PHL,1964,0.0,0.0,0.0,0.0,0.0,0.0,79,1,0.012658227848101266
PHL,1965,0.0,0.0,0.0,0.0,0.0,0.0,123,3,0.024390243902439025
PHL,1967,0.0,0.0,0.0,0.0,0.0,0.0,161,4,0.024844720496894408
PHL,1968,0.0,0.0,0.0,0.0,0.0,0.0,245,4,0.0163265306122449
PHL,1969,0.0,0.0,0.0,0.0,0.0,0.0,131,5,0.03816793893129771
PHL,1970,0.0,0.0,0.0,0.0,0.0,0.0,34,1,0.029411764705882353
PHL,1971,0.0,0.0,0.0,0.0,0.0,0.0,127,9,0.07086614173228346
PHL,1972,0.0,0.0,0.0,0.0,0.0,0.0,94,11,0.11702127659574468
PHL,1973,0.0,0.0,0.0,0.0,0.0,0.0,153,7,0.0457516339869281
PHL,1974,0.0,0.0,0.0,0.0,0.0,0.0,114,3,0.02631578947368421
PHL,1975,0.0,0.0,0.0,0.0,0.0,0.0,58,0,0.0
PHL,1976,0.0,0.0,0.0,0.0,0.0,0.0,93,6,0.06451612903225806
PHL,1977,0.0,0.0,0.0,0.0,0.0,0.0,46,4,0.08695652173913043
PHL,1978,0.0,0.0,0.0,0.0,0.0,0.0,71,3,0.04225352112676056
PHL,1979,0.0,0.0,0.0,0.0,0.0,0.0,71,1,0.014084507042253521
PHL,1980,0.0,0.0,0.0,0.0,0.0,0.0,88,4,0.045454545454545456
PHL,1981,0.0,0.0,0.0,0.0,0.0,0.0,106,1,0.009433962264150943
PHL,1982,0.0,0.0,0.0,0.0,0.0,0.0,71,0,0.0
PHL,1983,0.0,0.0,0.0,0.0,0.0,0.0,82,1,0.012195121951219513
PHL,1984,0.0,0.0,0.0,0.0,0.0,0.0,60,5,0.08333333333333333
PHL,1985,0.0,0.0,0.0,0.0,0.0,0.0,113,0,0.0
PHL,1986,0.0,0.0,0.0,0.0,0.0,0.0,57,1,0.017543859649122806
PHL,1987,0.0,0.0,0.0,0.0,0.0,0.0,107,4,0.037383177570093455
PHL,1988,0.0,0.0,0.0,0.0,0.0,0.0,96,4,0.041666666666666664
PHL,1989,0.0,0.0,0.0,0.0,0.0,0.0,64,4,0.0625
PHL,1990,0.0,0.0,0.0,0.0,0.0,0.0,70,1,0.014285714285714285
PHL,1991,0.0,0.0,0.0,0.0,0.0,0.0,58,3,0.05172413793103448
PHL,1992,0.0,0.0,0.0,0.0,0.0,0.0,124,10,0.08064516129032258
PHL,1993,0.0,0.0,0.0,0.0,0.0,0.0,59,4,0.06779661016949153
PHL,1994,0.0,0.0,0.0,0.0,0.0,0.0,67,2,0.029850746268656716
PHL,1995,0.0,0.0,0.0,0.0,0.0,0.0,52,1,0.019230769230769232
PHL,1996,0.0,0.0,0.0,0.0,0.0,0.0,54,10,0.18518518518518517
PHL,1997,0.0,0.0,0.0,0.0,0.0,0.0,69,5,0.07246376811594203
PHL,1998,0.0,0.0,0.0,0.0,0.0,0.0,87,5,0.05747126436781609
PHL,1999,0.0,0.0,0.0,0.0,0.0,0.0,80,1,0.0125
PHL,2000,0.0,0.0,0.0,0.0,0.0,0.0,58,2,0.034482758620689655
PHL,2001,0.0,0.0,0.0,0.0,0.0,0.0,40,0,0.0
PHL,2002,0.0,0.0,0.0,0.0,0.0,0.0,47,4,0.0851063829787234
PHL,2003,0.0,0.0,0.0,0.0,0.0,0.0,22,1,0.045454545454545456
PHL,2004,0.0,0.0,0.0,0.0,0.0,0.0,62,0,0.0
PHL,2005,1.0,0.0,0.0,0.0,0.0,0.0,63,5,0.07936507936507936
PHL,2006,0.0,0.0,0.0,0.0,0.0,0.0,57,5,0.08771929824561403
PHL,2007,0.0,0.0,1.0,0.0,0.0,0.0,69,10,0.14492753623188406
PHL,2008,0.0,0.0,1.0,0.0,0.0,0.0,59,9,0.15254237288135594
PHL,2009,0.0,0.0,0.0,0.0,0.0,0.0,77,10,0.12987012987012986
PHL,2010,0.0,0.0,0.0,0.0,0.0,0.0,46,7,0.15217391304347827
PHL,2011,0.0,0.0,0.0,0.0,0.0,0.0,69,4,0.057971014492753624
PHL,2012,0.0,0.0,0.0,0.0,0.0,0.0,64,5,0.078125
PHL,2013,0.0,0.0,0.0,0.0,0.0,0.0,60,9,0.15
PHL,2014,0.0,0.0,0.0,2.0,0.0,0.0,71,8,0.11267605633802817
PHL,2015,0.0,0.0,0.0,2.0,0.0,0.0,49,7,0.14285714285714285
PHL,2016,0.0,0.0,0.0,0.0,0.0,0.0,61,7,0.11475409836065574
PHL,2017,0.0,0.0,0.0,0.0,0.0,0.0,124,6,0.04838709677419355
PHL,2018,0.0,0.0,0.0,0.0,0.0,0.0,51,1,0.0196078431372549
PHL,2019,0.0,0.0,0.0,0.0,0.0,0.0,143,15,0.1048951048951049
PHL,2020,0.0,0.0,0.0,0.0,0.0,0.0,43,5,0.11627906976744186
PHL,2021,0.0,0.0,0.0,0.0,0.0,0.0,41,7,0.17073170731707318
PHL,2022,0.0,0.0,0.0,0.0,0.0,0.0,98,18,0.1836734693877551
PHL,2023,0.0,0.0,0.0,0.0,0.0,0.0,75,16,0.21333333333333335
PHL,2024,0.0,0.0,0.0,0.0,0.0,1.0,88,14,0.1590909090909091
PHL,2025,0.0,0.0,0.0,0.0,0.0,0.0,105,11,0.10476190476190476
PLW,1996,0.0,0.0,0.0,0.0,0.0,0.0,13,3,0.23076923076923078
PLW,1999,0.0,0.0,0.0,0.0,0.0,0.0,47,34,0.723404255319149
PLW,2000,0.0,0.0,0.0,0.0,0.0,0.0,28,8,0.2857142857142857
PLW,2001,0.0,0.0,0.0,0.0,0.0,0.0,36,4,0.1111111111111111
PLW,2002,0.0,0.0,0.0,0.0,0.0,0.0,36,7,0.19444444444444445
PLW,2003,0.0,0.0,0.0,0.0,0.0,0.0,31,7,0.22580645161290322
PLW,2004,0.0,0.0,0.0,0.0,0.0,0.0,29,7,0.2413793103448276
PLW,2005,0.0,0.0,0.0,0.0,0.0,0.0,46,8,0.17391304347826086
PLW,2006,0.0,0.0,0.0,0.0,0.0,0.0,77,16,0.2077922077922078
PLW,2007,0.0,0.0,0.0,0.0,0.0,0.0,47,13,0.2765957446808511
PLW,2008,0.0,0.0,0.0,0.0,0.0,0.0,56,18,0.32142857142857145
PLW,2009,0.0,0.0,0.0,0.0,0.0,0.0,62,19,0.3064516129032258
PLW,2010,0.0,0.0,0.0,0.0,0.0,0.0,80,22,0.275
PLW,2011,0.0,0.0,0.0,0.0,0.0,0.0,106,42,0.39622641509433965
PLW,2012,0.0,0.0,0.0,0.0,0.0,2.0,67,30,0.44776119402985076
PLW,2013,0.0,0.0,0.0,1.0,0.0,0.0,61,31,0.5081967213114754
PLW,2014,0.0,0.0,0.0,0.0,0.0,0.0,52,22,0.4230769230769231
PLW,2015,0.0,0.0,0.0,0.0,0.0,0.0,40,18,0.45
PLW,2016,0.0,0.0,0.0,0.0,0.0,0.0,64,23,0.359375
PLW,2017,0.0,0.0,0.0,0.0,0.0,0.0,51,17,0.3333333333333333
PLW,2018,0.0,0.0,0.0,1.0,0.0,0.0,72,34,0.4722222222222222
PLW,2019,0.0,0.0,0.0,0.0,0.0,2.0,59,26,0.4406779661016949
PLW,2020,0.0,0.0,0.0,0.0,0.0,1.0,100,36,0.36
PLW,2021,0.0,0.0,0.0,2.0,0.0,0.0,52,17,0.3269230769230769
PLW,2022,0.0,0.0,0.0,0.0,0.0,0.0,68,28,0.4117647058823529
PLW,2023,0.0,0.0,0.0,0.0,0.0,0.0,80,27,0.3375
PLW,2024,0.0,0.0,0.0,0.0,0.0,1.0,66,37,0.5606060606060606
PLW,2025,0.0,0.0,0.0,0.0,0.0,1.0,79,27,0.34177215189873417
PNG,1976,0.0,0.0,0.0,0.0,0.0,0.0,50,2,0.04
PNG,1977,0.0,0.0,0.0,0.0,0.0,0.0,50,0,0.0
PNG,1978,0.0,0.0,0.0,0.0,0.0,0.0,85,4,0.047058823529411764
PNG,1979,0.0,0.0,0.0,0.0,0.0,0.0,94,5,0.05319148936170213
PNG,1980,0.0,0.0,0.0,0.0,0.0,0.0,139,12,0.08633093525179857
PNG,1981,0.0,0.0,0.0,0.0,0.0,0.0,95,2,0.021052631578947368
PNG,1982,0.0,0.0,0.0,0.0,0.0,0.0,114,10,0.08771929824561403
PNG,1983,0.0,0.0,0.0,0.0,0.0,0.0,119,5,0.04201680672268908
PNG,1984,0.0,0.0,0.0,0.0,0.0,0.0,132,6,0.045454545454545456
PNG,1985,0.0,0.0,0.0,0.0,0.0,0.0,79,3,0.0379746835443038
PNG,1986,0.0,0.0,0.0,0.0,0.0,0.0,104,4,0.038461538461538464
PNG,1987,0.0,0.0,0.0,0.0,0.0,0.0,82,3,0.036585365853658534
PNG,1988,0.0,0.0,0.0,0.0,0.0,0.0,83,4,0.04819277108433735
PNG,1989,0.0,0.0,0.0,0.0,0.0,0.0,74,11,0.14864864864864866
PNG,1990,0.0,0.0,0.0,0.0,0.0,0.0,108,12,0.1111111111111111
PNG,1991,0.0,0.0,0.0,0.0,0.0,0.0,79,9,0.11392405063291139
PNG,1992,0.0,0.0,0.0,0.0,0.0,0.0,108,4,0.037037037037037035
PNG,1993,0.0,0.0,0.0,0.0,0.0,0.0,66,1,0.015151515151515152
PNG,1994,0.0,0.0,0.0,0.0,0.0,0.0,60,13,0.21666666666666667
PNG,1995,0.0,0.0,0.0,0.0,0.0,0.0,83,6,0.07228915662650602
PNG,1996,0.0,0.0,0.0,0.0,0.0,0.0,71,7,0.09859154929577464
PNG,1997,0.0,0.0,0.0,0.0,0.0,0.0,60,6,0.1
PNG,1998,0.0,0.0,0.0,0.0,0.0,0.0,63,18,0.2857142857142857
PNG,1999,0.0,0.0,0.0,0.0,0.0,0.0,66,10,0.15151515151515152
PNG,2000,0.0,0.0,0.0,0.0,0.0,0.0,57,2,0.03508771929824561
PNG,2001,0.0,0.0,0.0,0.0,0.0,0.0,58,12,0.20689655172413793
PNG,2002,0.0,0.0,0.0,0.0,0.0,0.0,44,11,0.25
PNG,2003,0.0,0.0,0.0,0.0,0.0,0.0,54,11,0.2037037037037037
PNG,2004,0.0,0.0,0.0,0.0,0.0,0.0,44,7,0.1590909090909091
PNG,2005,0.0,0.0,0.0,0.0,0.0,0.0,76,17,0.2236842105263158
PNG,2006,0.0,0.0,0.0,0.0,0.0,0.0,111,23,0.2072072072072072
PNG,2007,0.0,0.0,0.0,0.0,0.0,0.0,70,11,0.15714285714285714
PNG,2008,0.0,0.0,0.0,0.0,0.0,0.0,93,37,0.3978494623655914
PNG,2009,0.0,0.0,0.0,0.0,0.0,1.0,104,30,0.28846153846153844
PNG,2010,0.0,0.0,1.0,0.0,0.0,0.0,79,26,0.3291139240506329
PNG,2011,0.0,0.0,1.0,0.0,0.0,0.0,64,14,0.21875
PNG,2012,0.0,0.0,0.0,0.0,0.0,0.0,55,6,0.10909090909090909
PNG,2013,0.0,0.0,0.0,0.0,0.0,0.0,66,16,0.24242424242424243
PNG,2014,0.0,0.0,0.0,0.0,0.0,0.0,68,11,0.16176470588235295
PNG,2015,0.0,0.0,0.0,0.0,0.0,2.0,43,16,0.37209302325581395
PNG,2016,0.0,0.0,0.0,0.0,0.0,0.0,65,22,0.3384615384615385
PNG,2017,0.0,0.0,0.0,0.0,0.0,0.0,62,20,0.3225806451612903
PNG,2018,0.0,0.0,0.0,0.0,0.0,0.0,79,13,0.16455696202531644
PNG,2019,0.0,0.0,0.0,0.0,0.0,0.0,92,30,0.32608695652173914
PNG,2020,0.0,0.0,1.0,0.0,0.0,2.0,40,8,0.2
PNG,2021,0.0,0.0,2.0,0.0,0.0,1.0,118,52,0.4406779661016949
PNG,2022,0.0,0.0,0.0,0.0,0.0,0.0,75,28,0.37333333333333335
PNG,2023,0.0,0.0,0.0,0.0,0.0,0.0,132,43,0.32575757575757575
PNG,2024,0.0,0.0,0.0,0.0,0.0,1.0,92,31,0.33695652173913043
PNG,2025,0.0,0.0,0.0,0.0,0.0,0.0,112,28,0.25
POL,1946,0.0,0.0,0.0,0.0,0.0,0.0,27,0,0.0
POL,1947,0.0,0.0,0.0,0.0,0.0,0.0,65,1,0.015384615384615385
POL,1948,0.0,0.0,0.0,0.0,0.0,0.0,92,3,0.03260869565217391
POL,1949,0.0,0.0,0.0,0.0,0.0,0.0,168,1,0.005952380952380952
POL,1950,0.0,0.0,0.0,0.0,0.0,0.0,159,2,0.012578616352201259
POL,1951,0.0,0.0,0.0,0.0,0.0,0.0,216,1,0.004629629629629629
POL,1952,0.0,0.0,0.0,0.0,0.0,0.0,244,2,0.00819672131147541
POL,1953,0.0,0.0,0.0,0.0,0.0,0.0,138,0,0.0
POL,1954,0.0,0.0,0.0,0.0,0.0,0.0,183,1,0.00546448087431694
POL,1955,0.0,0.0,0.0,0.0,0.0,0.0,108,1,0.009259259259259259
POL,1956,0.0,0.0,0.0,0.0,0.0,0.0,77,0,0.0
POL,1957,0.0,0.0,0.0,0.0,0.0,0.0,84,3,0.03571428571428571
POL,1958,0.0,0.0,0.0,0.0,0.0,0.0,73,4,0.0547945205479452
POL,1959,0.0,0.0,0.0,0.0,0.0,0.0,91,0,0.0
POL,1960,0.0,0.0,0.0,0.0,0.0,0.0,194,6,0.030927835051546393
POL,1961,0.0,0.0,0.0,0.0,0.0,0.0,115,1,0.008695652173913044
POL,1962,0.0,0.0,0.0,0.0,0.0,0.0,97,2,0.020618556701030927
POL,1963,0.0,0.0,0.0,0.0,0.0,0.0,130,7,0.05384615384615385
POL,1964,0.0,0.0,0.0,0.0,0.0,0.0,84,2,0.023809523809523808
POL,1965,0.0,0.0,0.0,0.0,0.0,0.0,186,1,0.005376344086021506
POL,1966,0.0,0.0,0.0,0.0,0.0,0.0,159,3,0.018867924528301886
POL,1967,0.0,0.0,0.0,0.0,0.0,0.0,206,10,0.04854368932038835
POL,1968,0.0,0.0,0.0,0.0,0.0,0.0,201,7,0.03482587064676617
POL,1969,0.0,0.0,0.0,0.0,0.0,0.0,173,2,0.011560693641618497
POL,1971,0.0,0.0,0.0,0.0,0.0,0.0,120,8,0.06666666666666667
POL,1972,0.0,0.0,0.0,0.0,0.0,0.0,61,2,0.03278688524590164
POL,1973,0.0,0.0,0.0,0.0,0.0,0.0,82,3,0.036585365853658534
POL,1974,0.0,0.0,0.0,0.0,0.0,0.0,71,2,0.028169014084507043
POL,1975,0.0,0.0,0.0,0.0,0.0,0.0,54,1,0.018518518518518517
POL,1976,0.0,0.0,0.0,0.0,0.0,0.0,84,5,0.05952380952380952
POL,1977,0.0,0.0,0.0,0.0,0.0,0.0,99,1,0.010101010101010102
POL,1978,0.0,0.0,0.0,0.0,0.0,0.0,67,2,0.029850746268656716
POL,1979,0.0,0.0,0.0,0.0,0.0,0.0,111,2,0.018018018018018018
POL,1980,0.0,0.0,0.0,0.0,0.0,0.0,89,1,0.011235955056179775
POL,1981,0.0,0.0,0.0,0.0,0.0,0.0,82,3,0.036585365853658534
POL,1982,0.0,0.0,0.0,0.0,0.0,0.0,113,3,0.02654867256637168
POL,1983,0.0,0.0,0.0,0.0,0.0,0.0,112,3,0.026785714285714284
POL,1984,0.0,0.0,0.0,0.0,0.0,0.0,121,3,0.024793388429752067
POL,1985,0.0,0.0,0.0,0.0,0.0,0.0,121,4,0.03305785123966942
POL,1986,0.0,0.0,0.0,0.0,0.0,0.0,108,7,0.06481481481481481
POL,1987,0.0,0.0,0.0,0.0,0.0,0.0,117,9,0.07692307692307693
POL,1988,0.0,0.0,0.0,0.0,0.0,0.0,93,12,0.12903225806451613
POL,1989,0.0,0.0,0.0,0.0,0.0,0.0,104,2,0.019230769230769232
POL,1990,0.0,0.0,0.0,0.0,0.0,0.0,105,6,0.05714285714285714
POL,1991,0.0,0.0,0.0,0.0,0.0,0.0,114,7,0.06140350877192982
POL,1992,0.0,0.0,0.0,0.0,0.0,0.0,112,5,0.044642857142857144
POL,1993,0.0,0.0,0.0,0.0,0.0,0.0,98,4,0.04081632653061224
POL,1994,0.0,0.0,0.0,0.0,0.0,0.0,76,3,0.039473684210526314
POL,1995,0.0,0.0,0.0,0.0,0.0,0.0,128,1,0.0078125
POL,1996,0.0,0.0,0.0,0.0,0.0,0.0,80,1,0.0125
POL,1997,0.0,0.0,0.0,0.0,0.0,0.0,86,7,0.08139534883720931
POL,1998,0.0,0.0,0.0,0.0,0.0,0.0,83,3,0.03614457831325301
POL,1999,0.0,0.0,0.0,0.0,0.0,0.0,76,2,0.02631578947368421
POL,2000,0.0,0.0,0.0,0.0,0.0,0.0,89,5,0.056179775280898875
POL,2001,0.0,0.0,0.0,0.0,0.0,0.0,44,1,0.022727272727272728
POL,2002,0.0,0.0,0.0,0.0,0.0,0.0,47,0,0.0
POL,2003,0.0,0.0,0.0,0.0,0.0,0.0,35,1,0.02857142857142857
POL,2004,0.0,0.0,0.0,0.0,0.0,0.0,50,3,0.06
POL,2005,0.0,0.0,0.0,0.0,0.0,0.0,65,0,0.0
POL,2006,0.0,0.0,0.0,0.0,0.0,0.0,80,4,0.05
POL,2007,0.0,0.0,0.0,0.0,0.0,0.0,58,16,0.27586206896551724
POL,2008,0.0,0.0,0.0,0.0,0.0,0.0,91,16,0.17582417582417584
POL,2009,0.0,0.0,0.0,0.0,0.0,0.0,68,4,0.058823529411764705
POL,2010,0.0,0.0,0.0,0.0,0.0,2.0,104,23,0.22115384615384615
POL,2011,0.0,0.0,0.0,0.0,0.0,0.0,110,8,0.07272727272727272
POL,2012,0.0,0.0,0.0,0.0,0.0,0.0,66,1,0.015151515151515152
POL,2013,0.0,0.0,0.0,0.0,0.0,0.0,78,4,0.05128205128205128
POL,2014,0.0,0.0,0.0,0.0,0.0,0.0,80,8,0.1
POL,2015,0.0,0.0,0.0,0.0,0.0,0.0,70,6,0.08571428571428572
POL,2016,0.0,0.0,0.0,0.0,0.0,0.0,67,13,0.19402985074626866
POL,2017,0.0,0.0,0.0,0.0,0.0,0.0,63,10,0.15873015873015872
POL,2018,0.0,0.0,0.0,0.0,0.0,0.0,63,4,0.06349206349206349
POL,2019,1.0,0.0,0.0,0.0,0.0,0.0,83,20,0.24096385542168675
POL,2020,0.0,0.0,0.0,0.0,0.0,0.0,57,7,0.12280701754385964
POL,2021,0.0,0.0,0.0,0.0,0.0,0.0,98,16,0.16326530612244897
POL,2022,0.0,0.0,0.0,0.0,0.0,0.0,122,8,0.06557377049180328
POL,2023,0.0,0.0,0.0,0.0,0.0,0.0,127,3,0.023622047244094488
POL,2024,0.0,0.0,0.0,0.0,0.0,0.0,64,1,0.015625
POL,2025,0.0,0.0,0.0,0.0,0.0,0.0,143,3,0.02097902097902098
PRK,1991,0.0,0.0,0.0,0.0,0.0,0.0,71,5,0.07042253521126761
PRK,1992,0.0,0.0,0.0,0.0,0.0,0.0,114,6,0.05263157894736842
PRK,1993,0.0,0.0,0.0,0.0,0.0,0.0,58,0,0.0
PRK,1994,0.0,0.0,0.0,0.0,0.0,0.0,53,3,0.05660377358490566
PRK,1995,0.0,0.0,0.0,0.0,0.0,0.0,52,1,0.019230769230769232
PRK,1996,0.0,0.0,0.0,0.0,0.0,0.0,42,0,0.0
PRK,1997,0.0,0.0,0.0,0.0,0.0,0.0,46,0,0.0
PRK,1998,0.0,0.0,0.0,0.0,0.0,0.0,54,2,0.037037037037037035
PRK,1999,0.0,0.0,0.0,0.0,0.0,0.0,69,1,0.014492753623188406
PRK,2000,0.0,0.0,0.0,0.0,0.0,0.0,52,1,0.019230769230769232
PRK,2001,0.0,0.0,0.0,0.0,0.0,0.0,56,1,0.017857142857142856
PRK,2002,0.0,0.0,0.0,0.0,0.0,0.0,32,0,0.0
PRK,2003,0.0,0.0,0.0,0.0,0.0,0.0,33,7,0.21212121212121213
PRK,2004,0.0,0.0,0.0,0.0,0.0,0.0,25,3,0.12
PRK,2005,0.0,0.0,0.0,0.0,0.0,0.0,29,1,0.034482758620689655
PRK,2006,0.0,0.0,0.0,0.0,0.0,0.0,45,0,0.0
PRK,2007,0.0,0.0,0.0,0.0,0.0,0.0,49,3,0.061224489795918366
PRK,2008,0.0,0.0,0.0,0.0,0.0,0.0,49,2,0.04081632653061224
PRK,2009,0.0,0.0,0.0,0.0,0.0,0.0,71,9,0.1267605633802817
PRK,2010,0.0,0.0,0.0,0.0,0.0,0.0,59,2,0.03389830508474576
PRK,2011,0.0,0.0,0.0,0.0,0.0,0.0,63,2,0.031746031746031744
PRK,2012,0.0,0.0,0.0,0.0,0.0,0.0,40,1,0.025
PRK,2013,0.0,0.0,0.0,0.0,0.0,0.0,32,3,0.09375
PRK,2014,0.0,0.0,0.0,0.0,0.0,0.0,58,3,0.05172413793103448
PRK,2015,0.0,0.0,0.0,0.0,0.0,0.0,59,2,0.03389830508474576
PRK,2016,0.0,0.0,0.0,0.0,0.0,0.0,50,2,0.04
PRK,2017,0.0,0.0,0.0,0.0,0.0,0.0,65,5,0.07692307692307693
PRK,2018,0.0,0.0,0.0,0.0,0.0,0.0,48,0,0.0
PRK,2019,0.0,0.0,0.0,0.0,0.0,0.0,23,2,0.08695652173913043
PRK,2020,0.0,0.0,0.0,0.0,0.0,0.0,34,2,0.058823529411764705
PRK,2021,1.0,0.0,0.0,0.0,0.0,0.0,99,8,0.08080808080808081
PRK,2022,0.0,0.0,0.0,0.0,0.0,0.0,51,1,0.0196078431372549
PRK,2023,0.0,0.0,0.0,0.0,0.0,0.0,56,6,0.10714285714285714
PRK,2024,0.0,0.0,0.0,0.0,0.0,0.0,79,4,0.05063291139240506
PRK,2025,0.0,0.0,0.0,0.0,0.0,0.0,62,3,0.04838709677419355
PRT,1956,0.0,0.0,0.0,0.0,0.0,0.0,46,1,0.021739130434782608
PRT,1958,0.0,0.0,0.0,0.0,0.0,0.0,86,1,0.011627906976744186
PRT,1959,0.0,0.0,0.0,0.0,0.0,0.0,110,1,0.00909090909090909
PRT,1960,0.0,0.0,0.0,0.0,0.0,0.0,161,2,0.012422360248447204
PRT,1962,0.0,0.0,1.0,0.0,0.0,0.0,216,3,0.013888888888888888
PRT,1965,0.0,0.0,0.0,0.0,0.0,0.0,143,0,0.0
PRT,1972,0.0,0.0,0.0,0.0,0.0,0.0,148,0,0.0
PRT,1973,0.0,0.0,0.0,0.0,0.0,0.0,141,6,0.0425531914893617
PRT,1974,0.0,0.0,0.0,0.0,0.0,0.0,60,1,0.016666666666666666
PRT,1975,0.0,0.0,0.0,0.0,0.0,0.0,87,1,0.011494252873563218
PRT,1976,0.0,0.0,0.0,0.0,0.0,0.0,59,1,0.01694915254237288
PRT,1977,0.0,0.0,0.0,0.0,0.0,0.0,76,2,0.02631578947368421
PRT,1978,0.0,0.0,0.0,0.0,0.0,0.0,76,1,0.013157894736842105
PRT,1979,0.0,0.0,0.0,0.0,0.0,0.0,80,0,0.0
PRT,1980,0.0,0.0,0.0,0.0,0.0,0.0,59,0,0.0
PRT,1981,0.0,0.0,0.0,0.0,0.0,0.0,78,3,0.038461538461538464
PRT,1982,0.0,0.0,0.0,0.0,0.0,0.0,84,7,0.08333333333333333
PRT,1983,0.0,0.0,0.0,0.0,0.0,0.0,122,5,0.040983606557377046
PRT,1984,0.0,0.0,0.0,0.0,0.0,0.0,76,2,0.02631578947368421
PRT,1985,0.0,0.0,0.0,0.0,0.0,0.0,78,1,0.01282051282051282
PRT,1986,0.0,0.0,0.0,0.0,0.0,0.0,84,1,0.011904761904761904
PRT,1987,0.0,0.0,0.0,0.0,0.0,0.0,73,1,0.0136986301369863
PRT,1988,0.0,0.0,0.0,0.0,0.0,0.0,80,2,0.025
PRT,1989,0.0,0.0,0.0,0.0,0.0,0.0,77,8,0.1038961038961039
PRT,1990,0.0,0.0,0.0,0.0,0.0,0.0,53,5,0.09433962264150944
PRT,1991,0.0,0.0,0.0,0.0,0.0,0.0,51,5,0.09803921568627451
PRT,1992,0.0,0.0,0.0,0.0,0.0,0.0,95,1,0.010526315789473684
PRT,1993,0.0,0.0,0.0,0.0,0.0,0.0,51,4,0.0784313725490196
PRT,1994,0.0,0.0,0.0,0.0,0.0,0.0,70,1,0.014285714285714285
PRT,1995,0.0,0.0,0.0,0.0,0.0,0.0,55,4,0.07272727272727272
PRT,1996,0.0,0.0,0.0,0.0,0.0,0.0,68,5,0.07352941176470588
PRT,1997,0.0,0.0,0.0,0.0,0.0,0.0,54,6,0.1111111111111111
PRT,1998,0.0,0.0,0.0,0.0,0.0,0.0,31,2,0.06451612903225806
PRT,1999,0.0,0.0,0.0,0.0,0.0,0.0,26,0,0.0
PRT,2000,0.0,0.0,0.0,0.0,0.0,0.0,61,7,0.11475409836065574
PRT,2001,0.0,0.0,0.0,0.0,0.0,0.0,33,0,0.0
PRT,2002,0.0,0.0,0.0,0.0,0.0,0.0,36,1,0.027777777777777776
PRT,2003,0.0,0.0,0.0,0.0,0.0,0.0,56,2,0.03571428571428571
PRT,2004,0.0,0.0,0.0,0.0,0.0,0.0,58,4,0.06896551724137931
PRT,2005,0.0,0.0,0.0,0.0,0.0,0.0,38,3,0.07894736842105263
PRT,2006,0.0,0.0,0.0,0.0,0.0,0.0,69,2,0.028985507246376812
PRT,2007,0.0,0.0,0.0,0.0,0.0,0.0,84,13,0.15476190476190477
PRT,2008,0.0,0.0,0.0,0.0,0.0,0.0,73,9,0.1232876712328767
PRT,2009,0.0,0.0,0.0,0.0,0.0,0.0,89,21,0.23595505617977527
PRT,2010,0.0,0.0,0.0,0.0,0.0,0.0,82,15,0.18292682926829268
PRT,2011,0.0,0.0,0.0,0.0,0.0,0.0,95,3,0.031578947368421054
PRT,2012,0.0,0.0,0.0,0.0,0.0,0.0,46,1,0.021739130434782608
PRT,2013,0.0,0.0,0.0,0.0,0.0,0.0,72,8,0.1111111111111111
PRT,2014,0.0,0.0,0.0,0.0,0.0,0.0,81,9,0.1111111111111111
PRT,2015,0.0,0.0,0.0,0.0,0.0,0.0,46,9,0.1956521739130435
PRT,2016,0.0,0.0,0.0,0.0,0.0,0.0,45,7,0.15555555555555556
PRT,2017,0.0,0.0,0.0,0.0,0.0,0.0,58,11,0.1896551724137931
PRT,2018,0.0,0.0,0.0,0.0,0.0,0.0,36,5,0.1388888888888889
PRT,2019,0.0,0.0,0.0,0.0,0.0,0.0,32,5,0.15625
PRT,2020,0.0,0.0,0.0,0.0,0.0,0.0,48,5,0.10416666666666667
PRT,2021,0.0,0.0,0.0,0.0,0.0,0.0,25,7,0.28
PRT,2022,0.0,0.0,0.0,0.0,0.0,2.0,46,15,0.32608695652173914
PRT,2023,0.0,0.0,0.0,0.0,0.0,0.0,48,9,0.1875
PRT,2024,0.0,0.0,0.0,0.0,0.0,0.0,93,24,0.25806451612903225
PRT,2025,0.0,0.0,0.0,0.0,0.0,0.0,137,5,0.0364963503649635
PRY,1951,0.0,0.0,0.0,0.0,0.0,0.0,11,0,0.0
PRY,1952,0.0,0.0,0.0,0.0,0.0,0.0,36,0,0.0
PRY,1955,0.0,0.0,0.0,0.0,0.0,0.0,40,0,0.0
PRY,1956,0.0,0.0,0.0,0.0,0.0,0.0,51,0,0.0
PRY,1957,0.0,0.0,1.0,0.0,0.0,0.0,19,1,0.05263157894736842
PRY,1959,0.0,0.0,0.0,0.0,0.0,0.0,81,0,0.0
PRY,1960,0.0,0.0,0.0,0.0,0.0,0.0,96,2,0.020833333333333332
PRY,1961,0.0,0.0,0.0,0.0,0.0,0.0,40,0,0.0
PRY,1962,0.0,0.0,0.0,0.0,0.0,0.0,46,2,0.043478260869565216
PRY,1963,0.0,0.0,0.0,0.0,0.0,0.0,87,2,0.022988505747126436
PRY,1964,0.0,0.0,0.0,0.0,0.0,0.0,83,0,0.0
PRY,1965,0.0,0.0,0.0,0.0,0.0,0.0,77,0,0.0
PRY,1966,0.0,0.0,0.0,0.0,0.0,0.0,100,6,0.06
PRY,1967,0.0,0.0,0.0,0.0,0.0,0.0,49,1,0.02040816326530612
PRY,1968,0.0,0.0,0.0,0.0,0.0,0.0,89,2,0.02247191011235955
PRY,1969,0.0,0.0,0.0,0.0,0.0,0.0,104,2,0.019230769230769232
PRY,1970,0.0,0.0,0.0,0.0,0.0,0.0,60,0,0.0
PRY,1971,0.0,0.0,0.0,0.0,0.0,0.0,51,0,0.0
PRY,1972,0.0,0.0,0.0,0.0,0.0,0.0,69,6,0.08695652173913043
PRY,1973,0.0,0.0,0.0,0.0,0.0,0.0,77,2,0.025974025974025976
PRY,1974,0.0,0.0,1.0,0.0,0.0,0.0,74,7,0.0945945945945946
PRY,1975,0.0,0.0,2.0,0.0,0.0,0.0,70,6,0.08571428571428572
PRY,1976,0.0,0.0,0.0,0.0,0.0,0.0,39,7,0.1794871794871795
PRY,1977,0.0,0.0,0.0,0.0,0.0,0.0,31,2,0.06451612903225806
PRY,1979,0.0,0.0,1.0,0.0,0.0,0.0,27,8,0.2962962962962963
PRY,1980,0.0,0.0,0.0,0.0,0.0,0.0,25,1,0.04
PRY,1981,0.0,0.0,1.0,0.0,0.0,0.0,30,2,0.06666666666666667
PRY,1982,0.0,0.0,1.0,0.0,0.0,0.0,50,1,0.02
PRY,1983,0.0,0.0,1.0,0.0,0.0,0.0,159,15,0.09433962264150944
PRY,1984,0.0,0.0,1.0,0.0,0.0,0.0,41,0,0.0
PRY,1985,0.0,0.0,2.0,0.0,0.0,0.0,68,2,0.029411764705882353
PRY,1986,0.0,0.0,1.0,0.0,0.0,0.0,53,2,0.03773584905660377
PRY,1987,0.0,0.0,0.0,0.0,0.0,0.0,81,2,0.024691358024691357
PRY,1988,0.0,0.0,2.0,0.0,0.0,0.0,75,5,0.06666666666666667
PRY,1989,0.0,0.0,1.0,0.0,0.0,0.0,81,7,0.08641975308641975
PRY,1990,0.0,0.0,0.0,0.0,0.0,0.0,50,2,0.04
PRY,1991,0.0,0.0,0.0,0.0,0.0,0.0,59,4,0.06779661016949153
PRY,1992,0.0,0.0,0.0,0.0,0.0,0.0,101,8,0.07920792079207921
PRY,1993,0.0,0.0,0.0,0.0,0.0,0.0,77,4,0.05194805194805195
PRY,1994,0.0,0.0,1.0,0.0,0.0,0.0,79,1,0.012658227848101266
PRY,1995,0.0,0.0,0.0,0.0,0.0,0.0,59,5,0.0847457627118644
PRY,1996,0.0,0.0,0.0,0.0,0.0,0.0,70,2,0.02857142857142857
PRY,1997,0.0,0.0,0.0,0.0,0.0,0.0,40,5,0.125
PRY,1998,0.0,0.0,0.0,0.0,0.0,0.0,27,1,0.037037037037037035
PRY,1999,0.0,0.0,0.0,0.0,0.0,0.0,35,2,0.05714285714285714
PRY,2000,0.0,0.0,0.0,0.0,0.0,0.0,56,3,0.05357142857142857
PRY,2001,0.0,0.0,0.0,0.0,0.0,0.0,31,0,0.0
PRY,2002,0.0,0.0,0.0,0.0,0.0,0.0,48,1,0.020833333333333332
PRY,2003,0.0,0.0,0.0,0.0,0.0,0.0,37,1,0.02702702702702703
PRY,2004,0.0,0.0,0.0,0.0,0.0,0.0,21,1,0.047619047619047616
PRY,2005,0.0,0.0,0.0,0.0,0.0,0.0,43,4,0.09302325581395349
PRY,2006,0.0,0.0,0.0,0.0,0.0,0.0,78,2,0.02564102564102564
PRY,2007,0.0,0.0,0.0,0.0,0.0,0.0,100,6,0.06
PRY,2008,0.0,0.0,0.0,0.0,0.0,0.0,101,13,0.12871287128712872
PRY,2009,0.0,0.0,0.0,0.0,0.0,0.0,69,6,0.08695652173913043
PRY,2010,0.0,0.0,0.0,0.0,0.0,0.0,55,5,0.09090909090909091
PRY,2011,0.0,0.0,0.0,0.0,0.0,0.0,98,9,0.09183673469387756
PRY,2012,0.0,0.0,1.0,0.0,0.0,0.0,49,2,0.04081632653061224
PRY,2013,0.0,0.0,1.0,0.0,0.0,0.0,59,5,0.0847457627118644
PRY,2014,0.0,0.0,0.0,0.0,0.0,0.0,46,4,0.08695652173913043
PRY,2015,0.0,0.0,0.0,0.0,0.0,0.0,58,8,0.13793103448275862
PRY,2016,0.0,0.0,0.0,0.0,0.0,0.0,50,6,0.12
PRY,2017,0.0,0.0,0.0,0.0,0.0,0.0,56,10,0.17857142857142858
PRY,2018,0.0,0.0,0.0,0.0,0.0,0.0,73,9,0.1232876712328767
PRY,2019,1.0,0.0,1.0,0.0,0.0,0.0,48,9,0.1875
PRY,2020,0.0,0.0,0.0,0.0,0.0,0.0,24,2,0.08333333333333333
PRY,2021,0.0,0.0,0.0,0.0,0.0,0.0,26,4,0.15384615384615385
PRY,2022,0.0,0.0,0.0,0.0,0.0,0.0,41,4,0.0975609756097561
PRY,2023,1.0,0.0,1.0,0.0,0.0,0.0,57,17,0.2982456140350877
PRY,2024,0.0,0.0,1.0,0.0,0.0,0.0,63,5,0.07936507936507936
PRY,2025,0.0,0.0,0.0,0.0,0.0,0.0,187,4,0.0213903743315508
PSE,1998,0.0,0.0,0.0,0.0,0.0,0.0,81,0,0.0
PSE,1999,0.0,0.0,0.0,0.0,0.0,0.0,58,0,0.0
PSE,2000,0.0,0.0,0.0,0.0,0.0,0.0,78,1,0.01282051282051282
PSE,2001,0.0,0.0,0.0,0.0,0.0,0.0,60,0,0.0
PSE,2002,0.0,0.0,0.0,0.0,0.0,0.0,50,1,0.02
PSE,2003,0.0,0.0,0.0,0.0,0.0,0.0,64,0,0.0
PSE,2004,0.0,0.0,0.0,0.0,0.0,0.0,35,0,0.0
PSE,2005,0.0,0.0,0.0,0.0,0.0,0.0,40,1,0.025
PSE,2006,0.0,0.0,0.0,0.0,0.0,0.0,39,0,0.0
PSE,2007,0.0,0.0,0.0,0.0,0.0,0.0,59,2,0.03389830508474576
PSE,2008,0.0,0.0,0.0,0.0,0.0,0.0,63,1,0.015873015873015872
PSE,2009,0.0,0.0,0.0,0.0,0.0,0.0,38,1,0.02631578947368421
PSE,2010,0.0,0.0,0.0,0.0,0.0,0.0,68,2,0.029411764705882353
PSE,2011,0.0,0.0,0.0,0.0,0.0,0.0,125,0,0.0
PSE,2012,0.0,0.0,0.0,0.0,0.0,0.0,65,0,0.0
PSE,2013,0.0,0.0,0.0,0.0,0.0,0.0,68,2,0.029411764705882353
PSE,2014,0.0,0.0,0.0,0.0,0.0,0.0,81,0,0.0
PSE,2015,0.0,0.0,0.0,0.0,0.0,0.0,106,0,0.0
PSE,2016,0.0,0.0,0.0,0.0,0.0,0.0,82,1,0.012195121951219513
PSE,2017,0.0,0.0,0.0,0.0,0.0,0.0,149,1,0.006711409395973154
PSE,2018,0.0,0.0,0.0,0.0,0.0,0.0,144,0,0.0
PSE,2019,0.0,0.0,0.0,0.0,0.0,0.0,95,0,0.0
PSE,2020,0.0,0.0,0.0,0.0,0.0,0.0,20,0,0.0
PSE,2021,0.0,0.0,0.0,0.0,0.0,0.0,44,0,0.0
PSE,2022,0.0,0.0,0.0,0.0,0.0,0.0,169,0,0.0
PSE,2023,0.0,0.0,0.0,0.0,0.0,0.0,69,0,0.0
PSE,2024,0.0,0.0,0.0,0.0,0.0,0.0,56,1,0.017857142857142856
PSE,2025,0.0,0.0,0.0,0.0,0.0,0.0,76,0,0.0
QAT,1971,0.0,0.0,0.0,0.0,0.0,0.0,59,2,0.03389830508474576
QAT,1972,0.0,0.0,0.0,0.0,0.0,0.0,16,0,0.0
QAT,1973,0.0,0.0,0.0,0.0,0.0,0.0,30,0,0.0
QAT,1974,0.0,0.0,0.0,0.0,0.0,0.0,38,1,0.02631578947368421
QAT,1975,0.0,0.0,0.0,0.0,0.0,0.0,25,2,0.08
QAT,1976,0.0,0.0,0.0,0.0,0.0,0.0,36,0,0.0
QAT,1977,0.0,0.0,0.0,0.0,0.0,0.0,50,1,0.02
QAT,1978,0.0,0.0,0.0,0.0,0.0,0.0,56,0,0.0
QAT,1979,0.0,0.0,0.0,0.0,0.0,0.0,45,0,0.0
QAT,1980,0.0,0.0,0.0,0.0,0.0,0.0,62,2,0.03225806451612903
QAT,1981,0.0,0.0,0.0,0.0,0.0,0.0,44,0,0.0
QAT,1982,0.0,0.0,0.0,0.0,0.0,0.0,74,1,0.013513513513513514
QAT,1983,0.0,0.0,0.0,0.0,0.0,0.0,36,0,0.0
QAT,1984,0.0,0.0,0.0,0.0,0.0,0.0,36,0,0.0
QAT,1985,0.0,0.0,0.0,0.0,0.0,0.0,40,0,0.0
QAT,1986,0.0,0.0,0.0,0.0,0.0,0.0,47,1,0.02127659574468085
QAT,1987,0.0,0.0,0.0,0.0,0.0,0.0,50,0,0.0
QAT,1988,0.0,0.0,0.0,0.0,0.0,0.0,47,2,0.0425531914893617
QAT,1989,0.0,0.0,0.0,0.0,0.0,0.0,69,3,0.043478260869565216
QAT,1990,0.0,0.0,0.0,0.0,0.0,0.0,60,5,0.08333333333333333
QAT,1991,0.0,0.0,0.0,0.0,0.0,0.0,36,6,0.16666666666666666
QAT,1992,0.0,0.0,0.0,0.0,0.0,0.0,54,5,0.09259259259259259
QAT,1993,0.0,0.0,0.0,0.0,0.0,0.0,63,10,0.15873015873015872
QAT,1994,0.0,0.0,0.0,0.0,0.0,0.0,70,4,0.05714285714285714
QAT,1995,0.0,0.0,0.0,0.0,0.0,0.0,50,2,0.04
QAT,1996,0.0,0.0,0.0,0.0,0.0,0.0,37,3,0.08108108108108109
QAT,1997,0.0,0.0,0.0,0.0,0.0,0.0,65,1,0.015384615384615385
QAT,1998,0.0,0.0,0.0,0.0,0.0,0.0,60,3,0.05
QAT,1999,0.0,0.0,0.0,0.0,0.0,0.0,46,0,0.0
QAT,2000,0.0,0.0,0.0,0.0,0.0,0.0,72,1,0.013888888888888888
QAT,2001,0.0,0.0,0.0,0.0,0.0,0.0,34,1,0.029411764705882353
QAT,2002,0.0,0.0,0.0,0.0,0.0,0.0,39,0,0.0
QAT,2003,0.0,0.0,0.0,0.0,0.0,0.0,38,0,0.0
QAT,2004,0.0,0.0,0.0,0.0,0.0,0.0,33,0,0.0
QAT,2005,0.0,0.0,0.0,0.0,0.0,0.0,21,1,0.047619047619047616
QAT,2006,0.0,0.0,0.0,0.0,0.0,0.0,39,0,0.0
QAT,2007,0.0,0.0,0.0,0.0,0.0,0.0,31,3,0.0967741935483871
QAT,2008,0.0,0.0,0.0,0.0,0.0,0.0,25,0,0.0
QAT,2009,0.0,0.0,0.0,0.0,0.0,0.0,45,14,0.3111111111111111
QAT,2010,0.0,0.0,0.0,0.0,0.0,0.0,46,7,0.15217391304347827
QAT,2011,0.0,0.0,0.0,0.0,0.0,0.0,30,0,0.0
QAT,2012,0.0,0.0,0.0,0.0,0.0,0.0,43,4,0.09302325581395349
QAT,2013,0.0,0.0,0.0,0.0,0.0,0.0,54,3,0.05555555555555555
QAT,2014,0.0,0.0,0.0,0.0,0.0,0.0,58,1,0.017241379310344827
QAT,2015,0.0,0.0,0.0,0.0,0.0,0.0,59,2,0.03389830508474576
QAT,2016,0.0,0.0,0.0,0.0,0.0,0.0,60,0,0.0
QAT,2017,0.0,0.0,0.0,0.0,0.0,0.0,63,0,0.0
QAT,2018,0.0,0.0,0.0,0.0,0.0,0.0,54,0,0.0
QAT,2019,0.0,0.0,0.0,0.0,0.0,0.0,51,5,0.09803921568627451
QAT,2020,0.0,0.0,0.0,0.0,0.0,0.0,28,3,0.10714285714285714
QAT,2021,0.0,0.0,0.0,0.0,0.0,0.0,46,2,0.043478260869565216
QAT,2022,0.0,0.0,0.0,0.0,0.0,0.0,68,12,0.17647058823529413
QAT,2023,0.0,0.0,0.0,0.0,0.0,0.0,66,12,0.18181818181818182
QAT,2024,0.0,0.0,0.0,0.0,0.0,0.0,63,0,0.0
QAT,2025,0.0,0.0,0.0,0.0,0.0,0.0,69,0,0.0
ROU,1956,0.0,0.0,0.0,0.0,1.0,0.0,69,2,0.028985507246376812
ROU,1957,0.0,0.0,0.0,0.0,0.0,0.0,74,2,0.02702702702702703
ROU,1958,0.0,0.0,0.0,0.0,0.0,0.0,52,1,0.019230769230769232
ROU,1959,0.0,0.0,0.0,0.0,0.0,0.0,69,1,0.014492753623188406
ROU,1960,0.0,0.0,0.0,0.0,0.0,0.0,132,1,0.007575757575757576
ROU,1961,0.0,0.0,0.0,0.0,0.0,0.0,73,1,0.0136986301369863
ROU,1962,0.0,0.0,0.0,0.0,0.0,0.0,73,0,0.0
ROU,1963,0.0,0.0,0.0,0.0,0.0,0.0,90,2,0.022222222222222223
ROU,1964,0.0,0.0,0.0,0.0,0.0,0.0,38,3,0.07894736842105263
ROU,1965,0.0,0.0,0.0,0.0,0.0,0.0,90,3,0.03333333333333333
ROU,1966,0.0,0.0,0.0,0.0,0.0,0.0,97,2,0.020618556701030927
ROU,1967,0.0,0.0,0.0,0.0,0.0,0.0,100,2,0.02
ROU,1968,0.0,0.0,0.0,0.0,0.0,0.0,125,2,0.016
ROU,1969,0.0,0.0,0.0,0.0,0.0,0.0,126,4,0.031746031746031744
ROU,1971,0.0,0.0,0.0,0.0,0.0,0.0,68,0,0.0
ROU,1972,0.0,0.0,0.0,0.0,0.0,0.0,57,1,0.017543859649122806
ROU,1973,0.0,0.0,0.0,0.0,0.0,0.0,78,0,0.0
ROU,1974,0.0,0.0,0.0,0.0,0.0,0.0,86,2,0.023255813953488372
ROU,1975,0.0,0.0,0.0,0.0,0.0,0.0,97,1,0.010309278350515464
ROU,1976,0.0,0.0,0.0,0.0,0.0,0.0,99,4,0.04040404040404041
ROU,1977,0.0,0.0,0.0,0.0,0.0,0.0,73,4,0.0547945205479452
ROU,1978,0.0,0.0,0.0,0.0,0.0,0.0,48,0,0.0
ROU,1979,0.0,0.0,0.0,0.0,0.0,0.0,61,3,0.04918032786885246
ROU,1980,0.0,0.0,0.0,0.0,0.0,0.0,54,0,0.0
ROU,1981,0.0,0.0,0.0,0.0,0.0,0.0,72,2,0.027777777777777776
ROU,1982,0.0,0.0,0.0,0.0,0.0,0.0,83,4,0.04819277108433735
ROU,1983,0.0,0.0,0.0,0.0,0.0,0.0,50,2,0.04
ROU,1984,0.0,0.0,0.0,0.0,0.0,0.0,62,4,0.06451612903225806
ROU,1985,0.0,0.0,0.0,0.0,0.0,0.0,68,2,0.029411764705882353
ROU,1986,0.0,0.0,0.0,0.0,0.0,0.0,49,3,0.061224489795918366
ROU,1987,0.0,0.0,0.0,0.0,0.0,0.0,52,5,0.09615384615384616
ROU,1988,0.0,0.0,0.0,0.0,0.0,0.0,41,5,0.12195121951219512
ROU,1989,0.0,0.0,0.0,0.0,0.0,0.0,39,0,0.0
ROU,1990,0.0,0.0,0.0,0.0,0.0,0.0,111,2,0.018018018018018018
ROU,1991,0.0,0.0,0.0,0.0,0.0,0.0,80,4,0.05
ROU,1992,0.0,0.0,0.0,0.0,0.0,0.0,102,2,0.0196078431372549
ROU,1993,0.0,0.0,0.0,0.0,0.0,0.0,70,3,0.04285714285714286
ROU,1994,0.0,0.0,0.0,0.0,0.0,0.0,53,1,0.018867924528301886
ROU,1995,0.0,0.0,0.0,0.0,0.0,0.0,46,2,0.043478260869565216
ROU,1996,0.0,0.0,0.0,0.0,0.0,0.0,46,4,0.08695652173913043
ROU,1997,0.0,0.0,0.0,0.0,0.0,0.0,44,0,0.0
ROU,1998,0.0,0.0,0.0,0.0,0.0,0.0,47,0,0.0
ROU,1999,0.0,0.0,0.0,0.0,0.0,0.0,49,1,0.02040816326530612
ROU,2000,0.0,0.0,0.0,0.0,0.0,0.0,63,4,0.06349206349206349
ROU,2001,0.0,0.0,0.0,0.0,0.0,0.0,55,3,0.05454545454545454
ROU,2002,0.0,0.0,0.0,0.0,0.0,0.0,57,1,0.017543859649122806
ROU,2003,0.0,0.0,0.0,0.0,0.0,0.0,54,3,0.05555555555555555
ROU,2004,0.0,0.0,0.0,0.0,0.0,0.0,33,2,0.06060606060606061
ROU,2005,0.0,0.0,0.0,0.0,0.0,0.0,44,0,0.0
ROU,2006,0.0,0.0,0.0,0.0,0.0,0.0,116,2,0.017241379310344827
ROU,2007,0.0,0.0,0.0,0.0,0.0,0.0,103,9,0.08737864077669903
ROU,2008,0.0,0.0,0.0,0.0,0.0,0.0,89,7,0.07865168539325842
ROU,2009,0.0,0.0,0.0,0.0,0.0,0.0,101,14,0.13861386138613863
ROU,2010,0.0,0.0,0.0,0.0,0.0,0.0,66,7,0.10606060606060606
ROU,2011,0.0,0.0,0.0,0.0,0.0,0.0,72,7,0.09722222222222222
ROU,2012,0.0,0.0,0.0,0.0,0.0,0.0,53,1,0.018867924528301886
ROU,2013,0.0,0.0,0.0,0.0,0.0,0.0,62,5,0.08064516129032258
ROU,2014,0.0,0.0,0.0,0.0,0.0,0.0,41,3,0.07317073170731707
ROU,2015,0.0,0.0,0.0,0.0,0.0,0.0,65,4,0.06153846153846154
ROU,2016,0.0,0.0,0.0,0.0,0.0,0.0,41,9,0.21951219512195122
ROU,2017,0.0,0.0,0.0,0.0,0.0,0.0,35,5,0.14285714285714285
ROU,2018,0.0,0.0,0.0,0.0,0.0,0.0,45,10,0.2222222222222222
ROU,2019,0.0,0.0,0.0,0.0,0.0,0.0,25,10,0.4
ROU,2020,0.0,0.0,0.0,0.0,0.0,0.0,57,9,0.15789473684210525
ROU,2021,0.0,0.0,0.0,0.0,0.0,0.0,41,5,0.12195121951219512
ROU,2022,0.0,0.0,0.0,0.0,0.0,0.0,38,12,0.3157894736842105
ROU,2023,0.0,0.0,0.0,0.0,0.0,0.0,49,13,0.2653061224489796
ROU,2024,0.0,0.0,0.0,0.0,0.0,0.0,69,7,0.10144927536231885
ROU,2025,0.0,0.0,0.0,0.0,0.0,0.0,117,11,0.09401709401709402
RUS,1946,0.0,0.0,0.0,0.0,0.0,0.0,150,3,0.02
RUS,1947,0.0,0.0,0.0,0.0,0.0,0.0,214,2,0.009345794392523364
RUS,1948,0.0,0.0,0.0,0.0,0.0,0.0,141,4,0.028368794326241134
RUS,1949,0.0,0.0,0.0,0.0,0.0,0.0,69,1,0.014492753623188406
RUS,1950,0.0,0.0,0.0,0.0,0.0,0.0,57,0,0.0
RUS,1951,0.0,0.0,0.0,0.0,0.0,0.0,412,9,0.021844660194174758
RUS,1952,0.0,0.0,0.0,0.0,0.0,0.0,207,0,0.0
RUS,1953,0.0,0.0,0.0,0.0,0.0,0.0,263,6,0.022813688212927757
RUS,1954,0.0,0.0,0.0,0.0,0.0,0.0,266,9,0.03383458646616541
RUS,1955,0.0,0.0,0.0,0.0,0.0,0.0,213,5,0.023474178403755867
RUS,1956,0.0,0.0,0.0,0.0,0.0,0.0,206,1,0.0048543689320388345
RUS,1957,0.0,0.0,0.0,0.0,0.0,0.0,256,5,0.01953125
RUS,1958,0.0,0.0,0.0,0.0,0.0,0.0,305,6,0.019672131147540985
RUS,1959,0.0,0.0,0.0,0.0,0.0,0.0,281,9,0.03202846975088968
RUS,1960,0.0,0.0,0.0,0.0,0.0,0.0,405,9,0.022222222222222223
RUS,1961,0.0,0.0,0.0,0.0,0.0,0.0,309,2,0.006472491909385114
RUS,1962,0.0,0.0,1.0,0.0,0.0,0.0,266,8,0.03007518796992481
RUS,1963,0.0,0.0,0.0,0.0,0.0,0.0,153,5,0.032679738562091505
RUS,1964,0.0,0.0,0.0,0.0,0.0,0.0,161,1,0.006211180124223602
RUS,1965,0.0,0.0,0.0,0.0,0.0,0.0,240,4,0.016666666666666666
RUS,1966,0.0,0.0,0.0,0.0,0.0,0.0,254,6,0.023622047244094488
RUS,1967,0.0,0.0,0.0,0.0,0.0,0.0,209,3,0.014354066985645933
RUS,1968,0.0,0.0,0.0,0.0,0.0,0.0,273,6,0.02197802197802198
RUS,1969,0.0,0.0,0.0,0.0,0.0,0.0,249,5,0.020080321285140562
RUS,1971,0.0,0.0,0.0,0.0,0.0,0.0,170,5,0.029411764705882353
RUS,1972,0.0,0.0,0.0,0.0,0.0,0.0,159,2,0.012578616352201259
RUS,1973,0.0,0.0,0.0,0.0,0.0,0.0,165,5,0.030303030303030304
RUS,1974,0.0,0.0,0.0,0.0,0.0,0.0,185,5,0.02702702702702703
RUS,1975,0.0,0.0,0.0,0.0,0.0,0.0,128,3,0.0234375
RUS,1976,0.0,0.0,0.0,0.0,0.0,0.0,202,4,0.019801980198019802
RUS,1977,0.0,0.0,0.0,0.0,0.0,0.0,219,9,0.0410958904109589
RUS,1978,0.0,0.0,0.0,0.0,0.0,0.0,164,6,0.036585365853658534
RUS,1979,0.0,0.0,0.0,0.0,0.0,0.0,153,2,0.013071895424836602
RUS,1980,0.0,0.0,0.0,0.0,0.0,0.0,170,7,0.041176470588235294
RUS,1981,0.0,0.0,0.0,0.0,0.0,0.0,186,4,0.021505376344086023
RUS,1982,0.0,0.0,0.0,0.0,0.0,0.0,291,9,0.030927835051546393
RUS,1983,0.0,0.0,0.0,0.0,0.0,0.0,132,5,0.03787878787878788
RUS,1984,0.0,0.0,0.0,0.0,0.0,0.0,207,4,0.01932367149758454
RUS,1985,0.0,0.0,0.0,0.0,0.0,0.0,131,10,0.07633587786259542
RUS,1986,0.0,0.0,0.0,0.0,0.0,0.0,184,17,0.09239130434782608
RUS,1987,0.0,0.0,0.0,0.0,0.0,0.0,145,10,0.06896551724137931
RUS,1988,0.0,0.0,0.0,0.0,0.0,0.0,172,21,0.12209302325581395
RUS,1989,0.0,0.0,0.0,0.0,0.0,0.0,152,12,0.07894736842105263
RUS,1990,0.0,0.0,0.0,0.0,0.0,0.0,149,13,0.087248322147651
RUS,1991,0.0,0.0,0.0,0.0,1.0,0.0,120,11,0.09166666666666666
RUS,1992,0.0,0.0,0.0,0.0,0.0,0.0,88,2,0.022727272727272728
RUS,1993,0.0,0.0,0.0,0.0,0.0,0.0,61,3,0.04918032786885246
RUS,1994,0.0,0.0,0.0,0.0,0.0,0.0,90,3,0.03333333333333333
RUS,1995,0.0,0.0,0.0,0.0,0.0,0.0,40,1,0.025
RUS,1996,0.0,0.0,0.0,0.0,0.0,0.0,72,1,0.013888888888888888
RUS,1997,0.0,0.0,0.0,0.0,0.0,0.0,65,2,0.03076923076923077
RUS,1998,0.0,0.0,0.0,0.0,0.0,0.0,78,2,0.02564102564102564
RUS,1999,0.0,0.0,0.0,0.0,0.0,0.0,79,1,0.012658227848101266
RUS,2000,0.0,0.0,0.0,0.0,0.0,0.0,57,2,0.03508771929824561
RUS,2001,0.0,0.0,0.0,0.0,0.0,0.0,25,0,0.0
RUS,2002,0.0,0.0,0.0,0.0,0.0,0.0,49,5,0.10204081632653061
RUS,2003,0.0,0.0,0.0,0.0,0.0,0.0,67,2,0.029850746268656716
RUS,2004,0.0,0.0,0.0,0.0,0.0,0.0,61,2,0.03278688524590164
RUS,2005,0.0,0.0,0.0,0.0,0.0,0.0,46,1,0.021739130434782608
RUS,2006,0.0,0.0,0.0,0.0,0.0,0.0,108,8,0.07407407407407407
RUS,2007,0.0,0.0,0.0,0.0,0.0,0.0,83,5,0.060240963855421686
RUS,2008,0.0,0.0,0.0,0.0,0.0,0.0,84,2,0.023809523809523808
RUS,2009,0.0,0.0,0.0,0.0,0.0,0.0,115,9,0.0782608695652174
RUS,2010,0.0,0.0,0.0,0.0,0.0,0.0,82,6,0.07317073170731707
RUS,2011,0.0,0.0,0.0,0.0,0.0,0.0,111,8,0.07207207207207207
RUS,2012,0.0,0.0,0.0,0.0,0.0,0.0,60,0,0.0
RUS,2013,0.0,0.0,0.0,0.0,0.0,0.0,43,1,0.023255813953488372
RUS,2014,0.0,0.0,0.0,0.0,0.0,0.0,65,0,0.0
RUS,2015,0.0,0.0,0.0,0.0,0.0,0.0,111,7,0.06306306306306306
RUS,2016,0.0,0.0,0.0,0.0,0.0,0.0,65,6,0.09230769230769231
RUS,2017,0.0,0.0,0.0,0.0,0.0,0.0,81,3,0.037037037037037035
RUS,2018,0.0,0.0,0.0,0.0,0.0,0.0,64,1,0.015625
RUS,2019,0.0,0.0,0.0,0.0,0.0,0.0,81,2,0.024691358024691357
RUS,2020,0.0,0.0,0.0,0.0,0.0,0.0,41,2,0.04878048780487805
RUS,2021,0.0,0.0,0.0,0.0,0.0,0.0,67,4,0.05970149253731343
RUS,2022,0.0,0.0,0.0,0.0,0.0,0.0,76,1,0.013157894736842105
RUS,2023,0.0,0.0,0.0,0.0,0.0,0.0,115,3,0.02608695652173913
RUS,2024,0.0,0.0,0.0,0.0,0.0,0.0,69,1,0.014492753623188406
RUS,2025,0.0,0.0,0.0,0.0,0.0,0.0,120,1,0.008333333333333333
RWA,1963,0.0,0.0,0.0,0.0,0.0,0.0,117,2,0.017094017094017096
RWA,1965,0.0,0.0,0.0,0.0,0.0,0.0,137,0,0.0
RWA,1966,0.0,0.0,0.0,0.0,0.0,0.0,184,3,0.016304347826086956
RWA,1967,0.0,0.0,0.0,0.0,0.0,0.0,138,1,0.007246376811594203
RWA,1968,0.0,0.0,0.0,0.0,0.0,0.0,120,2,0.016666666666666666
RWA,1969,0.0,0.0,0.0,0.0,0.0,0.0,84,0,0.0
RWA,1970,0.0,0.0,0.0,0.0,0.0,0.0,49,1,0.02040816326530612
RWA,1971,0.0,0.0,0.0,0.0,0.0,0.0,50,1,0.02
RWA,1972,0.0,0.0,0.0,0.0,0.0,0.0,68,1,0.014705882352941176
RWA,1973,0.0,0.0,0.0,0.0,0.0,0.0,85,3,0.03529411764705882
RWA,1974,0.0,0.0,0.0,0.0,0.0,0.0,122,8,0.06557377049180328
RWA,1975,0.0,0.0,0.0,0.0,0.0,0.0,88,4,0.045454545454545456
RWA,1976,0.0,0.0,0.0,0.0,0.0,0.0,51,1,0.0196078431372549
RWA,1977,0.0,0.0,0.0,0.0,0.0,0.0,56,1,0.017857142857142856
RWA,1978,0.0,0.0,0.0,0.0,0.0,0.0,28,1,0.03571428571428571
RWA,1979,0.0,0.0,0.0,0.0,0.0,0.0,46,0,0.0
RWA,1980,0.0,0.0,0.0,0.0,0.0,0.0,57,3,0.05263157894736842
RWA,1981,0.0,0.0,0.0,0.0,0.0,0.0,47,2,0.0425531914893617
RWA,1982,0.0,0.0,0.0,0.0,0.0,0.0,64,2,0.03125
RWA,1983,0.0,0.0,0.0,0.0,0.0,0.0,76,0,0.0
RWA,1984,0.0,0.0,0.0,0.0,0.0,0.0,62,5,0.08064516129032258
RWA,1985,0.0,0.0,0.0,0.0,0.0,0.0,46,1,0.021739130434782608
RWA,1986,0.0,0.0,0.0,0.0,0.0,0.0,33,1,0.030303030303030304
RWA,1987,0.0,0.0,0.0,0.0,0.0,0.0,46,1,0.021739130434782608
RWA,1988,0.0,0.0,0.0,0.0,0.0,0.0,29,2,0.06896551724137931
RWA,1989,1.0,0.0,0.0,0.0,0.0,0.0,109,14,0.12844036697247707
RWA,1990,1.0,0.0,0.0,0.0,0.0,0.0,62,8,0.12903225806451613
RWA,1991,0.0,0.0,0.0,0.0,0.0,0.0,73,6,0.0821917808219178
RWA,1992,0.0,0.0,0.0,0.0,0.0,0.0,89,1,0.011235955056179775
RWA,1993,0.0,0.0,0.0,0.0,0.0,0.0,58,1,0.017241379310344827
RWA,1994,0.0,0.0,0.0,0.0,0.0,0.0,56,0,0.0
RWA,1995,0.0,0.0,0.0,0.0,0.0,0.0,62,0,0.0
RWA,1996,0.0,0.0,0.0,0.0,0.0,0.0,50,1,0.02
RWA,1997,0.0,0.0,0.0,0.0,0.0,0.0,48,0,0.0
RWA,1998,0.0,0.0,0.0,0.0,0.0,0.0,56,0,0.0
RWA,1999,0.0,0.0,0.0,0.0,0.0,0.0,50,0,0.0
RWA,2000,0.0,0.0,0.0,0.0,0.0,0.0,69,1,0.014492753623188406
RWA,2001,0.0,0.0,0.0,0.0,0.0,0.0,39,1,0.02564102564102564
RWA,2002,0.0,0.0,0.0,0.0,0.0,0.0,31,0,0.0
RWA,2003,0.0,0.0,0.0,0.0,0.0,0.0,28,0,0.0
RWA,2004,0.0,0.0,0.0,0.0,0.0,0.0,30,1,0.03333333333333333
RWA,2005,0.0,0.0,0.0,0.0,0.0,0.0,58,2,0.034482758620689655
RWA,2006,0.0,0.0,1.0,0.0,0.0,0.0,64,11,0.171875
RWA,2007,0.0,0.0,0.0,0.0,0.0,0.0,42,5,0.11904761904761904
RWA,2008,1.0,0.0,0.0,0.0,0.0,0.0,27,8,0.2962962962962963
RWA,2009,1.0,0.0,0.0,0.0,0.0,0.0,40,8,0.2
RWA,2010,0.0,0.0,0.0,0.0,0.0,0.0,26,2,0.07692307692307693
RWA,2011,0.0,0.0,0.0,0.0,0.0,0.0,30,1,0.03333333333333333
RWA,2012,0.0,0.0,0.0,0.0,0.0,0.0,24,0,0.0
RWA,2013,0.0,0.0,0.0,0.0,0.0,0.0,39,4,0.10256410256410256
RWA,2014,0.0,0.0,0.0,0.0,0.0,0.0,26,2,0.07692307692307693
RWA,2015,0.0,0.0,0.0,0.0,0.0,0.0,25,5,0.2
RWA,2016,0.0,0.0,0.0,0.0,0.0,0.0,26,4,0.15384615384615385
RWA,2017,0.0,0.0,0.0,0.0,0.0,0.0,19,4,0.21052631578947367
RWA,2018,0.0,0.0,0.0,0.0,0.0,0.0,33,2,0.06060606060606061
RWA,2019,0.0,0.0,0.0,0.0,0.0,0.0,24,8,0.3333333333333333
RWA,2020,0.0,0.0,0.0,0.0,0.0,0.0,21,5,0.23809523809523808
RWA,2021,0.0,0.0,0.0,0.0,0.0,0.0,4,1,0.25
RWA,2022,0.0,0.0,0.0,0.0,0.0,0.0,23,4,0.17391304347826086
RWA,2023,0.0,0.0,0.0,0.0,0.0,0.0,34,5,0.14705882352941177
RWA,2024,0.0,0.0,0.0,0.0,0.0,1.0,6,2,0.3333333333333333
RWA,2025,0.0,0.0,0.0,0.0,0.0,0.0,88,7,0.07954545454545454
SAU,1946,0.0,0.0,0.0,0.0,0.0,0.0,9,0,0.0
SAU,1947,0.0,0.0,0.0,0.0,0.0,0.0,21,0,0.0
SAU,1957,0.0,0.0,0.0,0.0,0.0,0.0,256,4,0.015625
SAU,1958,0.0,0.0,0.0,0.0,0.0,0.0,222,3,0.013513513513513514
SAU,1959,0.0,0.0,0.0,0.0,0.0,0.0,330,3,0.00909090909090909
SAU,1960,0.0,0.0,0.0,0.0,0.0,0.0,389,7,0.017994858611825194
SAU,1961,0.0,0.0,0.0,0.0,0.0,0.0,316,8,0.02531645569620253
SAU,1962,0.0,0.0,0.0,0.0,0.0,0.0,32,2,0.0625
SAU,1963,0.0,0.0,0.0,0.0,0.0,0.0,28,0,0.0
SAU,1964,0.0,0.0,0.0,0.0,0.0,0.0,60,0,0.0
SAU,1965,0.0,0.0,0.0,0.0,0.0,0.0,90,1,0.011111111111111112
SAU,1966,0.0,0.0,0.0,0.0,0.0,0.0,102,0,0.0
SAU,1967,0.0,0.0,0.0,0.0,0.0,0.0,105,0,0.0
SAU,1968,0.0,0.0,0.0,0.0,0.0,0.0,141,2,0.014184397163120567
SAU,1969,0.0,0.0,0.0,0.0,0.0,0.0,63,0,0.0
SAU,1971,0.0,0.0,0.0,0.0,0.0,0.0,41,0,0.0
SAU,1972,0.0,0.0,0.0,0.0,0.0,0.0,30,0,0.0
SAU,1973,0.0,0.0,0.0,0.0,0.0,0.0,17,1,0.058823529411764705
SAU,1974,0.0,0.0,0.0,0.0,0.0,0.0,28,0,0.0
SAU,1975,0.0,0.0,0.0,0.0,0.0,0.0,49,1,0.02040816326530612
SAU,1976,0.0,0.0,0.0,0.0,0.0,0.0,23,0,0.0
SAU,1977,0.0,0.0,0.0,0.0,0.0,0.0,48,0,0.0
SAU,1979,0.0,0.0,0.0,0.0,0.0,0.0,59,1,0.01694915254237288
SAU,1980,0.0,0.0,0.0,0.0,0.0,0.0,110,1,0.00909090909090909
SAU,1981,0.0,0.0,0.0,0.0,0.0,0.0,131,0,0.0
SAU,1982,0.0,0.0,0.0,0.0,0.0,0.0,90,0,0.0
SAU,1983,0.0,0.0,0.0,0.0,0.0,0.0,82,0,0.0
SAU,1984,0.0,0.0,0.0,0.0,0.0,0.0,108,0,0.0
SAU,1985,0.0,0.0,0.0,0.0,0.0,0.0,71,4,0.056338028169014086
SAU,1986,0.0,0.0,0.0,0.0,0.0,0.0,61,1,0.01639344262295082
SAU,1987,0.0,0.0,0.0,0.0,0.0,0.0,81,0,0.0
SAU,1988,0.0,0.0,0.0,0.0,0.0,0.0,88,3,0.03409090909090909
SAU,1989,0.0,0.0,0.0,0.0,0.0,0.0,80,2,0.025
SAU,1990,0.0,0.0,0.0,0.0,0.0,0.0,116,0,0.0
SAU,1991,0.0,0.0,0.0,0.0,0.0,0.0,73,1,0.0136986301369863
SAU,1992,0.0,0.0,0.0,0.0,0.0,0.0,105,3,0.02857142857142857
SAU,1993,0.0,0.0,0.0,0.0,0.0,0.0,74,4,0.05405405405405406
SAU,1994,0.0,0.0,0.0,0.0,0.0,0.0,89,6,0.06741573033707865
SAU,1996,0.0,0.0,0.0,0.0,0.0,0.0,66,1,0.015151515151515152
SAU,1998,0.0,0.0,0.0,0.0,0.0,0.0,66,5,0.07575757575757576
SAU,1999,0.0,0.0,0.0,0.0,0.0,0.0,79,8,0.10126582278481013
SAU,2000,0.0,0.0,0.0,0.0,0.0,0.0,50,2,0.04
SAU,2001,0.0,0.0,0.0,0.0,0.0,0.0,30,0,0.0
SAU,2002,0.0,0.0,0.0,0.0,0.0,0.0,41,1,0.024390243902439025
SAU,2003,0.0,0.0,0.0,0.0,0.0,0.0,33,0,0.0
SAU,2004,0.0,0.0,0.0,0.0,0.0,0.0,49,1,0.02040816326530612
SAU,2006,0.0,0.0,0.0,0.0,0.0,0.0,99,4,0.04040404040404041
SAU,2012,0.0,0.0,0.0,0.0,0.0,0.0,33,4,0.12121212121212122
SAU,2015,0.0,0.0,0.0,0.0,0.0,0.0,30,1,0.03333333333333333
SAU,2016,0.0,0.0,0.0,0.0,0.0,0.0,43,4,0.09302325581395349
SAU,2017,0.0,0.0,0.0,0.0,0.0,0.0,26,1,0.038461538461538464
SAU,2018,0.0,0.0,0.0,0.0,0.0,0.0,43,0,0.0
SAU,2019,0.0,0.0,0.0,0.0,0.0,0.0,39,2,0.05128205128205128
SAU,2020,0.0,0.0,0.0,0.0,0.0,0.0,45,1,0.022222222222222223
SAU,2021,0.0,0.0,0.0,0.0,0.0,0.0,30,2,0.06666666666666667
SAU,2022,0.0,0.0,0.0,0.0,0.0,0.0,39,9,0.23076923076923078
SAU,2023,0.0,0.0,0.0,0.0,0.0,0.0,61,13,0.21311475409836064
SAU,2024,0.0,0.0,0.0,0.0,1.0,1.0,31,3,0.0967741935483871
SAU,2025,1.0,0.0,0.0,0.0,1.0,0.0,96,17,0.17708333333333334
SDN,1956,0.0,0.0,0.0,0.0,0.0,0.0,68,0,0.0
SDN,1957,0.0,0.0,0.0,0.0,0.0,0.0,39,2,0.05128205128205128
SDN,1958,0.0,0.0,0.0,0.0,0.0,0.0,111,0,0.0
SDN,1959,0.0,0.0,0.0,0.0,0.0,0.0,114,2,0.017543859649122806
SDN,1960,0.0,0.0,0.0,0.0,0.0,0.0,111,1,0.009009009009009009
SDN,1961,0.0,0.0,0.0,0.0,0.0,0.0,143,0,0.0
SDN,1962,0.0,0.0,0.0,0.0,0.0,0.0,124,0,0.0
SDN,1963,0.0,0.0,0.0,0.0,0.0,0.0,140,3,0.02142857142857143
SDN,1964,0.0,0.0,0.0,0.0,0.0,0.0,120,2,0.016666666666666666
SDN,1965,0.0,0.0,0.0,0.0,0.0,0.0,122,1,0.00819672131147541
SDN,1966,0.0,0.0,0.0,0.0,0.0,0.0,131,2,0.015267175572519083
SDN,1967,0.0,0.0,0.0,0.0,0.0,0.0,106,2,0.018867924528301886
SDN,1968,0.0,0.0,0.0,0.0,0.0,0.0,167,0,0.0
SDN,1969,0.0,0.0,0.0,0.0,0.0,0.0,229,1,0.004366812227074236
SDN,1970,0.0,0.0,0.0,0.0,0.0,0.0,105,0,0.0
SDN,1971,0.0,0.0,0.0,0.0,0.0,0.0,120,6,0.05
SDN,1972,0.0,0.0,0.0,0.0,0.0,0.0,106,1,0.009433962264150943
SDN,1973,0.0,0.0,0.0,0.0,0.0,0.0,189,7,0.037037037037037035
SDN,1974,0.0,0.0,0.0,0.0,0.0,0.0,193,15,0.07772020725388601
SDN,1975,0.0,0.0,0.0,0.0,0.0,0.0,109,1,0.009174311926605505
SDN,1976,0.0,0.0,0.0,0.0,0.0,0.0,78,1,0.01282051282051282
SDN,1977,0.0,0.0,0.0,0.0,0.0,0.0,75,3,0.04
SDN,1978,0.0,0.0,0.0,0.0,0.0,0.0,116,0,0.0
SDN,1979,0.0,0.0,0.0,0.0,0.0,0.0,100,4,0.04
SDN,1980,0.0,0.0,0.0,0.0,1.0,0.0,112,0,0.0
SDN,1981,0.0,0.0,0.0,0.0,0.0,0.0,60,2,0.03333333333333333
SDN,1982,0.0,0.0,0.0,0.0,0.0,0.0,75,3,0.04
SDN,1983,0.0,0.0,0.0,0.0,0.0,0.0,61,2,0.03278688524590164
SDN,1984,0.0,0.0,0.0,0.0,0.0,0.0,90,6,0.06666666666666667
SDN,1985,0.0,0.0,0.0,0.0,0.0,0.0,77,3,0.03896103896103896
SDN,1986,0.0,0.0,0.0,0.0,0.0,0.0,112,13,0.11607142857142858
SDN,1987,0.0,0.0,0.0,0.0,0.0,0.0,97,3,0.030927835051546393
SDN,1988,0.0,0.0,0.0,0.0,0.0,0.0,67,10,0.14925373134328357
SDN,1989,0.0,0.0,0.0,0.0,0.0,0.0,75,7,0.09333333333333334
SDN,1990,0.0,0.0,0.0,0.0,0.0,0.0,109,7,0.06422018348623854
SDN,1991,0.0,0.0,0.0,0.0,0.0,0.0,130,7,0.05384615384615385
SDN,1992,0.0,0.0,0.0,0.0,0.0,0.0,124,4,0.03225806451612903
SDN,1993,0.0,0.0,0.0,0.0,0.0,0.0,106,0,0.0
SDN,1994,0.0,0.0,0.0,0.0,0.0,0.0,77,0,0.0
SDN,1995,0.0,0.0,0.0,0.0,0.0,0.0,61,1,0.01639344262295082
SDN,1996,0.0,0.0,0.0,0.0,0.0,0.0,83,0,0.0
SDN,1997,0.0,0.0,0.0,0.0,0.0,0.0,43,0,0.0
SDN,1998,0.0,0.0,0.0,0.0,0.0,0.0,65,3,0.046153846153846156
SDN,1999,0.0,0.0,0.0,0.0,0.0,0.0,96,0,0.0
SDN,2000,0.0,0.0,0.0,0.0,0.0,0.0,55,0,0.0
SDN,2001,0.0,0.0,0.0,0.0,0.0,0.0,50,0,0.0
SDN,2002,0.0,0.0,0.0,0.0,0.0,0.0,50,1,0.02
SDN,2003,0.0,0.0,0.0,0.0,0.0,0.0,61,1,0.01639344262295082
SDN,2004,0.0,0.0,0.0,0.0,0.0,0.0,67,0,0.0
SDN,2005,0.0,0.0,0.0,0.0,0.0,0.0,67,1,0.014925373134328358
SDN,2006,0.0,0.0,0.0,0.0,0.0,0.0,116,2,0.017241379310344827
SDN,2007,0.0,0.0,0.0,0.0,0.0,2.0,106,6,0.05660377358490566
SDN,2008,0.0,0.0,0.0,0.0,0.0,1.0,84,5,0.05952380952380952
SDN,2009,0.0,0.0,0.0,0.0,0.0,0.0,74,4,0.05405405405405406
SDN,2010,0.0,0.0,0.0,0.0,0.0,0.0,73,8,0.1095890410958904
SDN,2011,0.0,0.0,0.0,0.0,0.0,0.0,78,9,0.11538461538461539
SDN,2012,0.0,0.0,0.0,0.0,0.0,0.0,76,5,0.06578947368421052
SDN,2013,0.0,0.0,0.0,0.0,0.0,0.0,86,8,0.09302325581395349
SDN,2014,0.0,0.0,0.0,0.0,0.0,0.0,51,6,0.11764705882352941
SDN,2015,0.0,0.0,0.0,0.0,0.0,0.0,35,2,0.05714285714285714
SDN,2016,0.0,0.0,0.0,0.0,0.0,0.0,52,4,0.07692307692307693
SDN,2017,0.0,0.0,0.0,0.0,0.0,0.0,63,6,0.09523809523809523
SDN,2018,0.0,0.0,0.0,0.0,0.0,0.0,98,6,0.061224489795918366
SDN,2019,0.0,0.0,0.0,0.0,0.0,0.0,42,3,0.07142857142857142
SDN,2020,0.0,0.0,0.0,0.0,0.0,0.0,51,3,0.058823529411764705
SDN,2021,0.0,0.0,0.0,0.0,0.0,0.0,58,4,0.06896551724137931
SDN,2022,0.0,0.0,0.0,0.0,0.0,0.0,33,5,0.15151515151515152
SDN,2023,0.0,0.0,0.0,0.0,0.0,0.0,56,1,0.017857142857142856
SDN,2024,0.0,0.0,0.0,0.0,0.0,0.0,35,0,0.0
SDN,2025,0.0,0.0,0.0,0.0,0.0,0.0,73,0,0.0
SEN,1961,0.0,0.0,0.0,0.0,0.0,0.0,342,4,0.011695906432748537
SEN,1962,0.0,0.0,0.0,0.0,0.0,0.0,158,2,0.012658227848101266
SEN,1963,0.0,0.0,0.0,0.0,0.0,0.0,169,5,0.029585798816568046
SEN,1964,0.0,0.0,0.0,0.0,0.0,0.0,136,2,0.014705882352941176
SEN,1965,0.0,0.0,0.0,0.0,1.0,0.0,188,3,0.015957446808510637
SEN,1966,0.0,0.0,0.0,0.0,0.0,0.0,222,7,0.03153153153153153
SEN,1967,0.0,0.0,0.0,0.0,0.0,0.0,172,5,0.029069767441860465
SEN,1968,0.0,0.0,0.0,0.0,0.0,0.0,80,0,0.0
SEN,1969,0.0,0.0,0.0,0.0,0.0,0.0,76,2,0.02631578947368421
SEN,1971,0.0,0.0,0.0,0.0,0.0,0.0,47,0,0.0
SEN,1972,0.0,0.0,0.0,0.0,0.0,0.0,48,3,0.0625
SEN,1973,0.0,0.0,0.0,0.0,0.0,0.0,39,5,0.1282051282051282
SEN,1974,0.0,0.0,0.0,0.0,0.0,0.0,72,6,0.08333333333333333
SEN,1975,0.0,0.0,0.0,0.0,0.0,0.0,70,2,0.02857142857142857
SEN,1976,0.0,0.0,0.0,0.0,0.0,0.0,75,0,0.0
SEN,1977,0.0,0.0,0.0,0.0,0.0,0.0,93,0,0.0
SEN,1978,0.0,0.0,0.0,0.0,0.0,0.0,79,2,0.02531645569620253
SEN,1979,0.0,0.0,0.0,0.0,0.0,0.0,98,4,0.04081632653061224
SEN,1980,0.0,0.0,0.0,0.0,0.0,0.0,83,0,0.0
SEN,1981,0.0,0.0,0.0,0.0,0.0,0.0,75,0,0.0
SEN,1982,0.0,0.0,0.0,0.0,0.0,0.0,68,0,0.0
SEN,1983,0.0,0.0,0.0,0.0,0.0,0.0,69,0,0.0
SEN,1984,0.0,0.0,0.0,0.0,0.0,0.0,63,10,0.15873015873015872
SEN,1986,0.0,0.0,0.0,0.0,0.0,0.0,60,2,0.03333333333333333
SEN,1987,0.0,0.0,0.0,0.0,0.0,0.0,76,2,0.02631578947368421
SEN,1988,0.0,0.0,0.0,0.0,0.0,0.0,63,4,0.06349206349206349
SEN,1989,0.0,0.0,0.0,0.0,0.0,0.0,65,8,0.12307692307692308
SEN,1990,0.0,0.0,0.0,0.0,0.0,0.0,71,5,0.07042253521126761
SEN,1991,0.0,0.0,0.0,0.0,0.0,0.0,68,8,0.11764705882352941
SEN,1992,0.0,0.0,0.0,0.0,0.0,0.0,185,11,0.05945945945945946
SEN,1993,0.0,0.0,0.0,0.0,0.0,0.0,56,2,0.03571428571428571
SEN,1994,0.0,0.0,0.0,0.0,0.0,0.0,40,4,0.1
SEN,1995,0.0,0.0,0.0,0.0,0.0,0.0,38,2,0.05263157894736842
SEN,1996,0.0,0.0,0.0,0.0,0.0,0.0,50,2,0.04
SEN,1997,0.0,0.0,0.0,0.0,0.0,0.0,65,2,0.03076923076923077
SEN,1998,0.0,0.0,0.0,0.0,0.0,0.0,44,0,0.0
SEN,1999,0.0,0.0,0.0,0.0,0.0,0.0,49,1,0.02040816326530612
SEN,2000,0.0,0.0,0.0,0.0,0.0,0.0,42,0,0.0
SEN,2001,0.0,0.0,0.0,0.0,0.0,0.0,40,0,0.0
SEN,2002,0.0,0.0,0.0,0.0,0.0,0.0,50,0,0.0
SEN,2003,0.0,0.0,0.0,0.0,0.0,0.0,69,5,0.07246376811594203
SEN,2004,0.0,0.0,0.0,0.0,0.0,0.0,45,1,0.022222222222222223
SEN,2005,0.0,0.0,0.0,0.0,0.0,0.0,42,2,0.047619047619047616
SEN,2006,0.0,0.0,0.0,0.0,0.0,0.0,66,11,0.16666666666666666
SEN,2007,0.0,0.0,0.0,0.0,0.0,0.0,87,28,0.3218390804597701
SEN,2008,0.0,0.0,0.0,0.0,0.0,0.0,104,23,0.22115384615384615
SEN,2009,0.0,0.0,0.0,0.0,0.0,0.0,127,37,0.29133858267716534
SEN,2010,0.0,0.0,0.0,0.0,0.0,0.0,120,7,0.058333333333333334
SEN,2011,0.0,0.0,0.0,0.0,0.0,0.0,123,19,0.15447154471544716
SEN,2012,0.0,0.0,0.0,0.0,0.0,0.0,26,1,0.038461538461538464
SEN,2013,0.0,0.0,0.0,0.0,0.0,0.0,41,6,0.14634146341463414
SEN,2014,0.0,0.0,0.0,0.0,0.0,0.0,39,2,0.05128205128205128
SEN,2015,0.0,0.0,0.0,0.0,0.0,0.0,35,1,0.02857142857142857
SEN,2016,0.0,0.0,0.0,0.0,0.0,0.0,48,8,0.16666666666666666
SEN,2017,0.0,0.0,0.0,0.0,0.0,0.0,35,4,0.11428571428571428
SEN,2018,0.0,0.0,0.0,0.0,0.0,0.0,41,10,0.24390243902439024
SEN,2019,0.0,0.0,0.0,0.0,0.0,0.0,33,4,0.12121212121212122
SEN,2020,1.0,0.0,0.0,0.0,0.0,0.0,13,4,0.3076923076923077
SEN,2021,0.0,0.0,1.0,0.0,0.0,0.0,51,9,0.17647058823529413
SEN,2022,0.0,0.0,0.0,0.0,0.0,0.0,26,6,0.23076923076923078
SEN,2023,0.0,0.0,0.0,0.0,0.0,0.0,48,10,0.20833333333333334
SEN,2024,0.0,0.0,0.0,0.0,0.0,0.0,45,7,0.15555555555555556
SEN,2025,0.0,0.0,0.0,0.0,0.0,0.0,60,7,0.11666666666666667
SGP,1965,0.0,0.0,0.0,0.0,0.0,0.0,173,3,0.017341040462427744
SGP,1966,0.0,0.0,0.0,0.0,0.0,0.0,82,2,0.024390243902439025
SGP,1967,0.0,0.0,0.0,0.0,0.0,0.0,73,1,0.0136986301369863
SGP,1968,0.0,0.0,0.0,0.0,0.0,0.0,88,4,0.045454545454545456
SGP,1969,0.0,0.0,0.0,0.0,0.0,0.0,118,3,0.025423728813559324
SGP,1970,0.0,0.0,0.0,0.0,0.0,0.0,75,0,0.0
SGP,1971,0.0,0.0,0.0,0.0,0.0,0.0,109,3,0.027522935779816515
SGP,1972,0.0,0.0,0.0,0.0,0.0,0.0,79,0,0.0
SGP,1973,0.0,0.0,0.0,0.0,0.0,0.0,76,11,0.14473684210526316
SGP,1974,0.0,0.0,0.0,0.0,0.0,0.0,83,3,0.03614457831325301
SGP,1975,0.0,0.0,0.0,0.0,0.0,0.0,103,5,0.04854368932038835
SGP,1976,0.0,0.0,0.0,0.0,0.0,0.0,133,3,0.022556390977443608
SGP,1977,0.0,0.0,0.0,0.0,0.0,0.0,103,2,0.019417475728155338
SGP,1978,0.0,0.0,0.0,0.0,0.0,0.0,104,26,0.25
SGP,1979,0.0,0.0,0.0,0.0,0.0,0.0,122,2,0.01639344262295082
SGP,1980,0.0,0.0,0.0,0.0,0.0,0.0,114,1,0.008771929824561403
SGP,1981,0.0,0.0,0.0,0.0,0.0,0.0,71,2,0.028169014084507043
SGP,1982,0.0,0.0,0.0,0.0,0.0,0.0,84,3,0.03571428571428571
SGP,1983,0.0,0.0,0.0,0.0,0.0,0.0,73,1,0.0136986301369863
SGP,1984,0.0,0.0,0.0,0.0,0.0,0.0,114,3,0.02631578947368421
SGP,1985,0.0,0.0,0.0,0.0,0.0,0.0,63,2,0.031746031746031744
SGP,1986,0.0,0.0,0.0,0.0,0.0,0.0,80,3,0.0375
SGP,1987,0.0,0.0,0.0,0.0,0.0,0.0,87,1,0.011494252873563218
SGP,1988,0.0,0.0,0.0,0.0,0.0,0.0,48,3,0.0625
SGP,1989,0.0,0.0,0.0,0.0,0.0,0.0,107,3,0.028037383177570093
SGP,1990,0.0,0.0,0.0,0.0,0.0,0.0,105,4,0.0380952380952381
SGP,1991,0.0,0.0,0.0,0.0,0.0,0.0,61,4,0.06557377049180328
SGP,1992,0.0,0.0,0.0,0.0,0.0,0.0,86,9,0.10465116279069768
SGP,1993,0.0,0.0,0.0,0.0,0.0,0.0,74,1,0.013513513513513514
SGP,1994,0.0,0.0,0.0,0.0,0.0,0.0,51,0,0.0
SGP,1995,0.0,0.0,0.0,0.0,0.0,0.0,101,1,0.009900990099009901
SGP,1996,0.0,0.0,0.0,0.0,0.0,0.0,113,2,0.017699115044247787
SGP,1997,0.0,0.0,0.0,0.0,0.0,0.0,95,1,0.010526315789473684
SGP,1998,0.0,0.0,0.0,0.0,0.0,0.0,69,2,0.028985507246376812
SGP,1999,0.0,0.0,0.0,0.0,0.0,0.0,101,0,0.0
SGP,2000,0.0,0.0,0.0,0.0,0.0,0.0,72,1,0.013888888888888888
SGP,2001,0.0,0.0,0.0,0.0,0.0,0.0,69,1,0.014492753623188406
SGP,2002,0.0,0.0,0.0,0.0,0.0,0.0,51,0,0.0
SGP,2003,0.0,0.0,0.0,0.0,0.0,0.0,66,0,0.0
SGP,2004,0.0,0.0,0.0,0.0,0.0,0.0,88,3,0.03409090909090909
SGP,2005,0.0,0.0,0.0,0.0,0.0,0.0,73,0,0.0
SGP,2006,0.0,0.0,0.0,0.0,0.0,0.0,101,7,0.06930693069306931
SGP,2007,0.0,0.0,0.0,0.0,0.0,0.0,85,18,0.21176470588235294
SGP,2008,0.0,0.0,0.0,0.0,0.0,0.0,98,7,0.07142857142857142
SGP,2009,0.0,0.0,0.0,0.0,0.0,0.0,100,12,0.12
SGP,2010,0.0,0.0,0.0,0.0,0.0,0.0,95,14,0.14736842105263157
SGP,2011,0.0,0.0,0.0,0.0,0.0,0.0,80,17,0.2125
SGP,2012,0.0,0.0,0.0,0.0,0.0,0.0,41,2,0.04878048780487805
SGP,2013,0.0,0.0,0.0,0.0,0.0,0.0,65,30,0.46153846153846156
SGP,2014,0.0,0.0,0.0,0.0,0.0,0.0,67,17,0.2537313432835821
SGP,2016,0.0,0.0,0.0,0.0,0.0,0.0,55,18,0.32727272727272727
SGP,2017,0.0,0.0,0.0,0.0,0.0,0.0,80,6,0.075
SGP,2018,0.0,0.0,0.0,0.0,0.0,0.0,90,7,0.07777777777777778
SGP,2019,0.0,0.0,0.0,0.0,0.0,0.0,67,22,0.3283582089552239
SGP,2020,0.0,0.0,0.0,0.0,0.0,0.0,76,10,0.13157894736842105
SGP,2021,0.0,0.0,0.0,0.0,0.0,0.0,66,18,0.2727272727272727
SGP,2022,0.0,0.0,0.0,0.0,0.0,0.0,77,20,0.2597402597402597
SGP,2023,0.0,0.0,0.0,0.0,0.0,0.0,78,14,0.1794871794871795
SGP,2024,0.0,0.0,0.0,0.0,0.0,0.0,99,15,0.15151515151515152
SGP,2025,0.0,0.0,0.0,0.0,0.0,0.0,95,7,0.07368421052631578
SLB,1983,0.0,0.0,0.0,0.0,0.0,0.0,50,6,0.12
SLB,1984,0.0,0.0,0.0,0.0,0.0,0.0,61,8,0.13114754098360656
SLB,1985,0.0,0.0,0.0,0.0,0.0,0.0,105,5,0.047619047619047616
SLB,1986,0.0,0.0,0.0,0.0,0.0,0.0,77,3,0.03896103896103896
SLB,1987,0.0,0.0,0.0,0.0,0.0,0.0,94,9,0.09574468085106383
SLB,1988,0.0,0.0,0.0,0.0,0.0,0.0,70,8,0.11428571428571428
SLB,1989,0.0,0.0,0.0,0.0,0.0,0.0,71,12,0.16901408450704225
SLB,1990,0.0,0.0,0.0,0.0,0.0,0.0,39,3,0.07692307692307693
SLB,1991,0.0,0.0,0.0,0.0,0.0,0.0,84,11,0.13095238095238096
SLB,1992,0.0,0.0,0.0,0.0,0.0,0.0,73,15,0.2054794520547945
SLB,1993,0.0,0.0,0.0,0.0,0.0,0.0,120,20,0.16666666666666666
SLB,1994,0.0,0.0,0.0,0.0,0.0,0.0,70,12,0.17142857142857143
SLB,1995,0.0,0.0,0.0,0.0,0.0,0.0,54,15,0.2777777777777778
SLB,1996,0.0,0.0,1.0,0.0,0.0,0.0,49,12,0.24489795918367346
SLB,1997,1.0,0.0,2.0,0.0,0.0,0.0,66,13,0.19696969696969696
SLB,1998,0.0,0.0,0.0,0.0,0.0,0.0,80,13,0.1625
SLB,1999,0.0,0.0,0.0,0.0,0.0,0.0,70,7,0.1
SLB,2000,0.0,0.0,0.0,0.0,0.0,0.0,44,4,0.09090909090909091
SLB,2001,0.0,0.0,0.0,0.0,0.0,0.0,64,7,0.109375
SLB,2002,0.0,0.0,0.0,0.0,0.0,0.0,56,8,0.14285714285714285
SLB,2003,0.0,0.0,0.0,0.0,0.0,0.0,49,2,0.04081632653061224
SLB,2004,0.0,0.0,0.0,0.0,0.0,0.0,55,6,0.10909090909090909
SLB,2005,0.0,0.0,0.0,0.0,0.0,0.0,56,6,0.10714285714285714
SLB,2006,0.0,0.0,0.0,0.0,0.0,0.0,102,6,0.058823529411764705
SLB,2007,0.0,0.0,0.0,0.0,0.0,0.0,91,15,0.16483516483516483
SLB,2008,1.0,0.0,1.0,0.0,0.0,0.0,138,39,0.2826086956521739
SLB,2009,0.0,0.0,0.0,1.0,0.0,0.0,121,17,0.14049586776859505
SLB,2010,0.0,0.0,0.0,0.0,0.0,2.0,95,18,0.18947368421052632
SLB,2011,0.0,0.0,0.0,0.0,0.0,2.0,101,15,0.1485148514851485
SLB,2012,0.0,0.0,0.0,0.0,0.0,2.0,83,16,0.1927710843373494
SLB,2013,0.0,0.0,1.0,0.0,0.0,0.0,116,26,0.22413793103448276
SLB,2014,0.0,0.0,0.0,0.0,0.0,6.0,102,26,0.2549019607843137
SLB,2015,0.0,0.0,2.0,0.0,0.0,0.0,95,17,0.17894736842105263
SLB,2016,0.0,0.0,0.0,0.0,0.0,2.0,83,30,0.3614457831325301
SLB,2017,0.0,0.0,0.0,0.0,0.0,0.0,113,27,0.23893805309734514
SLB,2018,0.0,0.0,0.0,0.0,0.0,0.0,102,28,0.27450980392156865
SLB,2019,0.0,0.0,0.0,0.0,0.0,0.0,119,42,0.35294117647058826
SLB,2020,0.0,0.0,0.0,0.0,0.0,0.0,84,20,0.23809523809523808
SLB,2021,0.0,0.0,0.0,0.0,0.0,1.0,94,17,0.18085106382978725
SLB,2022,0.0,0.0,0.0,0.0,0.0,0.0,77,15,0.19480519480519481
SLB,2023,0.0,0.0,0.0,0.0,0.0,0.0,116,44,0.3793103448275862
SLB,2024,0.0,0.0,0.0,0.0,0.0,0.0,100,33,0.33
SLB,2025,1.0,0.0,0.0,0.0,0.0,1.0,168,49,0.2916666666666667
SLE,1961,0.0,0.0,0.0,0.0,0.0,0.0,38,0,0.0
SLE,1962,0.0,0.0,0.0,0.0,0.0,0.0,58,0,0.0
SLE,1963,0.0,0.0,0.0,0.0,0.0,0.0,17,1,0.058823529411764705
SLE,1964,0.0,0.0,0.0,0.0,0.0,0.0,82,0,0.0
SLE,1965,0.0,0.0,0.0,0.0,0.0,0.0,92,0,0.0
SLE,1966,0.0,0.0,0.0,0.0,0.0,0.0,109,1,0.009174311926605505
SLE,1967,0.0,0.0,0.0,0.0,0.0,0.0,125,2,0.016
SLE,1968,0.0,0.0,0.0,0.0,0.0,0.0,105,0,0.0
SLE,1969,0.0,0.0,0.0,0.0,0.0,0.0,82,0,0.0
SLE,1970,0.0,0.0,0.0,0.0,0.0,0.0,89,5,0.056179775280898875
SLE,1971,0.0,0.0,0.0,0.0,0.0,0.0,160,3,0.01875
SLE,1972,0.0,0.0,0.0,0.0,0.0,0.0,168,7,0.041666666666666664
SLE,1973,0.0,0.0,0.0,0.0,0.0,0.0,83,4,0.04819277108433735
SLE,1974,0.0,0.0,0.0,0.0,0.0,0.0,73,4,0.0547945205479452
SLE,1975,0.0,0.0,0.0,0.0,0.0,0.0,81,1,0.012345679012345678
SLE,1976,0.0,0.0,0.0,0.0,0.0,0.0,95,4,0.042105263157894736
SLE,1977,0.0,0.0,0.0,0.0,0.0,0.0,97,3,0.030927835051546393
SLE,1978,0.0,0.0,0.0,0.0,0.0,0.0,73,1,0.0136986301369863
SLE,1979,0.0,0.0,0.0,0.0,0.0,0.0,100,6,0.06
SLE,1980,0.0,0.0,0.0,0.0,0.0,0.0,121,5,0.04132231404958678
SLE,1981,0.0,0.0,0.0,0.0,0.0,0.0,33,3,0.09090909090909091
SLE,1982,0.0,0.0,0.0,0.0,0.0,0.0,94,3,0.031914893617021274
SLE,1983,0.0,0.0,0.0,0.0,0.0,0.0,29,1,0.034482758620689655
SLE,1984,0.0,0.0,0.0,0.0,0.0,0.0,58,2,0.034482758620689655
SLE,1985,0.0,0.0,0.0,0.0,0.0,0.0,67,4,0.05970149253731343
SLE,1986,0.0,0.0,0.0,0.0,0.0,0.0,60,0,0.0
SLE,1987,0.0,0.0,0.0,0.0,0.0,0.0,44,1,0.022727272727272728
SLE,1988,0.0,0.0,0.0,0.0,0.0,0.0,93,6,0.06451612903225806
SLE,1990,0.0,0.0,0.0,0.0,0.0,0.0,56,1,0.017857142857142856
SLE,1991,0.0,0.0,0.0,0.0,0.0,0.0,68,5,0.07352941176470588
SLE,1992,0.0,0.0,0.0,0.0,0.0,0.0,167,3,0.017964071856287425
SLE,1993,0.0,0.0,0.0,0.0,0.0,0.0,84,5,0.05952380952380952
SLE,1994,0.0,0.0,0.0,0.0,0.0,0.0,100,6,0.06
SLE,1995,0.0,0.0,0.0,0.0,0.0,0.0,92,4,0.043478260869565216
SLE,1996,0.0,0.0,0.0,0.0,0.0,0.0,66,3,0.045454545454545456
SLE,1997,0.0,0.0,0.0,0.0,0.0,0.0,113,2,0.017699115044247787
SLE,1998,0.0,0.0,0.0,0.0,0.0,0.0,74,3,0.04054054054054054
SLE,1999,0.0,0.0,0.0,0.0,0.0,0.0,45,3,0.06666666666666667
SLE,2000,0.0,0.0,0.0,0.0,0.0,0.0,34,0,0.0
SLE,2001,0.0,0.0,0.0,0.0,0.0,0.0,47,0,0.0
SLE,2002,0.0,0.0,0.0,0.0,0.0,0.0,46,1,0.021739130434782608
SLE,2003,0.0,0.0,0.0,0.0,0.0,0.0,37,1,0.02702702702702703
SLE,2004,0.0,0.0,0.0,0.0,0.0,0.0,63,1,0.015873015873015872
SLE,2005,0.0,0.0,0.0,0.0,0.0,0.0,46,0,0.0
SLE,2006,0.0,0.0,0.0,0.0,0.0,0.0,40,2,0.05
SLE,2007,0.0,0.0,0.0,0.0,0.0,0.0,59,3,0.05084745762711865
SLE,2008,0.0,0.0,0.0,0.0,0.0,0.0,56,8,0.14285714285714285
SLE,2009,0.0,0.0,1.0,0.0,0.0,0.0,64,12,0.1875
SLE,2010,0.0,0.0,0.0,0.0,0.0,0.0,63,2,0.031746031746031744
SLE,2011,0.0,0.0,0.0,0.0,0.0,0.0,65,2,0.03076923076923077
SLE,2012,0.0,0.0,0.0,0.0,0.0,0.0,47,2,0.0425531914893617
SLE,2013,0.0,0.0,0.0,0.0,1.0,0.0,57,8,0.14035087719298245
SLE,2014,0.0,0.0,0.0,0.0,0.0,0.0,70,1,0.014285714285714285
SLE,2015,0.0,0.0,0.0,0.0,0.0,0.0,73,15,0.2054794520547945
SLE,2016,0.0,0.0,0.0,0.0,0.0,0.0,50,13,0.26
SLE,2017,1.0,0.0,0.0,0.0,0.0,0.0,60,9,0.15
SLE,2018,0.0,0.0,1.0,0.0,0.0,0.0,60,11,0.18333333333333332
SLE,2019,0.0,0.0,0.0,0.0,0.0,0.0,73,12,0.1643835616438356
SLE,2020,0.0,0.0,0.0,0.0,0.0,0.0,35,7,0.2
SLE,2021,0.0,0.0,0.0,0.0,0.0,0.0,79,13,0.16455696202531644
SLE,2022,0.0,0.0,0.0,0.0,0.0,0.0,45,13,0.28888888888888886
SLE,2023,0.0,0.0,0.0,0.0,0.0,0.0,80,10,0.125
SLE,2024,0.0,0.0,0.0,0.0,0.0,0.0,74,6,0.08108108108108109
SLE,2025,0.0,0.0,0.0,0.0,0.0,0.0,129,16,0.12403100775193798
SLV,1947,0.0,0.0,0.0,0.0,0.0,0.0,41,0,0.0
SLV,1948,0.0,0.0,0.0,0.0,0.0,0.0,38,0,0.0
SLV,1949,0.0,0.0,0.0,0.0,0.0,0.0,41,0,0.0
SLV,1950,0.0,0.0,0.0,0.0,0.0,0.0,38,0,0.0
SLV,1951,0.0,0.0,0.0,0.0,0.0,0.0,40,0,0.0
SLV,1953,0.0,0.0,0.0,0.0,0.0,0.0,44,0,0.0
SLV,1956,0.0,0.0,0.0,0.0,0.0,0.0,13,0,0.0
SLV,1957,0.0,0.0,0.0,0.0,0.0,0.0,27,0,0.0
SLV,1958,0.0,0.0,0.0,0.0,0.0,0.0,25,0,0.0
SLV,1959,0.0,0.0,0.0,0.0,0.0,0.0,66,0,0.0
SLV,1960,0.0,0.0,0.0,0.0,0.0,0.0,45,1,0.022222222222222223
SLV,1962,0.0,0.0,0.0,0.0,0.0,0.0,28,0,0.0
SLV,1963,0.0,0.0,0.0,0.0,0.0,0.0,71,0,0.0
SLV,1965,0.0,0.0,1.0,0.0,0.0,0.0,50,4,0.08
SLV,1966,0.0,0.0,0.0,0.0,0.0,0.0,94,0,0.0
SLV,1967,0.0,0.0,0.0,0.0,0.0,0.0,97,0,0.0
SLV,1968,0.0,0.0,0.0,0.0,0.0,0.0,171,4,0.023391812865497075
SLV,1969,0.0,0.0,0.0,0.0,0.0,0.0,169,1,0.005917159763313609
SLV,1970,0.0,0.0,0.0,0.0,0.0,0.0,136,3,0.022058823529411766
SLV,1971,0.0,0.0,0.0,0.0,0.0,0.0,85,1,0.011764705882352941
SLV,1972,0.0,0.0,0.0,0.0,0.0,0.0,105,2,0.01904761904761905
SLV,1973,0.0,0.0,0.0,0.0,0.0,0.0,111,6,0.05405405405405406
SLV,1974,0.0,0.0,0.0,0.0,0.0,0.0,51,1,0.0196078431372549
SLV,1975,0.0,0.0,0.0,0.0,0.0,0.0,34,1,0.029411764705882353
SLV,1976,0.0,0.0,0.0,0.0,0.0,0.0,70,3,0.04285714285714286
SLV,1977,0.0,0.0,0.0,0.0,0.0,0.0,31,0,0.0
SLV,1978,0.0,0.0,0.0,0.0,0.0,0.0,79,0,0.0
SLV,1979,0.0,0.0,0.0,0.0,0.0,0.0,53,0,0.0
SLV,1980,0.0,0.0,0.0,0.0,0.0,0.0,82,1,0.012195121951219513
SLV,1981,0.0,0.0,0.0,0.0,0.0,0.0,86,1,0.011627906976744186
SLV,1982,0.0,0.0,0.0,0.0,0.0,0.0,84,0,0.0
SLV,1983,0.0,0.0,0.0,0.0,0.0,0.0,57,0,0.0
SLV,1984,0.0,0.0,0.0,0.0,0.0,0.0,97,0,0.0
SLV,1985,0.0,0.0,0.0,0.0,0.0,0.0,61,1,0.01639344262295082
SLV,1986,0.0,0.0,0.0,0.0,0.0,0.0,104,1,0.009615384615384616
SLV,1987,0.0,0.0,0.0,0.0,0.0,0.0,75,4,0.05333333333333334
SLV,1988,0.0,0.0,0.0,0.0,0.0,0.0,90,0,0.0
SLV,1989,0.0,0.0,0.0,0.0,0.0,0.0,98,2,0.02040816326530612
SLV,1990,0.0,0.0,0.0,0.0,0.0,0.0,127,5,0.03937007874015748
SLV,1991,0.0,0.0,0.0,0.0,0.0,0.0,60,0,0.0
SLV,1992,0.0,0.0,0.0,0.0,0.0,0.0,101,2,0.019801980198019802
SLV,1993,0.0,0.0,0.0,0.0,0.0,0.0,84,1,0.011904761904761904
SLV,1994,0.0,0.0,0.0,0.0,0.0,0.0,49,4,0.08163265306122448
SLV,1995,0.0,0.0,0.0,0.0,0.0,0.0,39,0,0.0
SLV,1996,1.0,0.0,0.0,0.0,0.0,0.0,25,1,0.04
SLV,1997,0.0,0.0,0.0,0.0,0.0,0.0,19,0,0.0
SLV,1998,0.0,0.0,0.0,0.0,0.0,0.0,18,3,0.16666666666666666
SLV,1999,0.0,0.0,0.0,0.0,0.0,0.0,37,0,0.0
SLV,2000,0.0,0.0,0.0,0.0,0.0,0.0,44,1,0.022727272727272728
SLV,2001,0.0,0.0,0.0,0.0,0.0,0.0,29,4,0.13793103448275862
SLV,2002,0.0,0.0,0.0,0.0,0.0,0.0,41,3,0.07317073170731707
SLV,2003,0.0,0.0,1.0,0.0,0.0,0.0,52,3,0.057692307692307696
SLV,2004,0.0,0.0,0.0,0.0,0.0,0.0,53,3,0.05660377358490566
SLV,2005,0.0,0.0,0.0,0.0,0.0,0.0,43,6,0.13953488372093023
SLV,2006,0.0,0.0,0.0,0.0,0.0,0.0,110,6,0.05454545454545454
SLV,2007,1.0,0.0,0.0,0.0,0.0,0.0,84,17,0.20238095238095238
SLV,2008,0.0,0.0,1.0,0.0,0.0,0.0,103,16,0.1553398058252427
SLV,2009,0.0,0.0,0.0,0.0,0.0,0.0,103,4,0.038834951456310676
SLV,2010,0.0,0.0,0.0,0.0,0.0,0.0,89,2,0.02247191011235955
SLV,2011,0.0,0.0,0.0,0.0,0.0,0.0,86,3,0.03488372093023256
SLV,2012,0.0,0.0,0.0,0.0,0.0,0.0,63,3,0.047619047619047616
SLV,2013,0.0,0.0,0.0,0.0,0.0,0.0,75,9,0.12
SLV,2014,0.0,0.0,0.0,0.0,0.0,0.0,53,8,0.1509433962264151
SLV,2015,0.0,0.0,0.0,0.0,0.0,0.0,28,5,0.17857142857142858
SLV,2016,0.0,0.0,0.0,0.0,0.0,0.0,34,4,0.11764705882352941
SLV,2017,0.0,0.0,0.0,0.0,0.0,0.0,35,12,0.34285714285714286
SLV,2018,0.0,0.0,0.0,0.0,0.0,0.0,49,12,0.24489795918367346
SLV,2019,0.0,0.0,0.0,0.0,0.0,0.0,65,6,0.09230769230769231
SLV,2020,0.0,0.0,0.0,0.0,0.0,0.0,67,4,0.05970149253731343
SLV,2021,0.0,0.0,0.0,0.0,0.0,0.0,25,0,0.0
SLV,2022,0.0,0.0,0.0,0.0,0.0,0.0,42,3,0.07142857142857142
SLV,2023,0.0,0.0,0.0,0.0,0.0,0.0,93,2,0.021505376344086023
SLV,2024,0.0,0.0,0.0,0.0,0.0,0.0,34,0,0.0
SMR,1992,0.0,0.0,0.0,0.0,0.0,0.0,48,3,0.0625
SMR,1993,0.0,0.0,0.0,0.0,0.0,0.0,26,1,0.038461538461538464
SMR,1994,0.0,0.0,0.0,0.0,0.0,0.0,29,3,0.10344827586206896
SMR,1995,0.0,0.0,0.0,0.0,0.0,0.0,36,3,0.08333333333333333
SMR,1996,0.0,0.0,0.0,0.0,0.0,0.0,23,1,0.043478260869565216
SMR,1997,0.0,0.0,0.0,0.0,0.0,0.0,22,4,0.18181818181818182
SMR,1998,0.0,0.0,0.0,0.0,0.0,0.0,29,2,0.06896551724137931
SMR,1999,0.0,0.0,0.0,0.0,0.0,0.0,19,1,0.05263157894736842
SMR,2000,0.0,0.0,0.0,0.0,0.0,0.0,12,0,0.0
SMR,2001,0.0,0.0,0.0,0.0,0.0,0.0,32,1,0.03125
SMR,2002,0.0,0.0,0.0,0.0,0.0,0.0,31,2,0.06451612903225806
SMR,2003,0.0,0.0,0.0,0.0,0.0,0.0,30,0,0.0
SMR,2004,0.0,0.0,0.0,0.0,0.0,0.0,26,2,0.07692307692307693
SMR,2005,0.0,0.0,0.0,0.0,0.0,0.0,37,2,0.05405405405405406
SMR,2006,0.0,0.0,0.0,0.0,0.0,0.0,43,0,0.0
SMR,2007,0.0,0.0,0.0,0.0,0.0,0.0,56,6,0.10714285714285714
SMR,2008,0.0,0.0,0.0,0.0,0.0,0.0,51,4,0.0784313725490196
SMR,2009,0.0,0.0,0.0,0.0,0.0,0.0,61,9,0.14754098360655737
SMR,2010,0.0,0.0,0.0,0.0,0.0,0.0,61,4,0.06557377049180328
SMR,2011,0.0,0.0,0.0,0.0,0.0,0.0,110,9,0.08181818181818182
SMR,2012,0.0,0.0,0.0,0.0,0.0,0.0,76,6,0.07894736842105263
SMR,2013,0.0,0.0,0.0,0.0,0.0,0.0,39,3,0.07692307692307693
SMR,2014,0.0,0.0,0.0,0.0,0.0,0.0,42,5,0.11904761904761904
SMR,2015,0.0,0.0,0.0,0.0,0.0,0.0,38,5,0.13157894736842105
SMR,2016,0.0,0.0,0.0,0.0,0.0,0.0,35,6,0.17142857142857143
SMR,2017,0.0,0.0,0.0,0.0,0.0,0.0,64,7,0.109375
SMR,2018,0.0,0.0,0.0,0.0,0.0,0.0,61,13,0.21311475409836064
SMR,2019,0.0,0.0,0.0,0.0,0.0,0.0,72,23,0.3194444444444444
SMR,2020,0.0,0.0,0.0,0.0,0.0,0.0,63,11,0.1746031746031746
SMR,2021,0.0,0.0,0.0,0.0,0.0,0.0,39,7,0.1794871794871795
SMR,2022,0.0,0.0,0.0,0.0,0.0,0.0,57,10,0.17543859649122806
SMR,2023,0.0,0.0,0.0,0.0,0.0,0.0,71,16,0.22535211267605634
SMR,2024,0.0,0.0,0.0,0.0,0.0,1.0,100,15,0.15
SMR,2025,0.0,0.0,0.0,0.0,0.0,0.0,122,15,0.12295081967213115
SOM,1961,0.0,0.0,0.0,0.0,0.0,0.0,109,1,0.009174311926605505
SOM,1962,0.0,0.0,0.0,0.0,0.0,0.0,73,0,0.0
SOM,1963,0.0,0.0,0.0,0.0,0.0,0.0,54,1,0.018518518518518517
SOM,1964,0.0,0.0,0.0,0.0,0.0,0.0,75,1,0.013333333333333334
SOM,1965,0.0,0.0,0.0,0.0,0.0,0.0,122,2,0.01639344262295082
SOM,1966,0.0,0.0,0.0,0.0,0.0,0.0,177,4,0.022598870056497175
SOM,1967,0.0,0.0,0.0,0.0,0.0,0.0,119,3,0.025210084033613446
SOM,1968,0.0,0.0,0.0,0.0,0.0,0.0,91,0,0.0
SOM,1969,0.0,0.0,0.0,0.0,0.0,0.0,104,1,0.009615384615384616
SOM,1970,0.0,0.0,0.0,0.0,0.0,0.0,100,0,0.0
SOM,1971,0.0,0.0,0.0,0.0,0.0,0.0,150,4,0.02666666666666667
SOM,1972,0.0,0.0,0.0,0.0,0.0,0.0,110,2,0.01818181818181818
SOM,1973,0.0,0.0,0.0,0.0,0.0,0.0,105,6,0.05714285714285714
SOM,1974,0.0,0.0,0.0,0.0,0.0,0.0,123,6,0.04878048780487805
SOM,1975,0.0,0.0,0.0,0.0,0.0,0.0,116,4,0.034482758620689655
SOM,1976,0.0,0.0,0.0,0.0,0.0,0.0,117,5,0.042735042735042736
SOM,1977,0.0,0.0,0.0,0.0,0.0,0.0,99,0,0.0
SOM,1978,0.0,0.0,0.0,0.0,0.0,0.0,98,2,0.02040816326530612
SOM,1979,0.0,0.0,0.0,0.0,0.0,0.0,66,2,0.030303030303030304
SOM,1980,0.0,0.0,0.0,0.0,0.0,0.0,79,2,0.02531645569620253
SOM,1981,0.0,0.0,0.0,0.0,0.0,0.0,62,3,0.04838709677419355
SOM,1982,0.0,0.0,0.0,0.0,0.0,0.0,117,1,0.008547008547008548
SOM,1983,0.0,0.0,0.0,0.0,0.0,0.0,58,0,0.0
SOM,1984,0.0,0.0,0.0,0.0,0.0,0.0,64,3,0.046875
SOM,1985,0.0,0.0,0.0,0.0,0.0,0.0,53,3,0.05660377358490566
SOM,1986,0.0,0.0,0.0,0.0,0.0,0.0,47,3,0.06382978723404255
SOM,1987,0.0,0.0,0.0,0.0,0.0,0.0,70,7,0.1
SOM,1988,0.0,0.0,0.0,0.0,0.0,0.0,64,4,0.0625
SOM,1989,0.0,0.0,0.0,0.0,0.0,0.0,99,3,0.030303030303030304
SOM,1990,0.0,0.0,0.0,0.0,0.0,0.0,85,2,0.023529411764705882
SOM,2000,0.0,0.0,0.0,0.0,0.0,0.0,32,0,0.0
SOM,2001,0.0,0.0,0.0,0.0,0.0,0.0,54,0,0.0
SOM,2002,0.0,0.0,0.0,0.0,0.0,0.0,40,0,0.0
SOM,2003,0.0,0.0,0.0,0.0,0.0,0.0,61,2,0.03278688524590164
SOM,2005,0.0,0.0,0.0,0.0,0.0,0.0,36,3,0.08333333333333333
SOM,2006,0.0,0.0,0.0,0.0,0.0,0.0,70,0,0.0
SOM,2007,0.0,0.0,0.0,0.0,0.0,0.0,37,0,0.0
SOM,2008,0.0,0.0,0.0,0.0,0.0,0.0,56,6,0.10714285714285714
SOM,2009,0.0,0.0,0.0,0.0,0.0,0.0,64,3,0.046875
SOM,2010,0.0,0.0,0.0,0.0,0.0,0.0,79,5,0.06329113924050633
SOM,2011,0.0,0.0,0.0,0.0,0.0,0.0,112,10,0.08928571428571429
SOM,2012,0.0,0.0,0.0,0.0,0.0,0.0,61,0,0.0
SOM,2013,0.0,0.0,0.0,0.0,0.0,0.0,71,2,0.028169014084507043
SOM,2014,0.0,0.0,0.0,0.0,0.0,0.0,102,3,0.029411764705882353
SOM,2015,0.0,0.0,0.0,0.0,0.0,0.0,78,6,0.07692307692307693
SOM,2016,0.0,0.0,0.0,0.0,0.0,0.0,75,5,0.06666666666666667
SOM,2017,0.0,0.0,0.0,0.0,0.0,0.0,78,9,0.11538461538461539
SOM,2018,0.0,0.0,0.0,0.0,0.0,0.0,55,2,0.03636363636363636
SOM,2019,0.0,0.0,0.0,0.0,0.0,0.0,71,19,0.2676056338028169
SOM,2020,0.0,0.0,0.0,0.0,0.0,0.0,36,2,0.05555555555555555
SOM,2021,0.0,0.0,0.0,0.0,0.0,0.0,39,7,0.1794871794871795
SOM,2022,0.0,0.0,0.0,0.0,0.0,0.0,51,16,0.3137254901960784
SOM,2023,0.0,0.0,0.0,0.0,0.0,0.0,71,8,0.11267605633802817
SOM,2024,0.0,0.0,0.0,0.0,0.0,1.0,86,8,0.09302325581395349
SOM,2025,0.0,0.0,0.0,0.0,0.0,0.0,73,24,0.3287671232876712
SRB,2006,0.0,0.0,0.0,0.0,0.0,0.0,56,3,0.05357142857142857
SRB,2007,0.0,0.0,0.0,0.0,0.0,0.0,72,8,0.1111111111111111
SRB,2008,0.0,0.0,0.0,0.0,0.0,0.0,71,1,0.014084507042253521
SRB,2009,0.0,0.0,0.0,0.0,0.0,0.0,96,8,0.08333333333333333
SRB,2010,0.0,0.0,0.0,0.0,0.0,0.0,116,5,0.04310344827586207
SRB,2011,0.0,0.0,0.0,0.0,0.0,0.0,139,5,0.03597122302158273
SRB,2012,0.0,0.0,0.0,0.0,0.0,0.0,75,8,0.10666666666666667
SRB,2013,0.0,0.0,0.0,0.0,0.0,0.0,107,5,0.04672897196261682
SRB,2014,0.0,0.0,0.0,0.0,0.0,0.0,99,19,0.1919191919191919
SRB,2015,0.0,0.0,0.0,0.0,0.0,2.0,121,8,0.06611570247933884
SRB,2016,0.0,0.0,0.0,0.0,0.0,0.0,53,0,0.0
SRB,2017,0.0,0.0,0.0,0.0,0.0,0.0,54,0,0.0
SRB,2018,0.0,0.0,0.0,0.0,0.0,0.0,53,2,0.03773584905660377
SRB,2019,0.0,0.0,0.0,0.0,0.0,0.0,68,1,0.014705882352941176
SRB,2020,0.0,0.0,0.0,0.0,0.0,0.0,32,2,0.0625
SRB,2021,0.0,0.0,0.0,0.0,0.0,0.0,67,7,0.1044776119402985
SRB,2022,0.0,0.0,0.0,0.0,0.0,0.0,64,7,0.109375
SRB,2023,0.0,0.0,0.0,0.0,0.0,0.0,142,8,0.056338028169014086
SRB,2024,0.0,0.0,0.0,0.0,0.0,0.0,75,1,0.013333333333333334
SRB,2025,0.0,0.0,0.0,0.0,0.0,0.0,157,8,0.050955414012738856
SSD,2011,0.0,0.0,0.0,0.0,0.0,0.0,47,5,0.10638297872340426
SSD,2012,0.0,0.0,0.0,0.0,0.0,0.0,57,1,0.017543859649122806
SSD,2013,0.0,0.0,0.0,0.0,0.0,0.0,63,4,0.06349206349206349
SSD,2014,0.0,0.0,0.0,0.0,0.0,0.0,57,8,0.14035087719298245
SSD,2015,0.0,0.0,0.0,0.0,0.0,0.0,40,1,0.025
SSD,2016,0.0,0.0,0.0,0.0,0.0,0.0,50,5,0.1
SSD,2017,0.0,0.0,0.0,0.0,0.0,0.0,55,4,0.07272727272727272
SSD,2018,0.0,0.0,0.0,0.0,0.0,0.0,55,0,0.0
SSD,2019,0.0,0.0,1.0,0.0,0.0,0.0,63,6,0.09523809523809523
SSD,2021,0.0,0.0,0.0,0.0,0.0,2.0,53,10,0.18867924528301888
SSD,2022,0.0,0.0,0.0,0.0,0.0,0.0,39,7,0.1794871794871795
SSD,2023,0.0,0.0,0.0,0.0,0.0,0.0,34,8,0.23529411764705882
SSD,2024,0.0,0.0,0.0,0.0,0.0,0.0,80,10,0.125
SSD,2025,0.0,0.0,0.0,0.0,0.0,0.0,165,21,0.12727272727272726
STP,1976,0.0,0.0,0.0,0.0,0.0,0.0,64,1,0.015625
STP,1977,0.0,0.0,0.0,0.0,0.0,0.0,53,0,0.0
STP,1978,0.0,0.0,0.0,0.0,0.0,0.0,65,1,0.015384615384615385
STP,1979,0.0,0.0,0.0,0.0,0.0,0.0,72,0,0.0
STP,1980,0.0,0.0,0.0,0.0,0.0,0.0,27,1,0.037037037037037035
STP,1981,0.0,0.0,0.0,0.0,0.0,0.0,22,1,0.045454545454545456
STP,1982,0.0,0.0,0.0,0.0,0.0,0.0,30,0,0.0
STP,1983,0.0,0.0,0.0,0.0,0.0,0.0,21,0,0.0
STP,1984,0.0,0.0,0.0,0.0,0.0,0.0,7,0,0.0
STP,1985,0.0,0.0,0.0,0.0,0.0,0.0,23,2,0.08695652173913043
STP,1986,0.0,0.0,0.0,0.0,0.0,0.0,43,0,0.0
STP,1988,0.0,0.0,0.0,0.0,0.0,0.0,38,2,0.05263157894736842
STP,1989,0.0,0.0,0.0,0.0,0.0,0.0,58,4,0.06896551724137931
STP,1991,0.0,0.0,0.0,0.0,0.0,0.0,52,4,0.07692307692307693
STP,1992,0.0,0.0,0.0,0.0,0.0,0.0,48,0,0.0
STP,1998,0.0,0.0,0.0,0.0,0.0,0.0,34,3,0.08823529411764706
STP,2001,0.0,0.0,0.0,0.0,0.0,0.0,33,3,0.09090909090909091
STP,2002,0.0,0.0,0.0,0.0,0.0,0.0,55,12,0.21818181818181817
STP,2003,0.0,0.0,0.0,0.0,0.0,0.0,35,4,0.11428571428571428
STP,2004,0.0,0.0,0.0,0.0,0.0,0.0,49,6,0.12244897959183673
STP,2005,0.0,0.0,0.0,0.0,0.0,0.0,54,5,0.09259259259259259
STP,2006,0.0,0.0,0.0,0.0,0.0,0.0,102,11,0.10784313725490197
STP,2007,0.0,0.0,0.0,0.0,0.0,0.0,68,6,0.08823529411764706
STP,2008,0.0,0.0,0.0,0.0,0.0,0.0,53,9,0.16981132075471697
STP,2009,0.0,0.0,0.0,0.0,0.0,0.0,58,16,0.27586206896551724
STP,2010,0.0,0.0,0.0,0.0,0.0,0.0,62,11,0.1774193548387097
STP,2011,0.0,0.0,0.0,0.0,0.0,0.0,65,6,0.09230769230769231
STP,2012,0.0,0.0,0.0,0.0,0.0,0.0,27,2,0.07407407407407407
STP,2013,0.0,0.0,0.0,0.0,0.0,0.0,37,2,0.05405405405405406
STP,2014,0.0,0.0,0.0,0.0,0.0,0.0,45,5,0.1111111111111111
STP,2015,0.0,0.0,0.0,0.0,0.0,0.0,37,10,0.2702702702702703
STP,2016,0.0,0.0,0.0,0.0,0.0,0.0,24,5,0.20833333333333334
STP,2017,0.0,0.0,0.0,0.0,0.0,0.0,42,9,0.21428571428571427
STP,2018,0.0,0.0,0.0,0.0,0.0,0.0,31,9,0.2903225806451613
STP,2019,0.0,0.0,0.0,0.0,0.0,0.0,28,8,0.2857142857142857
STP,2020,0.0,0.0,0.0,0.0,0.0,0.0,18,1,0.05555555555555555
STP,2021,0.0,0.0,0.0,0.0,0.0,0.0,34,5,0.14705882352941177
STP,2023,0.0,0.0,0.0,0.0,0.0,0.0,29,5,0.1724137931034483
STP,2024,0.0,0.0,0.0,0.0,0.0,1.0,34,11,0.3235294117647059
STP,2025,0.0,0.0,0.0,0.0,0.0,0.0,91,20,0.21978021978021978
SUR,1976,0.0,0.0,0.0,0.0,0.0,0.0,62,1,0.016129032258064516
SUR,1977,0.0,0.0,0.0,0.0,0.0,0.0,57,0,0.0
SUR,1978,0.0,0.0,0.0,0.0,0.0,0.0,79,1,0.012658227848101266
SUR,1979,0.0,0.0,0.0,0.0,0.0,0.0,101,10,0.09900990099009901
SUR,1980,0.0,0.0,0.0,0.0,0.0,0.0,135,5,0.037037037037037035
SUR,1981,0.0,0.0,0.0,0.0,0.0,0.0,105,2,0.01904761904761905
SUR,1982,0.0,0.0,0.0,0.0,0.0,0.0,149,2,0.013422818791946308
SUR,1983,0.0,0.0,0.0,0.0,0.0,0.0,68,2,0.029411764705882353
SUR,1984,0.0,0.0,0.0,0.0,0.0,0.0,63,4,0.06349206349206349
SUR,1985,0.0,0.0,0.0,0.0,0.0,0.0,79,1,0.012658227848101266
SUR,1986,0.0,0.0,0.0,0.0,0.0,0.0,68,0,0.0
SUR,1987,0.0,0.0,0.0,0.0,0.0,0.0,84,1,0.011904761904761904
SUR,1988,0.0,0.0,0.0,0.0,0.0,0.0,64,0,0.0
SUR,1989,0.0,0.0,0.0,0.0,0.0,0.0,85,5,0.058823529411764705
SUR,1990,0.0,0.0,0.0,0.0,0.0,0.0,56,7,0.125
SUR,1991,0.0,0.0,0.0,0.0,0.0,0.0,73,3,0.0410958904109589
SUR,1992,0.0,0.0,0.0,0.0,0.0,0.0,74,6,0.08108108108108109
SUR,1993,0.0,0.0,0.0,0.0,0.0,0.0,58,5,0.08620689655172414
SUR,1994,0.0,0.0,0.0,0.0,0.0,0.0,42,3,0.07142857142857142
SUR,1995,0.0,0.0,0.0,0.0,0.0,0.0,42,8,0.19047619047619047
SUR,1996,0.0,0.0,0.0,0.0,0.0,0.0,31,1,0.03225806451612903
SUR,1997,0.0,0.0,0.0,0.0,0.0,0.0,33,4,0.12121212121212122
SUR,1998,0.0,0.0,0.0,0.0,0.0,0.0,22,3,0.13636363636363635
SUR,1999,0.0,0.0,0.0,0.0,0.0,0.0,36,4,0.1111111111111111
SUR,2000,0.0,0.0,0.0,0.0,0.0,0.0,19,1,0.05263157894736842
SUR,2001,0.0,0.0,0.0,0.0,0.0,0.0,45,5,0.1111111111111111
SUR,2002,0.0,0.0,0.0,0.0,0.0,0.0,35,3,0.08571428571428572
SUR,2003,0.0,0.0,0.0,0.0,0.0,0.0,25,0,0.0
SUR,2004,0.0,0.0,0.0,0.0,0.0,0.0,35,3,0.08571428571428572
SUR,2005,0.0,0.0,0.0,0.0,0.0,0.0,26,1,0.038461538461538464
SUR,2006,0.0,0.0,0.0,0.0,0.0,0.0,39,4,0.10256410256410256
SUR,2007,0.0,0.0,0.0,0.0,0.0,0.0,32,9,0.28125
SUR,2008,0.0,0.0,0.0,0.0,0.0,0.0,44,16,0.36363636363636365
SUR,2009,0.0,0.0,0.0,0.0,0.0,0.0,47,13,0.2765957446808511
SUR,2010,0.0,0.0,0.0,0.0,0.0,0.0,67,17,0.2537313432835821
SUR,2011,0.0,0.0,0.0,0.0,0.0,0.0,64,12,0.1875
SUR,2012,0.0,0.0,0.0,0.0,0.0,0.0,37,8,0.21621621621621623
SUR,2013,0.0,0.0,0.0,0.0,0.0,0.0,39,5,0.1282051282051282
SUR,2014,0.0,0.0,0.0,0.0,0.0,0.0,39,11,0.28205128205128205
SUR,2015,0.0,0.0,0.0,0.0,0.0,0.0,35,14,0.4
SUR,2016,0.0,0.0,0.0,0.0,0.0,0.0,35,8,0.22857142857142856
SUR,2017,0.0,0.0,0.0,0.0,0.0,0.0,82,17,0.2073170731707317
SUR,2018,0.0,0.0,0.0,0.0,0.0,0.0,88,12,0.13636363636363635
SUR,2019,0.0,0.0,0.0,0.0,0.0,0.0,46,14,0.30434782608695654
SUR,2020,0.0,0.0,0.0,0.0,0.0,0.0,22,3,0.13636363636363635
SUR,2021,0.0,0.0,0.0,0.0,0.0,0.0,45,12,0.26666666666666666
SUR,2022,0.0,0.0,0.0,0.0,0.0,0.0,36,14,0.3888888888888889
SUR,2023,0.0,0.0,0.0,0.0,0.0,0.0,61,24,0.39344262295081966
SUR,2024,0.0,0.0,0.0,0.0,0.0,0.0,13,4,0.3076923076923077
SUR,2025,0.0,0.0,0.0,0.0,0.0,1.0,100,23,0.23
SVK,1993,0.0,0.0,0.0,0.0,0.0,0.0,54,1,0.018518518518518517
SVK,1994,0.0,0.0,0.0,0.0,0.0,0.0,79,1,0.012658227848101266
SVK,1995,0.0,0.0,0.0,0.0,0.0,0.0,77,1,0.012987012987012988
SVK,1996,0.0,0.0,0.0,0.0,0.0,0.0,70,3,0.04285714285714286
SVK,1997,0.0,0.0,0.0,0.0,0.0,0.0,58,1,0.017241379310344827
SVK,1998,0.0,0.0,0.0,0.0,0.0,0.0,34,5,0.14705882352941177
SVK,1999,0.0,0.0,0.0,0.0,0.0,0.0,54,1,0.018518518518518517
SVK,2000,0.0,0.0,0.0,0.0,0.0,0.0,48,1,0.020833333333333332
SVK,2001,0.0,0.0,0.0,0.0,0.0,0.0,45,0,0.0
SVK,2002,0.0,0.0,0.0,0.0,0.0,0.0,59,2,0.03389830508474576
SVK,2003,0.0,0.0,0.0,0.0,0.0,0.0,51,2,0.0392156862745098
SVK,2004,0.0,0.0,0.0,0.0,0.0,0.0,53,1,0.018867924528301886
SVK,2005,0.0,0.0,0.0,0.0,0.0,0.0,64,1,0.015625
SVK,2006,0.0,0.0,0.0,0.0,0.0,0.0,67,3,0.04477611940298507
SVK,2007,0.0,0.0,0.0,0.0,0.0,0.0,66,2,0.030303030303030304
SVK,2008,0.0,0.0,0.0,0.0,0.0,0.0,50,5,0.1
SVK,2009,0.0,0.0,0.0,0.0,0.0,0.0,70,5,0.07142857142857142
SVK,2010,0.0,0.0,0.0,0.0,0.0,0.0,86,6,0.06976744186046512
SVK,2011,0.0,0.0,0.0,0.0,0.0,0.0,67,2,0.029850746268656716
SVK,2012,0.0,0.0,0.0,0.0,0.0,0.0,63,8,0.12698412698412698
SVK,2013,0.0,0.0,0.0,0.0,0.0,0.0,88,7,0.07954545454545454
SVK,2014,0.0,0.0,0.0,0.0,0.0,0.0,59,6,0.1016949152542373
SVK,2015,0.0,0.0,0.0,0.0,0.0,0.0,62,8,0.12903225806451613
SVK,2016,0.0,0.0,0.0,0.0,0.0,0.0,65,10,0.15384615384615385
SVK,2017,0.0,0.0,0.0,0.0,0.0,0.0,51,9,0.17647058823529413
SVK,2018,0.0,0.0,0.0,0.0,0.0,0.0,66,5,0.07575757575757576
SVK,2019,0.0,0.0,0.0,0.0,0.0,0.0,45,17,0.37777777777777777
SVK,2020,0.0,0.0,0.0,0.0,0.0,0.0,45,4,0.08888888888888889
SVK,2021,0.0,0.0,0.0,0.0,0.0,1.0,39,16,0.41025641025641024
SVK,2022,0.0,0.0,0.0,0.0,0.0,0.0,69,13,0.18840579710144928
SVK,2023,0.0,0.0,0.0,0.0,0.0,0.0,65,22,0.3384615384615385
SVK,2024,0.0,0.0,0.0,0.0,0.0,0.0,67,7,0.1044776119402985
SVK,2025,0.0,0.0,0.0,0.0,0.0,0.0,90,5,0.05555555555555555
SVN,1992,0.0,0.0,0.0,0.0,0.0,0.0,119,2,0.01680672268907563
SVN,1993,0.0,0.0,0.0,0.0,0.0,0.0,48,2,0.041666666666666664
SVN,1994,0.0,0.0,0.0,0.0,0.0,0.0,50,1,0.02
SVN,1995,0.0,0.0,0.0,0.0,0.0,0.0,53,3,0.05660377358490566
SVN,1996,0.0,0.0,0.0,0.0,0.0,0.0,39,2,0.05128205128205128
SVN,1997,0.0,0.0,0.0,0.0,0.0,0.0,70,1,0.014285714285714285
SVN,1998,0.0,0.0,0.0,0.0,0.0,0.0,62,3,0.04838709677419355
SVN,1999,0.0,0.0,0.0,0.0,0.0,0.0,61,0,0.0
SVN,2000,0.0,0.0,0.0,0.0,0.0,0.0,28,1,0.03571428571428571
SVN,2001,0.0,0.0,0.0,0.0,0.0,0.0,43,0,0.0
SVN,2002,0.0,0.0,0.0,0.0,0.0,0.0,35,1,0.02857142857142857
SVN,2003,0.0,0.0,0.0,0.0,0.0,0.0,47,2,0.0425531914893617
SVN,2004,0.0,0.0,0.0,0.0,0.0,0.0,39,5,0.1282051282051282
SVN,2005,0.0,0.0,0.0,0.0,0.0,0.0,56,1,0.017857142857142856
SVN,2006,0.0,0.0,0.0,0.0,0.0,0.0,84,6,0.07142857142857142
SVN,2007,0.0,0.0,0.0,0.0,0.0,0.0,46,5,0.10869565217391304
SVN,2008,0.0,0.0,0.0,0.0,0.0,0.0,104,9,0.08653846153846154
SVN,2009,0.0,0.0,0.0,0.0,0.0,0.0,91,8,0.08791208791208792
SVN,2010,0.0,0.0,0.0,0.0,0.0,0.0,48,4,0.08333333333333333
SVN,2011,0.0,0.0,0.0,0.0,0.0,0.0,74,10,0.13513513513513514
SVN,2012,0.0,0.0,0.0,0.0,0.0,0.0,43,0,0.0
SVN,2013,0.0,0.0,0.0,0.0,0.0,0.0,48,3,0.0625
SVN,2014,0.0,0.0,0.0,0.0,0.0,0.0,22,0,0.0
SVN,2015,0.0,0.0,0.0,0.0,0.0,0.0,49,3,0.061224489795918366
SVN,2016,0.0,0.0,0.0,0.0,0.0,0.0,32,3,0.09375
SVN,2017,0.0,0.0,0.0,0.0,0.0,0.0,61,8,0.13114754098360656
SVN,2018,0.0,0.0,0.0,0.0,0.0,0.0,40,4,0.1
SVN,2019,0.0,0.0,0.0,0.0,0.0,0.0,59,13,0.22033898305084745
SVN,2020,0.0,0.0,0.0,0.0,0.0,0.0,23,5,0.21739130434782608
SVN,2021,0.0,0.0,0.0,0.0,0.0,2.0,50,19,0.38
SVN,2022,0.0,0.0,0.0,0.0,0.0,0.0,33,6,0.18181818181818182
SVN,2023,0.0,0.0,0.0,0.0,0.0,0.0,92,20,0.21739130434782608
SVN,2024,0.0,0.0,0.0,0.0,0.0,0.0,99,14,0.1414141414141414
SVN,2025,0.0,0.0,0.0,0.0,0.0,0.0,107,9,0.08411214953271028
SWE,1947,0.0,0.0,0.0,0.0,0.0,0.0,35,0,0.0
SWE,1950,0.0,0.0,0.0,0.0,0.0,0.0,52,0,0.0
SWE,1952,0.0,0.0,0.0,0.0,0.0,0.0,91,1,0.01098901098901099
SWE,1953,0.0,0.0,0.0,0.0,0.0,0.0,91,1,0.01098901098901099
SWE,1955,0.0,0.0,0.0,0.0,0.0,0.0,61,0,0.0
SWE,1956,0.0,0.0,0.0,0.0,0.0,0.0,32,0,0.0
SWE,1959,0.0,0.0,0.0,0.0,0.0,0.0,101,1,0.009900990099009901
SWE,1960,0.0,0.0,0.0,0.0,0.0,0.0,109,4,0.03669724770642202
SWE,1963,0.0,0.0,0.0,0.0,0.0,0.0,105,4,0.0380952380952381
SWE,1964,0.0,0.0,0.0,0.0,0.0,0.0,114,14,0.12280701754385964
SWE,1965,0.0,0.0,0.0,0.0,0.0,0.0,150,6,0.04
SWE,1966,0.0,0.0,0.0,0.0,0.0,0.0,116,1,0.008620689655172414
SWE,1967,0.0,0.0,0.0,0.0,0.0,0.0,117,0,0.0
SWE,1968,0.0,0.0,0.0,0.0,0.0,0.0,168,10,0.05952380952380952
SWE,1969,0.0,0.0,0.0,0.0,0.0,0.0,131,7,0.05343511450381679
SWE,1971,0.0,0.0,0.0,0.0,0.0,0.0,84,9,0.10714285714285714
SWE,1972,0.0,0.0,0.0,0.0,0.0,0.0,125,10,0.08
SWE,1973,0.0,0.0,0.0,0.0,0.0,0.0,118,11,0.09322033898305085
SWE,1974,0.0,0.0,0.0,0.0,0.0,0.0,98,6,0.061224489795918366
SWE,1975,0.0,0.0,0.0,0.0,0.0,0.0,104,4,0.038461538461538464
SWE,1976,0.0,0.0,0.0,0.0,0.0,0.0,78,2,0.02564102564102564
SWE,1977,0.0,0.0,0.0,0.0,0.0,0.0,134,15,0.11194029850746269
SWE,1978,0.0,0.0,0.0,0.0,0.0,0.0,221,19,0.08597285067873303
SWE,1980,0.0,0.0,0.0,0.0,0.0,0.0,92,3,0.03260869565217391
SWE,1981,0.0,0.0,0.0,0.0,0.0,0.0,115,11,0.09565217391304348
SWE,1982,0.0,0.0,0.0,0.0,0.0,0.0,162,7,0.043209876543209874
SWE,1983,0.0,0.0,0.0,0.0,0.0,0.0,158,15,0.0949367088607595
SWE,1984,0.0,0.0,0.0,0.0,0.0,0.0,119,9,0.07563025210084033
SWE,1985,0.0,0.0,0.0,0.0,0.0,0.0,155,10,0.06451612903225806
SWE,1986,0.0,0.0,0.0,0.0,0.0,0.0,130,9,0.06923076923076923
SWE,1987,0.0,0.0,0.0,0.0,0.0,0.0,127,9,0.07086614173228346
SWE,1988,0.0,0.0,0.0,0.0,0.0,0.0,99,9,0.09090909090909091
SWE,1989,0.0,0.0,0.0,0.0,0.0,0.0,113,13,0.11504424778761062
SWE,1990,0.0,0.0,0.0,0.0,0.0,0.0,124,17,0.13709677419354838
SWE,1991,0.0,0.0,0.0,0.0,0.0,0.0,126,13,0.10317460317460317
SWE,1992,0.0,0.0,0.0,0.0,0.0,0.0,149,10,0.06711409395973154
SWE,1993,0.0,0.0,0.0,0.0,0.0,0.0,75,1,0.013333333333333334
SWE,1994,0.0,0.0,0.0,0.0,0.0,0.0,72,5,0.06944444444444445
SWE,1995,0.0,0.0,0.0,0.0,0.0,0.0,97,5,0.05154639175257732
SWE,1996,0.0,0.0,0.0,0.0,0.0,0.0,77,6,0.07792207792207792
SWE,1997,0.0,0.0,0.0,0.0,0.0,0.0,78,7,0.08974358974358974
SWE,1998,0.0,0.0,0.0,0.0,0.0,0.0,91,5,0.054945054945054944
SWE,1999,0.0,0.0,0.0,0.0,0.0,0.0,72,3,0.041666666666666664
SWE,2000,0.0,0.0,0.0,0.0,0.0,0.0,88,3,0.03409090909090909
SWE,2001,0.0,0.0,0.0,0.0,0.0,0.0,77,5,0.06493506493506493
SWE,2002,0.0,0.0,0.0,0.0,0.0,0.0,79,6,0.0759493670886076
SWE,2003,0.0,0.0,0.0,0.0,0.0,0.0,78,2,0.02564102564102564
SWE,2004,0.0,0.0,0.0,0.0,0.0,0.0,73,3,0.0410958904109589
SWE,2005,0.0,0.0,0.0,0.0,0.0,0.0,68,7,0.10294117647058823
SWE,2006,0.0,0.0,0.0,0.0,0.0,0.0,80,6,0.075
SWE,2007,0.0,0.0,0.0,0.0,0.0,0.0,75,6,0.08
SWE,2008,0.0,0.0,0.0,0.0,0.0,0.0,82,13,0.15853658536585366
SWE,2009,0.0,0.0,0.0,0.0,0.0,0.0,91,17,0.18681318681318682
SWE,2010,0.0,0.0,0.0,0.0,0.0,0.0,115,13,0.11304347826086956
SWE,2011,0.0,0.0,0.0,0.0,0.0,0.0,97,14,0.14432989690721648
SWE,2012,0.0,0.0,0.0,0.0,0.0,0.0,55,9,0.16363636363636364
SWE,2013,0.0,0.0,0.0,0.0,0.0,0.0,94,12,0.1276595744680851
SWE,2014,0.0,0.0,0.0,0.0,0.0,0.0,65,11,0.16923076923076924
SWE,2015,0.0,0.0,0.0,0.0,0.0,0.0,55,10,0.18181818181818182
SWE,2016,0.0,0.0,0.0,0.0,0.0,0.0,72,5,0.06944444444444445
SWE,2017,0.0,0.0,0.0,0.0,0.0,0.0,95,20,0.21052631578947367
SWE,2018,0.0,0.0,0.0,0.0,0.0,0.0,72,9,0.125
SWE,2019,0.0,0.0,0.0,0.0,0.0,0.0,91,23,0.25274725274725274
SWE,2020,0.0,0.0,0.0,0.0,0.0,0.0,57,8,0.14035087719298245
SWE,2021,0.0,0.0,0.0,0.0,0.0,0.0,40,9,0.225
SWE,2022,0.0,0.0,0.0,0.0,0.0,0.0,77,14,0.18181818181818182
SWE,2023,0.0,0.0,0.0,0.0,0.0,0.0,83,17,0.20481927710843373
SWE,2024,0.0,0.0,0.0,0.0,0.0,0.0,94,10,0.10638297872340426
SWE,2025,0.0,0.0,0.0,0.0,0.0,0.0,101,6,0.0594059405940594
SWZ,1969,0.0,0.0,0.0,0.0,0.0,0.0,79,0,0.0
SWZ,1972,0.0,0.0,0.0,0.0,1.0,0.0,49,2,0.04081632653061224
SWZ,1974,0.0,0.0,0.0,0.0,0.0,0.0,52,4,0.07692307692307693
SWZ,1976,0.0,0.0,0.0,0.0,0.0,0.0,46,3,0.06521739130434782
SWZ,1977,0.0,0.0,0.0,0.0,0.0,0.0,35,0,0.0
SWZ,1980,0.0,0.0,0.0,0.0,0.0,0.0,60,7,0.11666666666666667
SWZ,1984,0.0,0.0,0.0,0.0,0.0,0.0,68,3,0.04411764705882353
SWZ,1985,0.0,0.0,0.0,0.0,0.0,0.0,38,0,0.0
SWZ,1986,0.0,0.0,0.0,0.0,0.0,0.0,44,1,0.022727272727272728
SWZ,1987,0.0,0.0,0.0,0.0,0.0,0.0,30,0,0.0
SWZ,1988,0.0,0.0,0.0,0.0,0.0,0.0,76,3,0.039473684210526314
SWZ,1989,0.0,0.0,0.0,0.0,0.0,0.0,45,4,0.08888888888888889
SWZ,1990,0.0,0.0,0.0,0.0,0.0,0.0,65,9,0.13846153846153847
SWZ,1991,0.0,0.0,0.0,0.0,0.0,0.0,60,3,0.05
SWZ,1992,0.0,0.0,0.0,0.0,0.0,0.0,94,7,0.07446808510638298
SWZ,1993,0.0,0.0,0.0,0.0,0.0,0.0,87,3,0.034482758620689655
SWZ,1994,0.0,0.0,0.0,0.0,0.0,0.0,45,1,0.022222222222222223
SWZ,1995,0.0,0.0,0.0,0.0,0.0,0.0,41,4,0.0975609756097561
SWZ,1996,0.0,0.0,0.0,0.0,0.0,0.0,35,0,0.0
SWZ,1997,0.0,0.0,0.0,0.0,0.0,0.0,51,3,0.058823529411764705
SWZ,1998,0.0,0.0,0.0,0.0,0.0,0.0,57,1,0.017543859649122806
SWZ,1999,0.0,0.0,0.0,0.0,0.0,0.0,68,0,0.0
SWZ,2000,0.0,0.0,0.0,0.0,0.0,0.0,42,0,0.0
SWZ,2001,0.0,0.0,0.0,0.0,0.0,0.0,50,1,0.02
SWZ,2002,0.0,0.0,0.0,0.0,0.0,0.0,38,0,0.0
SWZ,2003,0.0,0.0,0.0,0.0,0.0,0.0,42,1,0.023809523809523808
SWZ,2004,0.0,0.0,0.0,0.0,0.0,0.0,52,1,0.019230769230769232
SWZ,2005,0.0,0.0,0.0,0.0,0.0,0.0,41,2,0.04878048780487805
SWZ,2006,0.0,0.0,0.0,0.0,0.0,0.0,80,1,0.0125
SWZ,2007,0.0,0.0,0.0,0.0,0.0,0.0,62,9,0.14516129032258066
SWZ,2008,0.0,0.0,0.0,0.0,0.0,0.0,62,13,0.20967741935483872
SWZ,2009,0.0,0.0,0.0,0.0,0.0,0.0,62,11,0.1774193548387097
SWZ,2010,0.0,0.0,0.0,0.0,0.0,0.0,70,17,0.24285714285714285
SWZ,2011,0.0,0.0,0.0,0.0,0.0,0.0,51,2,0.0392156862745098
SWZ,2012,0.0,0.0,0.0,0.0,0.0,0.0,58,6,0.10344827586206896
SWZ,2013,0.0,0.0,0.0,0.0,0.0,0.0,60,7,0.11666666666666667
SWZ,2014,0.0,0.0,0.0,0.0,0.0,0.0,39,12,0.3076923076923077
SWZ,2015,0.0,0.0,0.0,0.0,0.0,0.0,70,15,0.21428571428571427
SWZ,2016,0.0,0.0,0.0,0.0,0.0,0.0,68,25,0.36764705882352944
SWZ,2017,0.0,0.0,0.0,0.0,0.0,0.0,50,15,0.3
SWZ,2018,0.0,0.0,0.0,0.0,0.0,0.0,55,9,0.16363636363636364
SWZ,2019,0.0,0.0,0.0,0.0,0.0,0.0,64,14,0.21875
SWZ,2020,0.0,0.0,0.0,0.0,0.0,0.0,70,5,0.07142857142857142
SWZ,2021,0.0,0.0,0.0,0.0,0.0,1.0,75,12,0.16
SWZ,2022,0.0,0.0,0.0,0.0,0.0,0.0,57,7,0.12280701754385964
SWZ,2023,0.0,0.0,0.0,0.0,0.0,0.0,77,18,0.23376623376623376
SWZ,2024,0.0,0.0,0.0,0.0,0.0,0.0,76,18,0.23684210526315788
SWZ,2025,0.0,0.0,0.0,0.0,0.0,0.0,77,8,0.1038961038961039
SYC,1977,0.0,0.0,0.0,0.0,0.0,0.0,43,1,0.023255813953488372
SYC,1978,0.0,0.0,0.0,0.0,0.0,0.0,88,5,0.056818181818181816
SYC,1979,0.0,0.0,0.0,0.0,0.0,0.0,70,1,0.014285714285714285
SYC,1980,0.0,0.0,0.0,0.0,0.0,0.0,74,1,0.013513513513513514
SYC,1981,0.0,0.0,0.0,0.0,0.0,0.0,89,1,0.011235955056179775
SYC,1983,0.0,0.0,0.0,0.0,0.0,0.0,96,6,0.0625
SYC,1989,0.0,0.0,0.0,0.0,0.0,0.0,77,33,0.42857142857142855
SYC,1990,0.0,0.0,0.0,0.0,0.0,0.0,80,18,0.225
SYC,1991,0.0,0.0,0.0,0.0,0.0,0.0,44,6,0.13636363636363635
SYC,1992,0.0,0.0,0.0,0.0,0.0,0.0,41,1,0.024390243902439025
SYC,1993,0.0,0.0,0.0,0.0,0.0,0.0,36,3,0.08333333333333333
SYC,1994,0.0,0.0,0.0,0.0,0.0,0.0,35,3,0.08571428571428572
SYC,1996,0.0,0.0,0.0,0.0,0.0,0.0,29,8,0.27586206896551724
SYC,1997,0.0,0.0,0.0,0.0,0.0,0.0,14,2,0.14285714285714285
SYC,1998,0.0,0.0,0.0,0.0,0.0,0.0,68,9,0.1323529411764706
SYC,2001,0.0,0.0,0.0,0.0,0.0,0.0,23,0,0.0
SYC,2003,0.0,0.0,0.0,0.0,0.0,0.0,54,11,0.2037037037037037
SYC,2004,0.0,0.0,0.0,0.0,0.0,0.0,32,3,0.09375
SYC,2006,0.0,0.0,0.0,0.0,0.0,0.0,38,2,0.05263157894736842
SYC,2007,0.0,0.0,0.0,0.0,0.0,4.0,90,25,0.2777777777777778
SYC,2008,0.0,0.0,0.0,0.0,0.0,0.0,76,15,0.19736842105263158
SYC,2009,0.0,0.0,0.0,0.0,0.0,0.0,58,17,0.29310344827586204
SYC,2010,0.0,0.0,0.0,0.0,0.0,0.0,70,11,0.15714285714285714
SYC,2012,0.0,0.0,0.0,0.0,0.0,0.0,47,6,0.1276595744680851
SYC,2013,0.0,0.0,0.0,0.0,0.0,0.0,36,13,0.3611111111111111
SYC,2014,0.0,0.0,0.0,0.0,0.0,0.0,61,19,0.3114754098360656
SYC,2015,0.0,0.0,0.0,0.0,0.0,0.0,63,17,0.2698412698412698
SYC,2016,0.0,0.0,0.0,0.0,0.0,0.0,32,13,0.40625
SYC,2017,0.0,0.0,0.0,0.0,0.0,0.0,37,15,0.40540540540540543
SYC,2018,0.0,0.0,0.0,0.0,0.0,0.0,43,18,0.4186046511627907
SYC,2019,0.0,0.0,0.0,0.0,0.0,0.0,46,23,0.5
SYC,2020,0.0,0.0,0.0,0.0,0.0,2.0,11,6,0.5454545454545454
SYC,2021,0.0,0.0,0.0,0.0,0.0,1.0,32,6,0.1875
SYC,2022,0.0,0.0,0.0,0.0,0.0,0.0,46,24,0.5217391304347826
SYC,2023,0.0,0.0,0.0,0.0,0.0,0.0,57,28,0.49122807017543857
SYC,2024,0.0,0.0,0.0,0.0,0.0,1.0,91,21,0.23076923076923078
SYR,1946,0.0,0.0,0.0,0.0,0.0,0.0,27,0,0.0
SYR,1947,0.0,0.0,0.0,0.0,0.0,0.0,102,2,0.0196078431372549
SYR,1948,0.0,0.0,0.0,0.0,0.0,0.0,91,0,0.0
SYR,1949,0.0,0.0,0.0,0.0,0.0,0.0,68,1,0.014705882352941176
SYR,1951,0.0,0.0,0.0,0.0,0.0,0.0,100,0,0.0
SYR,1952,0.0,0.0,0.0,0.0,0.0,0.0,90,0,0.0
SYR,1953,0.0,0.0,0.0,0.0,0.0,0.0,158,1,0.006329113924050633
SYR,1954,0.0,0.0,0.0,0.0,0.0,0.0,173,1,0.005780346820809248
SYR,1955,0.0,0.0,0.0,0.0,0.0,0.0,288,2,0.006944444444444444
SYR,1956,0.0,0.0,0.0,0.0,0.0,0.0,171,2,0.011695906432748537
SYR,1957,0.0,0.0,0.0,0.0,0.0,0.0,124,1,0.008064516129032258
SYR,1962,0.0,0.0,0.0,0.0,0.0,0.0,93,3,0.03225806451612903
SYR,1963,0.0,0.0,0.0,0.0,0.0,0.0,129,2,0.015503875968992248
SYR,1964,0.0,0.0,0.0,0.0,0.0,0.0,63,1,0.015873015873015872
SYR,1965,0.0,0.0,0.0,0.0,0.0,0.0,281,5,0.017793594306049824
SYR,1966,0.0,0.0,0.0,0.0,0.0,0.0,157,1,0.006369426751592357
SYR,1967,0.0,0.0,0.0,0.0,0.0,0.0,81,0,0.0
SYR,1968,0.0,0.0,0.0,0.0,0.0,0.0,234,4,0.017094017094017096
SYR,1969,0.0,0.0,0.0,0.0,0.0,0.0,259,3,0.011583011583011582
SYR,1970,0.0,0.0,0.0,0.0,0.0,0.0,114,0,0.0
SYR,1971,0.0,0.0,0.0,0.0,0.0,0.0,74,0,0.0
SYR,1972,0.0,0.0,0.0,0.0,0.0,0.0,103,1,0.009708737864077669
SYR,1973,0.0,0.0,0.0,0.0,0.0,0.0,65,2,0.03076923076923077
SYR,1974,0.0,0.0,0.0,0.0,0.0,0.0,83,0,0.0
SYR,1975,0.0,0.0,0.0,0.0,1.0,0.0,91,4,0.04395604395604396
SYR,1976,0.0,0.0,0.0,0.0,0.0,0.0,88,2,0.022727272727272728
SYR,1977,0.0,0.0,0.0,0.0,0.0,0.0,84,1,0.011904761904761904
SYR,1978,0.0,0.0,0.0,0.0,0.0,0.0,76,0,0.0
SYR,1979,0.0,0.0,0.0,0.0,0.0,0.0,87,1,0.011494252873563218
SYR,1980,0.0,0.0,0.0,0.0,0.0,0.0,48,1,0.020833333333333332
SYR,1981,0.0,0.0,0.0,0.0,0.0,0.0,62,1,0.016129032258064516
SYR,1982,0.0,0.0,0.0,0.0,0.0,0.0,98,4,0.04081632653061224
SYR,1983,0.0,0.0,0.0,0.0,0.0,0.0,71,0,0.0
SYR,1984,0.0,0.0,0.0,0.0,0.0,0.0,80,2,0.025
SYR,1985,0.0,0.0,0.0,0.0,0.0,0.0,73,0,0.0
SYR,1986,0.0,0.0,0.0,0.0,0.0,0.0,65,2,0.03076923076923077
SYR,1987,0.0,0.0,0.0,0.0,0.0,0.0,72,0,0.0
SYR,1988,0.0,0.0,0.0,0.0,0.0,0.0,65,5,0.07692307692307693
SYR,1989,0.0,0.0,0.0,0.0,0.0,0.0,42,3,0.07142857142857142
SYR,1990,0.0,0.0,0.0,0.0,0.0,0.0,38,1,0.02631578947368421
SYR,1991,0.0,0.0,0.0,0.0,0.0,0.0,39,1,0.02564102564102564
SYR,1992,0.0,0.0,0.0,0.0,0.0,0.0,64,0,0.0
SYR,1993,0.0,0.0,0.0,0.0,0.0,0.0,36,1,0.027777777777777776
SYR,1994,0.0,0.0,0.0,0.0,0.0,0.0,57,0,0.0
SYR,1995,0.0,0.0,0.0,0.0,0.0,0.0,35,0,0.0
SYR,1996,0.0,0.0,0.0,0.0,0.0,0.0,35,1,0.02857142857142857
SYR,1997,0.0,0.0,0.0,0.0,0.0,0.0,56,0,0.0
SYR,1998,0.0,0.0,0.0,0.0,0.0,0.0,43,0,0.0
SYR,1999,0.0,0.0,0.0,0.0,0.0,0.0,49,2,0.04081632653061224
SYR,2000,0.0,0.0,0.0,0.0,0.0,0.0,51,0,0.0
SYR,2001,0.0,0.0,0.0,0.0,0.0,0.0,41,0,0.0
SYR,2002,0.0,0.0,0.0,0.0,0.0,0.0,36,0,0.0
SYR,2003,0.0,0.0,0.0,0.0,0.0,0.0,53,0,0.0
SYR,2004,0.0,0.0,0.0,0.0,0.0,0.0,66,1,0.015151515151515152
SYR,2005,0.0,0.0,0.0,0.0,0.0,0.0,64,0,0.0
SYR,2006,0.0,0.0,0.0,0.0,0.0,0.0,77,1,0.012987012987012988
SYR,2007,0.0,0.0,0.0,0.0,0.0,0.0,63,0,0.0
SYR,2008,0.0,0.0,0.0,0.0,0.0,0.0,72,1,0.013888888888888888
SYR,2009,0.0,0.0,0.0,0.0,0.0,0.0,89,2,0.02247191011235955
SYR,2010,0.0,0.0,0.0,0.0,0.0,0.0,71,9,0.1267605633802817
SYR,2011,0.0,0.0,0.0,0.0,0.0,0.0,77,2,0.025974025974025976
SYR,2012,0.0,0.0,0.0,0.0,0.0,0.0,51,0,0.0
SYR,2013,0.0,0.0,0.0,0.0,0.0,0.0,58,0,0.0
SYR,2014,0.0,0.0,0.0,0.0,0.0,0.0,71,0,0.0
SYR,2015,0.0,0.0,0.0,0.0,0.0,0.0,53,2,0.03773584905660377
SYR,2016,0.0,0.0,0.0,0.0,0.0,0.0,59,1,0.01694915254237288
SYR,2017,0.0,0.0,0.0,0.0,0.0,0.0,59,0,0.0
SYR,2018,0.0,0.0,0.0,0.0,0.0,0.0,84,0,0.0
SYR,2019,0.0,0.0,0.0,0.0,0.0,0.0,88,0,0.0
SYR,2020,0.0,0.0,0.0,0.0,0.0,0.0,87,0,0.0
SYR,2021,0.0,0.0,0.0,0.0,0.0,0.0,60,1,0.016666666666666666
SYR,2022,0.0,0.0,0.0,0.0,0.0,0.0,53,2,0.03773584905660377
SYR,2023,0.0,0.0,0.0,0.0,0.0,0.0,57,4,0.07017543859649122
SYR,2024,0.0,0.0,0.0,0.0,0.0,0.0,77,3,0.03896103896103896
SYR,2025,0.0,0.0,0.0,0.0,0.0,0.0,59,1,0.01694915254237288
TCD,1963,0.0,0.0,0.0,0.0,0.0,0.0,123,1,0.008130081300813009
TCD,1964,0.0,0.0,0.0,0.0,0.0,0.0,45,0,0.0
TCD,1965,0.0,0.0,0.0,0.0,0.0,0.0,53,0,0.0
TCD,1966,0.0,0.0,0.0,0.0,0.0,0.0,64,0,0.0
TCD,1967,0.0,0.0,0.0,0.0,0.0,0.0,48,0,0.0
TCD,1968,0.0,0.0,0.0,0.0,0.0,0.0,71,2,0.028169014084507043
TCD,1969,0.0,0.0,0.0,0.0,0.0,0.0,82,2,0.024390243902439025
TCD,1971,0.0,0.0,0.0,0.0,0.0,0.0,85,1,0.011764705882352941
TCD,1972,0.0,0.0,0.0,0.0,0.0,0.0,57,3,0.05263157894736842
TCD,1974,0.0,0.0,0.0,0.0,0.0,0.0,69,7,0.10144927536231885
TCD,1975,0.0,0.0,0.0,0.0,0.0,0.0,74,1,0.013513513513513514
TCD,1976,0.0,0.0,0.0,0.0,0.0,0.0,63,0,0.0
TCD,1977,0.0,0.0,0.0,0.0,0.0,0.0,44,0,0.0
TCD,1978,0.0,0.0,0.0,0.0,0.0,0.0,112,1,0.008928571428571428
TCD,1979,0.0,0.0,0.0,0.0,0.0,0.0,71,2,0.028169014084507043
TCD,1980,0.0,0.0,0.0,0.0,0.0,0.0,91,2,0.02197802197802198
TCD,1981,0.0,0.0,0.0,0.0,0.0,0.0,69,2,0.028985507246376812
TCD,1982,0.0,0.0,0.0,0.0,0.0,0.0,103,3,0.02912621359223301
TCD,1983,0.0,0.0,0.0,0.0,0.0,0.0,72,2,0.027777777777777776
TCD,1984,0.0,0.0,0.0,0.0,0.0,0.0,78,4,0.05128205128205128
TCD,1985,0.0,0.0,0.0,0.0,0.0,0.0,43,2,0.046511627906976744
TCD,1986,0.0,0.0,0.0,0.0,0.0,0.0,55,4,0.07272727272727272
TCD,1987,0.0,0.0,0.0,0.0,0.0,0.0,72,3,0.041666666666666664
TCD,1988,0.0,0.0,0.0,0.0,0.0,0.0,81,7,0.08641975308641975
TCD,1989,0.0,0.0,0.0,0.0,0.0,0.0,94,8,0.0851063829787234
TCD,1990,0.0,0.0,0.0,0.0,0.0,0.0,77,9,0.11688311688311688
TCD,1991,0.0,0.0,0.0,0.0,0.0,0.0,109,7,0.06422018348623854
TCD,1992,0.0,0.0,0.0,0.0,0.0,0.0,92,4,0.043478260869565216
TCD,1993,0.0,0.0,0.0,0.0,0.0,0.0,39,0,0.0
TCD,1994,0.0,0.0,0.0,0.0,0.0,0.0,47,3,0.06382978723404255
TCD,1995,0.0,0.0,0.0,0.0,0.0,0.0,40,1,0.025
TCD,1996,0.0,0.0,0.0,0.0,0.0,0.0,46,3,0.06521739130434782
TCD,1997,0.0,0.0,0.0,0.0,0.0,0.0,60,5,0.08333333333333333
TCD,1998,0.0,0.0,0.0,0.0,0.0,0.0,57,0,0.0
TCD,1999,0.0,0.0,0.0,0.0,0.0,0.0,77,6,0.07792207792207792
TCD,2000,0.0,0.0,0.0,0.0,0.0,0.0,62,1,0.016129032258064516
TCD,2001,0.0,0.0,0.0,0.0,0.0,0.0,44,1,0.022727272727272728
TCD,2002,0.0,0.0,0.0,0.0,0.0,0.0,40,0,0.0
TCD,2003,0.0,0.0,0.0,0.0,0.0,0.0,61,2,0.03278688524590164
TCD,2004,0.0,0.0,0.0,0.0,0.0,0.0,51,4,0.0784313725490196
TCD,2005,0.0,0.0,0.0,0.0,0.0,0.0,48,2,0.041666666666666664
TCD,2006,0.0,0.0,0.0,0.0,0.0,0.0,58,5,0.08620689655172414
TCD,2007,0.0,0.0,0.0,0.0,0.0,0.0,70,6,0.08571428571428572
TCD,2008,0.0,0.0,0.0,0.0,0.0,0.0,61,3,0.04918032786885246
TCD,2009,0.0,0.0,0.0,0.0,0.0,0.0,56,10,0.17857142857142858
TCD,2010,1.0,0.0,0.0,0.0,0.0,0.0,69,11,0.15942028985507245
TCD,2011,0.0,0.0,0.0,0.0,0.0,0.0,52,9,0.17307692307692307
TCD,2012,0.0,0.0,0.0,0.0,0.0,0.0,43,0,0.0
TCD,2013,0.0,0.0,0.0,0.0,0.0,0.0,53,1,0.018867924528301886
TCD,2014,0.0,0.0,0.0,0.0,0.0,0.0,45,4,0.08888888888888889
TCD,2015,0.0,0.0,0.0,0.0,0.0,0.0,46,5,0.10869565217391304
TCD,2016,0.0,0.0,0.0,0.0,0.0,0.0,49,10,0.20408163265306123
TCD,2017,0.0,0.0,0.0,0.0,0.0,0.0,47,6,0.1276595744680851
TCD,2018,0.0,0.0,0.0,0.0,0.0,0.0,56,10,0.17857142857142858
TCD,2019,0.0,0.0,0.0,0.0,0.0,0.0,43,9,0.20930232558139536
TCD,2020,0.0,0.0,0.0,0.0,0.0,0.0,35,5,0.14285714285714285
TCD,2021,0.0,0.0,0.0,0.0,0.0,0.0,29,1,0.034482758620689655
TCD,2022,0.0,0.0,0.0,0.0,0.0,0.0,49,8,0.16326530612244897
TCD,2023,0.0,0.0,0.0,0.0,0.0,0.0,51,13,0.2549019607843137
TCD,2024,0.0,0.0,0.0,0.0,0.0,0.0,54,6,0.1111111111111111
TCD,2025,0.0,0.0,0.0,0.0,0.0,0.0,134,14,0.1044776119402985
TGO,1961,0.0,0.0,0.0,0.0,0.0,0.0,56,0,0.0
TGO,1962,0.0,0.0,0.0,0.0,0.0,0.0,53,1,0.018867924528301886
TGO,1963,0.0,0.0,0.0,0.0,0.0,0.0,89,6,0.06741573033707865
TGO,1964,0.0,0.0,0.0,0.0,0.0,0.0,13,1,0.07692307692307693
TGO,1965,0.0,0.0,0.0,0.0,0.0,0.0,122,1,0.00819672131147541
TGO,1967,0.0,0.0,0.0,0.0,0.0,0.0,111,1,0.009009009009009009
TGO,1968,0.0,0.0,0.0,0.0,0.0,0.0,69,1,0.014492753623188406
TGO,1970,0.0,0.0,0.0,0.0,0.0,0.0,66,0,0.0
TGO,1971,0.0,0.0,0.0,0.0,0.0,0.0,52,0,0.0
TGO,1972,0.0,0.0,0.0,0.0,0.0,0.0,63,7,0.1111111111111111
TGO,1974,0.0,0.0,0.0,0.0,0.0,0.0,76,3,0.039473684210526314
TGO,1975,0.0,0.0,0.0,0.0,0.0,0.0,49,0,0.0
TGO,1976,0.0,0.0,0.0,0.0,0.0,0.0,80,0,0.0
TGO,1977,0.0,0.0,0.0,0.0,0.0,0.0,65,1,0.015384615384615385
TGO,1978,0.0,0.0,0.0,0.0,0.0,0.0,51,0,0.0
TGO,1979,0.0,0.0,0.0,0.0,0.0,0.0,79,2,0.02531645569620253
TGO,1980,0.0,0.0,0.0,0.0,0.0,0.0,82,1,0.012195121951219513
TGO,1981,0.0,0.0,0.0,0.0,0.0,0.0,75,2,0.02666666666666667
TGO,1982,0.0,0.0,0.0,0.0,0.0,0.0,95,4,0.042105263157894736
TGO,1983,0.0,0.0,0.0,0.0,0.0,0.0,72,0,0.0
TGO,1984,0.0,0.0,0.0,0.0,0.0,0.0,51,2,0.0392156862745098
TGO,1985,0.0,0.0,0.0,0.0,0.0,0.0,84,2,0.023809523809523808
TGO,1986,0.0,0.0,0.0,0.0,0.0,0.0,132,0,0.0
TGO,1987,0.0,0.0,0.0,0.0,0.0,0.0,113,1,0.008849557522123894
TGO,1988,0.0,0.0,0.0,0.0,0.0,0.0,65,3,0.046153846153846156
TGO,1989,0.0,0.0,0.0,0.0,0.0,0.0,53,5,0.09433962264150944
TGO,1990,0.0,0.0,0.0,0.0,0.0,0.0,52,8,0.15384615384615385
TGO,1991,0.0,0.0,0.0,0.0,0.0,0.0,82,6,0.07317073170731707
TGO,1992,0.0,0.0,0.0,0.0,0.0,0.0,116,4,0.034482758620689655
TGO,1993,0.0,0.0,0.0,0.0,0.0,0.0,69,0,0.0
TGO,1994,0.0,0.0,0.0,0.0,0.0,0.0,57,1,0.017543859649122806
TGO,1995,0.0,0.0,0.0,0.0,0.0,0.0,72,4,0.05555555555555555
TGO,1996,0.0,0.0,0.0,0.0,0.0,0.0,54,3,0.05555555555555555
TGO,1997,0.0,0.0,0.0,0.0,0.0,0.0,61,4,0.06557377049180328
TGO,1998,0.0,0.0,0.0,0.0,0.0,0.0,40,1,0.025
TGO,1999,0.0,0.0,0.0,0.0,0.0,0.0,52,1,0.019230769230769232
TGO,2000,0.0,0.0,0.0,0.0,0.0,0.0,45,1,0.022222222222222223
TGO,2001,0.0,0.0,0.0,0.0,0.0,0.0,31,0,0.0
TGO,2002,0.0,0.0,0.0,0.0,0.0,0.0,35,1,0.02857142857142857
TGO,2003,0.0,0.0,0.0,0.0,0.0,0.0,49,0,0.0
TGO,2004,0.0,0.0,0.0,0.0,0.0,0.0,28,0,0.0
TGO,2005,0.0,0.0,0.0,0.0,0.0,0.0,27,2,0.07407407407407407
TGO,2006,0.0,0.0,0.0,0.0,0.0,0.0,77,6,0.07792207792207792
TGO,2007,0.0,0.0,0.0,0.0,0.0,0.0,76,6,0.07894736842105263
TGO,2008,0.0,0.0,0.0,0.0,0.0,0.0,58,6,0.10344827586206896
TGO,2009,0.0,0.0,0.0,0.0,0.0,0.0,72,8,0.1111111111111111
TGO,2010,0.0,0.0,0.0,0.0,0.0,0.0,49,5,0.10204081632653061
TGO,2011,0.0,0.0,0.0,0.0,0.0,0.0,61,5,0.08196721311475409
TGO,2012,0.0,0.0,0.0,0.0,0.0,0.0,48,2,0.041666666666666664
TGO,2013,0.0,0.0,0.0,0.0,0.0,0.0,50,7,0.14
TGO,2014,0.0,0.0,0.0,0.0,0.0,0.0,30,5,0.16666666666666666
TGO,2015,0.0,0.0,0.0,0.0,0.0,0.0,50,7,0.14
TGO,2016,0.0,0.0,0.0,0.0,0.0,0.0,51,14,0.27450980392156865
TGO,2017,0.0,0.0,0.0,0.0,0.0,0.0,52,7,0.1346153846153846
TGO,2018,0.0,0.0,0.0,0.0,0.0,0.0,50,8,0.16
TGO,2019,0.0,0.0,0.0,0.0,0.0,0.0,55,18,0.32727272727272727
TGO,2020,0.0,0.0,0.0,0.0,0.0,0.0,44,5,0.11363636363636363
TGO,2021,0.0,0.0,0.0,0.0,0.0,1.0,42,7,0.16666666666666666
TGO,2022,1.0,0.0,0.0,0.0,0.0,0.0,82,8,0.0975609756097561
TGO,2023,1.0,0.0,0.0,0.0,0.0,1.0,122,20,0.16393442622950818
TGO,2024,0.0,0.0,0.0,0.0,0.0,0.0,51,11,0.21568627450980393
TGO,2025,0.0,0.0,0.0,0.0,0.0,0.0,167,17,0.10179640718562874
THA,1947,0.0,0.0,0.0,0.0,0.0,0.0,14,0,0.0
THA,1954,0.0,0.0,0.0,0.0,0.0,0.0,47,0,0.0
THA,1955,0.0,0.0,0.0,0.0,0.0,0.0,55,0,0.0
THA,1956,0.0,0.0,0.0,0.0,0.0,0.0,41,0,0.0
THA,1958,0.0,0.0,0.0,0.0,0.0,0.0,66,0,0.0
THA,1959,0.0,0.0,0.0,0.0,0.0,0.0,60,2,0.03333333333333333
THA,1960,0.0,0.0,0.0,0.0,0.0,0.0,83,3,0.03614457831325301
THA,1961,0.0,0.0,0.0,0.0,0.0,0.0,86,2,0.023255813953488372
THA,1962,0.0,0.0,0.0,0.0,0.0,0.0,113,1,0.008849557522123894
THA,1963,0.0,0.0,0.0,0.0,0.0,0.0,144,5,0.034722222222222224
THA,1964,0.0,0.0,0.0,0.0,0.0,0.0,76,0,0.0
THA,1965,0.0,0.0,0.0,0.0,0.0,0.0,144,1,0.006944444444444444
THA,1966,0.0,0.0,0.0,0.0,0.0,0.0,157,0,0.0
THA,1967,0.0,0.0,0.0,0.0,0.0,0.0,110,0,0.0
THA,1968,0.0,0.0,0.0,0.0,0.0,0.0,132,2,0.015151515151515152
THA,1969,0.0,0.0,0.0,0.0,0.0,0.0,103,1,0.009708737864077669
THA,1970,0.0,0.0,0.0,0.0,0.0,0.0,127,1,0.007874015748031496
THA,1971,0.0,0.0,0.0,0.0,0.0,0.0,78,5,0.0641025641025641
THA,1972,0.0,0.0,0.0,0.0,0.0,0.0,76,1,0.013157894736842105
THA,1973,0.0,0.0,0.0,0.0,0.0,0.0,92,1,0.010869565217391304
THA,1974,0.0,0.0,0.0,0.0,0.0,0.0,100,6,0.06
THA,1975,0.0,0.0,0.0,0.0,0.0,0.0,84,2,0.023809523809523808
THA,1977,0.0,0.0,0.0,0.0,0.0,0.0,117,4,0.03418803418803419
THA,1978,0.0,0.0,0.0,0.0,0.0,0.0,89,3,0.033707865168539325
THA,1979,0.0,0.0,0.0,0.0,0.0,0.0,86,3,0.03488372093023256
THA,1980,0.0,0.0,0.0,0.0,0.0,0.0,112,1,0.008928571428571428
THA,1981,0.0,0.0,0.0,0.0,0.0,0.0,102,4,0.0392156862745098
THA,1982,0.0,0.0,0.0,0.0,0.0,0.0,115,2,0.017391304347826087
THA,1983,0.0,0.0,0.0,0.0,0.0,0.0,121,3,0.024793388429752067
THA,1984,0.0,0.0,0.0,0.0,0.0,0.0,130,5,0.038461538461538464
THA,1985,0.0,0.0,0.0,0.0,0.0,0.0,68,2,0.029411764705882353
THA,1986,0.0,0.0,0.0,0.0,0.0,0.0,154,3,0.01948051948051948
THA,1987,0.0,0.0,0.0,0.0,0.0,0.0,94,0,0.0
THA,1988,0.0,0.0,0.0,0.0,0.0,0.0,90,1,0.011111111111111112
THA,1989,1.0,0.0,0.0,0.0,0.0,0.0,104,13,0.125
THA,1990,0.0,0.0,0.0,0.0,0.0,0.0,71,3,0.04225352112676056
THA,1991,0.0,0.0,0.0,0.0,0.0,0.0,81,3,0.037037037037037035
THA,1993,0.0,0.0,0.0,0.0,0.0,0.0,65,6,0.09230769230769231
THA,1994,0.0,0.0,0.0,0.0,0.0,0.0,43,3,0.06976744186046512
THA,1995,0.0,0.0,0.0,0.0,0.0,0.0,58,1,0.017241379310344827
THA,1996,0.0,0.0,0.0,0.0,0.0,0.0,84,5,0.05952380952380952
THA,1997,0.0,0.0,0.0,0.0,0.0,0.0,67,5,0.07462686567164178
THA,1998,0.0,0.0,0.0,0.0,0.0,0.0,77,3,0.03896103896103896
THA,1999,0.0,0.0,0.0,0.0,0.0,0.0,44,2,0.045454545454545456
THA,2000,0.0,0.0,0.0,0.0,0.0,0.0,62,1,0.016129032258064516
THA,2001,0.0,0.0,0.0,0.0,0.0,0.0,38,0,0.0
THA,2002,0.0,0.0,0.0,0.0,0.0,0.0,63,5,0.07936507936507936
THA,2003,0.0,0.0,0.0,0.0,0.0,0.0,63,0,0.0
THA,2004,0.0,0.0,0.0,0.0,0.0,0.0,47,1,0.02127659574468085
THA,2005,0.0,0.0,0.0,0.0,0.0,0.0,54,7,0.12962962962962962
THA,2006,0.0,0.0,0.0,0.0,0.0,0.0,89,1,0.011235955056179775
THA,2007,0.0,0.0,0.0,0.0,1.0,0.0,75,14,0.18666666666666668
THA,2008,0.0,0.0,0.0,0.0,0.0,0.0,115,27,0.23478260869565218
THA,2009,0.0,0.0,0.0,0.0,0.0,0.0,105,22,0.20952380952380953
THA,2010,2.0,0.0,0.0,0.0,0.0,0.0,116,9,0.07758620689655173
THA,2011,0.0,0.0,0.0,0.0,0.0,0.0,71,2,0.028169014084507043
THA,2012,0.0,0.0,0.0,0.0,0.0,0.0,52,3,0.057692307692307696
THA,2013,0.0,0.0,0.0,0.0,0.0,0.0,78,11,0.14102564102564102
THA,2014,0.0,0.0,0.0,0.0,0.0,0.0,54,5,0.09259259259259259
THA,2015,0.0,0.0,0.0,0.0,0.0,0.0,52,8,0.15384615384615385
THA,2016,0.0,0.0,0.0,0.0,0.0,0.0,48,10,0.20833333333333334
THA,2017,0.0,0.0,0.0,0.0,0.0,0.0,57,8,0.14035087719298245
THA,2018,0.0,0.0,0.0,0.0,0.0,0.0,65,20,0.3076923076923077
THA,2019,0.0,0.0,0.0,0.0,0.0,0.0,55,11,0.2
THA,2020,0.0,0.0,0.0,0.0,0.0,0.0,49,4,0.08163265306122448
THA,2021,0.0,0.0,0.0,0.0,0.0,0.0,79,22,0.27848101265822783
THA,2022,0.0,0.0,0.0,0.0,0.0,0.0,58,15,0.25862068965517243
THA,2023,0.0,0.0,0.0,0.0,0.0,0.0,57,18,0.3157894736842105
THA,2024,0.0,0.0,0.0,1.0,0.0,1.0,65,17,0.26153846153846155
THA,2025,0.0,0.0,0.0,0.0,0.0,0.0,148,10,0.06756756756756757
TJK,1992,0.0,0.0,0.0,0.0,0.0,0.0,85,3,0.03529411764705882
TJK,1993,0.0,0.0,0.0,0.0,0.0,0.0,67,0,0.0
TJK,1994,0.0,0.0,0.0,0.0,0.0,0.0,66,0,0.0
TJK,1995,0.0,0.0,0.0,0.0,0.0,0.0,46,1,0.021739130434782608
TJK,1996,0.0,0.0,0.0,0.0,0.0,0.0,53,2,0.03773584905660377
TJK,1997,0.0,0.0,0.0,0.0,0.0,0.0,30,2,0.06666666666666667
TJK,1998,0.0,0.0,0.0,0.0,0.0,0.0,49,6,0.12244897959183673
TJK,1999,0.0,0.0,0.0,0.0,0.0,0.0,51,9,0.17647058823529413
TJK,2000,0.0,0.0,0.0,0.0,0.0,0.0,49,9,0.1836734693877551
TJK,2001,0.0,0.0,0.0,0.0,0.0,0.0,99,17,0.1717171717171717
TJK,2002,0.0,0.0,0.0,0.0,0.0,0.0,50,11,0.22
TJK,2003,0.0,0.0,0.0,0.0,0.0,0.0,80,11,0.1375
TJK,2004,0.0,0.0,0.0,0.0,0.0,0.0,40,4,0.1
TJK,2005,0.0,0.0,0.0,0.0,0.0,0.0,38,6,0.15789473684210525
TJK,2006,0.0,0.0,0.0,0.0,0.0,0.0,76,10,0.13157894736842105
TJK,2007,0.0,0.0,0.0,0.0,0.0,0.0,61,19,0.3114754098360656
TJK,2008,0.0,0.0,0.0,0.0,0.0,0.0,81,27,0.3333333333333333
TJK,2009,0.0,0.0,0.0,0.0,0.0,0.0,89,35,0.39325842696629215
TJK,2010,0.0,0.0,0.0,0.0,0.0,0.0,74,33,0.44594594594594594
TJK,2011,0.0,0.0,0.0,0.0,0.0,0.0,65,23,0.35384615384615387
TJK,2012,0.0,0.0,0.0,0.0,0.0,0.0,39,9,0.23076923076923078
TJK,2013,0.0,0.0,0.0,0.0,0.0,0.0,57,26,0.45614035087719296
TJK,2014,0.0,0.0,0.0,0.0,0.0,0.0,46,21,0.45652173913043476
TJK,2015,0.0,0.0,0.0,0.0,0.0,0.0,48,17,0.3541666666666667
TJK,2016,0.0,0.0,0.0,0.0,0.0,0.0,44,16,0.36363636363636365
TJK,2017,0.0,0.0,1.0,0.0,0.0,0.0,48,20,0.4166666666666667
TJK,2018,0.0,0.0,0.0,0.0,0.0,0.0,37,15,0.40540540540540543
TJK,2019,0.0,0.0,0.0,0.0,0.0,0.0,49,20,0.40816326530612246
TJK,2020,0.0,0.0,0.0,0.0,0.0,0.0,6,2,0.3333333333333333
TJK,2021,0.0,0.0,0.0,0.0,0.0,0.0,4,0,0.0
TJK,2022,0.0,0.0,0.0,0.0,0.0,0.0,66,14,0.21212121212121213
TJK,2023,0.0,0.0,0.0,0.0,0.0,0.0,80,32,0.4
TJK,2024,0.0,0.0,0.0,0.0,0.0,0.0,2,1,0.5
TJK,2025,0.0,0.0,0.0,0.0,0.0,0.0,71,21,0.29577464788732394
TKM,1993,0.0,0.0,0.0,0.0,0.0,0.0,69,3,0.043478260869565216
TKM,1995,0.0,0.0,0.0,0.0,0.0,0.0,54,1,0.018518518518518517
TKM,1996,0.0,0.0,0.0,0.0,0.0,0.0,55,5,0.09090909090909091
TKM,1997,0.0,0.0,0.0,0.0,0.0,0.0,36,4,0.1111111111111111
TKM,1998,0.0,0.0,0.0,0.0,0.0,0.0,50,4,0.08
TKM,1999,0.0,0.0,0.0,0.0,0.0,0.0,40,1,0.025
TKM,2000,0.0,0.0,0.0,0.0,0.0,0.0,40,3,0.075
TKM,2001,0.0,0.0,0.0,0.0,0.0,0.0,33,4,0.12121212121212122
TKM,2002,0.0,0.0,0.0,0.0,0.0,0.0,36,12,0.3333333333333333
TKM,2004,0.0,0.0,0.0,0.0,0.0,0.0,47,2,0.0425531914893617
TKM,2005,0.0,0.0,0.0,0.0,0.0,0.0,44,2,0.045454545454545456
TKM,2006,0.0,0.0,0.0,0.0,0.0,0.0,60,1,0.016666666666666666
TKM,2007,0.0,0.0,0.0,0.0,0.0,0.0,74,11,0.14864864864864866
TKM,2008,0.0,0.0,0.0,0.0,0.0,0.0,67,16,0.23880597014925373
TKM,2009,0.0,0.0,0.0,0.0,0.0,0.0,73,9,0.1232876712328767
TKM,2011,0.0,0.0,0.0,0.0,0.0,0.0,75,14,0.18666666666666668
TKM,2012,0.0,0.0,0.0,0.0,0.0,0.0,24,9,0.375
TKM,2013,0.0,0.0,0.0,0.0,0.0,0.0,55,14,0.2545454545454545
TKM,2014,0.0,0.0,0.0,0.0,0.0,0.0,66,10,0.15151515151515152
TKM,2015,0.0,0.0,0.0,0.0,0.0,0.0,30,7,0.23333333333333334
TKM,2016,0.0,0.0,0.0,0.0,0.0,0.0,58,20,0.3448275862068966
TKM,2017,0.0,0.0,0.0,0.0,0.0,0.0,23,10,0.43478260869565216
TKM,2018,0.0,0.0,0.0,0.0,0.0,0.0,37,6,0.16216216216216217
TKM,2019,0.0,0.0,0.0,0.0,0.0,0.0,51,19,0.37254901960784315
TKM,2020,0.0,0.0,0.0,0.0,0.0,0.0,53,7,0.1320754716981132
TKM,2021,0.0,0.0,0.0,0.0,0.0,0.0,30,3,0.1
TKM,2022,0.0,0.0,0.0,0.0,1.0,0.0,25,4,0.16
TKM,2023,0.0,0.0,0.0,0.0,2.0,0.0,66,15,0.22727272727272727
TKM,2024,0.0,0.0,0.0,0.0,0.0,0.0,60,15,0.25
TKM,2025,0.0,0.0,0.0,0.0,0.0,0.0,63,10,0.15873015873015872
TLS,2003,0.0,0.0,0.0,0.0,0.0,0.0,100,7,0.07
TLS,2004,0.0,0.0,0.0,0.0,0.0,0.0,57,0,0.0
TLS,2005,0.0,0.0,0.0,0.0,0.0,0.0,53,3,0.05660377358490566
TLS,2006,0.0,0.0,0.0,0.0,0.0,0.0,67,2,0.029850746268656716
TLS,2007,0.0,0.0,0.0,0.0,0.0,0.0,100,9,0.09
TLS,2008,0.0,0.0,0.0,0.0,0.0,0.0,69,10,0.14492753623188406
TLS,2009,1.0,0.0,0.0,0.0,0.0,0.0,67,7,0.1044776119402985
TLS,2010,0.0,0.0,0.0,0.0,0.0,0.0,94,10,0.10638297872340426
TLS,2011,0.0,0.0,0.0,0.0,0.0,0.0,98,11,0.11224489795918367
TLS,2012,0.0,0.0,0.0,0.0,0.0,0.0,73,9,0.1232876712328767
TLS,2013,0.0,0.0,0.0,0.0,0.0,0.0,56,1,0.017857142857142856
TLS,2014,0.0,0.0,0.0,0.0,0.0,0.0,83,5,0.060240963855421686
TLS,2015,0.0,0.0,0.0,0.0,0.0,0.0,52,10,0.19230769230769232
TLS,2016,0.0,0.0,0.0,0.0,0.0,0.0,57,10,0.17543859649122806
TLS,2017,0.0,0.0,0.0,0.0,0.0,0.0,58,6,0.10344827586206896
TLS,2018,0.0,0.0,0.0,0.0,0.0,0.0,53,6,0.11320754716981132
TLS,2019,0.0,0.0,0.0,0.0,0.0,0.0,50,16,0.32
TLS,2020,0.0,0.0,0.0,0.0,0.0,0.0,40,5,0.125
TLS,2021,2.0,0.0,0.0,0.0,0.0,0.0,55,12,0.21818181818181817
TLS,2022,0.0,0.0,0.0,0.0,0.0,0.0,46,3,0.06521739130434782
TLS,2023,0.0,0.0,0.0,0.0,0.0,0.0,52,10,0.19230769230769232
TLS,2024,0.0,0.0,0.0,0.0,0.0,0.0,85,13,0.15294117647058825
TLS,2025,0.0,0.0,0.0,0.0,0.0,1.0,105,16,0.1523809523809524
TON,2001,0.0,0.0,0.0,0.0,0.0,0.0,29,5,0.1724137931034483
TON,2002,0.0,0.0,0.0,0.0,0.0,0.0,41,8,0.1951219512195122
TON,2003,0.0,0.0,0.0,0.0,0.0,0.0,32,1,0.03125
TON,2004,0.0,0.0,0.0,0.0,0.0,0.0,39,4,0.10256410256410256
TON,2005,0.0,0.0,0.0,0.0,0.0,0.0,28,3,0.10714285714285714
TON,2006,0.0,0.0,0.0,0.0,0.0,0.0,44,1,0.022727272727272728
TON,2007,0.0,0.0,0.0,0.0,0.0,0.0,70,8,0.11428571428571428
TON,2008,0.0,0.0,0.0,0.0,0.0,0.0,50,8,0.16
TON,2009,0.0,0.0,1.0,0.0,0.0,0.0,51,17,0.3333333333333333
TON,2010,0.0,0.0,0.0,0.0,0.0,0.0,54,11,0.2037037037037037
TON,2011,0.0,0.0,0.0,0.0,0.0,0.0,50,11,0.22
TON,2012,0.0,0.0,0.0,0.0,0.0,0.0,23,9,0.391304347826087
TON,2013,0.0,0.0,0.0,0.0,0.0,0.0,20,7,0.35
TON,2014,0.0,0.0,0.0,0.0,0.0,0.0,31,20,0.6451612903225806
TON,2015,0.0,0.0,0.0,0.0,0.0,0.0,44,17,0.38636363636363635
TON,2016,0.0,0.0,0.0,0.0,0.0,0.0,63,15,0.23809523809523808
TON,2017,0.0,0.0,0.0,0.0,0.0,0.0,43,21,0.4883720930232558
TON,2018,0.0,0.0,0.0,0.0,0.0,0.0,30,16,0.5333333333333333
TON,2019,0.0,0.0,0.0,0.0,0.0,0.0,38,23,0.6052631578947368
TON,2020,0.0,0.0,0.0,0.0,0.0,2.0,36,16,0.4444444444444444
TON,2021,0.0,0.0,0.0,0.0,0.0,4.0,41,22,0.5365853658536586
TON,2022,0.0,0.0,0.0,0.0,0.0,0.0,101,41,0.40594059405940597
TON,2023,0.0,0.0,0.0,0.0,0.0,0.0,127,54,0.4251968503937008
TON,2024,0.0,0.0,0.0,0.0,0.0,1.0,133,60,0.45112781954887216
TON,2025,0.0,0.0,0.0,0.0,0.0,0.0,79,25,0.31645569620253167
TTO,1964,0.0,0.0,0.0,0.0,0.0,0.0,71,1,0.014084507042253521
TTO,1966,0.0,0.0,0.0,0.0,0.0,0.0,122,1,0.00819672131147541
TTO,1967,0.0,0.0,0.0,0.0,0.0,0.0,120,2,0.016666666666666666
TTO,1969,0.0,0.0,0.0,0.0,0.0,0.0,101,3,0.0297029702970297
TTO,1970,0.0,0.0,0.0,0.0,0.0,0.0,76,5,0.06578947368421052
TTO,1971,0.0,0.0,0.0,0.0,0.0,0.0,66,5,0.07575757575757576
TTO,1977,0.0,0.0,0.0,0.0,0.0,0.0,62,5,0.08064516129032258
TTO,1978,0.0,0.0,0.0,0.0,0.0,0.0,63,2,0.031746031746031744
TTO,1979,0.0,0.0,0.0,0.0,0.0,0.0,68,4,0.058823529411764705
TTO,1980,0.0,0.0,0.0,0.0,0.0,0.0,64,2,0.03125
TTO,1982,0.0,0.0,0.0,0.0,0.0,0.0,76,1,0.013157894736842105
TTO,1983,0.0,0.0,0.0,0.0,0.0,0.0,96,2,0.020833333333333332
TTO,1984,0.0,0.0,0.0,0.0,0.0,0.0,87,4,0.04597701149425287
TTO,1985,0.0,0.0,0.0,0.0,0.0,0.0,77,0,0.0
TTO,1986,0.0,0.0,0.0,0.0,0.0,0.0,83,3,0.03614457831325301
TTO,1987,0.0,0.0,0.0,0.0,0.0,0.0,99,1,0.010101010101010102
TTO,1988,0.0,0.0,0.0,0.0,0.0,0.0,114,8,0.07017543859649122
TTO,1989,0.0,0.0,0.0,0.0,0.0,0.0,141,12,0.0851063829787234
TTO,1990,0.0,0.0,0.0,0.0,0.0,0.0,84,5,0.05952380952380952
TTO,1991,0.0,0.0,0.0,0.0,0.0,0.0,98,8,0.08163265306122448
TTO,1993,0.0,0.0,0.0,0.0,0.0,0.0,57,6,0.10526315789473684
TTO,1994,0.0,0.0,0.0,0.0,0.0,0.0,67,6,0.08955223880597014
TTO,1995,0.0,0.0,0.0,0.0,0.0,0.0,44,6,0.13636363636363635
TTO,1996,0.0,0.0,0.0,0.0,0.0,0.0,51,5,0.09803921568627451
TTO,1997,0.0,0.0,0.0,0.0,0.0,0.0,70,6,0.08571428571428572
TTO,1998,0.0,0.0,0.0,0.0,0.0,0.0,79,8,0.10126582278481013
TTO,1999,0.0,0.0,0.0,0.0,0.0,0.0,57,2,0.03508771929824561
TTO,2000,0.0,0.0,0.0,0.0,0.0,0.0,81,6,0.07407407407407407
TTO,2001,0.0,0.0,0.0,0.0,0.0,0.0,65,9,0.13846153846153847
TTO,2002,0.0,0.0,0.0,0.0,0.0,0.0,39,4,0.10256410256410256
TTO,2003,0.0,0.0,0.0,0.0,0.0,0.0,50,2,0.04
TTO,2004,0.0,0.0,0.0,0.0,0.0,0.0,59,11,0.1864406779661017
TTO,2005,0.0,0.0,0.0,0.0,0.0,0.0,43,3,0.06976744186046512
TTO,2006,0.0,0.0,0.0,0.0,0.0,0.0,84,6,0.07142857142857142
TTO,2007,0.0,0.0,0.0,0.0,0.0,2.0,80,16,0.2
TTO,2008,0.0,0.0,0.0,0.0,0.0,0.0,81,13,0.16049382716049382
TTO,2009,0.0,0.0,0.0,0.0,0.0,0.0,87,14,0.16091954022988506
TTO,2010,0.0,0.0,0.0,0.0,0.0,0.0,102,13,0.12745098039215685
TTO,2011,0.0,0.0,0.0,0.0,0.0,0.0,109,1,0.009174311926605505
TTO,2012,0.0,0.0,0.0,0.0,0.0,0.0,59,4,0.06779661016949153
TTO,2013,0.0,0.0,0.0,0.0,0.0,0.0,63,12,0.19047619047619047
TTO,2014,0.0,0.0,0.0,0.0,0.0,0.0,79,21,0.26582278481012656
TTO,2015,0.0,0.0,0.0,0.0,0.0,0.0,43,9,0.20930232558139536
TTO,2016,0.0,0.0,0.0,0.0,0.0,0.0,76,26,0.34210526315789475
TTO,2017,0.0,0.0,0.0,0.0,0.0,0.0,52,12,0.23076923076923078
TTO,2018,0.0,0.0,0.0,0.0,0.0,0.0,49,12,0.24489795918367346
TTO,2019,0.0,0.0,0.0,0.0,0.0,0.0,77,10,0.12987012987012986
TTO,2020,0.0,0.0,0.0,0.0,0.0,0.0,64,9,0.140625
TTO,2021,0.0,0.0,0.0,0.0,0.0,1.0,58,12,0.20689655172413793
TTO,2022,0.0,0.0,0.0,0.0,0.0,0.0,47,6,0.1276595744680851
TTO,2023,0.0,0.0,0.0,0.0,0.0,0.0,92,18,0.1956521739130435
TTO,2024,0.0,0.0,0.0,0.0,0.0,0.0,102,11,0.10784313725490197
TTO,2025,0.0,0.0,0.0,0.0,0.0,0.0,99,12,0.12121212121212122
TUN,1956,0.0,0.0,0.0,0.0,0.0,0.0,72,1,0.013888888888888888
TUN,1957,0.0,0.0,0.0,0.0,0.0,0.0,43,1,0.023255813953488372
TUN,1958,0.0,0.0,0.0,0.0,0.0,0.0,62,0,0.0
TUN,1959,0.0,0.0,0.0,0.0,0.0,0.0,102,0,0.0
TUN,1960,0.0,0.0,0.0,0.0,0.0,0.0,136,1,0.007352941176470588
TUN,1961,0.0,0.0,0.0,0.0,0.0,0.0,80,0,0.0
TUN,1962,0.0,0.0,0.0,0.0,0.0,0.0,129,0,0.0
TUN,1963,0.0,0.0,0.0,0.0,0.0,0.0,143,0,0.0
TUN,1964,0.0,0.0,0.0,0.0,0.0,0.0,93,0,0.0
TUN,1965,0.0,0.0,0.0,0.0,0.0,0.0,176,0,0.0
TUN,1966,0.0,0.0,0.0,0.0,0.0,0.0,170,0,0.0
TUN,1967,0.0,0.0,0.0,0.0,0.0,0.0,107,1,0.009345794392523364
TUN,1968,0.0,0.0,0.0,0.0,0.0,0.0,121,0,0.0
TUN,1969,0.0,0.0,0.0,0.0,0.0,0.0,128,4,0.03125
TUN,1970,0.0,0.0,0.0,0.0,0.0,0.0,102,1,0.00980392156862745
TUN,1971,0.0,0.0,0.0,0.0,0.0,0.0,104,0,0.0
TUN,1972,0.0,0.0,0.0,0.0,0.0,0.0,117,1,0.008547008547008548
TUN,1973,0.0,0.0,0.0,0.0,0.0,0.0,113,1,0.008849557522123894
TUN,1974,0.0,0.0,0.0,0.0,0.0,0.0,70,1,0.014285714285714285
TUN,1975,0.0,0.0,0.0,0.0,0.0,0.0,75,2,0.02666666666666667
TUN,1976,0.0,0.0,0.0,0.0,0.0,0.0,56,0,0.0
TUN,1977,0.0,0.0,0.0,0.0,0.0,0.0,89,1,0.011235955056179775
TUN,1978,0.0,0.0,0.0,0.0,0.0,0.0,61,0,0.0
TUN,1979,0.0,0.0,0.0,0.0,0.0,0.0,55,1,0.01818181818181818
TUN,1980,0.0,0.0,0.0,0.0,0.0,0.0,60,1,0.016666666666666666
TUN,1981,0.0,0.0,0.0,0.0,0.0,0.0,55,1,0.01818181818181818
TUN,1982,0.0,0.0,0.0,0.0,0.0,0.0,90,1,0.011111111111111112
TUN,1983,0.0,0.0,0.0,0.0,0.0,0.0,82,2,0.024390243902439025
TUN,1984,0.0,0.0,0.0,0.0,0.0,0.0,55,3,0.05454545454545454
TUN,1985,0.0,0.0,0.0,0.0,0.0,0.0,66,0,0.0
TUN,1986,0.0,0.0,0.0,0.0,0.0,0.0,69,1,0.014492753623188406
TUN,1987,0.0,0.0,0.0,0.0,0.0,0.0,55,1,0.01818181818181818
TUN,1988,0.0,0.0,0.0,0.0,0.0,0.0,59,4,0.06779661016949153
TUN,1989,0.0,0.0,0.0,0.0,0.0,0.0,51,3,0.058823529411764705
TUN,1990,0.0,0.0,0.0,0.0,0.0,0.0,87,2,0.022988505747126436
TUN,1991,0.0,0.0,0.0,0.0,0.0,0.0,100,6,0.06
TUN,1992,0.0,0.0,0.0,0.0,0.0,0.0,109,5,0.045871559633027525
TUN,1993,0.0,0.0,0.0,0.0,0.0,0.0,33,2,0.06060606060606061
TUN,1994,0.0,0.0,0.0,0.0,0.0,0.0,57,2,0.03508771929824561
TUN,1995,0.0,0.0,0.0,0.0,0.0,0.0,48,0,0.0
TUN,1996,0.0,0.0,0.0,0.0,0.0,0.0,34,0,0.0
TUN,1997,0.0,0.0,0.0,0.0,0.0,0.0,41,1,0.024390243902439025
TUN,1998,0.0,0.0,0.0,0.0,0.0,0.0,55,1,0.01818181818181818
TUN,1999,0.0,0.0,0.0,0.0,0.0,0.0,66,0,0.0
TUN,2000,0.0,0.0,0.0,0.0,0.0,0.0,58,0,0.0
TUN,2001,0.0,0.0,0.0,0.0,0.0,0.0,50,0,0.0
TUN,2002,0.0,0.0,0.0,0.0,0.0,0.0,31,3,0.0967741935483871
TUN,2003,0.0,0.0,0.0,0.0,0.0,0.0,31,0,0.0
TUN,2004,0.0,0.0,0.0,0.0,0.0,0.0,23,0,0.0
TUN,2005,0.0,0.0,0.0,0.0,0.0,0.0,10,0,0.0
TUN,2006,0.0,0.0,0.0,0.0,0.0,0.0,44,0,0.0
TUN,2007,0.0,0.0,0.0,0.0,0.0,0.0,53,4,0.07547169811320754
TUN,2008,0.0,0.0,0.0,0.0,0.0,0.0,58,5,0.08620689655172414
TUN,2009,0.0,0.0,0.0,0.0,0.0,0.0,57,4,0.07017543859649122
TUN,2010,0.0,0.0,0.0,0.0,0.0,0.0,83,9,0.10843373493975904
TUN,2011,0.0,0.0,0.0,0.0,0.0,0.0,81,0,0.0
TUN,2012,0.0,0.0,0.0,0.0,0.0,0.0,43,1,0.023255813953488372
TUN,2013,0.0,0.0,0.0,0.0,0.0,0.0,54,2,0.037037037037037035
TUN,2014,0.0,0.0,0.0,0.0,0.0,0.0,51,3,0.058823529411764705
TUN,2015,0.0,0.0,0.0,0.0,0.0,0.0,43,2,0.046511627906976744
TUN,2016,0.0,0.0,0.0,0.0,0.0,0.0,40,3,0.075
TUN,2017,0.0,0.0,0.0,0.0,0.0,0.0,35,7,0.2
TUN,2018,0.0,0.0,0.0,0.0,0.0,0.0,44,0,0.0
TUN,2019,0.0,0.0,0.0,0.0,0.0,0.0,38,4,0.10526315789473684
TUN,2020,0.0,0.0,0.0,0.0,0.0,0.0,21,0,0.0
TUN,2021,0.0,0.0,0.0,0.0,0.0,0.0,28,2,0.07142857142857142
TUN,2022,0.0,0.0,0.0,0.0,0.0,0.0,25,4,0.16
TUN,2023,0.0,0.0,0.0,0.0,0.0,0.0,61,10,0.16393442622950818
TUN,2024,0.0,0.0,0.0,0.0,0.0,0.0,23,3,0.13043478260869565
TUN,2025,0.0,0.0,0.0,0.0,0.0,0.0,112,7,0.0625
TUR,1946,0.0,0.0,0.0,0.0,0.0,0.0,27,0,0.0
TUR,1947,0.0,0.0,0.0,0.0,0.0,0.0,19,0,0.0
TUR,1948,0.0,0.0,0.0,0.0,0.0,0.0,16,0,0.0
TUR,1950,0.0,0.0,0.0,0.0,0.0,0.0,49,0,0.0
TUR,1951,0.0,0.0,0.0,0.0,0.0,0.0,32,1,0.03125
TUR,1957,0.0,0.0,0.0,0.0,0.0,0.0,51,0,0.0
TUR,1958,0.0,0.0,0.0,0.0,0.0,0.0,69,1,0.014492753623188406
TUR,1959,0.0,0.0,0.0,0.0,0.0,0.0,81,0,0.0
TUR,1960,0.0,0.0,0.0,0.0,0.0,0.0,70,0,0.0
TUR,1961,0.0,0.0,0.0,0.0,0.0,0.0,79,0,0.0
TUR,1962,0.0,0.0,0.0,0.0,0.0,0.0,83,0,0.0
TUR,1963,0.0,0.0,0.0,0.0,0.0,0.0,85,1,0.011764705882352941
TUR,1964,0.0,0.0,0.0,0.0,0.0,0.0,152,4,0.02631578947368421
TUR,1965,0.0,0.0,0.0,0.0,0.0,0.0,167,0,0.0
TUR,1966,0.0,0.0,0.0,0.0,0.0,0.0,159,5,0.031446540880503145
TUR,1967,0.0,0.0,0.0,0.0,0.0,0.0,158,0,0.0
TUR,1968,0.0,0.0,0.0,0.0,0.0,0.0,103,3,0.02912621359223301
TUR,1969,0.0,0.0,0.0,0.0,0.0,0.0,112,6,0.05357142857142857
TUR,1970,0.0,0.0,0.0,0.0,0.0,0.0,111,11,0.0990990990990991
TUR,1971,0.0,0.0,0.0,0.0,0.0,0.0,77,6,0.07792207792207792
TUR,1972,0.0,0.0,0.0,0.0,0.0,0.0,91,4,0.04395604395604396
TUR,1973,0.0,0.0,0.0,0.0,0.0,0.0,83,4,0.04819277108433735
TUR,1974,0.0,0.0,0.0,0.0,0.0,0.0,112,2,0.017857142857142856
TUR,1975,0.0,0.0,0.0,0.0,0.0,0.0,78,1,0.01282051282051282
TUR,1976,0.0,0.0,0.0,0.0,0.0,0.0,107,2,0.018691588785046728
TUR,1977,0.0,0.0,0.0,0.0,0.0,0.0,95,2,0.021052631578947368
TUR,1978,0.0,0.0,0.0,0.0,0.0,0.0,131,0,0.0
TUR,1979,0.0,0.0,0.0,0.0,0.0,0.0,94,8,0.0851063829787234
TUR,1980,0.0,0.0,0.0,0.0,0.0,0.0,107,5,0.04672897196261682
TUR,1981,0.0,0.0,0.0,0.0,0.0,0.0,163,5,0.03067484662576687
TUR,1982,0.0,0.0,0.0,0.0,0.0,0.0,107,0,0.0
TUR,1983,0.0,0.0,0.0,0.0,0.0,0.0,156,0,0.0
TUR,1984,0.0,0.0,0.0,0.0,0.0,0.0,90,1,0.011111111111111112
TUR,1985,0.0,0.0,0.0,0.0,0.0,0.0,91,5,0.054945054945054944
TUR,1986,0.0,0.0,0.0,0.0,0.0,0.0,91,2,0.02197802197802198
TUR,1987,0.0,0.0,0.0,0.0,0.0,0.0,103,3,0.02912621359223301
TUR,1988,0.0,0.0,0.0,0.0,0.0,0.0,117,7,0.05982905982905983
TUR,1989,0.0,0.0,0.0,0.0,0.0,0.0,124,3,0.024193548387096774
TUR,1990,0.0,0.0,0.0,0.0,0.0,0.0,93,8,0.08602150537634409
TUR,1991,0.0,0.0,0.0,0.0,0.0,0.0,104,5,0.04807692307692308
TUR,1992,0.0,0.0,0.0,0.0,0.0,0.0,132,5,0.03787878787878788
TUR,1993,0.0,0.0,0.0,0.0,0.0,0.0,100,2,0.02
TUR,1994,0.0,0.0,0.0,0.0,0.0,0.0,118,4,0.03389830508474576
TUR,1995,0.0,0.0,0.0,0.0,0.0,0.0,129,2,0.015503875968992248
TUR,1996,0.0,0.0,0.0,0.0,0.0,0.0,116,5,0.04310344827586207
TUR,1997,0.0,0.0,0.0,0.0,0.0,0.0,90,1,0.011111111111111112
TUR,1998,0.0,0.0,0.0,0.0,0.0,0.0,97,2,0.020618556701030927
TUR,1999,0.0,0.0,0.0,0.0,0.0,0.0,52,4,0.07692307692307693
TUR,2000,0.0,0.0,0.0,0.0,0.0,0.0,91,1,0.01098901098901099
TUR,2001,0.0,0.0,0.0,0.0,0.0,0.0,70,1,0.014285714285714285
TUR,2002,0.0,0.0,0.0,0.0,0.0,0.0,76,2,0.02631578947368421
TUR,2003,0.0,0.0,0.0,0.0,0.0,0.0,66,1,0.015151515151515152
TUR,2004,0.0,0.0,0.0,0.0,0.0,0.0,73,0,0.0
TUR,2005,0.0,0.0,0.0,0.0,0.0,0.0,66,7,0.10606060606060606
TUR,2006,0.0,0.0,0.0,0.0,0.0,0.0,111,2,0.018018018018018018
TUR,2007,0.0,0.0,0.0,0.0,0.0,0.0,78,6,0.07692307692307693
TUR,2008,0.0,0.0,0.0,0.0,0.0,0.0,62,7,0.11290322580645161
TUR,2009,0.0,0.0,0.0,0.0,0.0,0.0,120,7,0.058333333333333334
TUR,2010,0.0,0.0,0.0,0.0,0.0,0.0,105,7,0.06666666666666667
TUR,2011,0.0,0.0,0.0,0.0,0.0,0.0,161,2,0.012422360248447204
TUR,2012,0.0,0.0,0.0,0.0,0.0,0.0,95,2,0.021052631578947368
TUR,2013,0.0,0.0,0.0,0.0,0.0,0.0,112,0,0.0
TUR,2014,0.0,0.0,0.0,0.0,0.0,0.0,84,2,0.023809523809523808
TUR,2015,0.0,0.0,0.0,0.0,0.0,0.0,114,1,0.008771929824561403
TUR,2016,0.0,0.0,0.0,0.0,0.0,0.0,134,2,0.014925373134328358
TUR,2017,0.0,0.0,0.0,0.0,0.0,0.0,86,0,0.0
TUR,2018,0.0,0.0,0.0,0.0,0.0,0.0,105,2,0.01904761904761905
TUR,2019,0.0,0.0,0.0,0.0,0.0,0.0,120,7,0.058333333333333334
TUR,2020,0.0,0.0,0.0,0.0,0.0,0.0,5,0,0.0
TUR,2021,0.0,0.0,0.0,0.0,1.0,0.0,109,32,0.29357798165137616
TUR,2022,0.0,0.0,0.0,0.0,0.0,0.0,107,10,0.09345794392523364
TUR,2023,0.0,0.0,0.0,0.0,0.0,0.0,161,23,0.14285714285714285
TUR,2024,0.0,0.0,0.0,0.0,0.0,1.0,180,12,0.06666666666666667
TUR,2025,0.0,0.0,0.0,0.0,0.0,0.0,197,8,0.04060913705583756
TUV,2001,0.0,0.0,0.0,0.0,0.0,0.0,43,13,0.3023255813953488
TUV,2002,0.0,0.0,0.0,0.0,0.0,0.0,45,9,0.2
TUV,2003,0.0,0.0,0.0,0.0,0.0,0.0,54,17,0.3148148148148148
TUV,2004,0.0,0.0,0.0,0.0,0.0,0.0,42,15,0.35714285714285715
TUV,2005,0.0,0.0,0.0,0.0,0.0,0.0,35,12,0.34285714285714286
TUV,2006,0.0,0.0,0.0,0.0,0.0,0.0,77,28,0.36363636363636365
TUV,2007,0.0,0.0,0.0,0.0,0.0,0.0,77,30,0.38961038961038963
TUV,2008,0.0,0.0,0.0,0.0,0.0,0.0,84,38,0.4523809523809524
TUV,2009,0.0,0.0,0.0,0.0,0.0,0.0,80,28,0.35
TUV,2010,0.0,0.0,0.0,0.0,0.0,0.0,52,20,0.38461538461538464
TUV,2011,0.0,0.0,0.0,0.0,0.0,0.0,61,22,0.36065573770491804
TUV,2012,0.0,0.0,0.0,0.0,0.0,0.0,44,13,0.29545454545454547
TUV,2013,0.0,0.0,0.0,0.0,0.0,0.0,59,30,0.5084745762711864
TUV,2014,0.0,0.0,1.0,0.0,0.0,0.0,65,28,0.4307692307692308
TUV,2015,0.0,0.0,0.0,0.0,0.0,0.0,70,34,0.4857142857142857
TUV,2016,0.0,0.0,0.0,0.0,0.0,0.0,81,29,0.35802469135802467
TUV,2017,0.0,0.0,0.0,0.0,0.0,0.0,79,39,0.4936708860759494
TUV,2018,0.0,0.0,0.0,0.0,0.0,2.0,66,32,0.48484848484848486
TUV,2019,0.0,0.0,0.0,0.0,0.0,4.0,60,38,0.6333333333333333
TUV,2020,0.0,0.0,1.0,0.0,0.0,0.0,50,17,0.34
TUV,2021,0.0,0.0,0.0,0.0,0.0,1.0,51,21,0.4117647058823529
TUV,2022,0.0,0.0,0.0,0.0,0.0,0.0,63,35,0.5555555555555556
TUV,2023,0.0,0.0,0.0,0.0,0.0,0.0,90,33,0.36666666666666664
TUV,2024,0.0,0.0,0.0,0.0,0.0,2.0,118,56,0.4745762711864407
TUV,2025,0.0,0.0,0.0,0.0,1.0,2.0,115,43,0.3739130434782609
TZA,1963,0.0,0.0,0.0,0.0,0.0,0.0,124,4,0.03225806451612903
TZA,1964,0.0,0.0,0.0,0.0,0.0,0.0,147,2,0.013605442176870748
TZA,1965,0.0,0.0,0.0,0.0,0.0,0.0,134,3,0.022388059701492536
TZA,1966,0.0,0.0,0.0,0.0,0.0,0.0,101,0,0.0
TZA,1967,0.0,0.0,0.0,0.0,0.0,0.0,181,2,0.011049723756906077
TZA,1968,0.0,0.0,0.0,0.0,0.0,0.0,230,4,0.017391304347826087
TZA,1969,0.0,0.0,0.0,0.0,0.0,0.0,244,9,0.036885245901639344
TZA,1971,0.0,0.0,0.0,0.0,0.0,0.0,112,2,0.017857142857142856
TZA,1972,0.0,0.0,0.0,0.0,0.0,0.0,141,9,0.06382978723404255
TZA,1973,0.0,0.0,0.0,0.0,0.0,0.0,159,3,0.018867924528301886
TZA,1974,0.0,0.0,0.0,0.0,0.0,0.0,135,4,0.02962962962962963
TZA,1975,0.0,0.0,0.0,0.0,0.0,0.0,116,1,0.008620689655172414
TZA,1976,0.0,0.0,0.0,0.0,0.0,0.0,148,2,0.013513513513513514
TZA,1977,0.0,0.0,0.0,0.0,0.0,0.0,115,3,0.02608695652173913
TZA,1978,0.0,0.0,0.0,0.0,0.0,0.0,79,1,0.012658227848101266
TZA,1979,0.0,0.0,0.0,0.0,0.0,0.0,97,2,0.020618556701030927
TZA,1980,0.0,0.0,0.0,0.0,0.0,0.0,116,0,0.0
TZA,1981,0.0,0.0,0.0,0.0,0.0,0.0,76,0,0.0
TZA,1982,0.0,0.0,0.0,0.0,0.0,0.0,117,0,0.0
TZA,1983,0.0,0.0,0.0,0.0,0.0,0.0,141,6,0.0425531914893617
TZA,1984,0.0,0.0,0.0,0.0,0.0,0.0,115,2,0.017391304347826087
TZA,1985,0.0,0.0,0.0,0.0,0.0,0.0,100,3,0.03
TZA,1986,0.0,0.0,0.0,0.0,0.0,0.0,97,2,0.020618556701030927
TZA,1987,0.0,0.0,0.0,0.0,0.0,0.0,127,1,0.007874015748031496
TZA,1988,0.0,0.0,0.0,0.0,0.0,0.0,153,6,0.0392156862745098
TZA,1989,0.0,0.0,0.0,0.0,0.0,0.0,118,10,0.0847457627118644
TZA,1990,0.0,0.0,0.0,0.0,0.0,0.0,123,5,0.04065040650406504
TZA,1991,0.0,0.0,0.0,0.0,0.0,0.0,85,1,0.011764705882352941
TZA,1992,0.0,0.0,0.0,0.0,0.0,0.0,125,17,0.136
TZA,1993,0.0,0.0,0.0,0.0,0.0,0.0,106,7,0.0660377358490566
TZA,1994,0.0,0.0,0.0,0.0,0.0,0.0,134,12,0.08955223880597014
TZA,1995,0.0,0.0,0.0,0.0,0.0,0.0,66,4,0.06060606060606061
TZA,1996,0.0,0.0,0.0,0.0,0.0,0.0,114,14,0.12280701754385964
TZA,1997,0.0,0.0,0.0,0.0,0.0,0.0,91,4,0.04395604395604396
TZA,1998,0.0,0.0,0.0,0.0,0.0,0.0,130,1,0.007692307692307693
TZA,1999,0.0,0.0,0.0,0.0,0.0,0.0,87,4,0.04597701149425287
TZA,2000,0.0,0.0,0.0,0.0,0.0,0.0,74,3,0.04054054054054054
TZA,2001,0.0,0.0,0.0,0.0,0.0,0.0,82,5,0.06097560975609756
TZA,2002,0.0,0.0,0.0,0.0,0.0,0.0,67,4,0.05970149253731343
TZA,2003,0.0,0.0,0.0,0.0,0.0,0.0,80,4,0.05
TZA,2004,0.0,0.0,0.0,0.0,0.0,0.0,69,6,0.08695652173913043
TZA,2005,0.0,0.0,0.0,0.0,0.0,0.0,57,2,0.03508771929824561
TZA,2006,0.0,0.0,0.0,0.0,0.0,0.0,83,4,0.04819277108433735
TZA,2007,0.0,0.0,0.0,0.0,0.0,0.0,81,11,0.13580246913580246
TZA,2008,0.0,0.0,0.0,0.0,0.0,0.0,118,15,0.1271186440677966
TZA,2009,0.0,0.0,0.0,0.0,0.0,0.0,107,11,0.102803738317757
TZA,2010,0.0,0.0,0.0,0.0,0.0,0.0,100,5,0.05
TZA,2011,0.0,0.0,0.0,0.0,0.0,0.0,102,2,0.0196078431372549
TZA,2012,0.0,0.0,0.0,0.0,0.0,0.0,53,3,0.05660377358490566
TZA,2013,0.0,0.0,0.0,0.0,0.0,0.0,98,11,0.11224489795918367
TZA,2014,0.0,0.0,0.0,0.0,0.0,0.0,63,9,0.14285714285714285
TZA,2015,0.0,0.0,0.0,0.0,0.0,0.0,77,1,0.012987012987012988
TZA,2016,0.0,0.0,0.0,0.0,0.0,0.0,96,21,0.21875
TZA,2017,0.0,0.0,0.0,0.0,0.0,0.0,65,15,0.23076923076923078
TZA,2018,0.0,0.0,0.0,0.0,0.0,0.0,84,7,0.08333333333333333
TZA,2019,0.0,0.0,1.0,0.0,0.0,0.0,66,20,0.30303030303030304
TZA,2020,0.0,0.0,2.0,0.0,0.0,0.0,56,6,0.10714285714285714
TZA,2021,0.0,0.0,0.0,0.0,0.0,0.0,52,8,0.15384615384615385
TZA,2022,0.0,0.0,0.0,0.0,0.0,0.0,44,18,0.4090909090909091
TZA,2023,0.0,0.0,0.0,0.0,0.0,0.0,60,19,0.31666666666666665
TZA,2024,0.0,0.0,0.0,0.0,0.0,0.0,73,19,0.2602739726027397
TZA,2025,0.0,0.0,0.0,0.0,0.0,0.0,60,11,0.18333333333333332
UGA,1963,0.0,0.0,0.0,0.0,0.0,0.0,64,0,0.0
UGA,1964,0.0,0.0,0.0,0.0,0.0,0.0,93,5,0.053763440860215055
UGA,1965,0.0,0.0,0.0,0.0,0.0,0.0,127,1,0.007874015748031496
UGA,1966,0.0,0.0,0.0,0.0,0.0,0.0,111,1,0.009009009009009009
UGA,1967,0.0,0.0,0.0,0.0,0.0,0.0,96,0,0.0
UGA,1968,0.0,0.0,0.0,0.0,0.0,0.0,92,4,0.043478260869565216
UGA,1969,0.0,0.0,0.0,0.0,0.0,0.0,108,3,0.027777777777777776
UGA,1971,0.0,0.0,0.0,0.0,0.0,0.0,56,1,0.017857142857142856
UGA,1972,0.0,0.0,0.0,0.0,0.0,0.0,152,11,0.07236842105263158
UGA,1974,0.0,0.0,0.0,0.0,0.0,0.0,129,2,0.015503875968992248
UGA,1975,0.0,0.0,0.0,0.0,0.0,0.0,262,7,0.026717557251908396
UGA,1976,0.0,0.0,0.0,0.0,0.0,0.0,105,3,0.02857142857142857
UGA,1977,0.0,0.0,0.0,0.0,0.0,0.0,112,3,0.026785714285714284
UGA,1978,0.0,0.0,0.0,0.0,0.0,0.0,45,0,0.0
UGA,1979,0.0,0.0,0.0,0.0,0.0,0.0,93,1,0.010752688172043012
UGA,1980,0.0,0.0,0.0,0.0,0.0,0.0,100,2,0.02
UGA,1981,0.0,0.0,0.0,0.0,0.0,0.0,85,3,0.03529411764705882
UGA,1982,0.0,0.0,0.0,0.0,0.0,0.0,122,2,0.01639344262295082
UGA,1983,0.0,0.0,0.0,0.0,0.0,0.0,74,3,0.04054054054054054
UGA,1984,0.0,0.0,0.0,0.0,0.0,0.0,86,4,0.046511627906976744
UGA,1985,0.0,0.0,0.0,0.0,0.0,0.0,105,2,0.01904761904761905
UGA,1988,0.0,0.0,0.0,0.0,0.0,0.0,175,9,0.05142857142857143
UGA,1989,0.0,0.0,0.0,0.0,0.0,0.0,164,5,0.03048780487804878
UGA,1990,0.0,0.0,0.0,0.0,0.0,0.0,99,0,0.0
UGA,1991,0.0,0.0,0.0,0.0,0.0,0.0,146,7,0.04794520547945205
UGA,1992,0.0,0.0,0.0,0.0,0.0,0.0,193,13,0.06735751295336788
UGA,1993,0.0,0.0,0.0,0.0,0.0,0.0,142,7,0.04929577464788732
UGA,1994,0.0,0.0,1.0,0.0,0.0,0.0,80,4,0.05
UGA,1995,0.0,0.0,1.0,0.0,0.0,0.0,77,5,0.06493506493506493
UGA,1996,0.0,0.0,0.0,0.0,0.0,0.0,93,2,0.021505376344086023
UGA,1997,0.0,0.0,0.0,0.0,0.0,0.0,61,5,0.08196721311475409
UGA,1998,0.0,0.0,0.0,0.0,0.0,0.0,70,1,0.014285714285714285
UGA,1999,0.0,0.0,0.0,0.0,0.0,0.0,67,0,0.0
UGA,2000,0.0,0.0,0.0,0.0,0.0,0.0,77,1,0.012987012987012988
UGA,2001,0.0,0.0,0.0,0.0,0.0,0.0,95,2,0.021052631578947368
UGA,2002,0.0,0.0,0.0,0.0,0.0,0.0,52,2,0.038461538461538464
UGA,2003,0.0,0.0,0.0,0.0,0.0,0.0,35,1,0.02857142857142857
UGA,2004,0.0,0.0,0.0,0.0,0.0,0.0,39,0,0.0
UGA,2005,0.0,0.0,0.0,0.0,0.0,0.0,85,1,0.011764705882352941
UGA,2006,0.0,0.0,0.0,0.0,0.0,0.0,69,7,0.10144927536231885
UGA,2007,2.0,0.0,0.0,0.0,0.0,0.0,95,29,0.30526315789473685
UGA,2008,0.0,0.0,1.0,0.0,0.0,0.0,76,21,0.27631578947368424
UGA,2009,0.0,0.0,1.0,0.0,0.0,0.0,55,9,0.16363636363636364
UGA,2010,0.0,0.0,0.0,0.0,0.0,0.0,36,11,0.3055555555555556
UGA,2011,0.0,0.0,0.0,0.0,0.0,0.0,49,0,0.0
UGA,2012,0.0,0.0,0.0,0.0,0.0,0.0,28,0,0.0
UGA,2013,0.0,0.0,1.0,0.0,0.0,0.0,53,6,0.11320754716981132
UGA,2014,0.0,0.0,0.0,0.0,0.0,0.0,32,1,0.03125
UGA,2015,0.0,0.0,0.0,0.0,0.0,0.0,30,5,0.16666666666666666
UGA,2016,0.0,0.0,0.0,0.0,0.0,0.0,31,4,0.12903225806451613
UGA,2017,0.0,0.0,0.0,0.0,0.0,0.0,23,0,0.0
UGA,2018,0.0,0.0,0.0,0.0,0.0,0.0,62,12,0.1935483870967742
UGA,2019,1.0,0.0,0.0,0.0,0.0,0.0,76,21,0.27631578947368424
UGA,2020,0.0,0.0,0.0,0.0,0.0,0.0,83,21,0.25301204819277107
UGA,2021,2.0,0.0,0.0,0.0,0.0,0.0,92,30,0.32608695652173914
UGA,2022,0.0,0.0,0.0,0.0,0.0,0.0,54,14,0.25925925925925924
UGA,2023,1.0,0.0,0.0,0.0,0.0,0.0,62,17,0.27419354838709675
UGA,2024,0.0,0.0,0.0,0.0,0.0,1.0,76,12,0.15789473684210525
UGA,2025,0.0,0.0,0.0,0.0,0.0,0.0,63,5,0.07936507936507936
UKR,1946,0.0,0.0,0.0,0.0,0.0,0.0,99,1,0.010101010101010102
UKR,1947,0.0,0.0,0.0,0.0,0.0,0.0,82,1,0.012195121951219513
UKR,1948,0.0,0.0,0.0,0.0,0.0,0.0,82,0,0.0
UKR,1949,0.0,0.0,0.0,0.0,0.0,0.0,121,2,0.01652892561983471
UKR,1950,0.0,0.0,0.0,0.0,0.0,0.0,36,0,0.0
UKR,1951,0.0,0.0,0.0,0.0,0.0,0.0,74,0,0.0
UKR,1952,0.0,0.0,0.0,0.0,0.0,0.0,138,4,0.028985507246376812
UKR,1953,0.0,0.0,0.0,0.0,0.0,0.0,90,3,0.03333333333333333
UKR,1954,0.0,0.0,0.0,0.0,0.0,0.0,61,0,0.0
UKR,1955,0.0,0.0,0.0,0.0,0.0,0.0,60,0,0.0
UKR,1956,0.0,0.0,0.0,0.0,0.0,0.0,68,3,0.04411764705882353
UKR,1957,0.0,0.0,0.0,0.0,0.0,0.0,121,2,0.01652892561983471
UKR,1958,0.0,0.0,0.0,0.0,0.0,0.0,148,3,0.02027027027027027
UKR,1959,0.0,0.0,0.0,0.0,0.0,0.0,82,4,0.04878048780487805
UKR,1960,0.0,0.0,0.0,0.0,0.0,0.0,190,2,0.010526315789473684
UKR,1961,0.0,0.0,0.0,0.0,0.0,0.0,148,1,0.006756756756756757
UKR,1962,0.0,0.0,0.0,0.0,0.0,0.0,119,3,0.025210084033613446
UKR,1963,0.0,0.0,0.0,0.0,0.0,0.0,77,4,0.05194805194805195
UKR,1964,0.0,0.0,0.0,0.0,0.0,0.0,146,2,0.0136986301369863
UKR,1965,0.0,0.0,0.0,0.0,0.0,0.0,166,1,0.006024096385542169
UKR,1966,0.0,0.0,0.0,0.0,0.0,0.0,167,4,0.023952095808383235
UKR,1967,0.0,0.0,0.0,0.0,0.0,0.0,178,1,0.0056179775280898875
UKR,1968,0.0,0.0,0.0,0.0,0.0,0.0,172,3,0.01744186046511628
UKR,1969,0.0,0.0,0.0,0.0,0.0,0.0,154,0,0.0
UKR,1970,0.0,0.0,0.0,0.0,0.0,0.0,76,1,0.013157894736842105
UKR,1971,0.0,0.0,0.0,0.0,0.0,0.0,76,1,0.013157894736842105
UKR,1972,0.0,0.0,0.0,0.0,0.0,0.0,83,0,0.0
UKR,1973,0.0,0.0,0.0,0.0,0.0,0.0,85,3,0.03529411764705882
UKR,1974,0.0,0.0,0.0,0.0,0.0,0.0,88,4,0.045454545454545456
UKR,1975,0.0,0.0,0.0,0.0,0.0,0.0,62,1,0.016129032258064516
UKR,1976,0.0,0.0,0.0,0.0,0.0,0.0,61,3,0.04918032786885246
UKR,1977,0.0,0.0,0.0,0.0,0.0,0.0,80,2,0.025
UKR,1978,0.0,0.0,0.0,0.0,0.0,0.0,90,2,0.022222222222222223
UKR,1979,0.0,0.0,0.0,0.0,0.0,0.0,96,1,0.010416666666666666
UKR,1980,0.0,0.0,0.0,0.0,0.0,0.0,70,3,0.04285714285714286
UKR,1981,0.0,0.0,0.0,0.0,0.0,0.0,76,2,0.02631578947368421
UKR,1982,0.0,0.0,0.0,0.0,0.0,0.0,92,10,0.10869565217391304
UKR,1983,0.0,0.0,0.0,0.0,0.0,0.0,99,3,0.030303030303030304
UKR,1984,0.0,0.0,0.0,0.0,0.0,0.0,64,2,0.03125
UKR,1985,0.0,0.0,0.0,0.0,0.0,0.0,86,1,0.011627906976744186
UKR,1986,0.0,0.0,0.0,0.0,0.0,0.0,87,8,0.09195402298850575
UKR,1987,0.0,0.0,0.0,0.0,0.0,0.0,92,4,0.043478260869565216
UKR,1988,0.0,0.0,0.0,0.0,0.0,0.0,102,8,0.0784313725490196
UKR,1989,0.0,0.0,0.0,0.0,0.0,0.0,123,10,0.08130081300813008
UKR,1990,0.0,0.0,0.0,0.0,0.0,0.0,77,12,0.15584415584415584
UKR,1991,0.0,0.0,0.0,0.0,0.0,0.0,77,8,0.1038961038961039
UKR,1992,0.0,0.0,0.0,0.0,0.0,0.0,93,7,0.07526881720430108
UKR,1993,0.0,0.0,0.0,0.0,0.0,0.0,93,5,0.053763440860215055
UKR,1994,0.0,0.0,0.0,0.0,0.0,0.0,95,4,0.042105263157894736
UKR,1995,0.0,0.0,0.0,0.0,0.0,0.0,88,7,0.07954545454545454
UKR,1996,0.0,0.0,0.0,0.0,0.0,0.0,70,6,0.08571428571428572
UKR,1997,0.0,0.0,0.0,0.0,0.0,0.0,55,7,0.12727272727272726
UKR,1998,0.0,0.0,0.0,0.0,0.0,0.0,76,3,0.039473684210526314
UKR,1999,0.0,0.0,0.0,0.0,0.0,0.0,79,4,0.05063291139240506
UKR,2000,0.0,0.0,0.0,0.0,0.0,0.0,71,3,0.04225352112676056
UKR,2001,0.0,0.0,0.0,0.0,0.0,0.0,44,2,0.045454545454545456
UKR,2002,0.0,0.0,0.0,0.0,0.0,0.0,52,1,0.019230769230769232
UKR,2003,0.0,0.0,0.0,0.0,0.0,0.0,32,2,0.0625
UKR,2004,0.0,0.0,0.0,0.0,0.0,0.0,44,3,0.06818181818181818
UKR,2005,0.0,0.0,0.0,0.0,0.0,0.0,53,1,0.018867924528301886
UKR,2006,0.0,0.0,0.0,0.0,0.0,0.0,94,4,0.0425531914893617
UKR,2007,0.0,0.0,0.0,0.0,0.0,0.0,73,7,0.0958904109589041
UKR,2008,0.0,0.0,0.0,0.0,0.0,0.0,66,7,0.10606060606060606
UKR,2009,0.0,0.0,0.0,0.0,0.0,0.0,71,5,0.07042253521126761
UKR,2010,0.0,0.0,0.0,0.0,0.0,0.0,82,21,0.25609756097560976
UKR,2011,0.0,0.0,0.0,0.0,0.0,0.0,76,14,0.18421052631578946
UKR,2012,0.0,0.0,0.0,0.0,0.0,0.0,52,5,0.09615384615384616
UKR,2013,0.0,0.0,0.0,0.0,0.0,0.0,57,10,0.17543859649122806
UKR,2014,0.0,0.0,0.0,0.0,0.0,0.0,38,0,0.0
UKR,2015,0.0,0.0,0.0,0.0,0.0,0.0,95,10,0.10526315789473684
UKR,2016,0.0,0.0,0.0,0.0,0.0,0.0,116,8,0.06896551724137931
UKR,2017,0.0,0.0,0.0,0.0,0.0,0.0,95,6,0.06315789473684211
UKR,2018,0.0,0.0,0.0,0.0,0.0,0.0,102,4,0.0392156862745098
UKR,2019,0.0,0.0,0.0,0.0,0.0,0.0,56,2,0.03571428571428571
UKR,2020,0.0,0.0,0.0,0.0,0.0,0.0,56,5,0.08928571428571429
UKR,2021,0.0,0.0,0.0,0.0,0.0,0.0,114,10,0.08771929824561403
UKR,2022,0.0,0.0,0.0,0.0,0.0,0.0,111,8,0.07207207207207207
UKR,2023,0.0,0.0,0.0,0.0,0.0,0.0,85,14,0.16470588235294117
UKR,2024,0.0,0.0,1.0,0.0,0.0,0.0,82,22,0.2682926829268293
UKR,2025,0.0,0.0,0.0,0.0,0.0,0.0,147,7,0.047619047619047616
URY,1946,0.0,0.0,0.0,0.0,0.0,0.0,25,2,0.08
URY,1947,0.0,0.0,0.0,0.0,0.0,0.0,9,0,0.0
URY,1948,0.0,0.0,0.0,0.0,0.0,0.0,28,0,0.0
URY,1950,0.0,0.0,0.0,0.0,0.0,0.0,37,0,0.0
URY,1951,0.0,0.0,0.0,0.0,0.0,0.0,49,0,0.0
URY,1952,0.0,0.0,0.0,0.0,0.0,0.0,65,0,0.0
URY,1954,0.0,0.0,0.0,0.0,0.0,0.0,24,0,0.0
URY,1955,0.0,0.0,0.0,0.0,0.0,0.0,40,0,0.0
URY,1956,0.0,0.0,0.0,0.0,0.0,0.0,83,0,0.0
URY,1957,0.0,0.0,0.0,0.0,0.0,0.0,66,2,0.030303030303030304
URY,1959,0.0,0.0,0.0,0.0,0.0,0.0,84,2,0.023809523809523808
URY,1960,0.0,0.0,0.0,0.0,0.0,0.0,106,0,0.0
URY,1961,0.0,0.0,0.0,0.0,0.0,0.0,67,0,0.0
URY,1962,0.0,0.0,0.0,0.0,0.0,0.0,73,1,0.0136986301369863
URY,1963,0.0,0.0,0.0,0.0,0.0,0.0,86,2,0.023255813953488372
URY,1964,0.0,0.0,0.0,0.0,0.0,0.0,83,0,0.0
URY,1965,0.0,0.0,0.0,0.0,0.0,0.0,55,0,0.0
URY,1966,0.0,0.0,0.0,0.0,0.0,0.0,101,2,0.019801980198019802
URY,1967,0.0,0.0,0.0,0.0,0.0,0.0,23,0,0.0
URY,1968,0.0,0.0,0.0,0.0,0.0,0.0,91,1,0.01098901098901099
URY,1969,0.0,0.0,0.0,0.0,0.0,0.0,49,0,0.0
URY,1970,0.0,0.0,0.0,0.0,0.0,0.0,51,1,0.0196078431372549
URY,1971,0.0,0.0,0.0,0.0,0.0,0.0,80,2,0.025
URY,1972,0.0,0.0,0.0,0.0,0.0,0.0,50,4,0.08
URY,1973,0.0,0.0,0.0,0.0,0.0,0.0,101,6,0.0594059405940594
URY,1974,0.0,0.0,0.0,0.0,0.0,0.0,86,5,0.05813953488372093
URY,1975,0.0,0.0,0.0,0.0,0.0,0.0,93,7,0.07526881720430108
URY,1976,0.0,0.0,0.0,0.0,0.0,0.0,93,3,0.03225806451612903
URY,1977,0.0,0.0,0.0,0.0,0.0,0.0,42,0,0.0
URY,1978,0.0,0.0,0.0,0.0,0.0,0.0,44,3,0.06818181818181818
URY,1979,0.0,0.0,0.0,0.0,0.0,0.0,106,16,0.1509433962264151
URY,1980,0.0,0.0,0.0,0.0,0.0,0.0,88,19,0.2159090909090909
URY,1981,0.0,0.0,0.0,0.0,0.0,0.0,79,13,0.16455696202531644
URY,1982,0.0,0.0,0.0,0.0,0.0,0.0,91,11,0.12087912087912088
URY,1983,0.0,0.0,0.0,0.0,0.0,0.0,72,0,0.0
URY,1984,0.0,0.0,0.0,0.0,0.0,0.0,85,1,0.011764705882352941
URY,1985,0.0,0.0,0.0,0.0,0.0,0.0,110,5,0.045454545454545456
URY,1986,0.0,0.0,0.0,0.0,0.0,0.0,87,3,0.034482758620689655
URY,1987,0.0,0.0,0.0,0.0,0.0,0.0,97,2,0.020618556701030927
URY,1988,0.0,0.0,0.0,0.0,0.0,0.0,58,4,0.06896551724137931
URY,1989,0.0,0.0,0.0,0.0,0.0,0.0,45,7,0.15555555555555556
URY,1990,0.0,0.0,0.0,0.0,0.0,0.0,86,7,0.08139534883720931
URY,1991,0.0,0.0,0.0,0.0,0.0,0.0,104,12,0.11538461538461539
URY,1992,0.0,0.0,0.0,0.0,0.0,0.0,108,7,0.06481481481481481
URY,1993,0.0,0.0,0.0,0.0,0.0,0.0,64,5,0.078125
URY,1994,0.0,0.0,0.0,0.0,0.0,0.0,58,3,0.05172413793103448
URY,1995,0.0,0.0,0.0,0.0,0.0,0.0,49,3,0.061224489795918366
URY,1996,0.0,0.0,0.0,0.0,0.0,0.0,45,0,0.0
URY,1997,0.0,0.0,0.0,0.0,0.0,0.0,31,0,0.0
URY,1998,0.0,0.0,0.0,0.0,0.0,0.0,59,0,0.0
URY,1999,0.0,0.0,0.0,0.0,0.0,0.0,30,1,0.03333333333333333
URY,2000,0.0,0.0,0.0,0.0,0.0,0.0,47,2,0.0425531914893617
URY,2001,0.0,0.0,0.0,0.0,0.0,0.0,23,1,0.043478260869565216
URY,2002,0.0,0.0,0.0,0.0,0.0,0.0,26,0,0.0
URY,2003,0.0,0.0,0.0,0.0,0.0,0.0,36,3,0.08333333333333333
URY,2004,0.0,0.0,0.0,0.0,0.0,0.0,29,0,0.0
URY,2005,0.0,0.0,0.0,0.0,0.0,0.0,24,2,0.08333333333333333
URY,2006,0.0,0.0,0.0,0.0,0.0,0.0,60,10,0.16666666666666666
URY,2007,0.0,0.0,0.0,0.0,0.0,0.0,64,9,0.140625
URY,2008,0.0,0.0,1.0,0.0,0.0,0.0,66,9,0.13636363636363635
URY,2009,0.0,0.0,0.0,0.0,0.0,0.0,53,8,0.1509433962264151
URY,2010,0.0,0.0,0.0,0.0,0.0,0.0,78,10,0.1282051282051282
URY,2011,0.0,0.0,0.0,0.0,0.0,2.0,102,14,0.13725490196078433
URY,2012,0.0,0.0,0.0,0.0,0.0,0.0,54,2,0.037037037037037035
URY,2013,0.0,0.0,0.0,0.0,0.0,0.0,138,25,0.18115942028985507
URY,2014,0.0,0.0,0.0,0.0,0.0,0.0,56,7,0.125
URY,2015,0.0,0.0,0.0,0.0,0.0,0.0,52,0,0.0
URY,2016,0.0,0.0,0.0,0.0,0.0,0.0,48,0,0.0
URY,2017,0.0,0.0,0.0,0.0,0.0,0.0,61,6,0.09836065573770492
URY,2018,0.0,0.0,0.0,0.0,0.0,0.0,43,10,0.23255813953488372
URY,2019,0.0,0.0,0.0,0.0,0.0,0.0,67,16,0.23880597014925373
URY,2020,0.0,0.0,0.0,0.0,0.0,0.0,25,5,0.2
URY,2021,0.0,0.0,0.0,0.0,0.0,0.0,39,1,0.02564102564102564
URY,2022,0.0,0.0,0.0,0.0,0.0,0.0,51,9,0.17647058823529413
URY,2023,1.0,0.0,0.0,0.0,0.0,0.0,48,10,0.20833333333333334
URY,2024,0.0,0.0,0.0,0.0,0.0,0.0,65,9,0.13846153846153847
URY,2025,0.0,0.0,0.0,0.0,0.0,0.0,69,2,0.028985507246376812
USA,1946,0.0,0.0,0.0,0.0,0.0,0.0,141,2,0.014184397163120567
USA,1947,0.0,0.0,0.0,0.0,0.0,0.0,86,0,0.0
USA,1948,0.0,0.0,0.0,0.0,0.0,0.0,69,0,0.0
USA,1949,0.0,0.0,0.0,0.0,0.0,0.0,77,0,0.0
USA,1950,0.0,0.0,0.0,0.0,0.0,0.0,136,1,0.007352941176470588
USA,1951,0.0,0.0,0.0,0.0,0.0,0.0,151,2,0.013245033112582781
USA,1952,0.0,0.0,0.0,0.0,0.0,0.0,151,0,0.0
USA,1953,0.0,0.0,0.0,0.0,0.0,0.0,169,3,0.01775147928994083
USA,1954,0.0,0.0,0.0,0.0,0.0,0.0,114,2,0.017543859649122806
USA,1955,0.0,0.0,0.0,0.0,0.0,0.0,136,2,0.014705882352941176
USA,1956,0.0,0.0,0.0,0.0,0.0,0.0,105,3,0.02857142857142857
USA,1957,0.0,0.0,0.0,0.0,0.0,0.0,113,4,0.035398230088495575
USA,1958,0.0,0.0,0.0,0.0,0.0,0.0,106,3,0.02830188679245283
USA,1959,0.0,0.0,0.0,0.0,0.0,0.0,184,6,0.03260869565217391
USA,1960,0.0,0.0,0.0,0.0,0.0,0.0,117,5,0.042735042735042736
USA,1961,0.0,0.0,0.0,0.0,0.0,0.0,140,9,0.06428571428571428
USA,1962,0.0,0.0,0.0,0.0,0.0,0.0,148,2,0.013513513513513514
USA,1963,0.0,0.0,0.0,0.0,0.0,0.0,152,10,0.06578947368421052
USA,1964,0.0,0.0,0.0,0.0,0.0,0.0,104,4,0.038461538461538464
USA,1965,0.0,0.0,0.0,0.0,0.0,0.0,241,12,0.04979253112033195
USA,1966,0.0,0.0,0.0,0.0,0.0,0.0,166,2,0.012048192771084338
USA,1967,0.0,0.0,0.0,0.0,0.0,0.0,155,2,0.012903225806451613
USA,1968,0.0,0.0,0.0,0.0,0.0,0.0,151,5,0.033112582781456956
USA,1969,0.0,0.0,0.0,0.0,0.0,0.0,155,8,0.05161290322580645
USA,1970,0.0,0.0,0.0,0.0,0.0,0.0,138,9,0.06521739130434782
USA,1971,0.0,0.0,0.0,0.0,0.0,0.0,137,1,0.0072992700729927005
USA,1972,0.0,0.0,0.0,0.0,0.0,0.0,114,6,0.05263157894736842
USA,1973,0.0,0.0,0.0,0.0,0.0,0.0,84,5,0.05952380952380952
USA,1974,0.0,0.0,0.0,0.0,0.0,0.0,147,15,0.10204081632653061
USA,1975,0.0,0.0,0.0,0.0,0.0,0.0,172,10,0.05813953488372093
USA,1976,0.0,0.0,0.0,0.0,0.0,0.0,218,16,0.07339449541284404
USA,1977,0.0,0.0,0.0,0.0,0.0,0.0,102,10,0.09803921568627451
USA,1978,0.0,0.0,1.0,0.0,0.0,0.0,201,19,0.0945273631840796
USA,1979,0.0,0.0,1.0,0.0,0.0,0.0,140,25,0.17857142857142858
USA,1980,0.0,0.0,0.0,0.0,0.0,0.0,104,6,0.057692307692307696
USA,1981,0.0,0.0,0.0,0.0,0.0,0.0,132,4,0.030303030303030304
USA,1982,0.0,0.0,0.0,0.0,0.0,0.0,164,9,0.054878048780487805
USA,1983,0.0,0.0,0.0,0.0,0.0,0.0,120,5,0.041666666666666664
USA,1984,0.0,0.0,0.0,0.0,0.0,0.0,125,1,0.008
USA,1985,0.0,0.0,0.0,0.0,0.0,0.0,191,14,0.07329842931937172
USA,1986,0.0,0.0,0.0,0.0,0.0,0.0,114,3,0.02631578947368421
USA,1987,0.0,0.0,0.0,0.0,0.0,0.0,144,4,0.027777777777777776
USA,1988,0.0,0.0,0.0,0.0,0.0,0.0,135,3,0.022222222222222223
USA,1989,0.0,0.0,0.0,0.0,0.0,0.0,132,10,0.07575757575757576
USA,1990,0.0,0.0,0.0,0.0,0.0,0.0,89,6,0.06741573033707865
USA,1991,0.0,0.0,0.0,0.0,0.0,0.0,97,0,0.0
USA,1992,0.0,0.0,0.0,0.0,0.0,0.0,127,9,0.07086614173228346
USA,1993,0.0,0.0,0.0,0.0,0.0,0.0,124,9,0.07258064516129033
USA,1994,0.0,0.0,0.0,0.0,0.0,0.0,86,1,0.011627906976744186
USA,1995,0.0,0.0,0.0,0.0,0.0,0.0,96,10,0.10416666666666667
USA,1996,0.0,0.0,0.0,0.0,0.0,0.0,69,11,0.15942028985507245
USA,1997,0.0,0.0,0.0,0.0,0.0,0.0,67,4,0.05970149253731343
USA,1998,0.0,0.0,0.0,0.0,0.0,0.0,74,0,0.0
USA,1999,0.0,0.0,0.0,0.0,0.0,0.0,98,9,0.09183673469387756
USA,2000,0.0,0.0,0.0,0.0,0.0,0.0,56,3,0.05357142857142857
USA,2001,0.0,0.0,0.0,0.0,0.0,0.0,120,2,0.016666666666666666
USA,2002,0.0,0.0,0.0,0.0,0.0,0.0,93,2,0.021505376344086023
USA,2003,0.0,0.0,0.0,0.0,0.0,0.0,105,2,0.01904761904761905
USA,2004,0.0,0.0,0.0,0.0,0.0,0.0,108,1,0.009259259259259259
USA,2005,0.0,0.0,0.0,0.0,0.0,0.0,68,1,0.014705882352941176
USA,2006,0.0,0.0,0.0,0.0,0.0,0.0,131,1,0.007633587786259542
USA,2007,0.0,0.0,0.0,0.0,0.0,0.0,135,2,0.014814814814814815
USA,2008,0.0,0.0,0.0,0.0,0.0,0.0,145,1,0.006896551724137931
USA,2009,0.0,0.0,0.0,0.0,0.0,0.0,226,28,0.12389380530973451
USA,2010,0.0,0.0,0.0,0.0,0.0,0.0,182,5,0.027472527472527472
USA,2011,0.0,0.0,0.0,0.0,0.0,0.0,241,11,0.04564315352697095
USA,2012,0.0,0.0,0.0,0.0,0.0,0.0,112,3,0.026785714285714284
USA,2013,0.0,0.0,0.0,0.0,0.0,0.0,173,7,0.04046242774566474
USA,2014,0.0,0.0,0.0,0.0,0.0,0.0,175,7,0.04
USA,2015,0.0,0.0,0.0,0.0,0.0,0.0,174,8,0.04597701149425287
USA,2016,0.0,0.0,0.0,0.0,0.0,0.0,174,7,0.040229885057471264
USA,2017,0.0,0.0,0.0,0.0,0.0,0.0,158,2,0.012658227848101266
USA,2018,0.0,0.0,0.0,0.0,0.0,0.0,156,9,0.057692307692307696
USA,2019,0.0,0.0,0.0,0.0,0.0,0.0,155,5,0.03225806451612903
USA,2020,0.0,0.0,0.0,0.0,0.0,0.0,12,1,0.08333333333333333
USA,2021,0.0,0.0,0.0,1.0,0.0,0.0,92,23,0.25
USA,2022,0.0,0.0,0.0,0.0,0.0,0.0,114,22,0.19298245614035087
USA,2023,0.0,0.0,0.0,0.0,1.0,0.0,135,20,0.14814814814814814
USA,2024,0.0,0.0,0.0,0.0,0.0,0.0,114,8,0.07017543859649122
USA,2025,0.0,0.0,0.0,0.0,1.0,0.0,468,93,0.1987179487179487
UZB,1992,0.0,0.0,0.0,0.0,0.0,0.0,60,1,0.016666666666666666
UZB,1993,0.0,0.0,0.0,0.0,0.0,0.0,87,8,0.09195402298850575
UZB,1994,0.0,0.0,0.0,0.0,0.0,0.0,81,8,0.09876543209876543
UZB,1996,0.0,0.0,0.0,0.0,0.0,0.0,29,2,0.06896551724137931
UZB,1997,0.0,0.0,0.0,0.0,0.0,0.0,27,2,0.07407407407407407
UZB,1998,0.0,0.0,0.0,0.0,0.0,0.0,50,8,0.16
UZB,1999,0.0,0.0,0.0,0.0,0.0,0.0,53,2,0.03773584905660377
UZB,2001,0.0,0.0,0.0,0.0,0.0,0.0,35,0,0.0
UZB,2002,0.0,0.0,0.0,0.0,0.0,0.0,29,1,0.034482758620689655
UZB,2003,0.0,0.0,0.0,0.0,0.0,0.0,29,2,0.06896551724137931
UZB,2004,0.0,0.0,0.0,0.0,0.0,0.0,31,2,0.06451612903225806
UZB,2005,0.0,0.0,0.0,0.0,0.0,0.0,38,3,0.07894736842105263
UZB,2006,0.0,0.0,0.0,0.0,0.0,0.0,37,1,0.02702702702702703
UZB,2007,0.0,0.0,0.0,0.0,0.0,0.0,30,8,0.26666666666666666
UZB,2008,0.0,0.0,0.0,0.0,0.0,0.0,31,6,0.1935483870967742
UZB,2009,0.0,0.0,0.0,0.0,0.0,0.0,30,8,0.26666666666666666
UZB,2011,0.0,0.0,0.0,0.0,0.0,0.0,55,10,0.18181818181818182
UZB,2012,0.0,0.0,0.0,0.0,0.0,0.0,21,7,0.3333333333333333
UZB,2013,0.0,0.0,0.0,0.0,0.0,0.0,29,13,0.4482758620689655
UZB,2014,0.0,0.0,0.0,0.0,0.0,0.0,22,5,0.22727272727272727
UZB,2016,0.0,0.0,0.0,0.0,0.0,0.0,25,4,0.16
UZB,2017,0.0,0.0,0.0,0.0,0.0,0.0,78,6,0.07692307692307693
UZB,2018,0.0,0.0,0.0,0.0,0.0,0.0,52,2,0.038461538461538464
UZB,2020,0.0,0.0,0.0,0.0,0.0,0.0,5,1,0.2
UZB,2021,0.0,0.0,0.0,0.0,0.0,0.0,36,11,0.3055555555555556
UZB,2022,0.0,0.0,0.0,0.0,0.0,0.0,44,10,0.22727272727272727
UZB,2023,0.0,0.0,0.0,0.0,0.0,0.0,101,23,0.22772277227722773
UZB,2024,0.0,0.0,0.0,0.0,0.0,0.0,91,23,0.25274725274725274
UZB,2025,0.0,0.0,0.0,0.0,0.0,0.0,88,14,0.1590909090909091
VAT,1979,0.0,0.0,0.0,0.0,0.0,0.0,91,2,0.02197802197802198
VAT,2004,0.0,0.0,0.0,0.0,0.0,0.0,45,0,0.0
VAT,2005,0.0,0.0,0.0,0.0,0.0,0.0,37,7,0.1891891891891892
VAT,2006,0.0,0.0,0.0,0.0,0.0,0.0,63,0,0.0
VAT,2007,0.0,0.0,0.0,0.0,0.0,0.0,64,4,0.0625
VAT,2008,0.0,0.0,0.0,0.0,0.0,0.0,35,7,0.2
VAT,2009,0.0,0.0,0.0,0.0,0.0,0.0,39,3,0.07692307692307693
VAT,2010,0.0,0.0,0.0,0.0,0.0,0.0,70,9,0.12857142857142856
VAT,2011,0.0,0.0,0.0,0.0,0.0,0.0,84,4,0.047619047619047616
VAT,2012,0.0,0.0,0.0,0.0,0.0,0.0,51,4,0.0784313725490196
VAT,2013,0.0,0.0,0.0,0.0,0.0,0.0,57,1,0.017543859649122806
VAT,2014,0.0,0.0,0.0,0.0,0.0,0.0,43,2,0.046511627906976744
VAT,2015,0.0,0.0,0.0,0.0,0.0,0.0,60,11,0.18333333333333332
VAT,2016,0.0,0.0,0.0,0.0,0.0,0.0,42,11,0.2619047619047619
VAT,2017,0.0,0.0,0.0,0.0,0.0,0.0,75,12,0.16
VAT,2018,0.0,0.0,0.0,0.0,0.0,0.0,118,16,0.13559322033898305
VAT,2019,0.0,0.0,0.0,0.0,0.0,0.0,44,12,0.2727272727272727
VAT,2020,0.0,0.0,0.0,0.0,0.0,0.0,73,7,0.0958904109589041
VAT,2021,0.0,0.0,0.0,0.0,0.0,1.0,60,9,0.15
VAT,2022,0.0,0.0,0.0,0.0,0.0,0.0,46,8,0.17391304347826086
VAT,2023,0.0,0.0,0.0,0.0,0.0,0.0,65,4,0.06153846153846154
VAT,2024,0.0,0.0,0.0,0.0,0.0,0.0,188,8,0.0425531914893617
VAT,2025,0.0,0.0,0.0,0.0,0.0,0.0,66,3,0.045454545454545456
VCT,1980,0.0,0.0,0.0,0.0,0.0,0.0,87,9,0.10344827586206896
VCT,1981,0.0,0.0,1.0,0.0,0.0,0.0,133,13,0.09774436090225563
VCT,1982,0.0,0.0,0.0,0.0,0.0,0.0,147,1,0.006802721088435374
VCT,1983,0.0,0.0,0.0,0.0,0.0,0.0,143,5,0.03496503496503497
VCT,1986,0.0,0.0,0.0,0.0,0.0,0.0,13,0,0.0
VCT,1987,0.0,0.0,0.0,0.0,0.0,0.0,58,2,0.034482758620689655
VCT,1988,1.0,0.0,0.0,0.0,0.0,0.0,77,5,0.06493506493506493
VCT,1989,0.0,0.0,0.0,0.0,0.0,0.0,54,4,0.07407407407407407
VCT,1990,0.0,0.0,0.0,0.0,0.0,0.0,41,4,0.0975609756097561
VCT,1991,0.0,0.0,0.0,0.0,0.0,0.0,76,6,0.07894736842105263
VCT,1992,1.0,0.0,0.0,0.0,0.0,0.0,102,11,0.10784313725490197
VCT,1993,0.0,0.0,0.0,0.0,0.0,0.0,75,5,0.06666666666666667
VCT,1994,0.0,0.0,0.0,0.0,0.0,0.0,45,0,0.0
VCT,1995,0.0,0.0,0.0,0.0,0.0,0.0,49,1,0.02040816326530612
VCT,1996,0.0,0.0,0.0,0.0,0.0,0.0,49,5,0.10204081632653061
VCT,1997,0.0,0.0,0.0,0.0,0.0,0.0,61,1,0.01639344262295082
VCT,1998,0.0,0.0,0.0,0.0,0.0,0.0,62,10,0.16129032258064516
VCT,1999,0.0,0.0,0.0,0.0,0.0,0.0,36,1,0.027777777777777776
VCT,2000,0.0,0.0,0.0,0.0,0.0,0.0,85,10,0.11764705882352941
VCT,2001,0.0,0.0,0.0,0.0,0.0,0.0,54,2,0.037037037037037035
VCT,2002,0.0,0.0,0.0,0.0,0.0,0.0,70,3,0.04285714285714286
VCT,2003,0.0,0.0,0.0,0.0,0.0,0.0,50,1,0.02
VCT,2004,0.0,0.0,0.0,0.0,0.0,0.0,59,5,0.0847457627118644
VCT,2005,0.0,0.0,0.0,0.0,0.0,0.0,62,5,0.08064516129032258
VCT,2006,0.0,0.0,0.0,0.0,0.0,0.0,73,2,0.0273972602739726
VCT,2007,0.0,0.0,0.0,0.0,0.0,0.0,80,21,0.2625
VCT,2008,0.0,0.0,0.0,0.0,0.0,0.0,69,6,0.08695652173913043
VCT,2009,0.0,0.0,0.0,0.0,0.0,0.0,89,10,0.11235955056179775
VCT,2010,0.0,0.0,0.0,0.0,0.0,0.0,131,13,0.09923664122137404
VCT,2011,0.0,0.0,0.0,0.0,0.0,0.0,88,14,0.1590909090909091
VCT,2012,0.0,0.0,0.0,0.0,0.0,0.0,100,10,0.1
VCT,2013,0.0,0.0,0.0,0.0,0.0,0.0,83,10,0.12048192771084337
VCT,2014,0.0,0.0,1.0,1.0,0.0,0.0,87,12,0.13793103448275862
VCT,2015,0.0,0.0,1.0,0.0,0.0,0.0,75,12,0.16
VCT,2016,0.0,0.0,2.0,0.0,0.0,0.0,65,16,0.24615384615384617
VCT,2017,0.0,0.0,1.0,0.0,0.0,0.0,65,16,0.24615384615384617
VCT,2018,0.0,0.0,0.0,0.0,0.0,0.0,75,15,0.2
VCT,2019,0.0,0.0,0.0,0.0,0.0,0.0,75,15,0.2
VCT,2020,0.0,0.0,0.0,0.0,0.0,0.0,55,2,0.03636363636363636
VCT,2021,0.0,0.0,0.0,0.0,0.0,0.0,58,11,0.1896551724137931
VCT,2022,0.0,0.0,0.0,0.0,0.0,0.0,70,8,0.11428571428571428
VCT,2023,0.0,0.0,0.0,0.0,0.0,0.0,103,18,0.17475728155339806
VCT,2024,0.0,0.0,0.0,0.0,0.0,0.0,74,13,0.17567567567567569
VCT,2025,0.0,0.0,0.0,0.0,0.0,0.0,81,8,0.09876543209876543
VEN,1946,0.0,0.0,0.0,0.0,0.0,0.0,22,0,0.0
VEN,1947,0.0,0.0,0.0,0.0,0.0,0.0,29,0,0.0
VEN,1948,0.0,0.0,0.0,0.0,0.0,0.0,73,0,0.0
VEN,1949,0.0,0.0,0.0,0.0,0.0,0.0,46,1,0.021739130434782608
VEN,1950,0.0,0.0,0.0,0.0,0.0,0.0,23,0,0.0
VEN,1951,0.0,0.0,0.0,0.0,0.0,0.0,37,0,0.0
VEN,1953,0.0,0.0,0.0,0.0,0.0,0.0,27,0,0.0
VEN,1954,0.0,0.0,1.0,0.0,0.0,0.0,44,1,0.022727272727272728
VEN,1955,0.0,0.0,0.0,0.0,0.0,0.0,62,2,0.03225806451612903
VEN,1956,0.0,0.0,0.0,0.0,0.0,0.0,43,0,0.0
VEN,1957,0.0,0.0,1.0,0.0,0.0,0.0,45,0,0.0
VEN,1958,0.0,0.0,0.0,0.0,0.0,0.0,61,0,0.0
VEN,1959,0.0,0.0,0.0,0.0,0.0,0.0,86,1,0.011627906976744186
VEN,1960,0.0,0.0,1.0,0.0,0.0,0.0,91,7,0.07692307692307693
VEN,1961,0.0,0.0,0.0,0.0,0.0,0.0,30,1,0.03333333333333333
VEN,1962,0.0,0.0,0.0,0.0,0.0,0.0,119,0,0.0
VEN,1963,0.0,0.0,0.0,0.0,0.0,0.0,93,0,0.0
VEN,1964,0.0,0.0,0.0,0.0,0.0,0.0,49,0,0.0
VEN,1965,0.0,0.0,0.0,0.0,0.0,0.0,110,2,0.01818181818181818
VEN,1966,0.0,0.0,0.0,0.0,0.0,0.0,97,0,0.0
VEN,1967,0.0,0.0,0.0,0.0,0.0,0.0,99,3,0.030303030303030304
VEN,1968,0.0,0.0,0.0,0.0,0.0,0.0,106,1,0.009433962264150943
VEN,1969,0.0,0.0,0.0,0.0,0.0,0.0,105,0,0.0
VEN,1970,0.0,0.0,0.0,0.0,0.0,0.0,116,3,0.02586206896551724
VEN,1971,0.0,0.0,0.0,0.0,0.0,0.0,72,0,0.0
VEN,1972,0.0,0.0,0.0,0.0,0.0,0.0,102,2,0.0196078431372549
VEN,1973,0.0,0.0,0.0,0.0,0.0,0.0,90,0,0.0
VEN,1974,0.0,0.0,0.0,0.0,0.0,0.0,106,5,0.04716981132075472
VEN,1975,0.0,0.0,0.0,0.0,0.0,0.0,115,16,0.1391304347826087
VEN,1976,0.0,0.0,0.0,0.0,0.0,0.0,145,7,0.04827586206896552
VEN,1977,0.0,0.0,0.0,0.0,0.0,0.0,81,5,0.06172839506172839
VEN,1978,0.0,0.0,0.0,0.0,0.0,0.0,94,3,0.031914893617021274
VEN,1979,0.0,0.0,0.0,0.0,0.0,0.0,75,5,0.06666666666666667
VEN,1980,0.0,0.0,0.0,0.0,0.0,0.0,74,1,0.013513513513513514
VEN,1981,0.0,0.0,0.0,0.0,0.0,0.0,111,7,0.06306306306306306
VEN,1982,0.0,0.0,0.0,0.0,0.0,0.0,96,1,0.010416666666666666
VEN,1983,0.0,0.0,0.0,0.0,0.0,0.0,77,2,0.025974025974025976
VEN,1984,0.0,0.0,0.0,0.0,0.0,0.0,111,1,0.009009009009009009
VEN,1985,0.0,0.0,0.0,0.0,0.0,0.0,95,3,0.031578947368421054
VEN,1986,0.0,0.0,0.0,0.0,0.0,0.0,73,0,0.0
VEN,1987,0.0,0.0,0.0,0.0,0.0,0.0,88,6,0.06818181818181818
VEN,1988,0.0,0.0,0.0,0.0,0.0,0.0,71,1,0.014084507042253521
VEN,1989,0.0,0.0,0.0,0.0,0.0,0.0,102,2,0.0196078431372549
VEN,1990,0.0,0.0,0.0,0.0,0.0,0.0,102,12,0.11764705882352941
VEN,1991,0.0,0.0,0.0,0.0,0.0,0.0,67,3,0.04477611940298507
VEN,1992,0.0,0.0,0.0,0.0,0.0,0.0,75,5,0.06666666666666667
VEN,1993,0.0,0.0,0.0,0.0,0.0,0.0,69,19,0.2753623188405797
VEN,1994,0.0,0.0,0.0,0.0,0.0,0.0,76,2,0.02631578947368421
VEN,1995,0.0,0.0,0.0,0.0,0.0,0.0,59,1,0.01694915254237288
VEN,1996,0.0,0.0,0.0,0.0,0.0,0.0,46,2,0.043478260869565216
VEN,1997,0.0,0.0,0.0,0.0,0.0,0.0,56,1,0.017857142857142856
VEN,1998,0.0,0.0,0.0,0.0,0.0,0.0,43,1,0.023255813953488372
VEN,1999,0.0,0.0,0.0,0.0,0.0,0.0,55,1,0.01818181818181818
VEN,2000,0.0,0.0,0.0,0.0,0.0,0.0,21,0,0.0
VEN,2001,0.0,0.0,0.0,0.0,0.0,0.0,72,3,0.041666666666666664
VEN,2002,0.0,0.0,0.0,0.0,0.0,0.0,62,0,0.0
VEN,2003,0.0,0.0,0.0,0.0,0.0,0.0,41,2,0.04878048780487805
VEN,2004,0.0,0.0,0.0,0.0,0.0,0.0,44,2,0.045454545454545456
VEN,2005,0.0,0.0,0.0,0.0,0.0,0.0,27,0,0.0
VEN,2006,0.0,0.0,0.0,0.0,0.0,0.0,123,6,0.04878048780487805
VEN,2007,0.0,0.0,0.0,0.0,0.0,0.0,56,0,0.0
VEN,2008,0.0,0.0,0.0,0.0,0.0,0.0,104,9,0.08653846153846154
VEN,2009,0.0,0.0,0.0,0.0,0.0,0.0,328,31,0.09451219512195122
VEN,2010,0.0,0.0,0.0,0.0,0.0,0.0,53,3,0.05660377358490566
VEN,2011,0.0,0.0,0.0,0.0,0.0,0.0,103,2,0.019417475728155338
VEN,2012,0.0,0.0,0.0,0.0,0.0,0.0,58,1,0.017241379310344827
VEN,2013,0.0,0.0,0.0,0.0,0.0,0.0,46,2,0.043478260869565216
VEN,2014,0.0,0.0,0.0,0.0,0.0,0.0,107,7,0.06542056074766354
VEN,2015,0.0,0.0,0.0,0.0,0.0,0.0,98,2,0.02040816326530612
VEN,2016,0.0,0.0,0.0,0.0,0.0,0.0,98,6,0.061224489795918366
VEN,2017,0.0,0.0,0.0,0.0,0.0,0.0,91,12,0.13186813186813187
VEN,2018,0.0,0.0,0.0,0.0,0.0,0.0,133,6,0.045112781954887216
VEN,2019,0.0,0.0,0.0,0.0,0.0,0.0,112,2,0.017857142857142856
VEN,2020,0.0,0.0,0.0,0.0,0.0,0.0,91,6,0.06593406593406594
VEN,2021,0.0,0.0,0.0,0.0,0.0,0.0,45,5,0.1111111111111111
VEN,2022,0.0,0.0,0.0,0.0,0.0,0.0,57,5,0.08771929824561403
VEN,2023,0.0,0.0,0.0,0.0,0.0,0.0,97,8,0.08247422680412371
VEN,2024,0.0,0.0,0.0,0.0,0.0,0.0,101,0,0.0
VEN,2025,0.0,0.0,0.0,0.0,0.0,0.0,93,2,0.021505376344086023
VNM,1978,0.0,0.0,0.0,0.0,0.0,0.0,67,0,0.0
VNM,1979,0.0,0.0,0.0,0.0,0.0,0.0,112,2,0.017857142857142856
VNM,1980,0.0,0.0,0.0,0.0,0.0,0.0,107,1,0.009345794392523364
VNM,1981,0.0,0.0,0.0,0.0,0.0,0.0,92,1,0.010869565217391304
VNM,1982,0.0,0.0,0.0,0.0,0.0,0.0,70,0,0.0
VNM,1983,0.0,0.0,0.0,0.0,0.0,0.0,143,4,0.027972027972027972
VNM,1984,0.0,0.0,0.0,0.0,0.0,0.0,120,0,0.0
VNM,1985,0.0,0.0,0.0,0.0,0.0,0.0,46,0,0.0
VNM,1986,0.0,0.0,0.0,0.0,0.0,0.0,53,0,0.0
VNM,1987,0.0,0.0,0.0,0.0,0.0,0.0,76,0,0.0
VNM,1988,0.0,0.0,0.0,0.0,0.0,0.0,62,2,0.03225806451612903
VNM,1989,0.0,0.0,0.0,0.0,0.0,0.0,59,2,0.03389830508474576
VNM,1990,0.0,0.0,0.0,0.0,0.0,0.0,49,1,0.02040816326530612
VNM,1991,0.0,0.0,0.0,0.0,0.0,0.0,45,0,0.0
VNM,1992,0.0,0.0,0.0,0.0,0.0,0.0,89,8,0.0898876404494382
VNM,1993,0.0,0.0,0.0,0.0,0.0,0.0,47,1,0.02127659574468085
VNM,1994,0.0,0.0,0.0,0.0,0.0,0.0,57,1,0.017543859649122806
VNM,1995,0.0,0.0,0.0,0.0,0.0,0.0,58,0,0.0
VNM,1996,0.0,0.0,0.0,0.0,0.0,0.0,54,2,0.037037037037037035
VNM,1997,0.0,0.0,0.0,0.0,0.0,0.0,41,1,0.024390243902439025
VNM,1998,0.0,0.0,0.0,0.0,0.0,0.0,58,1,0.017241379310344827
VNM,1999,0.0,0.0,0.0,0.0,0.0,0.0,72,3,0.041666666666666664
VNM,2000,0.0,0.0,0.0,0.0,0.0,0.0,37,0,0.0
VNM,2001,0.0,0.0,0.0,0.0,0.0,0.0,35,0,0.0
VNM,2002,0.0,0.0,0.0,0.0,0.0,0.0,22,0,0.0
VNM,2003,0.0,0.0,0.0,0.0,0.0,0.0,48,3,0.0625
VNM,2004,0.0,0.0,0.0,0.0,0.0,0.0,42,1,0.023809523809523808
VNM,2005,0.0,0.0,0.0,0.0,0.0,0.0,38,1,0.02631578947368421
VNM,2006,0.0,0.0,0.0,0.0,0.0,0.0,54,5,0.09259259259259259
VNM,2007,0.0,0.0,0.0,0.0,0.0,0.0,64,4,0.0625
VNM,2008,0.0,0.0,0.0,0.0,0.0,0.0,34,3,0.08823529411764706
VNM,2009,0.0,0.0,0.0,0.0,0.0,0.0,45,4,0.08888888888888889
VNM,2010,0.0,0.0,0.0,0.0,0.0,0.0,59,2,0.03389830508474576
VNM,2011,0.0,0.0,0.0,0.0,0.0,0.0,69,6,0.08695652173913043
VNM,2012,0.0,0.0,0.0,0.0,0.0,0.0,28,3,0.10714285714285714
VNM,2013,0.0,0.0,0.0,0.0,0.0,0.0,55,5,0.09090909090909091
VNM,2014,0.0,0.0,0.0,0.0,0.0,0.0,41,4,0.0975609756097561
VNM,2015,0.0,0.0,0.0,0.0,0.0,0.0,52,7,0.1346153846153846
VNM,2016,0.0,0.0,0.0,0.0,0.0,0.0,47,11,0.23404255319148937
VNM,2017,0.0,0.0,0.0,0.0,0.0,0.0,54,11,0.2037037037037037
VNM,2018,0.0,0.0,0.0,0.0,0.0,0.0,49,5,0.10204081632653061
VNM,2019,0.0,0.0,0.0,0.0,0.0,0.0,58,4,0.06896551724137931
VNM,2020,0.0,0.0,0.0,0.0,0.0,0.0,30,2,0.06666666666666667
VNM,2021,0.0,0.0,0.0,0.0,0.0,0.0,63,11,0.1746031746031746
VNM,2022,0.0,0.0,0.0,0.0,0.0,0.0,39,6,0.15384615384615385
VNM,2023,0.0,0.0,0.0,0.0,0.0,0.0,54,6,0.1111111111111111
VNM,2024,0.0,0.0,0.0,1.0,0.0,0.0,50,8,0.16
VNM,2025,0.0,0.0,0.0,0.0,0.0,0.0,57,5,0.08771929824561403
VUT,1983,0.0,0.0,0.0,0.0,0.0,0.0,211,5,0.023696682464454975
VUT,1984,0.0,0.0,0.0,0.0,0.0,0.0,136,11,0.08088235294117647
VUT,1985,0.0,0.0,0.0,0.0,0.0,0.0,177,13,0.07344632768361582
VUT,1986,0.0,0.0,0.0,0.0,0.0,0.0,151,6,0.039735099337748346
VUT,1987,0.0,0.0,0.0,0.0,0.0,0.0,194,2,0.010309278350515464
VUT,1988,0.0,0.0,0.0,0.0,0.0,0.0,122,11,0.09016393442622951
VUT,1989,0.0,0.0,0.0,0.0,0.0,0.0,90,14,0.15555555555555556
VUT,1990,0.0,0.0,0.0,0.0,0.0,0.0,92,8,0.08695652173913043
VUT,1991,0.0,0.0,0.0,0.0,0.0,0.0,113,12,0.10619469026548672
VUT,1992,0.0,0.0,0.0,0.0,0.0,0.0,79,13,0.16455696202531644
VUT,1996,0.0,0.0,0.0,0.0,0.0,0.0,25,3,0.12
VUT,1997,0.0,0.0,0.0,0.0,0.0,0.0,31,2,0.06451612903225806
VUT,1998,0.0,0.0,0.0,0.0,0.0,0.0,24,3,0.125
VUT,1999,0.0,0.0,0.0,0.0,0.0,0.0,28,3,0.10714285714285714
VUT,2000,0.0,0.0,1.0,0.0,0.0,0.0,59,9,0.15254237288135594
VUT,2001,0.0,0.0,0.0,0.0,0.0,0.0,47,6,0.1276595744680851
VUT,2002,0.0,0.0,0.0,0.0,0.0,0.0,57,4,0.07017543859649122
VUT,2003,0.0,0.0,0.0,0.0,0.0,0.0,42,3,0.07142857142857142
VUT,2004,0.0,0.0,0.0,0.0,0.0,0.0,60,5,0.08333333333333333
VUT,2005,0.0,0.0,0.0,0.0,0.0,0.0,69,7,0.10144927536231885
VUT,2006,0.0,0.0,0.0,0.0,0.0,0.0,96,8,0.08333333333333333
VUT,2007,0.0,0.0,0.0,0.0,0.0,0.0,63,3,0.047619047619047616
VUT,2008,0.0,0.0,0.0,0.0,0.0,0.0,84,14,0.16666666666666666
VUT,2009,0.0,0.0,0.0,0.0,0.0,0.0,88,22,0.25
VUT,2010,0.0,0.0,0.0,0.0,0.0,0.0,83,16,0.1927710843373494
VUT,2011,0.0,0.0,0.0,0.0,0.0,0.0,97,13,0.13402061855670103
VUT,2012,0.0,1.0,0.0,0.0,0.0,0.0,42,12,0.2857142857142857
VUT,2013,0.0,0.0,0.0,0.0,0.0,0.0,62,8,0.12903225806451613
VUT,2014,0.0,0.0,0.0,0.0,0.0,0.0,84,15,0.17857142857142858
VUT,2015,0.0,0.0,0.0,0.0,0.0,2.0,91,30,0.32967032967032966
VUT,2016,0.0,0.0,0.0,0.0,0.0,0.0,76,27,0.35526315789473684
VUT,2017,0.0,0.0,0.0,0.0,0.0,0.0,77,21,0.2727272727272727
VUT,2018,0.0,0.0,0.0,0.0,0.0,0.0,62,24,0.3870967741935484
VUT,2019,0.0,0.0,0.0,0.0,0.0,0.0,64,19,0.296875
VUT,2020,0.0,0.0,0.0,0.0,0.0,0.0,74,11,0.14864864864864866
VUT,2021,0.0,0.0,0.0,0.0,0.0,1.0,64,17,0.265625
VUT,2022,0.0,0.0,0.0,0.0,0.0,0.0,66,25,0.3787878787878788
VUT,2023,0.0,0.0,0.0,0.0,0.0,0.0,85,38,0.4470588235294118
VUT,2024,0.0,0.0,0.0,0.0,0.0,1.0,21,11,0.5238095238095238
VUT,2025,0.0,0.0,0.0,0.0,0.0,0.0,72,15,0.20833333333333334
WSM,1977,0.0,0.0,0.0,0.0,0.0,0.0,104,9,0.08653846153846154
WSM,1978,0.0,0.0,0.0,0.0,0.0,0.0,67,8,0.11940298507462686
WSM,1979,0.0,0.0,0.0,0.0,0.0,0.0,81,3,0.037037037037037035
WSM,1981,0.0,0.0,0.0,0.0,0.0,0.0,78,3,0.038461538461538464
WSM,1983,0.0,0.0,0.0,0.0,0.0,0.0,71,7,0.09859154929577464
WSM,1985,0.0,0.0,0.0,0.0,0.0,0.0,60,5,0.08333333333333333
WSM,1986,0.0,0.0,0.0,0.0,0.0,0.0,57,7,0.12280701754385964
WSM,1987,0.0,0.0,0.0,0.0,0.0,0.0,102,7,0.06862745098039216
WSM,1988,0.0,0.0,0.0,0.0,0.0,0.0,113,17,0.1504424778761062
WSM,1990,0.0,0.0,0.0,0.0,0.0,0.0,77,8,0.1038961038961039
WSM,1991,0.0,0.0,0.0,0.0,0.0,0.0,90,16,0.17777777777777778
WSM,1993,0.0,0.0,0.0,0.0,0.0,0.0,82,17,0.2073170731707317
WSM,1995,0.0,0.0,0.0,0.0,0.0,2.0,56,10,0.17857142857142858
WSM,1996,0.0,0.0,0.0,0.0,0.0,0.0,51,10,0.19607843137254902
WSM,1998,0.0,0.0,0.0,0.0,0.0,2.0,53,17,0.32075471698113206
WSM,1999,0.0,0.0,0.0,0.0,0.0,0.0,64,5,0.078125
WSM,2001,0.0,0.0,0.0,0.0,0.0,0.0,51,6,0.11764705882352941
WSM,2002,0.0,0.0,0.0,0.0,0.0,0.0,53,6,0.11320754716981132
WSM,2003,0.0,0.0,0.0,0.0,0.0,0.0,37,3,0.08108108108108109
WSM,2004,0.0,0.0,0.0,0.0,0.0,0.0,31,2,0.06451612903225806
WSM,2005,0.0,0.0,0.0,0.0,0.0,0.0,30,0,0.0
WSM,2006,0.0,0.0,0.0,0.0,0.0,0.0,74,9,0.12162162162162163
WSM,2007,0.0,0.0,0.0,0.0,0.0,0.0,74,20,0.2702702702702703
WSM,2008,0.0,0.0,0.0,0.0,0.0,0.0,78,17,0.21794871794871795
WSM,2009,0.0,0.0,0.0,0.0,0.0,0.0,89,21,0.23595505617977527
WSM,2010,0.0,0.0,0.0,0.0,0.0,0.0,72,22,0.3055555555555556
WSM,2011,0.0,0.0,0.0,0.0,0.0,0.0,75,16,0.21333333333333335
WSM,2012,0.0,0.0,0.0,0.0,0.0,0.0,60,11,0.18333333333333332
WSM,2013,0.0,0.0,0.0,0.0,0.0,0.0,41,12,0.2926829268292683
WSM,2014,0.0,0.0,0.0,0.0,0.0,0.0,96,21,0.21875
WSM,2015,0.0,0.0,0.0,0.0,0.0,0.0,80,43,0.5375
WSM,2016,0.0,0.0,0.0,0.0,0.0,0.0,76,28,0.3684210526315789
WSM,2017,0.0,0.0,0.0,0.0,0.0,0.0,73,31,0.4246575342465753
WSM,2018,0.0,0.0,0.0,0.0,0.0,0.0,68,24,0.35294117647058826
WSM,2019,0.0,0.0,0.0,0.0,0.0,0.0,72,24,0.3333333333333333
WSM,2020,0.0,0.0,0.0,0.0,0.0,1.0,60,15,0.25
WSM,2021,0.0,0.0,0.0,0.0,0.0,2.0,91,32,0.3516483516483517
WSM,2022,0.0,0.0,0.0,0.0,0.0,0.0,106,47,0.44339622641509435
WSM,2023,0.0,0.0,0.0,0.0,0.0,0.0,59,26,0.4406779661016949
WSM,2024,0.0,0.0,0.0,0.0,0.0,1.0,68,31,0.45588235294117646
WSM,2025,0.0,0.0,0.0,0.0,0.0,2.0,104,48,0.46153846153846156
YEM,1951,0.0,0.0,0.0,0.0,0.0,0.0,55,0,0.0
YEM,1955,0.0,0.0,0.0,0.0,0.0,0.0,35,0,0.0
YEM,1956,0.0,0.0,0.0,0.0,0.0,0.0,27,0,0.0
YEM,1957,0.0,0.0,0.0,0.0,0.0,0.0,48,1,0.020833333333333332
YEM,1958,0.0,0.0,0.0,0.0,0.0,0.0,118,2,0.01694915254237288
YEM,1959,0.0,0.0,0.0,0.0,0.0,0.0,110,2,0.01818181818181818
YEM,1960,0.0,0.0,0.0,0.0,0.0,0.0,81,2,0.024691358024691357
YEM,1961,0.0,0.0,0.0,0.0,0.0,0.0,47,0,0.0
YEM,1963,0.0,0.0,0.0,0.0,0.0,0.0,114,1,0.008771929824561403
YEM,1966,0.0,0.0,0.0,0.0,0.0,0.0,90,0,0.0
YEM,1967,0.0,0.0,0.0,0.0,0.0,0.0,98,3,0.030612244897959183
YEM,1968,0.0,0.0,0.0,0.0,0.0,0.0,105,4,0.0380952380952381
YEM,1969,0.0,0.0,0.0,0.0,0.0,0.0,43,1,0.023255813953488372
YEM,1971,0.0,0.0,0.0,0.0,0.0,0.0,53,0,0.0
YEM,1972,0.0,0.0,0.0,0.0,0.0,0.0,76,2,0.02631578947368421
YEM,1973,0.0,0.0,0.0,0.0,0.0,0.0,13,0,0.0
YEM,1974,0.0,0.0,0.0,0.0,0.0,0.0,70,8,0.11428571428571428
YEM,1975,0.0,0.0,0.0,0.0,0.0,0.0,57,2,0.03508771929824561
YEM,1976,0.0,0.0,0.0,0.0,0.0,0.0,58,0,0.0
YEM,1977,0.0,0.0,0.0,0.0,0.0,0.0,54,1,0.018518518518518517
YEM,1978,0.0,0.0,0.0,0.0,0.0,0.0,64,0,0.0
YEM,1979,0.0,0.0,0.0,0.0,0.0,0.0,67,0,0.0
YEM,1980,0.0,0.0,0.0,0.0,0.0,0.0,60,2,0.03333333333333333
YEM,1981,0.0,0.0,0.0,0.0,0.0,0.0,95,2,0.021052631578947368
YEM,1982,0.0,0.0,0.0,0.0,0.0,0.0,104,1,0.009615384615384616
YEM,1983,0.0,0.0,0.0,0.0,0.0,0.0,60,1,0.016666666666666666
YEM,1984,0.0,0.0,0.0,0.0,0.0,0.0,66,2,0.030303030303030304
YEM,1985,0.0,0.0,0.0,0.0,0.0,0.0,74,2,0.02702702702702703
YEM,1986,0.0,0.0,0.0,0.0,0.0,0.0,79,1,0.012658227848101266
YEM,1987,0.0,0.0,0.0,0.0,0.0,0.0,46,0,0.0
YEM,1988,0.0,0.0,0.0,0.0,0.0,0.0,78,2,0.02564102564102564
YEM,1989,0.0,0.0,0.0,0.0,0.0,0.0,73,0,0.0
YEM,1990,0.0,0.0,0.0,0.0,0.0,0.0,61,0,0.0
YEM,1991,0.0,0.0,0.0,0.0,0.0,0.0,67,3,0.04477611940298507
YEM,1992,0.0,0.0,0.0,0.0,0.0,0.0,81,3,0.037037037037037035
YEM,1993,0.0,0.0,0.0,0.0,0.0,0.0,87,2,0.022988505747126436
YEM,1994,0.0,0.0,0.0,0.0,0.0,0.0,59,0,0.0
YEM,1995,0.0,0.0,0.0,0.0,0.0,0.0,33,1,0.030303030303030304
YEM,1996,0.0,0.0,0.0,0.0,0.0,0.0,61,3,0.04918032786885246
YEM,1997,0.0,0.0,0.0,0.0,0.0,0.0,44,1,0.022727272727272728
YEM,1998,0.0,0.0,0.0,0.0,0.0,0.0,42,1,0.023809523809523808
YEM,1999,0.0,0.0,0.0,0.0,0.0,0.0,36,1,0.027777777777777776
YEM,2000,0.0,0.0,0.0,0.0,0.0,0.0,31,0,0.0
YEM,2001,0.0,0.0,0.0,0.0,0.0,0.0,49,0,0.0
YEM,2002,0.0,0.0,0.0,0.0,0.0,0.0,35,0,0.0
YEM,2003,0.0,0.0,0.0,0.0,0.0,0.0,45,0,0.0
YEM,2004,0.0,0.0,0.0,0.0,0.0,0.0,72,0,0.0
YEM,2005,0.0,0.0,0.0,0.0,0.0,0.0,23,0,0.0
YEM,2006,0.0,0.0,0.0,0.0,0.0,0.0,53,2,0.03773584905660377
YEM,2007,0.0,0.0,0.0,0.0,0.0,0.0,65,6,0.09230769230769231
YEM,2008,0.0,0.0,0.0,0.0,0.0,0.0,65,7,0.1076923076923077
YEM,2009,0.0,0.0,0.0,0.0,0.0,0.0,50,2,0.04
YEM,2010,0.0,0.0,0.0,0.0,0.0,0.0,82,12,0.14634146341463414
YEM,2011,0.0,0.0,0.0,0.0,0.0,0.0,63,2,0.031746031746031744
YEM,2012,0.0,0.0,0.0,0.0,0.0,0.0,54,1,0.018518518518518517
YEM,2013,0.0,0.0,0.0,0.0,0.0,0.0,50,0,0.0
YEM,2014,0.0,0.0,0.0,0.0,0.0,0.0,72,3,0.041666666666666664
YEM,2015,0.0,0.0,0.0,0.0,0.0,0.0,63,0,0.0
YEM,2016,0.0,0.0,0.0,0.0,0.0,0.0,71,0,0.0
YEM,2017,0.0,0.0,0.0,0.0,0.0,0.0,63,0,0.0
YEM,2018,0.0,0.0,0.0,0.0,0.0,0.0,64,1,0.015625
YEM,2019,0.0,0.0,0.0,0.0,0.0,0.0,59,0,0.0
YEM,2020,0.0,0.0,0.0,0.0,0.0,1.0,41,4,0.0975609756097561
YEM,2021,0.0,0.0,0.0,0.0,0.0,0.0,64,2,0.03125
YEM,2022,0.0,0.0,0.0,0.0,0.0,0.0,72,2,0.027777777777777776
YEM,2023,0.0,0.0,0.0,0.0,0.0,0.0,44,2,0.045454545454545456
YEM,2024,0.0,0.0,0.0,0.0,0.0,0.0,18,2,0.1111111111111111
YEM,2025,0.0,0.0,0.0,0.0,0.0,0.0,56,0,0.0
YMD,1968,0.0,0.0,0.0,0.0,0.0,0.0,237,3,0.012658227848101266
YMD,1969,0.0,0.0,0.0,0.0,0.0,0.0,112,1,0.008928571428571428
YMD,1971,0.0,0.0,0.0,0.0,0.0,0.0,63,0,0.0
YMD,1972,0.0,0.0,1.0,0.0,0.0,0.0,90,2,0.022222222222222223
YMD,1973,0.0,0.0,0.0,0.0,0.0,0.0,15,0,0.0
YMD,1974,0.0,0.0,0.0,0.0,0.0,0.0,55,4,0.07272727272727272
YMD,1975,0.0,0.0,0.0,0.0,0.0,0.0,38,1,0.02631578947368421
YMD,1976,0.0,0.0,0.0,0.0,0.0,0.0,41,0,0.0
YMD,1977,0.0,0.0,0.0,0.0,0.0,0.0,58,0,0.0
YMD,1978,0.0,0.0,0.0,0.0,0.0,0.0,65,0,0.0
YMD,1979,0.0,0.0,0.0,0.0,0.0,0.0,62,0,0.0
YMD,1980,0.0,0.0,0.0,0.0,0.0,0.0,63,0,0.0
YMD,1981,0.0,0.0,0.0,0.0,0.0,0.0,57,1,0.017543859649122806
YMD,1982,0.0,0.0,0.0,0.0,0.0,0.0,74,3,0.04054054054054054
YMD,1983,0.0,0.0,0.0,0.0,0.0,0.0,65,2,0.03076923076923077
YMD,1984,0.0,0.0,0.0,0.0,0.0,0.0,48,1,0.020833333333333332
YMD,1985,0.0,0.0,0.0,0.0,0.0,0.0,52,0,0.0
YMD,1986,0.0,0.0,0.0,0.0,0.0,0.0,38,0,0.0
YMD,1987,0.0,0.0,0.0,0.0,0.0,0.0,51,0,0.0
YMD,1988,0.0,0.0,0.0,0.0,0.0,0.0,64,4,0.0625
YMD,1989,0.0,0.0,0.0,0.0,0.0,0.0,68,8,0.11764705882352941
YUG,1946,0.0,0.0,0.0,0.0,0.0,0.0,112,2,0.017857142857142856
YUG,1947,0.0,0.0,0.0,0.0,0.0,0.0,105,0,0.0
YUG,1948,0.0,0.0,0.0,0.0,0.0,0.0,131,0,0.0
YUG,1949,0.0,0.0,0.0,0.0,0.0,0.0,57,0,0.0
YUG,1950,0.0,0.0,0.0,0.0,0.0,0.0,109,0,0.0
YUG,1951,0.0,0.0,0.0,0.0,0.0,0.0,113,0,0.0
YUG,1952,0.0,0.0,0.0,0.0,0.0,0.0,91,0,0.0
YUG,1953,0.0,0.0,0.0,0.0,0.0,0.0,84,0,0.0
YUG,1954,0.0,0.0,0.0,0.0,0.0,0.0,94,0,0.0
YUG,1955,0.0,0.0,0.0,0.0,0.0,0.0,83,3,0.03614457831325301
YUG,1956,0.0,0.0,0.0,0.0,0.0,0.0,88,1,0.011363636363636364
YUG,1957,0.0,0.0,0.0,0.0,0.0,0.0,75,0,0.0
YUG,1958,0.0,0.0,0.0,0.0,0.0,0.0,84,3,0.03571428571428571
YUG,1959,0.0,0.0,0.0,0.0,0.0,0.0,131,3,0.022900763358778626
YUG,1960,0.0,0.0,0.0,0.0,0.0,0.0,165,1,0.006060606060606061
YUG,1961,0.0,0.0,0.0,0.0,0.0,0.0,103,1,0.009708737864077669
YUG,1962,0.0,0.0,0.0,0.0,0.0,0.0,101,1,0.009900990099009901
YUG,1963,0.0,0.0,0.0,0.0,0.0,0.0,165,7,0.04242424242424243
YUG,1964,0.0,0.0,0.0,0.0,0.0,0.0,97,4,0.041237113402061855
YUG,1965,0.0,0.0,0.0,0.0,0.0,0.0,89,1,0.011235955056179775
YUG,1966,0.0,0.0,0.0,0.0,0.0,0.0,98,0,0.0
YUG,1967,0.0,0.0,0.0,0.0,0.0,0.0,95,0,0.0
YUG,1968,0.0,0.0,0.0,0.0,0.0,0.0,97,1,0.010309278350515464
YUG,1969,0.0,0.0,0.0,0.0,0.0,0.0,80,3,0.0375
YUG,1970,0.0,0.0,0.0,0.0,0.0,0.0,68,0,0.0
YUG,1971,0.0,0.0,0.0,0.0,0.0,0.0,62,0,0.0
YUG,1972,0.0,0.0,0.0,0.0,0.0,0.0,64,1,0.015625
YUG,1973,0.0,0.0,0.0,0.0,0.0,0.0,95,1,0.010526315789473684
YUG,1974,0.0,0.0,0.0,0.0,0.0,0.0,91,1,0.01098901098901099
YUG,1975,0.0,0.0,0.0,0.0,0.0,0.0,78,1,0.01282051282051282
YUG,1976,0.0,0.0,0.0,0.0,0.0,0.0,68,0,0.0
YUG,1977,0.0,0.0,0.0,0.0,0.0,0.0,110,0,0.0
YUG,1978,0.0,0.0,0.0,0.0,0.0,0.0,61,1,0.01639344262295082
YUG,1979,0.0,0.0,0.0,0.0,0.0,0.0,94,0,0.0
YUG,1980,0.0,0.0,0.0,0.0,0.0,0.0,70,0,0.0
YUG,1981,0.0,0.0,0.0,0.0,1.0,0.0,76,3,0.039473684210526314
YUG,1982,0.0,0.0,0.0,0.0,0.0,0.0,117,1,0.008547008547008548
YUG,1983,0.0,0.0,0.0,0.0,1.0,0.0,66,1,0.015151515151515152
YUG,1984,0.0,0.0,0.0,0.0,0.0,0.0,62,0,0.0
YUG,1985,0.0,0.0,0.0,0.0,0.0,0.0,75,1,0.013333333333333334
YUG,1986,0.0,0.0,0.0,0.0,0.0,0.0,55,1,0.01818181818181818
YUG,1987,0.0,0.0,0.0,0.0,0.0,0.0,76,4,0.05263157894736842
YUG,1988,0.0,0.0,0.0,0.0,0.0,0.0,76,3,0.039473684210526314
YUG,1989,0.0,0.0,0.0,0.0,0.0,0.0,80,10,0.125
YUG,1990,0.0,0.0,0.0,0.0,0.0,0.0,55,3,0.05454545454545454
YUG,1991,0.0,0.0,0.0,0.0,0.0,0.0,58,2,0.034482758620689655
YUG,2001,0.0,0.0,0.0,0.0,0.0,0.0,45,0,0.0
YUG,2002,0.0,0.0,0.0,0.0,0.0,0.0,41,1,0.024390243902439025
YUG,2003,0.0,0.0,0.0,0.0,0.0,0.0,28,0,0.0
YUG,2004,0.0,0.0,0.0,0.0,0.0,0.0,17,0,0.0
YUG,2005,0.0,0.0,0.0,0.0,0.0,0.0,21,0,0.0
ZAF,1947,0.0,0.0,0.0,0.0,0.0,0.0,52,0,0.0
ZAF,1948,0.0,0.0,0.0,0.0,0.0,0.0,32,0,0.0
ZAF,1949,0.0,0.0,0.0,0.0,0.0,0.0,72,1,0.013888888888888888
ZAF,1950,0.0,0.0,0.0,0.0,0.0,0.0,77,0,0.0
ZAF,1951,0.0,0.0,0.0,0.0,0.0,0.0,86,2,0.023255813953488372
ZAF,1952,0.0,0.0,0.0,0.0,0.0,0.0,50,1,0.02
ZAF,1953,0.0,0.0,0.0,0.0,0.0,0.0,79,1,0.012658227848101266
ZAF,1954,0.0,0.0,0.0,0.0,0.0,0.0,68,1,0.014705882352941176
ZAF,1955,0.0,0.0,0.0,0.0,0.0,0.0,85,1,0.011764705882352941
ZAF,1956,0.0,0.0,0.0,0.0,0.0,0.0,81,0,0.0
ZAF,1958,0.0,0.0,0.0,0.0,0.0,0.0,113,0,0.0
ZAF,1959,0.0,0.0,0.0,0.0,0.0,0.0,154,1,0.006493506493506494
ZAF,1960,0.0,0.0,0.0,0.0,0.0,0.0,184,0,0.0
ZAF,1961,0.0,0.0,0.0,0.0,0.0,0.0,226,2,0.008849557522123894
ZAF,1962,0.0,0.0,0.0,0.0,0.0,0.0,224,0,0.0
ZAF,1963,0.0,0.0,0.0,0.0,0.0,0.0,128,2,0.015625
ZAF,1964,0.0,0.0,0.0,0.0,0.0,0.0,118,0,0.0
ZAF,1965,0.0,0.0,0.0,0.0,0.0,0.0,110,0,0.0
ZAF,1967,0.0,0.0,0.0,0.0,0.0,0.0,78,3,0.038461538461538464
ZAF,1968,0.0,0.0,0.0,0.0,0.0,0.0,135,14,0.1037037037037037
ZAF,1970,0.0,0.0,0.0,0.0,0.0,0.0,100,0,0.0
ZAF,1971,0.0,0.0,0.0,0.0,0.0,0.0,64,0,0.0
ZAF,1972,0.0,0.0,0.0,0.0,0.0,0.0,89,2,0.02247191011235955
ZAF,1973,0.0,0.0,0.0,0.0,0.0,0.0,108,7,0.06481481481481481
ZAF,1994,0.0,0.0,0.0,0.0,0.0,0.0,31,1,0.03225806451612903
ZAF,1995,0.0,0.0,0.0,0.0,0.0,0.0,96,8,0.08333333333333333
ZAF,1996,0.0,0.0,0.0,0.0,0.0,0.0,49,6,0.12244897959183673
ZAF,1997,0.0,0.0,0.0,0.0,0.0,0.0,61,5,0.08196721311475409
ZAF,1998,0.0,0.0,0.0,0.0,0.0,0.0,20,1,0.05
ZAF,1999,0.0,0.0,0.0,0.0,0.0,0.0,52,1,0.019230769230769232
ZAF,2000,0.0,0.0,0.0,0.0,0.0,0.0,35,2,0.05714285714285714
ZAF,2001,0.0,0.0,0.0,0.0,0.0,0.0,43,1,0.023255813953488372
ZAF,2002,0.0,0.0,0.0,0.0,0.0,0.0,28,2,0.07142857142857142
ZAF,2003,0.0,0.0,0.0,0.0,0.0,0.0,64,4,0.0625
ZAF,2004,0.0,0.0,0.0,0.0,0.0,0.0,42,3,0.07142857142857142
ZAF,2005,0.0,0.0,0.0,0.0,0.0,0.0,24,0,0.0
ZAF,2006,0.0,0.0,0.0,0.0,0.0,0.0,59,2,0.03389830508474576
ZAF,2007,0.0,0.0,0.0,0.0,0.0,0.0,60,23,0.38333333333333336
ZAF,2008,0.0,0.0,0.0,0.0,0.0,0.0,82,11,0.13414634146341464
ZAF,2009,0.0,0.0,0.0,0.0,0.0,0.0,77,12,0.15584415584415584
ZAF,2010,0.0,0.0,0.0,0.0,0.0,0.0,64,3,0.046875
ZAF,2011,0.0,0.0,0.0,0.0,0.0,0.0,71,5,0.07042253521126761
ZAF,2012,0.0,0.0,0.0,0.0,0.0,0.0,59,3,0.05084745762711865
ZAF,2013,0.0,0.0,0.0,0.0,0.0,0.0,47,6,0.1276595744680851
ZAF,2014,0.0,0.0,0.0,0.0,0.0,0.0,57,4,0.07017543859649122
ZAF,2015,0.0,0.0,0.0,0.0,0.0,2.0,53,6,0.11320754716981132
ZAF,2016,0.0,0.0,0.0,0.0,0.0,0.0,49,7,0.14285714285714285
ZAF,2017,0.0,0.0,0.0,0.0,0.0,0.0,56,8,0.14285714285714285
ZAF,2018,0.0,0.0,0.0,0.0,0.0,0.0,49,4,0.08163265306122448
ZAF,2019,0.0,0.0,0.0,0.0,0.0,0.0,65,5,0.07692307692307693
ZAF,2020,0.0,0.0,0.0,0.0,0.0,0.0,11,1,0.09090909090909091
ZAF,2021,0.0,0.0,0.0,0.0,0.0,0.0,2,0,0.0
ZAF,2022,0.0,0.0,0.0,0.0,0.0,0.0,70,10,0.14285714285714285
ZAF,2023,0.0,0.0,0.0,0.0,0.0,0.0,77,16,0.2077922077922078
ZAF,2024,0.0,0.0,0.0,0.0,0.0,0.0,99,15,0.15151515151515152
ZAF,2025,0.0,0.0,0.0,0.0,0.0,0.0,108,13,0.12037037037037036
ZMB,1964,0.0,0.0,0.0,0.0,0.0,0.0,76,0,0.0
ZMB,1965,0.0,0.0,0.0,0.0,0.0,0.0,128,0,0.0
ZMB,1966,0.0,0.0,0.0,0.0,0.0,0.0,221,2,0.00904977375565611
ZMB,1967,0.0,0.0,0.0,0.0,0.0,0.0,244,1,0.004098360655737705
ZMB,1968,0.0,0.0,0.0,0.0,0.0,0.0,153,1,0.006535947712418301
ZMB,1969,0.0,0.0,0.0,0.0,0.0,0.0,118,1,0.00847457627118644
ZMB,1970,0.0,0.0,0.0,0.0,0.0,0.0,115,3,0.02608695652173913
ZMB,1971,0.0,0.0,0.0,0.0,0.0,0.0,116,0,0.0
ZMB,1972,0.0,0.0,0.0,0.0,0.0,0.0,101,3,0.0297029702970297
ZMB,1973,0.0,0.0,0.0,0.0,0.0,0.0,143,1,0.006993006993006993
ZMB,1974,0.0,0.0,0.0,0.0,0.0,0.0,181,9,0.049723756906077346
ZMB,1975,0.0,0.0,0.0,0.0,0.0,0.0,145,1,0.006896551724137931
ZMB,1976,0.0,0.0,0.0,0.0,0.0,0.0,148,0,0.0
ZMB,1977,0.0,0.0,0.0,0.0,0.0,0.0,127,2,0.015748031496062992
ZMB,1978,0.0,0.0,0.0,0.0,0.0,0.0,151,1,0.006622516556291391
ZMB,1979,0.0,0.0,0.0,0.0,0.0,0.0,163,0,0.0
ZMB,1980,0.0,0.0,0.0,0.0,0.0,0.0,103,2,0.019417475728155338
ZMB,1981,0.0,0.0,0.0,0.0,0.0,0.0,87,1,0.011494252873563218
ZMB,1982,0.0,0.0,0.0,0.0,0.0,0.0,102,1,0.00980392156862745
ZMB,1983,0.0,0.0,0.0,0.0,0.0,0.0,102,1,0.00980392156862745
ZMB,1986,0.0,0.0,0.0,0.0,0.0,0.0,73,1,0.0136986301369863
ZMB,1987,0.0,0.0,0.0,0.0,0.0,0.0,123,8,0.06504065040650407
ZMB,1988,0.0,0.0,0.0,0.0,0.0,0.0,111,4,0.036036036036036036
ZMB,1989,0.0,0.0,0.0,0.0,0.0,0.0,115,11,0.09565217391304348
ZMB,1990,0.0,0.0,0.0,0.0,0.0,0.0,87,7,0.08045977011494253
ZMB,1991,0.0,0.0,0.0,0.0,0.0,0.0,73,8,0.1095890410958904
ZMB,1994,0.0,0.0,0.0,0.0,0.0,0.0,104,7,0.0673076923076923
ZMB,1995,0.0,0.0,0.0,0.0,0.0,0.0,48,1,0.020833333333333332
ZMB,1996,0.0,0.0,0.0,0.0,0.0,0.0,89,4,0.0449438202247191
ZMB,1997,0.0,0.0,0.0,0.0,0.0,0.0,46,2,0.043478260869565216
ZMB,1998,0.0,0.0,0.0,0.0,0.0,0.0,67,4,0.05970149253731343
ZMB,1999,0.0,0.0,0.0,0.0,0.0,0.0,59,1,0.01694915254237288
ZMB,2001,0.0,0.0,0.0,0.0,0.0,0.0,51,0,0.0
ZMB,2002,0.0,0.0,0.0,0.0,0.0,0.0,36,1,0.027777777777777776
ZMB,2003,0.0,0.0,0.0,0.0,0.0,0.0,50,3,0.06
ZMB,2004,0.0,0.0,0.0,0.0,0.0,0.0,51,1,0.0196078431372549
ZMB,2005,0.0,0.0,0.0,0.0,0.0,0.0,49,5,0.10204081632653061
ZMB,2006,0.0,0.0,0.0,0.0,0.0,0.0,75,4,0.05333333333333334
ZMB,2007,0.0,0.0,0.0,0.0,0.0,0.0,87,23,0.26436781609195403
ZMB,2008,0.0,0.0,0.0,0.0,0.0,0.0,69,8,0.11594202898550725
ZMB,2009,0.0,0.0,0.0,0.0,0.0,0.0,84,24,0.2857142857142857
ZMB,2010,0.0,0.0,0.0,0.0,0.0,0.0,55,9,0.16363636363636364
ZMB,2011,0.0,0.0,0.0,0.0,0.0,0.0,86,21,0.2441860465116279
ZMB,2012,0.0,0.0,0.0,0.0,0.0,0.0,45,3,0.06666666666666667
ZMB,2013,0.0,0.0,0.0,0.0,0.0,0.0,42,5,0.11904761904761904
ZMB,2014,0.0,0.0,0.0,0.0,0.0,0.0,40,5,0.125
ZMB,2015,0.0,0.0,0.0,0.0,0.0,0.0,70,12,0.17142857142857143
ZMB,2016,0.0,0.0,1.0,0.0,0.0,0.0,62,15,0.24193548387096775
ZMB,2017,0.0,0.0,0.0,0.0,0.0,0.0,50,11,0.22
ZMB,2018,0.0,0.0,0.0,0.0,0.0,0.0,47,5,0.10638297872340426
ZMB,2019,0.0,0.0,0.0,0.0,0.0,0.0,54,16,0.2962962962962963
ZMB,2020,0.0,0.0,0.0,0.0,0.0,0.0,15,1,0.06666666666666667
ZMB,2021,0.0,0.0,0.0,0.0,0.0,0.0,65,5,0.07692307692307693
ZMB,2022,0.0,0.0,0.0,0.0,0.0,0.0,75,13,0.17333333333333334
ZMB,2023,0.0,0.0,0.0,0.0,0.0,0.0,66,11,0.16666666666666666
ZMB,2024,0.0,0.0,1.0,0.0,0.0,1.0,53,18,0.33962264150943394
ZMB,2025,0.0,0.0,0.0,0.0,0.0,2.0,102,16,0.1568627450980392
ZWE,1980,0.0,0.0,0.0,0.0,0.0,0.0,111,1,0.009009009009009009
ZWE,1981,0.0,0.0,0.0,0.0,0.0,0.0,81,1,0.012345679012345678
ZWE,1982,0.0,0.0,0.0,0.0,0.0,0.0,105,6,0.05714285714285714
ZWE,1983,0.0,0.0,0.0,0.0,0.0,0.0,108,2,0.018518518518518517
ZWE,1984,0.0,0.0,0.0,0.0,0.0,0.0,91,3,0.03296703296703297
ZWE,1985,0.0,0.0,0.0,0.0,0.0,0.0,144,4,0.027777777777777776
ZWE,1986,0.0,0.0,0.0,0.0,0.0,0.0,47,1,0.02127659574468085
ZWE,1987,0.0,0.0,0.0,0.0,0.0,0.0,146,8,0.0547945205479452
ZWE,1988,0.0,0.0,0.0,0.0,0.0,0.0,123,10,0.08130081300813008
ZWE,1989,0.0,0.0,0.0,0.0,0.0,0.0,150,16,0.10666666666666667
ZWE,1990,0.0,0.0,0.0,0.0,0.0,0.0,63,8,0.12698412698412698
ZWE,1991,0.0,0.0,0.0,0.0,0.0,0.0,81,3,0.037037037037037035
ZWE,1992,0.0,0.0,0.0,0.0,0.0,0.0,137,4,0.029197080291970802
ZWE,1993,0.0,0.0,0.0,0.0,0.0,0.0,78,3,0.038461538461538464
ZWE,1994,0.0,0.0,0.0,0.0,0.0,0.0,64,3,0.046875
ZWE,1996,0.0,0.0,0.0,0.0,0.0,0.0,78,9,0.11538461538461539
ZWE,1997,0.0,0.0,0.0,0.0,0.0,0.0,53,0,0.0
ZWE,1998,0.0,0.0,0.0,0.0,0.0,0.0,69,4,0.057971014492753624
ZWE,1999,0.0,0.0,0.0,0.0,0.0,0.0,40,0,0.0
ZWE,2000,0.0,0.0,0.0,0.0,0.0,0.0,48,1,0.020833333333333332
ZWE,2001,0.0,0.0,0.0,0.0,0.0,0.0,61,1,0.01639344262295082
ZWE,2002,0.0,0.0,0.0,0.0,0.0,0.0,59,1,0.01694915254237288
ZWE,2003,0.0,0.0,0.0,0.0,0.0,0.0,53,1,0.018867924528301886
ZWE,2004,0.0,0.0,0.0,0.0,0.0,0.0,44,1,0.022727272727272728
ZWE,2005,0.0,0.0,0.0,0.0,0.0,0.0,52,3,0.057692307692307696
ZWE,2006,0.0,0.0,0.0,0.0,0.0,0.0,101,6,0.0594059405940594
ZWE,2007,0.0,0.0,0.0,0.0,0.0,0.0,100,3,0.03
ZWE,2008,0.0,0.0,0.0,0.0,0.0,0.0,63,10,0.15873015873015872
ZWE,2009,0.0,0.0,0.0,0.0,0.0,0.0,62,5,0.08064516129032258
ZWE,2010,0.0,0.0,0.0,0.0,0.0,0.0,65,7,0.1076923076923077
ZWE,2011,0.0,0.0,0.0,0.0,0.0,0.0,62,2,0.03225806451612903
ZWE,2012,0.0,0.0,0.0,0.0,0.0,0.0,60,2,0.03333333333333333
ZWE,2013,0.0,0.0,0.0,0.0,0.0,0.0,55,5,0.09090909090909091
ZWE,2014,0.0,0.0,0.0,0.0,0.0,0.0,34,6,0.17647058823529413
ZWE,2015,0.0,0.0,0.0,0.0,0.0,0.0,53,0,0.0
ZWE,2016,0.0,0.0,0.0,0.0,0.0,0.0,35,10,0.2857142857142857
ZWE,2017,0.0,0.0,0.0,0.0,0.0,0.0,55,11,0.2
ZWE,2018,0.0,0.0,0.0,0.0,0.0,0.0,52,9,0.17307692307692307
ZWE,2019,0.0,0.0,0.0,0.0,0.0,0.0,42,7,0.16666666666666666
ZWE,2020,0.0,0.0,0.0,0.0,0.0,0.0,32,3,0.09375
ZWE,2021,0.0,0.0,0.0,0.0,0.0,0.0,40,13,0.325
ZWE,2022,0.0,0.0,0.0,0.0,0.0,0.0,73,17,0.2328767123287671
ZWE,2023,0.0,0.0,0.0,0.0,0.0,0.0,55,17,0.3090909090909091
ZWE,2024,0.0,0.0,0.0,0.0,0.0,0.0,70,16,0.22857142857142856
ZWE,2025,0.0,0.0,0.0,0.0,0.0,1.0,82,8,0.0975609756097561
