year,country,adaptation_and_nature_solutions,climate_science_and_phenomena,energy_and_technology,extreme_weather_and_impacts,greenhouse_gases_and_emissions,policy_agreements_and_economics,total_sentences,climate_sentences_BERT,climate_sentence_ratio_BERT,year_renew,renew_pct,year_for_merge,log_gdp,vulnerability_score,speech_length,tokens_length,renewable_energy_count,climate_change_count,renewable_energy_1000_rate,climate_change_1000_rate
2002,AFG,0.0,0.0,0.0,0.0,0.0,0.0,41,1,0.024390243902439,2012,15.4,2002,22.072438449185487,0.640002596351851,1702,913,0,0,0.0,0.0
2003,AFG,0.0,0.0,0.0,0.0,0.0,0.0,59,0,0.0,2013,16.9,2003,22.23608195364396,0.63001207987409,1629,849,0,0,0.0,0.0
2004,AFG,0.0,0.0,0.0,0.0,0.0,0.0,46,0,0.0,2014,19.1,2004,22.37592128171551,0.63153047806788,1089,606,0,0,0.0,0.0
2005,AFG,0.0,0.0,0.0,0.0,0.0,0.0,32,0,0.0,2015,17.7,2005,22.552031860752184,0.63650730663405,1430,805,0,0,0.0,0.0
2006,AFG,0.0,0.0,0.0,0.0,0.0,0.0,56,0,0.0,2016,20.2,2006,22.665079512470957,0.638224305642302,1185,654,0,0,0.0,0.0
2007,AFG,0.0,0.0,0.0,0.0,0.0,0.0,56,3,0.0535714285714285,2017,19.5,2007,22.99701567169281,0.633808433033769,1284,700,0,1,0.0,1.4285714285714286
2008,AFG,0.0,0.0,0.0,1.0,0.0,0.0,48,2,0.0416666666666666,2018,18.3,2008,23.050521134377327,0.632486165661546,1351,723,0,1,0.0,1.3831258644536653
2009,AFG,0.0,0.0,0.0,0.0,0.0,0.0,53,1,0.0188679245283018,2019,18.9,2009,23.22099292821015,0.631901436411985,1186,666,0,0,0.0,0.0
2010,AFG,0.0,0.0,0.0,0.0,0.0,0.0,60,4,0.0666666666666666,2020,18.2,2010,23.47270386682248,0.618568772555918,1643,908,0,0,0.0,0.0
2011,AFG,0.0,0.0,0.0,0.0,0.0,0.0,95,3,0.031578947368421,2021,20.0,2011,23.62416057973992,0.62398310591739,2463,1255,0,2,0.0,1.5936254980079683
2012,AFG,0.0,0.0,0.0,0.0,0.0,0.0,42,1,0.0238095238095238,2022,20.0,2012,23.72912530492021,0.617987193773297,1552,817,0,0,0.0,0.0
1995,AGO,0.0,0.0,0.0,0.0,0.0,0.0,56,1,0.0178571428571428,2005,68.9,1995,22.439083745151844,0.516243629897094,2949,1531,0,1,0.0,0.6531678641410843
1996,AGO,0.0,0.0,0.0,0.0,0.0,0.0,79,6,0.0759493670886076,2006,62.6,1996,22.741757605422578,0.516592711199287,4243,2217,0,1,0.0,0.4510599909788002
1997,AGO,0.0,0.0,0.0,0.0,0.0,0.0,40,1,0.025,2007,58.9,1997,22.75775935941204,0.516494492119763,1915,1007,0,1,0.0,0.9930486593843098
1998,AGO,0.0,0.0,0.0,0.0,0.0,0.0,70,0,0.0,2008,55.4,1998,22.596025955951845,0.516396486959279,3198,1718,0,0,0.0,0.0
1999,AGO,0.0,0.0,0.0,0.0,0.0,0.0,66,2,0.0303030303030303,2009,53.0,1999,22.540193081141865,0.516509873709508,3068,1598,0,0,0.0,0.0
2000,AGO,0.0,0.0,0.0,0.0,0.0,0.0,65,1,0.0153846153846153,2010,53.1,2000,22.934787151488557,0.516752727504355,2533,1345,0,0,0.0,0.0
2001,AGO,0.0,0.0,0.0,0.0,0.0,0.0,38,1,0.0263157894736842,2011,51.7,2001,22.91336276763101,0.519123426125635,1811,972,0,0,0.0,0.0
2002,AGO,0.0,0.0,0.0,0.0,0.0,0.0,34,0,0.0,2012,49.0,2002,23.45017655418107,0.517333919575271,1247,677,0,0,0.0,0.0
2003,AGO,0.0,0.0,0.0,0.0,0.0,0.0,30,0,0.0,2013,46.8,2003,23.60317778268473,0.516960625844486,1920,1015,0,1,0.0,0.9852216748768472
2004,AGO,0.0,0.0,0.0,0.0,0.0,0.0,27,0,0.0,2014,47.5,2004,23.88247903448307,0.515422551721755,1726,883,0,1,0.0,1.1325028312570782
2005,AGO,0.0,0.0,0.0,0.0,0.0,0.0,19,0,0.0,2015,47.1,2005,24.3333969813859,0.517702080664831,1225,638,0,1,0.0,1.567398119122257
2006,AGO,0.0,0.0,0.0,0.0,0.0,0.0,68,0,0.0,2016,48.1,2006,24.681810246376667,0.521854661861993,1631,858,0,0,0.0,0.0
2007,AGO,0.0,0.0,0.0,0.0,0.0,0.0,47,8,0.1702127659574468,2017,52.5,2007,24.901743433224315,0.517628853540546,1532,801,0,4,0.0,4.9937578027465666
2008,AGO,0.0,0.0,0.0,0.0,0.0,0.0,62,7,0.1129032258064516,2018,52.5,2008,25.20670518494087,0.518229453992718,1674,901,0,2,0.0,2.2197558268590454
2009,AGO,0.0,0.0,0.0,0.0,0.0,0.0,73,3,0.0410958904109589,2019,51.0,2009,24.976139998617658,0.522619312453244,2373,1318,0,2,0.0,1.5174506828528074
2010,AGO,0.0,0.0,0.0,0.0,0.0,0.0,55,6,0.109090909090909,2020,60.1,2010,25.126314047865367,0.524529300402461,1731,920,0,3,0.0,3.260869565217391
2011,AGO,0.0,0.0,0.0,0.0,0.0,0.0,61,3,0.0491803278688524,2021,52.9,2011,25.418610920409016,0.518970822700011,1771,938,0,0,0.0,0.0
1995,ALB,0.0,0.0,0.0,0.0,0.0,0.0,47,0,0.0,2005,36.8,1995,21.59571537652285,0.504737809869657,2440,1241,0,0,0.0,0.0
1996,ALB,0.0,0.0,0.0,0.0,0.0,0.0,55,0,0.0,2006,31.6,1996,21.8863043985775,0.503647041666179,2050,1099,0,0,0.0,0.0
1997,ALB,0.0,0.0,0.0,0.0,0.0,0.0,61,1,0.0163934426229508,2007,32.0,1997,21.53797290033224,0.501313925116974,2832,1486,0,0,0.0,0.0
1998,ALB,0.0,0.0,0.0,0.0,0.0,0.0,67,1,0.0149253731343283,2008,35.8,1998,21.65777540964764,0.502446557141491,2780,1464,0,0,0.0,0.0
1999,ALB,0.0,0.0,0.0,0.0,0.0,0.0,57,0,0.0,2009,37.1,1999,21.890197506224062,0.507858836522049,2594,1375,0,0,0.0,0.0
2000,ALB,0.0,0.0,0.0,0.0,0.0,0.0,52,0,0.0,2010,37.0,2000,21.970400211154598,0.506091268221632,2242,1183,0,0,0.0,0.0
2001,ALB,0.0,0.0,0.0,0.0,0.0,0.0,31,1,0.032258064516129,2011,35.8,2001,22.08989326403337,0.507570974428974,1832,962,1,1,1.0395010395010396,1.0395010395010396
2002,ALB,0.0,0.0,0.0,0.0,0.0,0.0,65,2,0.0307692307692307,2012,39.9,2002,22.19299750111441,0.50533855336826,2563,1364,0,0,0.0,0.0
2003,ALB,0.0,0.0,0.0,0.0,0.0,0.0,39,1,0.0256410256410256,2013,41.1,2003,22.448083233397284,0.503694871725883,1553,815,0,0,0.0,0.0
2004,ALB,0.0,0.0,0.0,0.0,0.0,0.0,55,2,0.0363636363636363,2014,38.6,2004,22.695217623022845,0.497863435265072,2482,1343,0,0,0.0,0.0
2005,ALB,0.0,0.0,0.0,0.0,0.0,0.0,68,0,0.0,2015,38.5,2005,22.8091959334758,0.492422735028662,2331,1262,0,0,0.0,0.0
2006,ALB,0.0,0.0,0.0,0.0,0.0,0.0,47,0,0.0,2016,39.4,2006,22.90887600472486,0.489017122883763,1579,875,0,0,0.0,0.0
2007,ALB,0.0,0.0,0.0,0.0,0.0,0.0,56,1,0.0178571428571428,2017,36.9,2007,23.09138815904691,0.487828365080356,1574,833,0,0,0.0,0.0
2008,ALB,0.0,0.0,0.0,0.0,0.0,0.0,69,6,0.0869565217391304,2018,37.8,2008,23.27904658921841,0.483344076463963,1824,989,0,2,0.0,2.0222446916076846
2009,ALB,0.0,0.0,2.0,0.0,0.0,0.0,70,5,0.0714285714285714,2019,40.1,2009,23.211849515836043,0.483307685742984,1993,1085,1,1,0.9216589861751152,0.9216589861751152
2010,ALB,0.0,0.0,0.0,0.0,0.0,0.0,75,2,0.0266666666666666,2020,44.4,2010,23.202064424947444,0.475267122651015,2051,1110,0,2,0.0,1.8018018018018018
2011,ALB,0.0,0.0,1.0,0.0,0.0,0.0,118,16,0.135593220338983,2021,41.9,2011,23.279776633771814,0.470975270430539,3105,1654,4,4,2.4183796856106405,2.4183796856106405
1995,AND,0.0,0.0,0.0,0.0,0.0,0.0,86,2,0.0232558139534883,2005,16.6,1995,20.88771641650637,0.451454786668518,3536,1765,0,0,0.0,0.0
1996,AND,0.0,0.0,0.0,0.0,0.0,0.0,75,0,0.0,2006,17.6,1996,20.92540915157251,0.451377327899909,3275,1699,0,0,0.0,0.0
1997,AND,0.0,0.0,0.0,0.0,0.0,0.0,66,5,0.0757575757575757,2007,16.6,1997,20.88932764084643,0.451477456795677,2810,1383,0,0,0.0,0.0
1998,AND,0.0,0.0,0.0,0.0,0.0,0.0,57,0,0.0,2008,17.0,1998,20.91549973212265,0.443372145553265,2573,1315,0,0,0.0,0.0
1999,AND,0.0,0.0,0.0,0.0,0.0,0.0,64,2,0.03125,2009,17.1,1999,20.938248393749927,0.441003277801137,2671,1297,0,0,0.0,0.0
2000,AND,0.0,0.0,0.0,0.0,0.0,0.0,70,4,0.0571428571428571,2010,18.7,2000,21.080274399428287,0.413999967524542,2911,1451,0,0,0.0,0.0
2001,AND,0.0,0.0,0.0,0.0,0.0,0.0,70,0,0.0,2011,18.6,2001,21.159526737248296,0.412187507268107,2413,1178,0,0,0.0,0.0
2002,AND,0.0,0.0,0.0,0.0,0.0,0.0,66,2,0.0303030303030303,2012,18.8,2002,21.286298579864887,0.408647023553839,2103,1022,0,0,0.0,0.0
2003,AND,0.0,0.0,0.0,0.0,0.0,0.0,46,6,0.1304347826086956,2013,19.1,2003,21.582620343847783,0.404554609539446,1832,955,0,1,0.0,1.0471204188481678
2004,AND,0.0,0.0,0.0,0.0,0.0,0.0,44,1,0.0227272727272727,2014,19.4,2004,21.786267385487395,0.400721534017998,1978,1001,0,0,0.0,0.0
2005,AND,0.0,0.0,0.0,0.0,0.0,0.0,31,3,0.0967741935483871,2015,19.0,2005,21.87378308203204,0.397123402567662,1151,600,0,1,0.0,1.6666666666666667
2006,AND,0.0,0.0,0.0,0.0,0.0,0.0,99,4,0.0404040404040404,2016,18.9,2006,21.96345438112777,0.395512151872586,1894,950,0,0,0.0,0.0
2007,AND,0.0,0.0,0.0,0.0,0.0,0.0,63,12,0.1904761904761904,2017,18.0,2007,22.09758825321539,0.391731503980623,1479,774,0,2,0.0,2.5839793281653747
2008,AND,0.0,0.0,1.0,0.0,0.0,0.0,46,12,0.2608695652173913,2018,17.6,2008,22.13077896407632,0.391535810333527,1207,649,1,4,1.5408320493066257,6.163328197226503
2009,AND,0.0,0.0,0.0,0.0,0.0,0.0,63,6,0.0952380952380952,2019,17.2,2009,22.02459805514338,0.390305018279364,1309,678,0,2,0.0,2.949852507374631
2010,AND,0.0,0.0,0.0,0.0,0.0,0.0,68,8,0.1176470588235294,2020,20.9,2010,21.96161854283048,0.389420175435185,1680,889,0,10,0.0,11.248593925759279
2011,AND,0.0,0.0,0.0,0.0,0.0,0.0,76,14,0.1842105263157894,2021,18.4,2011,22.012259772160476,0.387541814602142,2101,1061,0,8,0.0,7.540056550424128
2012,AND,0.0,0.0,0.0,0.0,0.0,0.0,53,4,0.0754716981132075,2022,18.7,2012,21.882864333815427,0.385982227676776,2021,1055,0,0,0.0,0.0
1995,ARE,0.0,0.0,0.0,0.0,0.0,0.0,26,0,0.0,2005,0.1,1995,24.90902917752435,0.463648177824979,2143,1114,0,0,0.0,0.0
1996,ARE,0.0,0.0,0.0,0.0,0.0,0.0,62,3,0.0483870967741935,2006,0.1,1996,25.02151994383677,0.463308034428859,2531,1383,0,2,0.0,1.4461315979754157
1997,ARE,0.0,0.0,0.0,0.0,0.0,0.0,42,3,0.0714285714285714,2007,0.1,1997,25.090673742350727,0.462473912673799,2637,1409,0,0,0.0,0.0
1998,ARE,0.0,0.0,0.0,0.0,0.0,0.0,28,0,0.0,2008,0.1,1998,25.04970492119135,0.460735412974266,2133,1120,0,0,0.0,0.0
1999,ARE,0.0,0.0,0.0,0.0,0.0,0.0,34,0,0.0,2009,0.1,1999,25.159371874394004,0.460814302172048,2469,1339,0,3,0.0,2.2404779686333085
2000,ARE,0.0,0.0,0.0,0.0,0.0,0.0,18,1,0.0555555555555555,2010,0.1,2000,25.37089545080396,0.460234570112024,1713,921,0,0,0.0,0.0
2001,ARE,0.0,0.0,0.0,0.0,0.0,0.0,32,2,0.0625,2011,0.1,2001,25.36101589377073,0.458186216963842,1989,1081,0,1,0.0,0.9250693802035153
2002,ARE,0.0,0.0,0.0,0.0,0.0,0.0,44,2,0.0454545454545454,2012,0.1,2002,25.422073909763323,0.456298803944023,1950,1092,0,1,0.0,0.9157509157509157
2003,ARE,0.0,0.0,0.0,0.0,0.0,0.0,21,1,0.0476190476190476,2013,0.1,2003,25.54633671900657,0.455407249080998,1802,978,0,1,0.0,1.0224948875255624
2004,ARE,0.0,0.0,0.0,0.0,0.0,0.0,23,1,0.0434782608695652,2014,0.1,2004,25.71929071901291,0.455045941784775,1760,998,0,1,0.0,1.002004008016032
2005,ARE,0.0,0.0,0.0,0.0,0.0,0.0,11,1,0.0909090909090909,2015,0.1,2005,25.91964719509589,0.455295617569481,1140,644,0,1,0.0,1.5527950310559004
2006,ARE,0.0,0.0,0.0,0.0,0.0,0.0,39,3,0.0769230769230769,2016,0.1,2006,26.12646804442949,0.455052061792667,1706,937,0,0,0.0,0.0
2007,ARE,0.0,0.0,0.0,0.0,0.0,0.0,46,1,0.0217391304347826,2017,0.2,2007,26.27590030477513,0.455100871854445,1523,852,0,0,0.0,0.0
2008,ARE,0.0,0.0,0.0,0.0,0.0,0.0,49,4,0.0816326530612244,2018,0.3,2008,26.47734405844518,0.455696598664684,1476,807,0,1,0.0,1.2391573729863692
2009,ARE,0.0,0.0,0.0,0.0,0.0,0.0,50,4,0.08,2019,0.7,2009,26.25881646204385,0.45635386960115,1535,875,1,0,1.142857142857143,0.0
2010,ARE,0.0,0.0,0.0,0.0,0.0,0.0,53,4,0.0754716981132075,2020,0.9,2010,26.392413569353227,0.456571348533235,1480,832,1,2,1.201923076923077,2.403846153846154
2011,ARE,0.0,0.0,0.0,0.0,0.0,0.0,52,3,0.0576923076923076,2021,1.0,2011,26.583100206916654,0.456367173739466,1448,795,0,1,0.0,1.2578616352201257
1995,ARG,0.0,0.0,0.0,0.0,0.0,0.0,41,4,0.0975609756097561,2005,9.6,1995,26.276348476312023,0.411266432539217,2576,1326,0,0,0.0,0.0
1996,ARG,0.0,0.0,0.0,0.0,0.0,0.0,29,3,0.1034482758620689,2006,9.2,1996,26.32961830321514,0.411624841412048,1910,1017,0,1,0.0,0.9832841691248771
1997,ARG,0.0,0.0,0.0,0.0,0.0,0.0,52,2,0.0384615384615384,2007,7.7,1997,26.40295710146686,0.411460896420375,1915,1010,0,0,0.0,0.0
1998,ARG,0.0,0.0,0.0,0.0,0.0,0.0,49,4,0.0816326530612244,2008,7.7,1998,26.423536318434483,0.411093324279496,2205,1188,0,1,0.0,0.8417508417508417
1999,ARG,0.0,0.0,0.0,0.0,0.0,0.0,38,2,0.0526315789473684,2009,8.6,1999,26.37055908557125,0.410596130319368,1495,778,0,1,0.0,1.2853470437017993
2000,ARG,0.0,0.0,0.0,0.0,0.0,0.0,64,4,0.0625,2010,8.8,2000,26.372957247455503,0.410056789322343,3010,1627,0,2,0.0,1.229256299938537
2001,ARG,0.0,0.0,0.0,0.0,0.0,0.0,30,0,0.0,2011,8.8,2001,26.31684925722117,0.410378275271675,1614,842,0,0,0.0,0.0
2002,ARG,0.0,0.0,0.0,0.0,0.0,0.0,37,1,0.027027027027027,2012,8.6,2002,25.305413059287257,0.41145191528822,1700,875,0,0,0.0,0.0
2003,ARG,0.0,0.0,0.0,0.0,0.0,0.0,46,2,0.0434782608695652,2013,8.9,2003,25.57206411402501,0.409561362516385,1879,1004,0,1,0.0,0.9960159362549801
2004,ARG,0.0,0.0,0.0,0.0,0.0,0.0,49,5,0.1020408163265306,2014,9.8,2004,25.827136010129664,0.414538866107943,2455,1297,0,2,0.0,1.5420200462606013
2005,ARG,0.0,0.0,0.0,0.0,0.0,0.0,49,0,0.0,2015,9.4,2005,26.01524865761553,0.409307107296769,2051,1098,0,0,0.0,0.0
2006,ARG,0.0,0.0,0.0,0.0,0.0,0.0,80,6,0.075,2016,9.4,2006,26.172402314734992,0.408153487481687,2297,1220,0,1,0.0,0.819672131147541
2007,ARG,0.0,0.0,0.0,0.0,0.0,0.0,125,6,0.048,2017,10.4,2007,26.384594807835622,0.40824915340976,3356,1752,0,1,0.0,0.5707762557077625
2008,ARG,0.0,0.0,0.0,0.0,0.0,0.0,55,0,0.0,2018,10.5,2008,26.6136884109151,0.409181224848364,2143,1031,0,0,0.0,0.0
2009,ARG,0.0,0.0,0.0,0.0,0.0,0.0,69,5,0.072463768115942,2019,10.7,2009,26.53133770755048,0.407874848423253,2253,1097,0,3,0.0,2.734731084776664
2010,ARG,0.0,0.0,0.0,0.0,0.0,0.0,92,13,0.1413043478260869,2020,9.8,2010,26.7721201843952,0.40751530139269,2632,1266,0,5,0.0,3.9494470774091623
2011,ARG,0.0,0.0,0.0,0.0,0.0,0.0,116,1,0.0086206896551724,2021,9.2,2011,26.99644124552098,0.409376615472302,3171,1487,0,2,0.0,1.3449899125756557
1995,ARM,0.0,0.0,0.0,0.0,0.0,0.0,48,2,0.0416666666666666,2005,6.5,1995,21.107382980139043,0.439416613288588,2121,1189,1,0,0.8410428931875525,0.0
1996,ARM,0.0,0.0,0.0,0.0,0.0,0.0,31,0,0.0,2006,7.7,1996,21.19137326078046,0.429477648883236,1689,938,0,0,0.0,0.0
1997,ARM,0.0,0.0,0.0,0.0,0.0,0.0,42,2,0.0476190476190476,2007,7.0,1997,21.21765254612613,0.432070694853243,1749,1016,0,0,0.0,0.0
1998,ARM,0.0,0.0,0.0,0.0,0.0,0.0,32,1,0.03125,2008,6.4,1998,21.36181238463629,0.430294163908866,1424,785,0,0,0.0,0.0
1999,ARM,0.0,0.0,0.0,0.0,0.0,0.0,52,0,0.0,2009,7.8,1999,21.336006420674856,0.425982265737614,2076,1120,0,0,0.0,0.0
2000,ARM,0.0,0.0,0.0,0.0,0.0,0.0,47,2,0.0425531914893617,2010,9.4,2000,21.371187418942576,0.425843418802032,1909,1034,0,0,0.0,0.0
2001,ARM,0.0,0.0,0.0,0.0,0.0,0.0,57,0,0.0,2011,8.0,2001,21.47395898182225,0.429740834357456,1882,963,0,0,0.0,0.0
2002,ARM,1.0,0.0,0.0,0.0,0.0,0.0,43,3,0.0697674418604651,2012,6.6,2002,21.58882524197336,0.411554002835441,2027,1080,0,0,0.0,0.0
2003,ARM,0.0,0.0,0.0,0.0,0.0,0.0,41,3,0.073170731707317,2013,6.8,2003,21.755403868682052,0.409879599907154,1695,905,0,0,0.0,0.0
2004,ARM,0.0,0.0,0.0,0.0,0.0,0.0,44,2,0.0454545454545454,2014,7.1,2004,21.99768272643916,0.411739887307337,1441,777,1,0,1.287001287001287,0.0
2005,ARM,0.0,0.0,0.0,0.0,0.0,0.0,51,7,0.1372549019607843,2015,10.7,2005,22.312596856860363,0.417183353531983,1735,815,0,2,0.0,2.4539877300613497
2006,ARM,0.0,0.0,0.0,0.0,0.0,0.0,67,1,0.0149253731343283,2016,13.2,2006,22.577131507713357,0.414552390686376,1499,759,0,1,0.0,1.3175230566534915
2007,ARM,0.0,0.0,0.0,0.0,0.0,0.0,54,7,0.1296296296296296,2017,12.6,2007,22.94315400655075,0.417288648442641,1369,663,0,2,0.0,3.0165912518853695
2008,ARM,0.0,0.0,0.0,0.0,0.0,0.0,69,3,0.0434782608695652,2018,11.1,2008,23.17960502005069,0.409888312140008,1610,829,0,0,0.0,0.0
2009,ARM,0.0,0.0,0.0,0.0,0.0,0.0,62,4,0.064516129032258,2019,10.3,2009,22.880586642858155,0.401283775969234,1517,811,0,0,0.0,0.0
2010,ARM,0.0,0.0,0.0,0.0,0.0,0.0,45,3,0.0666666666666666,2020,8.4,2010,22.94900074495556,0.396598683461332,1433,781,0,1,0.0,1.2804097311139564
2011,ARM,0.0,0.0,0.0,0.0,0.0,0.0,72,1,0.0138888888888888,2021,9.1,2011,23.03996207890844,0.397147244723703,1870,1001,0,1,0.0,0.999000999000999
1995,ATG,0.0,0.0,0.0,0.0,0.0,0.0,86,25,0.2906976744186046,2005,0.0,1995,20.173840541740805,0.513960894285093,2620,1486,0,11,0.0,7.402422611036339
1996,ATG,0.0,0.0,0.0,0.0,0.0,0.0,73,11,0.1506849315068493,2006,0.0,1996,20.267132969710083,0.513757190737148,3125,1668,0,5,0.0,2.997601918465228
1997,ATG,0.0,0.0,0.0,0.0,0.0,0.0,67,13,0.1940298507462686,2007,0.0,1997,20.33851252874114,0.512784715194371,2936,1548,0,2,0.0,1.2919896640826873
1998,ATG,0.0,0.0,0.0,0.0,0.0,0.0,77,4,0.0519480519480519,2008,0.0,1998,20.405618262333885,0.512708692008915,2559,1361,0,0,0.0,0.0
1999,ATG,0.0,0.0,0.0,0.0,0.0,0.0,58,9,0.1551724137931034,2009,0.0,1999,20.456953790230823,0.513339102746693,2843,1473,0,2,0.0,1.357773251866938
2000,ATG,0.0,0.0,0.0,0.0,0.0,0.0,47,3,0.0638297872340425,2010,0.0,2000,20.532553621303126,0.513075181248431,1582,767,0,1,0.0,1.303780964797914
2001,ATG,0.0,0.0,0.0,0.0,0.0,0.0,48,12,0.25,2011,0.1,2001,20.500723956467,0.511952264980705,1899,1017,1,11,0.9832841691248771,10.81612586037365
2002,ATG,0.0,0.0,0.0,0.0,0.0,0.0,54,4,0.074074074074074,2012,0.1,2002,20.517939464675877,0.510337035796268,2076,1103,1,0,0.9066183136899365,0.0
2003,ATG,0.0,0.0,0.0,0.0,0.0,0.0,58,8,0.1379310344827586,2013,0.1,2003,20.56824378993901,0.509659323167294,2456,1315,0,3,0.0,2.2813688212927756
2004,ATG,0.0,0.0,0.0,0.0,0.0,0.0,68,4,0.0588235294117647,2014,0.1,2004,20.63959030394635,0.509712516875859,2457,1316,0,1,0.0,0.7598784194528876
2005,ATG,0.0,0.0,0.0,0.0,0.0,0.0,54,5,0.0925925925925925,2015,0.4,2005,20.745969118959437,0.497351506695797,1691,897,0,4,0.0,4.459308807134894
2006,ATG,0.0,0.0,0.0,0.0,0.0,0.0,57,5,0.087719298245614,2016,0.4,2006,20.869669122783755,0.492223522457494,1728,924,0,2,0.0,2.1645021645021645
2007,ATG,0.0,0.0,0.0,0.0,0.0,0.0,109,11,0.1009174311926605,2017,0.4,2007,20.995397063590108,0.492438978219542,2757,1439,0,6,0.0,4.169562195969423
2008,ATG,0.0,0.0,0.0,0.0,0.0,1.0,63,20,0.3174603174603174,2018,0.7,2008,21.03812794043081,0.492187210407814,1603,863,2,11,2.317497103128621,12.746234067207416
2009,ATG,0.0,0.0,0.0,0.0,0.0,0.0,97,22,0.2268041237113402,2019,0.7,2009,20.928921058989683,0.491120024708832,2673,1448,0,13,0.0,8.977900552486188
2010,ATG,0.0,0.0,0.0,0.0,0.0,0.0,131,27,0.2061068702290076,2020,0.9,2010,20.861896705115637,0.493031168861838,3148,1665,1,9,0.6006006006006006,5.405405405405405
2011,ATG,0.0,0.0,0.0,0.0,0.0,0.0,102,13,0.1274509803921568,2021,0.9,2011,20.852219173621112,0.495524131236082,3242,1754,0,2,0.0,1.1402508551881414
2012,ATG,0.0,0.0,0.0,0.0,0.0,0.0,91,12,0.1318681318681318,2022,0.9,2012,20.905544182806786,0.491965466770063,3526,1901,1,9,0.5260389268805892,4.734350341925302
1995,AUS,0.0,0.0,0.0,0.0,0.0,0.0,105,8,0.0761904761904762,2005,6.7,1995,26.631731251258213,0.332268588586677,5223,2679,0,0,0.0,0.0
1996,AUS,0.0,0.0,0.0,0.0,0.0,0.0,98,7,0.0714285714285714,2006,6.8,1996,26.718002085330763,0.332134910259572,3910,2117,0,0,0.0,0.0
1997,AUS,0.0,0.0,0.0,0.0,0.0,0.0,103,6,0.058252427184466,2007,7.0,1997,26.800021836688398,0.333415907381946,3910,2152,0,2,0.0,0.929368029739777
1998,AUS,0.0,0.0,0.0,0.0,0.0,0.0,64,2,0.03125,2008,6.8,1998,26.713882164415303,0.333807480716124,3359,1736,0,0,0.0,0.0
1999,AUS,0.0,0.0,0.0,0.0,0.0,0.0,92,5,0.0543478260869565,2009,7.1,1999,26.687846344595325,0.333752911808388,3671,1874,0,1,0.0,0.5336179295624334
2000,AUS,0.0,0.0,0.0,0.0,0.0,0.0,62,2,0.032258064516129,2010,8.2,2000,26.75357836655031,0.333333773488411,2635,1445,0,0,0.0,0.0
2001,AUS,0.0,0.0,0.0,0.0,0.0,0.0,56,1,0.0178571428571428,2011,8.3,2001,26.661745721143397,0.332307661765388,1406,808,0,0,0.0,0.0
2002,AUS,0.0,0.0,0.0,0.0,0.0,0.0,55,1,0.0181818181818181,2012,8.3,2002,26.703601247641128,0.331260478285938,1683,959,0,0,0.0,0.0
2003,AUS,0.0,0.0,0.0,0.0,0.0,0.0,49,2,0.0408163265306122,2013,9.2,2003,26.87066082536832,0.330341040823013,1621,901,0,0,0.0,0.0
2004,AUS,0.0,0.0,0.0,0.0,0.0,0.0,50,2,0.04,2014,9.3,2004,27.14379215842959,0.329517806274775,1878,1020,1,0,0.9803921568627451,0.0
2005,AUS,0.0,0.0,0.0,0.0,0.0,0.0,37,0,0.0,2015,9.4,2005,27.267616435463754,0.329712409645301,1933,1057,0,0,0.0,0.0
2006,AUS,0.0,0.0,0.0,0.0,0.0,0.0,101,15,0.1485148514851485,2016,9.6,2006,27.34054505343521,0.329486844146038,1944,1061,1,8,0.942507068803016,7.540056550424128
2007,AUS,0.0,0.0,0.0,0.0,0.0,0.0,103,15,0.145631067961165,2017,9.9,2007,27.473697209097992,0.328696067795437,1934,1137,0,9,0.0,7.9155672823219
2008,AUS,0.0,0.0,0.0,0.0,0.0,0.0,124,19,0.1532258064516129,2018,9.8,2008,27.685212013339456,0.328011095047365,2713,1450,1,5,0.689655172413793,3.4482758620689653
2009,AUS,0.0,0.0,0.0,0.0,0.0,0.0,83,16,0.1927710843373494,2019,10.3,2009,27.556975970764864,0.327567425694986,2344,1303,1,14,0.7674597083653109,10.744435917114352
2010,AUS,1.0,0.0,0.0,0.0,0.0,2.0,139,29,0.2086330935251798,2020,11.2,2010,27.76953840342034,0.327036560728177,3058,1718,1,21,0.5820721769499417,12.223515715948778
2011,AUS,0.0,0.0,0.0,0.0,0.0,0.0,124,19,0.1532258064516129,2021,12.3,2011,27.966390002231176,0.326401453614294,2711,1450,0,3,0.0,2.0689655172413794
1995,AUT,0.0,0.0,0.0,0.0,0.0,0.0,58,0,0.0,2005,24.4,1995,26.20822160870542,0.340552411422886,2499,1407,0,0,0.0,0.0
1996,AUT,0.0,0.0,0.0,0.0,0.0,0.0,62,4,0.064516129032258,2006,26.6,1996,26.192384273547525,0.340011374226355,2547,1448,0,0,0.0,0.0
1997,AUT,0.0,0.0,0.0,0.0,0.0,0.0,71,2,0.028169014084507,2007,29.0,1997,26.083573238145657,0.337848265028154,2287,1285,0,0,0.0,0.0
1998,AUT,0.0,0.0,0.0,0.0,0.0,0.0,186,13,0.0698924731182795,2008,29.7,1998,26.10895241163071,0.337572882293147,6753,3749,0,2,0.0,0.5334755934915977
1999,AUT,0.0,0.0,0.0,0.0,0.0,0.0,90,0,0.0,2009,31.3,1999,26.10435670400304,0.335318800785534,3230,1737,0,0,0.0,0.0
2000,AUT,0.0,0.0,0.0,0.0,0.0,0.0,66,3,0.0454545454545454,2010,31.1,2000,26.00793866612922,0.334448716003956,2464,1330,0,0,0.0,0.0
2001,AUT,0.0,0.0,0.0,0.0,0.0,0.0,69,6,0.0869565217391304,2011,31.6,2001,26.009048841642763,0.33375743856036,2709,1484,0,2,0.0,1.3477088948787064
2002,AUT,0.0,0.0,0.0,0.0,0.0,0.0,41,3,0.073170731707317,2012,34.4,2002,26.091085323109223,0.333230381646434,1912,1036,1,0,0.9652509652509653,0.0
2003,AUT,0.0,0.0,0.0,0.0,0.0,0.0,61,4,0.0655737704918032,2013,34.6,2003,26.29265418952451,0.333402918703739,2073,1136,2,0,1.7605633802816902,0.0
2004,AUT,0.0,0.0,0.0,0.0,0.0,0.0,48,4,0.0833333333333333,2014,35.7,2004,26.43189508711703,0.332737781146636,1996,1099,2,1,1.8198362147406735,0.9099181073703367
2005,AUT,0.0,0.0,0.0,0.0,0.0,0.0,43,5,0.1162790697674418,2015,34.8,2005,26.479300011946417,0.332401996212863,1304,700,1,1,1.4285714285714286,1.4285714285714286
2006,AUT,0.0,0.0,0.0,0.0,0.0,0.0,81,5,0.0617283950617283,2016,34.6,2006,26.541210174518355,0.331269932684435,1861,976,0,2,0.0,2.0491803278688527
2007,AUT,0.0,0.0,0.0,0.0,0.0,0.0,83,11,0.1325301204819277,2017,34.0,2007,26.687322114387104,0.329985093701905,1782,999,0,3,0.0,3.003003003003003
2008,AUT,0.0,0.0,0.0,0.0,0.0,0.0,85,15,0.1764705882352941,2018,34.1,2008,26.791811639360343,0.330271779788422,1908,1072,1,5,0.9328358208955224,4.664179104477611
2009,AUT,0.0,0.0,0.0,0.0,0.0,0.0,76,10,0.131578947368421,2019,34.0,2009,26.719117585750777,0.330701321625651,1700,952,0,4,0.0,4.201680672268908
2010,AUT,0.0,0.0,0.0,0.0,0.0,0.0,99,10,0.101010101010101,2020,35.8,2010,26.695229234819585,0.330036191363771,2137,1217,0,6,0.0,4.930156121610517
2011,AUT,0.0,0.0,0.0,0.0,0.0,0.0,77,9,0.1168831168831168,2021,36.0,2011,26.79096249608624,0.330732757883863,1546,873,1,0,1.1454753722794961,0.0
1995,AZE,0.0,0.0,0.0,0.0,0.0,0.0,68,2,0.0294117647058823,2005,3.4,1995,21.605930522086464,0.471156556768663,2461,1304,0,0,0.0,0.0
1996,AZE,0.0,0.0,0.0,0.0,0.0,0.0,33,2,0.0606060606060606,2006,2.9,1996,21.8790483146444,0.472164218534378,1966,1063,0,0,0.0,0.0
1997,AZE,0.0,0.0,0.0,0.0,0.0,0.0,60,1,0.0166666666666666,2007,3.8,1997,22.100106246713946,0.465901798374631,2932,1603,0,2,0.0,1.2476606363069245
1998,AZE,0.0,0.0,0.0,0.0,0.0,0.0,58,1,0.0172413793103448,2008,3.1,1998,22.21535395333729,0.465060507029652,3046,1579,0,0,0.0,0.0
1999,AZE,0.0,0.0,0.0,0.0,0.0,0.0,48,1,0.0208333333333333,2009,3.3,1999,22.24523700610921,0.467890839118482,2386,1256,0,1,0.0,0.7961783439490446
2000,AZE,0.0,0.0,0.0,0.0,0.0,0.0,41,2,0.048780487804878,2010,4.4,2000,22.38579269785585,0.468375488620022,2050,1086,0,1,0.0,0.9208103130755064
2001,AZE,0.0,0.0,0.0,0.0,0.0,0.0,49,2,0.0408163265306122,2011,3.5,2001,22.465067653981038,0.456847356894834,2201,1194,0,1,0.0,0.8375209380234506
2002,AZE,0.0,0.0,0.0,0.0,0.0,0.0,48,1,0.0208333333333333,2012,2.8,2002,22.553618686217263,0.453206090559727,2558,1406,0,1,0.0,0.7112375533428166
2003,AZE,0.0,0.0,0.0,0.0,0.0,0.0,46,4,0.0869565217391304,2013,2.5,2003,22.707903868805506,0.451502699986505,1805,974,0,0,0.0,0.0
2004,AZE,0.0,0.0,0.0,0.0,0.0,0.0,35,1,0.0285714285714285,2014,2.1,2004,22.88433461772808,0.447916391352393,1495,809,0,1,0.0,1.2360939431396785
2005,AZE,0.0,0.0,0.0,0.0,0.0,0.0,35,4,0.1142857142857142,2015,2.3,2005,23.30691781125831,0.445035697105238,1702,949,0,1,0.0,1.053740779768177
2006,AZE,0.0,0.0,0.0,0.0,0.0,0.0,69,9,0.1304347826086956,2016,1.9,2006,23.766927404131863,0.44315357714477,2017,1114,0,0,0.0,0.0
2007,AZE,0.0,0.0,0.0,0.0,0.0,0.0,63,8,0.1269841269841269,2017,1.9,2007,24.22127006015877,0.443873097969065,1578,866,1,1,1.1547344110854503,1.1547344110854503
2008,AZE,0.0,0.0,0.0,0.0,0.0,0.0,57,4,0.0701754385964912,2018,1.9,2008,24.6120472125324,0.44045039112823,1445,806,0,0,0.0,0.0
2009,AZE,0.0,0.0,0.0,0.0,0.0,0.0,59,4,0.0677966101694915,2019,1.7,2009,24.51407914078122,0.43890024196085,1837,1031,2,0,1.9398642095053347,0.0
2010,AZE,0.0,0.0,0.0,0.0,0.0,0.0,51,10,0.196078431372549,2020,1.3,2010,24.6918448653291,0.440129797258514,1459,848,0,2,0.0,2.3584905660377355
2011,AZE,0.0,0.0,0.0,0.0,0.0,0.0,53,1,0.0188679245283018,2021,1.3,2011,24.91220462499652,0.436571848765595,1523,839,0,2,0.0,2.3837902264600714
1995,BDI,0.0,0.0,0.0,0.0,0.0,0.0,69,1,0.0144927536231884,2005,96.0,1995,20.7236941392119,0.59883292950661,3075,1595,0,0,0.0,0.0
1996,BDI,0.0,0.0,0.0,0.0,0.0,0.0,69,0,0.0,2006,95.3,1996,20.582892642539782,0.59659824132559,3497,1844,0,0,0.0,0.0
1997,BDI,0.0,0.0,0.0,0.0,0.0,0.0,81,2,0.0246913580246913,2007,95.3,1997,20.69578802388115,0.59724228928644,3446,1805,0,0,0.0,0.0
1998,BDI,0.0,0.0,0.0,0.0,0.0,0.0,66,1,0.0151515151515151,2008,95.0,1998,20.610959856738223,0.597065160265059,2042,1042,0,0,0.0,0.0
1999,BDI,0.0,0.0,0.0,0.0,0.0,0.0,56,1,0.0178571428571428,2009,94.6,1999,20.510168185433365,0.59189806909431,2644,1327,0,0,0.0,0.0
2000,BDI,0.0,0.0,0.0,0.0,0.0,0.0,73,8,0.1095890410958904,2010,93.2,2000,20.584562310036937,0.597680359318349,3098,1552,0,0,0.0,0.0
2001,BDI,0.0,0.0,0.0,0.0,0.0,0.0,62,0,0.0,2011,92.1,2001,20.591783455777687,0.620939647981878,2658,1407,0,0,0.0,0.0
2002,BDI,0.0,0.0,0.0,0.0,0.0,0.0,29,4,0.1379310344827586,2012,91.7,2002,20.53137203569202,0.614593275766101,1180,612,0,0,0.0,0.0
2003,BDI,0.0,0.0,0.0,0.0,0.0,0.0,43,1,0.0232558139534883,2013,90.8,2003,20.48075395410596,0.619292522015384,2294,1270,0,2,0.0,1.574803149606299
2004,BDI,0.0,0.0,0.0,0.0,0.0,0.0,47,1,0.0212765957446808,2014,91.3,2004,20.634715811462243,0.620664922253535,1919,1017,0,1,0.0,0.9832841691248771
2005,BDI,0.0,0.0,0.0,0.0,0.0,0.0,42,0,0.0,2015,91.2,2005,20.834013587361618,0.622898200855546,1537,838,0,0,0.0,0.0
2006,BDI,0.0,0.0,0.0,0.0,0.0,0.0,86,3,0.0348837209302325,2016,89.6,2006,20.96493675412904,0.629334414183061,2143,1135,0,0,0.0,0.0
2007,BDI,0.0,0.0,0.0,0.0,0.0,0.0,63,1,0.0158730158730158,2017,88.2,2007,21.02795205621568,0.621893598010686,1791,932,0,0,0.0,0.0
2008,BDI,0.0,0.0,0.0,0.0,0.0,0.0,66,3,0.0454545454545454,2018,85.7,2008,21.20063965016388,0.620483495280183,1635,911,1,1,1.0976948408342482,1.0976948408342482
2009,BDI,1.0,0.0,0.0,0.0,0.0,0.0,100,7,0.07,2019,84.8,2009,21.30069636166589,0.620815945503158,2616,1416,2,4,1.4124293785310735,2.824858757062147
2010,BDI,0.0,0.0,0.0,0.0,0.0,0.0,53,4,0.0754716981132075,2020,83.4,2010,21.43235289545349,0.620125768914477,1513,845,0,4,0.0,4.733727810650888
2011,BDI,0.0,0.0,0.0,0.0,0.0,0.0,50,4,0.08,2021,83.1,2011,21.5278742499403,0.628109902991862,1228,633,0,1,0.0,1.5797788309636651
2012,BDI,0.0,0.0,0.0,0.0,0.0,0.0,50,3,0.06,2022,83.0,2012,21.57056712618488,0.63288719013175,2001,1066,0,0,0.0,0.0
1995,BEL,0.0,0.0,0.0,0.0,0.0,0.0,65,2,0.0307692307692307,2005,2.5,1995,26.386315161732774,0.405024106753473,2129,1121,0,0,0.0,0.0
1996,BEL,0.0,0.0,0.0,0.0,0.0,0.0,75,1,0.0133333333333333,2006,2.9,1996,26.35519934114882,0.404100511017661,2539,1360,0,0,0.0,0.0
1997,BEL,0.0,0.0,0.0,0.0,0.0,0.0,55,0,0.0,2007,3.4,1997,26.255500712411937,0.403937583801214,2376,1250,0,0,0.0,0.0
1998,BEL,0.0,0.0,0.0,0.0,0.0,0.0,102,2,0.0196078431372549,2008,4.0,1998,26.278271155953547,0.403671978350132,2685,1387,0,0,0.0,0.0
1999,BEL,0.0,0.0,0.0,0.0,0.0,0.0,90,2,0.0222222222222222,2009,4.9,1999,26.27717742291616,0.40343901710969,3354,1749,0,0,0.0,0.0
2000,BEL,0.0,0.0,0.0,0.0,0.0,0.0,86,5,0.0581395348837209,2010,6.2,2000,26.190449899550718,0.402545146176046,2966,1519,0,0,0.0,0.0
2001,BEL,0.0,0.0,0.0,0.0,0.0,0.0,83,7,0.0843373493975903,2011,6.7,2001,26.19025427153661,0.403311231894608,3415,1829,0,2,0.0,1.0934937124111537
2002,BEL,0.0,0.0,0.0,0.0,0.0,0.0,81,3,0.037037037037037,2012,7.7,2002,26.277711136929568,0.400970980747178,2423,1248,0,1,0.0,0.8012820512820512
2003,BEL,0.0,0.0,0.0,0.0,0.0,0.0,60,5,0.0833333333333333,2013,8.3,2003,26.48557670966308,0.399605051119265,2211,1104,0,0,0.0,0.0
2004,BEL,0.0,0.0,0.0,0.0,0.0,0.0,42,2,0.0476190476190476,2014,9.1,2004,26.63464418830172,0.395201378615939,1153,608,0,0,0.0,0.0
2005,BEL,0.0,0.0,0.0,0.0,0.0,0.0,61,0,0.0,2015,9.4,2005,26.678363975293863,0.394045172140966,1539,789,0,1,0.0,1.2674271229404308
2006,BEL,0.0,0.0,0.0,0.0,0.0,0.0,92,2,0.0217391304347826,2016,9.2,2006,26.7351696735132,0.394554554540312,1885,981,0,0,0.0,0.0
2007,BEL,0.0,0.0,0.0,0.0,0.0,0.0,114,5,0.043859649122807,2017,9.7,2007,26.877958644074404,0.395868027839561,2312,1233,0,3,0.0,2.4330900243309004
2008,BEL,0.0,0.0,0.0,0.0,0.0,0.0,90,9,0.1,2018,10.7,2008,26.971943109640165,0.397081236392217,1975,1003,0,5,0.0,4.985044865403789
2009,BEL,0.0,0.0,0.0,0.0,0.0,0.0,83,8,0.0963855421686747,2019,10.2,2009,26.903808586343697,0.395568743822561,1559,836,0,2,0.0,2.3923444976076556
2010,BEL,0.0,0.0,0.0,0.0,0.0,0.0,83,6,0.072289156626506,2020,12.3,2010,26.900007740882977,0.397144862348147,1676,863,0,0,0.0,0.0
2011,BEL,0.0,0.0,0.0,0.0,0.0,0.0,78,2,0.0256410256410256,2021,11.7,2011,26.983478753874515,0.391265822411507,1699,875,0,2,0.0,2.285714285714286
1995,BEN,0.0,0.0,0.0,0.0,0.0,0.0,49,3,0.0612244897959183,2005,59.2,1995,21.49782116392858,0.592451614412007,2607,1323,1,0,0.7558578987150416,0.0
1996,BEN,0.0,0.0,0.0,0.0,0.0,0.0,30,2,0.0666666666666666,2006,57.3,1996,21.582400415307475,0.595366132622388,2845,1516,0,1,0.0,0.6596306068601583
1997,BEN,0.0,0.0,0.0,0.0,0.0,0.0,28,0,0.0,2007,54.5,1997,21.54229721440906,0.593586930950161,2668,1425,0,1,0.0,0.7017543859649122
1998,BEN,0.0,0.0,0.0,0.0,0.0,0.0,46,0,0.0,2008,54.8,1998,21.62143035226635,0.591577951093351,2066,1063,0,1,0.0,0.9407337723424272
1999,BEN,0.0,0.0,0.0,0.0,0.0,0.0,37,0,0.0,2009,52.8,1999,22.025470185279357,0.591085286075042,2290,1176,0,0,0.0,0.0
2000,BEN,0.0,0.0,0.0,0.0,0.0,0.0,20,0,0.0,2010,47.2,2000,21.98172439473528,0.589521269069494,993,514,0,0,0.0,0.0
2001,BEN,0.0,0.0,0.0,0.0,0.0,0.0,72,0,0.0,2011,48.7,2001,22.022427713925318,0.595119244517327,2460,1279,0,0,0.0,0.0
2002,BEN,0.0,0.0,0.0,0.0,0.0,0.0,47,0,0.0,2012,50.3,2002,22.1570024754348,0.596547468619673,2156,1146,0,0,0.0,0.0
2003,BEN,0.0,0.0,0.0,0.0,0.0,0.0,54,2,0.037037037037037,2013,52.0,2003,22.400223714032563,0.590714916790557,2589,1394,0,0,0.0,0.0
2004,BEN,0.0,0.0,0.0,0.0,0.0,0.0,43,5,0.1162790697674418,2014,51.0,2004,22.546244602333577,0.588758944231175,2592,1406,0,2,0.0,1.4224751066856332
2005,BEN,0.0,0.0,0.0,0.0,0.0,0.0,52,4,0.0769230769230769,2015,49.9,2005,22.60542267406861,0.592275740447847,2439,1345,0,0,0.0,0.0
2006,BEN,0.0,0.0,0.0,0.0,0.0,0.0,42,1,0.0238095238095238,2016,45.4,2006,22.67403719629237,0.593747950176902,1148,592,0,0,0.0,0.0
2007,BEN,0.0,0.0,0.0,0.0,0.0,0.0,66,10,0.1515151515151515,2017,45.4,2007,22.823618261066063,0.589856902772191,1824,950,2,6,2.1052631578947367,6.315789473684211
2008,BEN,1.0,0.0,0.0,0.0,0.0,0.0,67,17,0.2537313432835821,2018,44.0,2008,23.00439585884473,0.596808706426163,1932,1049,0,3,0.0,2.859866539561487
2009,BEN,0.0,0.0,0.0,0.0,0.0,0.0,77,17,0.2207792207792207,2019,46.5,2009,22.99936592925684,0.593562348249781,1974,1094,0,7,0.0,6.39853747714808
2010,BEN,1.0,0.0,1.0,0.0,0.0,0.0,81,12,0.1481481481481481,2020,46.2,2010,22.978271258983405,0.600554239180448,2431,1320,0,4,0.0,3.0303030303030303
2011,BEN,0.0,0.0,0.0,0.0,0.0,0.0,95,3,0.031578947368421,2021,54.5,2011,23.092885212510403,0.596559587072278,2706,1461,0,2,0.0,1.3689253935660506
1995,BFA,0.0,0.0,0.0,0.0,0.0,0.0,54,5,0.0925925925925925,2005,85.4,1995,21.590163773025168,0.567629451677412,2429,1265,0,1,0.0,0.7905138339920948
1996,BFA,0.0,0.0,0.0,0.0,0.0,0.0,55,0,0.0,2006,84.8,1996,21.673591008012977,0.568930030088158,1533,767,0,0,0.0,0.0
1997,BFA,0.0,0.0,0.0,0.0,0.0,0.0,46,2,0.0434782608695652,2007,82.9,1997,21.618402020891363,0.567083449180077,2110,1135,0,0,0.0,0.0
1998,BFA,0.0,0.0,0.0,0.0,0.0,0.0,41,1,0.024390243902439,2008,83.5,1998,21.75463456925472,0.569873038863065,2166,1096,0,0,0.0,0.0
1999,BFA,0.0,0.0,0.0,0.0,0.0,0.0,47,1,0.0212765957446808,2009,83.3,1999,21.943967936305576,0.571882999211608,2371,1221,0,0,0.0,0.0
2000,BFA,0.0,0.0,0.0,0.0,0.0,0.0,24,2,0.0833333333333333,2010,82.1,2000,21.81127884686354,0.568560635138105,1588,830,0,0,0.0,0.0
2001,BFA,0.0,0.0,0.0,0.0,0.0,0.0,38,0,0.0,2011,81.4,2001,21.883403072996625,0.563289271615936,1567,835,0,0,0.0,0.0
2002,BFA,0.0,0.0,0.0,0.0,0.0,0.0,33,0,0.0,2012,79.2,2002,22.010388841654503,0.562115324092424,1532,807,0,0,0.0,0.0
2003,BFA,0.0,0.0,0.0,0.0,0.0,0.0,36,1,0.0277777777777777,2013,78.7,2003,22.279465014587185,0.56218082850871,1632,842,0,0,0.0,0.0
2004,BFA,0.0,0.0,0.0,0.0,0.0,0.0,28,1,0.0357142857142857,2014,78.9,2004,22.419191220572127,0.554464949722722,1121,617,0,0,0.0,0.0
2005,BFA,0.0,0.0,0.0,0.0,0.0,0.0,21,0,0.0,2015,78.8,2005,22.539124763533454,0.557005549635234,1067,568,0,0,0.0,0.0
2006,BFA,0.0,0.0,0.0,0.0,0.0,0.0,50,6,0.12,2016,77.1,2006,22.602336888681243,0.554036756538143,1254,661,1,0,1.5128593040847202,0.0
2007,BFA,0.0,0.0,0.0,0.0,0.0,0.0,73,5,0.0684931506849315,2017,74.6,2007,22.75479295219281,0.553622111559169,2035,1048,0,3,0.0,2.8625954198473282
2008,BFA,0.0,0.0,1.0,0.0,0.0,0.0,52,6,0.1153846153846153,2018,73.7,2008,22.96943246966733,0.551887067891596,1171,649,2,1,3.0816640986132513,1.5408320493066257
2009,BFA,0.0,0.0,0.0,0.0,0.0,0.0,37,8,0.2162162162162162,2019,72.7,2009,22.969354318167085,0.546885191200127,1089,593,0,7,0.0,11.804384485666104
2010,BFA,0.0,0.0,0.0,0.0,0.0,0.0,46,8,0.1739130434782608,2020,73.1,2010,23.036753256610684,0.543330470829973,1233,669,0,3,0.0,4.484304932735426
2011,BFA,0.0,0.0,0.0,0.0,0.0,0.0,68,11,0.1617647058823529,2021,71.2,2011,23.214841531222447,0.540024790198924,1834,1015,0,4,0.0,3.940886699507389
2012,BFA,0.0,0.0,0.0,0.0,0.0,0.0,44,4,0.0909090909090909,2022,71.4,2012,23.253863818366906,0.537761476716005,1978,1082,0,3,0.0,2.7726432532347505
1995,BGD,0.0,0.0,0.0,0.0,0.0,0.0,43,2,0.0465116279069767,2005,50.6,1995,24.35926517963378,0.595815414804374,1783,980,0,0,0.0,0.0
1996,BGD,0.0,0.0,2.0,0.0,0.0,0.0,118,12,0.1016949152542373,2006,48.6,1996,24.561394351296745,0.594456616895797,4111,2237,1,4,0.4470272686633885,1.788109074653554
1997,BGD,0.0,0.0,0.0,0.0,0.0,0.0,77,0,0.0,2007,47.2,1997,24.599543712345245,0.599879187177507,2676,1407,0,0,0.0,0.0
1998,BGD,0.0,0.0,0.0,0.0,0.0,0.0,97,11,0.1134020618556701,2008,45.2,1998,24.634979984102756,0.590319824924659,2658,1426,0,4,0.0,2.805049088359046
1999,BGD,0.0,0.0,0.0,0.0,0.0,0.0,72,3,0.0416666666666666,2009,43.1,1999,24.660382738030357,0.58786826751643,2063,1071,0,0,0.0,0.0
2000,BGD,0.0,0.0,0.0,0.0,0.0,0.0,49,4,0.0816326530612244,2010,40.3,2000,24.70051064225528,0.584735950799933,1700,936,0,1,0.0,1.0683760683760686
2001,BGD,0.0,0.0,0.0,0.0,0.0,0.0,63,1,0.0158730158730158,2011,38.4,2001,24.712088571315387,0.586477843946064,2438,1338,0,0,0.0,0.0
2002,BGD,0.0,0.0,0.0,0.0,0.0,0.0,62,2,0.032258064516129,2012,37.3,2002,24.725569696130428,0.583030741700243,1682,908,0,0,0.0,0.0
2003,BGD,0.0,0.0,0.0,0.0,0.0,0.0,109,9,0.0825688073394495,2013,37.0,2003,24.82025571702799,0.583297092623885,2915,1584,0,1,0.0,0.6313131313131314
2004,BGD,0.0,0.0,0.0,0.0,0.0,0.0,68,9,0.1323529411764706,2014,35.4,2004,24.899321625628534,0.58286062291576,1799,968,0,1,0.0,1.0330578512396695
2005,BGD,0.0,0.0,0.0,0.0,0.0,0.0,66,11,0.1666666666666666,2015,33.1,2005,24.963771289594487,0.579481379717124,1458,827,0,3,0.0,3.6275695284159615
2006,BGD,0.0,0.0,0.0,0.0,0.0,0.0,87,8,0.0919540229885057,2016,30.2,2006,24.997416067155577,0.573422303634404,1831,1016,0,3,0.0,2.952755905511811
2007,BGD,0.0,0.0,0.0,0.0,0.0,0.0,100,7,0.07,2017,28.1,2007,25.100429268054786,0.582543249980493,2101,1168,0,5,0.0,4.280821917808219
2008,BGD,0.0,0.0,0.0,0.0,0.0,0.0,92,16,0.1739130434782608,2018,27.0,2008,25.24103851583169,0.576891065250459,2088,1154,0,2,0.0,1.7331022530329288
2009,BGD,0.0,0.0,0.0,0.0,0.0,0.0,113,26,0.2300884955752212,2019,26.1,2009,25.352911822364064,0.575110647135526,2622,1538,0,14,0.0,9.102730819245773
2010,BGD,0.0,0.0,0.0,0.0,0.0,0.0,106,21,0.1981132075471698,2020,27.2,2010,25.47062178604667,0.572872267474532,2546,1526,1,17,0.6553079947575361,11.140235910878113
2011,BGD,1.0,0.0,0.0,0.0,0.0,0.0,92,11,0.1195652173913043,2021,25.0,2011,25.580267969702945,0.572223747562645,2141,1232,0,7,0.0,5.681818181818182
1995,BGR,0.0,0.0,0.0,0.0,0.0,0.0,51,1,0.0196078431372549,2005,9.8,1995,23.66725900849224,0.414172051045799,2246,1238,0,0,0.0,0.0
1996,BGR,0.0,0.0,0.0,0.0,0.0,0.0,80,6,0.075,2006,10.0,1996,23.23245752652217,0.413032285194865,3259,1832,0,0,0.0,0.0
1997,BGR,0.0,0.0,0.0,0.0,0.0,0.0,56,0,0.0,2007,8.8,1997,23.149494647799628,0.412450374180613,2355,1290,0,0,0.0,0.0
1998,BGR,0.0,0.0,0.0,0.0,0.0,0.0,78,0,0.0,2008,9.9,1998,23.433384044980837,0.410385561576684,3188,1737,0,0,0.0,0.0
1999,BGR,0.0,0.0,0.0,0.0,0.0,0.0,45,2,0.0444444444444444,2009,11.6,1999,23.33534283896892,0.408357578482108,1788,924,0,1,0.0,1.0822510822510822
2000,BGR,0.0,0.0,0.0,0.0,0.0,0.0,77,2,0.0259740259740259,2010,14.3,2000,23.30696072274953,0.412098209605065,3384,1837,0,0,0.0,0.0
2001,BGR,0.0,0.0,0.0,0.0,0.0,0.0,23,0,0.0,2011,13.2,2001,23.375341196122783,0.409765075061406,978,500,0,0,0.0,0.0
2002,BGR,0.0,0.0,0.0,0.0,0.0,0.0,44,2,0.0454545454545454,2012,15.6,2002,23.52073275516466,0.39957380297474,1106,623,0,0,0.0,0.0
2003,BGR,0.0,0.0,0.0,0.0,0.0,0.0,36,0,0.0,2013,18.2,2003,23.77466751349706,0.396725614983984,1291,669,0,0,0.0,0.0
2004,BGR,0.0,0.0,0.0,0.0,0.0,0.0,51,0,0.0,2014,17.1,2004,23.987411150071427,0.394870299102186,2089,1153,0,0,0.0,0.0
2005,BGR,0.0,0.0,0.0,0.0,0.0,0.0,56,2,0.0357142857142857,2015,17.9,2005,24.120075323629106,0.391768239639892,1816,923,0,0,0.0,0.0
2006,BGR,0.0,0.0,0.0,0.0,0.0,0.0,71,3,0.0422535211267605,2016,17.7,2006,24.26075665542056,0.390978168477482,1739,944,0,0,0.0,0.0
2007,BGR,0.0,0.0,0.0,0.0,0.0,0.0,82,8,0.0975609756097561,2017,17.1,2007,24.517244036969466,0.379433896421962,1809,1004,0,4,0.0,3.9840637450199203
2008,BGR,0.0,0.0,0.0,0.0,0.0,0.0,60,5,0.0833333333333333,2018,19.6,2008,24.721112306525036,0.379679093669861,1398,797,0,1,0.0,1.2547051442910915
2009,BGR,0.0,0.0,0.0,0.0,0.0,0.0,74,6,0.081081081081081,2019,19.3,2009,24.67496740373781,0.37911454016008,1750,953,0,2,0.0,2.0986358866736623
2010,BGR,0.0,0.0,0.0,0.0,0.0,0.0,137,13,0.0948905109489051,2020,21.1,2010,24.65026028672829,0.37746050003868,3169,1665,0,2,0.0,1.2012012012012012
2011,BGR,0.0,0.0,0.0,0.0,0.0,0.0,133,8,0.0601503759398496,2021,20.4,2011,24.77914170835154,0.373560743882027,2791,1464,0,1,0.0,0.6830601092896175
1995,BHR,0.0,0.0,0.0,0.0,0.0,0.0,58,5,0.0862068965517241,2005,0.0,1995,22.48961660055484,0.508142878596693,3904,2037,0,0,0.0,0.0
1996,BHR,0.0,0.0,0.0,0.0,0.0,0.0,56,5,0.0892857142857142,2006,0.0,1996,22.531859801549427,0.510240397997641,3548,1865,0,0,0.0,0.0
1997,BHR,0.0,0.0,0.0,0.0,0.0,0.0,51,4,0.0784313725490196,2007,0.0,1997,22.57159512780022,0.508812783335337,3770,1964,0,0,0.0,0.0
1998,BHR,0.0,0.0,0.0,0.0,0.0,0.0,51,2,0.0392156862745098,2008,0.0,1998,22.54519512106251,0.507323312691355,3159,1678,0,1,0.0,0.5959475566150179
1999,BHR,0.0,0.0,0.0,0.0,0.0,0.0,47,1,0.0212765957446808,2009,0.0,1999,22.613513874848238,0.505370412707461,3411,1807,0,0,0.0,0.0
2000,BHR,0.0,0.0,0.0,0.0,0.0,0.0,33,1,0.0303030303030303,2010,0.0,2000,22.927454876682468,0.504354655173924,3217,1677,0,2,0.0,1.1926058437686344
2001,BHR,0.0,0.0,0.0,0.0,0.0,0.0,33,0,0.0,2011,0.0,2001,22.91784211162274,0.504974594295279,2129,1120,0,0,0.0,0.0
2002,BHR,0.0,0.0,0.0,0.0,0.0,0.0,34,0,0.0,2012,0.0,2002,22.98435273163761,0.504540572528105,2305,1235,0,0,0.0,0.0
2003,BHR,0.0,0.0,0.0,0.0,0.0,0.0,34,0,0.0,2013,0.0,2003,23.12793934280404,0.501730549250323,2264,1263,0,1,0.0,0.7917656373713381
2004,BHR,0.0,0.0,0.0,0.0,0.0,0.0,26,0,0.0,2014,0.0,2004,23.2996997304015,0.49842822676246,1906,1020,0,0,0.0,0.0
2005,BHR,0.0,0.0,0.0,0.0,0.0,0.0,26,0,0.0,2015,0.0,2005,23.493897858846065,0.496905533046646,1824,1002,0,1,0.0,0.998003992015968
2006,BHR,0.0,0.0,0.0,0.0,0.0,0.0,87,5,0.057471264367816,2016,0.0,2006,23.64129386771033,0.494079650127277,2352,1292,0,0,0.0,0.0
2007,BHR,0.0,0.0,0.0,0.0,0.0,0.0,53,6,0.1132075471698113,2017,0.0,2007,23.80195963121475,0.492257692428135,1694,917,0,4,0.0,4.362050163576881
2008,BHR,0.0,0.0,0.0,0.0,0.0,0.0,72,21,0.2916666666666667,2018,0.0,2008,23.970181028939823,0.493529607471314,2313,1272,2,7,1.5723270440251573,5.50314465408805
2009,BHR,0.0,0.0,0.0,0.0,0.0,0.0,63,9,0.1428571428571428,2019,0.0,2009,23.85607026842921,0.493102935316178,2186,1202,1,8,0.831946755407654,6.655574043261232
2010,BHR,0.0,0.0,0.0,0.0,0.0,0.0,55,8,0.1454545454545454,2020,0.0,2010,23.97027308766424,0.493470360349581,1662,911,0,2,0.0,2.1953896816684964
2011,BHR,0.0,0.0,0.0,0.0,0.0,0.0,35,1,0.0285714285714285,2021,0.0,2011,24.08282824596808,0.494275607242901,1256,669,0,1,0.0,1.4947683109118086
1995,BHS,0.0,0.0,0.0,0.0,0.0,0.0,55,3,0.0545454545454545,2005,1.7,1995,21.9555345104272,0.492211430427357,2251,1143,0,3,0.0,2.6246719160104988
1996,BHS,0.0,0.0,0.0,0.0,0.0,0.0,74,9,0.1216216216216216,2006,2.0,1996,22.00669656260706,0.491917547211194,2733,1448,0,1,0.0,0.6906077348066298
1997,BHS,0.0,0.0,0.0,0.0,0.0,0.0,40,10,0.25,2007,3.5,1997,22.568938831423587,0.481418483931867,2050,1079,0,4,0.0,3.7071362372567194
1998,BHS,0.0,0.0,0.0,0.0,0.0,0.0,54,5,0.0925925925925925,2008,2.0,1998,22.645061848919276,0.483029002702146,2105,1130,0,2,0.0,1.7699115044247788
1999,BHS,0.0,0.0,0.0,0.0,0.0,0.0,62,3,0.0483870967741935,2009,1.5,1999,22.762389163437877,0.484238170919971,2293,1238,0,0,0.0,0.0
2000,BHS,0.0,0.0,0.0,0.0,0.0,0.0,49,4,0.0816326530612244,2010,1.3,2000,22.812220732830905,0.483614093672746,1946,1075,0,2,0.0,1.86046511627907
2001,BHS,0.0,0.0,0.0,0.0,0.0,0.0,54,3,0.0555555555555555,2011,1.4,2001,22.841667240453088,0.48309327982481,2500,1360,0,2,0.0,1.4705882352941175
2002,BHS,0.0,0.0,0.0,0.0,0.0,0.0,67,8,0.1194029850746268,2012,1.4,2002,22.907198016049684,0.48027769216082,2046,1024,0,1,0.0,0.9765625
2003,BHS,0.0,0.0,0.0,0.0,0.0,0.0,50,2,0.04,2013,1.4,2003,22.905950779777868,0.479614983695586,2190,1071,0,0,0.0,0.0
2004,BHS,0.0,0.0,0.0,0.0,0.0,0.0,67,9,0.1343283582089552,2014,1.4,2004,22.92661495427364,0.479552386941043,2261,1169,0,3,0.0,2.5662959794696323
2005,BHS,0.0,0.0,0.0,0.0,0.0,0.0,77,10,0.1298701298701298,2015,1.4,2005,23.00933529456253,0.477059595048166,2588,1319,0,5,0.0,3.790750568612585
2006,BHS,0.0,0.0,0.0,0.0,0.0,0.0,78,10,0.1282051282051282,2016,1.2,2006,23.042437607294847,0.476608834115467,2207,1111,0,2,0.0,1.8001800180018002
2007,BHS,0.0,0.0,0.0,0.0,0.0,0.0,74,14,0.1891891891891892,2017,1.1,2007,23.08584853169148,0.476592741480855,2248,1261,0,6,0.0,4.758128469468676
2008,BHS,0.0,0.0,0.0,0.0,0.0,0.0,61,12,0.1967213114754098,2018,1.1,2008,23.077114223878,0.473509914303531,1620,901,0,4,0.0,4.439511653718091
2009,BHS,0.0,0.0,0.0,0.0,0.0,0.0,61,15,0.2459016393442623,2019,1.1,2009,23.024045300772816,0.475320273044303,1600,883,0,6,0.0,6.795016987542469
2010,BHS,0.0,0.0,0.0,0.0,0.0,0.0,78,16,0.2051282051282051,2020,1.4,2010,23.035381370671907,0.474415502493484,1943,1084,1,6,0.9225092250922509,5.535055350553505
2011,BHS,0.0,0.0,0.0,0.0,0.0,0.0,84,10,0.119047619047619,2021,1.1,2011,23.03287122986811,0.471639598404477,2477,1379,1,4,0.7251631617113851,2.9006526468455403
2012,BHS,0.0,0.0,0.0,0.0,0.0,0.0,67,7,0.1044776119402985,2022,1.1,2012,23.095423633292416,0.44396408079612,2830,1515,1,1,0.6600660066006601,0.6600660066006601
1995,BIH,0.0,0.0,0.0,0.0,0.0,0.0,37,1,0.027027027027027,2005,19.7,1995,21.34736994154489,0.428956572792851,1667,822,0,0,0.0,0.0
1996,BIH,0.0,0.0,0.0,0.0,0.0,0.0,73,1,0.0136986301369863,2006,18.1,1996,21.74788897993912,0.42586033963003,1922,942,0,0,0.0,0.0
1997,BIH,0.0,0.0,0.0,0.0,0.0,0.0,56,4,0.0714285714285714,2007,14.8,1997,22.023977806681145,0.419531756036504,2143,1151,0,0,0.0,0.0
1998,BIH,0.0,0.0,0.0,0.0,0.0,0.0,47,0,0.0,2008,14.3,1998,22.13833599359537,0.417705364554095,1804,933,0,0,0.0,0.0
1999,BIH,0.0,0.0,0.0,0.0,0.0,0.0,46,0,0.0,2009,17.4,1999,22.267899674266605,0.416777497859794,2205,1117,0,0,0.0,0.0
2000,BIH,0.0,0.0,0.0,0.0,0.0,0.0,54,1,0.0185185185185185,2010,19.6,2000,22.440261178874955,0.418168633977009,2527,1288,0,0,0.0,0.0
2001,BIH,0.0,0.0,0.0,0.0,0.0,0.0,30,0,0.0,2011,14.2,2001,22.481230054365994,0.411026518319852,1522,778,0,0,0.0,0.0
2002,BIH,0.0,0.0,0.0,0.0,0.0,0.0,43,0,0.0,2012,15.3,2002,22.62957638497664,0.408594082638109,1737,915,0,0,0.0,0.0
2003,BIH,0.0,0.0,0.0,0.0,0.0,0.0,41,1,0.024390243902439,2013,19.5,2003,22.863201798790342,0.405341562044851,2275,1181,0,0,0.0,0.0
2004,BIH,0.0,0.0,0.0,0.0,0.0,0.0,64,0,0.0,2014,23.6,2004,23.041383803621866,0.403968686115678,1961,1032,0,1,0.0,0.9689922480620154
2005,BIH,0.0,0.0,0.0,0.0,0.0,0.0,56,1,0.0178571428571428,2015,25.2,2005,23.14121292141085,0.402877427635189,2154,1140,0,0,0.0,0.0
2006,BIH,0.0,0.0,0.0,0.0,0.0,0.0,106,2,0.0188679245283018,2016,23.0,2006,23.277764022130803,0.400331922300737,2456,1283,0,0,0.0,0.0
2007,BIH,0.0,0.0,0.0,0.0,0.0,0.0,97,4,0.0412371134020618,2017,18.5,2007,23.481929118553158,0.399441901016669,2453,1384,0,2,0.0,1.445086705202312
2008,BIH,0.0,0.0,0.0,0.0,0.0,0.0,61,0,0.0,2018,35.4,2008,23.67362416724027,0.395286487980424,1429,709,0,0,0.0,0.0
2009,BIH,0.0,0.0,0.0,0.0,0.0,0.0,81,9,0.1111111111111111,2019,36.8,2009,23.5919568177701,0.395684330608918,2300,1258,0,2,0.0,1.589825119236884
2010,BIH,0.0,0.0,0.0,0.0,0.0,0.0,48,2,0.0416666666666666,2020,37.7,2010,23.56679757591156,0.394631451365268,1034,529,0,0,0.0,0.0
2011,BIH,0.0,0.0,0.0,0.0,0.0,0.0,78,8,0.1025641025641025,2021,36.6,2011,23.64880303601407,0.392350923504065,2241,1212,0,4,0.0,3.3003300330033003
1995,BLR,0.0,0.0,0.0,0.0,0.0,0.0,66,2,0.0303030303030303,2005,6.8,1995,23.360369605388744,0.401475251417806,2969,1519,0,0,0.0,0.0
1996,BLR,0.0,0.0,0.0,0.0,0.0,0.0,37,5,0.1351351351351351,2006,7.2,1996,23.414972958083688,0.399757226499958,2067,1123,0,0,0.0,0.0
1997,BLR,0.0,0.0,0.0,0.0,0.0,0.0,50,6,0.12,2007,7.3,1997,23.37145339927436,0.401574817573116,2823,1485,0,0,0.0,0.0
1998,BLR,0.0,0.0,0.0,0.0,0.0,0.0,65,8,0.123076923076923,2008,7.1,1998,23.44600841848224,0.399943335700088,2571,1407,0,0,0.0,0.0
1999,BLR,0.0,0.0,0.0,0.0,0.0,0.0,59,3,0.0508474576271186,2009,7.4,1999,23.219646946931285,0.400054763573844,2251,1215,0,1,0.0,0.823045267489712
2000,BLR,0.0,0.0,0.0,0.0,0.0,0.0,39,4,0.1025641025641025,2010,7.3,2000,23.267765739853346,0.404469669853969,1752,932,0,1,0.0,1.0729613733905579
2001,BLR,0.0,0.0,0.0,0.0,0.0,0.0,60,4,0.0666666666666666,2011,7.5,2001,23.237312118935822,0.401119286199444,2630,1402,0,0,0.0,0.0
2002,BLR,0.0,0.0,0.0,0.0,0.0,0.0,60,7,0.1166666666666666,2012,7.2,2002,23.403939915512368,0.3990539291971,1965,1104,0,0,0.0,0.0
2003,BLR,0.0,0.0,0.0,0.0,0.0,0.0,49,5,0.1020408163265306,2013,7.0,2003,23.6038923461714,0.396600693114588,2056,1077,0,1,0.0,0.9285051067780873
2004,BLR,0.0,0.0,0.0,0.0,0.0,0.0,58,6,0.1034482758620689,2014,6.7,2004,23.86489740137248,0.393760628425878,1972,1036,1,0,0.9652509652509653,0.0
2005,BLR,0.0,0.0,0.0,0.0,0.0,0.0,40,2,0.05,2015,6.8,2005,24.13144187229403,0.390742906940375,1263,619,0,0,0.0,0.0
2006,BLR,0.0,0.0,0.0,0.0,0.0,0.0,85,7,0.0823529411764705,2016,6.7,2006,24.33315139170337,0.389881170597237,1982,1004,0,1,0.0,0.9960159362549801
2007,BLR,0.0,0.0,0.0,0.0,0.0,0.0,59,17,0.288135593220339,2017,7.3,2007,24.536037343219142,0.388458937505342,1538,831,6,5,7.220216606498195,6.016847172081829
2008,BLR,0.0,0.0,0.0,0.0,0.0,0.0,60,14,0.2333333333333333,2018,7.2,2008,24.830068761142023,0.388522287339219,1608,866,1,6,1.1547344110854503,6.928406466512702
2009,BLR,0.0,0.0,0.0,0.0,0.0,0.0,83,10,0.1204819277108433,2019,7.8,2009,24.65260173701386,0.38487025247574,2046,1076,4,1,3.717472118959108,0.929368029739777
2010,BLR,0.0,0.0,0.0,0.0,0.0,0.0,73,22,0.3013698630136986,2020,8.4,2010,24.7703773515661,0.386509469154487,1854,1007,5,4,4.96524329692155,3.972194637537239
2011,BLR,0.0,0.0,0.0,0.0,0.0,0.0,89,8,0.0898876404494382,2021,8.2,2011,24.846559645814416,0.384771992610251,1930,1028,1,1,0.9727626459143969,0.9727626459143969
1995,BLZ,0.0,0.0,0.0,0.0,0.0,0.0,74,4,0.054054054054054,2005,25.6,1995,20.522983954775466,0.524659428660379,2562,1385,0,1,0.0,0.7220216606498194
1996,BLZ,0.0,0.0,0.0,0.0,0.0,0.0,64,2,0.03125,2006,32.7,1996,20.562510058067016,0.52423573142815,2392,1298,0,0,0.0,0.0
1997,BLZ,0.0,0.0,0.0,0.0,0.0,0.0,67,6,0.0895522388059701,2007,28.0,1997,20.581702272624625,0.522990263707699,2794,1519,0,3,0.0,1.9749835418038184
1998,BLZ,0.0,0.0,0.0,0.0,0.0,0.0,29,5,0.1724137931034483,2008,29.8,1998,20.633341129418422,0.518213246138729,1671,879,0,3,0.0,3.4129692832764507
1999,BLZ,0.0,0.0,0.0,0.0,0.0,0.0,50,0,0.0,2009,25.1,1999,20.69794802896212,0.517302931896389,2511,1241,0,0,0.0,0.0
2000,BLZ,0.0,0.0,0.0,0.0,0.0,0.0,54,9,0.1666666666666666,2010,29.4,2000,20.83301670090553,0.511052263994351,1579,824,0,5,0.0,6.067961165048543
2001,BLZ,0.0,0.0,0.0,0.0,0.0,0.0,39,6,0.1538461538461538,2011,42.2,2001,20.874268710482937,0.511776580254909,1514,811,0,5,0.0,6.165228113440198
2002,BLZ,0.0,0.0,0.0,0.0,0.0,0.0,34,1,0.0294117647058823,2012,47.9,2002,20.93271606112862,0.495689492772887,1373,704,0,0,0.0,0.0
2003,BLZ,0.0,0.0,0.0,0.0,0.0,0.0,17,1,0.0588235294117647,2013,38.0,2003,20.98409045522831,0.497233946712579,836,427,0,0,0.0,0.0
2004,BLZ,0.0,0.0,0.0,0.0,0.0,0.0,39,1,0.0256410256410256,2014,37.4,2004,21.052209807146838,0.509239210327724,1856,952,0,1,0.0,1.050420168067227
2005,BLZ,0.0,0.0,0.0,0.0,0.0,0.0,32,7,0.21875,2015,30.3,2005,21.10272914251557,0.504024068161136,1149,609,0,5,0.0,8.210180623973727
2006,BLZ,0.0,0.0,0.0,0.0,0.0,0.0,102,4,0.0392156862745098,2016,33.3,2006,21.181323395173745,0.503215269272995,2283,1179,0,0,0.0,0.0
2007,BLZ,0.0,0.0,0.0,0.0,0.0,0.0,44,17,0.3863636363636363,2017,37.2,2007,21.251538374316123,0.50681421412473,1062,565,0,13,0.0,23.008849557522122
2008,BLZ,0.0,0.0,0.0,0.0,0.0,0.0,75,8,0.1066666666666666,2018,35.5,2008,21.270809043647564,0.503122931899689,2091,1033,0,3,0.0,2.904162633107454
2009,BLZ,0.0,0.0,0.0,0.0,0.0,0.0,111,17,0.1531531531531531,2019,30.4,2009,21.242357205129437,0.497873847592624,2541,1372,0,9,0.0,6.559766763848397
2010,BLZ,0.0,0.0,0.0,0.0,0.0,0.0,67,5,0.0746268656716417,2020,31.4,2010,21.27628850941219,0.498644390523068,1279,729,0,0,0.0,0.0
2011,BLZ,0.0,0.0,0.0,0.0,0.0,0.0,53,13,0.2452830188679245,2021,26.6,2011,21.32182757501649,0.495181179971254,1322,729,1,11,1.371742112482853,15.089163237311386
2012,BLZ,0.0,0.0,0.0,0.0,0.0,0.0,45,5,0.1111111111111111,2022,30.8,2012,21.366697425260423,0.49282283829527,2013,1042,0,7,0.0,6.717850287907869
1995,BOL,0.0,0.0,0.0,0.0,0.0,0.0,29,2,0.0689655172413793,2005,24.6,1995,22.627633821358117,0.500597943101029,1968,1057,0,1,0.0,0.9460737937559129
1996,BOL,0.0,0.0,0.0,0.0,0.0,0.0,36,0,0.0,2006,23.7,1996,22.724333373456428,0.497193590316879,2927,1591,0,0,0.0,0.0
1997,BOL,0.0,0.0,0.0,0.0,0.0,0.0,59,4,0.0677966101694915,2007,22.1,1997,22.79338106330863,0.49378571312935,2202,1126,0,0,0.0,0.0
1998,BOL,0.0,0.0,0.0,0.0,0.0,0.0,73,0,0.0,2008,21.3,1998,22.863037149684352,0.490820232664631,2690,1347,0,0,0.0,0.0
1999,BOL,0.0,0.0,0.0,0.0,0.0,0.0,53,0,0.0,2009,20.6,1999,22.8377202076503,0.49052004470568,1989,1011,0,0,0.0,0.0
2000,BOL,0.0,0.0,0.0,0.0,0.0,0.0,25,1,0.04,2010,19.9,2000,22.85124226461974,0.490901567095203,1651,866,0,0,0.0,0.0
2001,BOL,0.0,0.0,0.0,0.0,0.0,0.0,34,2,0.0588235294117647,2011,18.1,2001,22.820242404872108,0.489991202415782,1475,732,0,0,0.0,0.0
2002,BOL,0.0,0.0,0.0,0.0,0.0,0.0,35,0,0.0,2012,17.4,2002,22.79082267776767,0.490782180825104,1537,794,0,0,0.0,0.0
2003,BOL,0.0,0.0,0.0,0.0,0.0,0.0,43,0,0.0,2013,16.0,2003,22.812954693964265,0.48984159825496,1899,939,0,0,0.0,0.0
2004,BOL,0.0,0.0,0.0,0.0,0.0,0.0,48,5,0.1041666666666666,2014,15.0,2004,22.89499615221272,0.487466056380122,2005,1004,1,0,0.9960159362549801,0.0
2005,BOL,0.0,0.0,0.0,0.0,0.0,0.0,20,0,0.0,2015,14.2,2005,22.97971508281768,0.487220377894403,1062,573,0,0,0.0,0.0
2006,BOL,0.0,0.0,0.0,0.0,0.0,0.0,98,16,0.1632653061224489,2016,13.6,2006,23.161416722432037,0.481327300836945,2226,1091,0,9,0.0,8.249312557286892
2007,BOL,0.0,0.0,0.0,0.0,0.0,0.0,130,26,0.2,2017,14.3,2007,23.297411832242663,0.47974993239053,2777,1311,0,14,0.0,10.678871090770405
2008,BOL,0.0,0.0,0.0,0.0,0.0,0.0,144,18,0.125,2018,14.3,2008,23.537133068227835,0.477860805428299,2857,1369,0,6,0.0,4.382761139517896
2009,BOL,0.0,0.0,0.0,0.0,0.0,0.0,103,20,0.1941747572815534,2019,13.5,2009,23.57628135812569,0.473301169839634,2391,1157,0,5,0.0,4.32152117545376
2010,BOL,0.0,0.0,0.0,0.0,0.0,0.0,154,49,0.3181818181818182,2020,16.9,2010,23.701329162746205,0.470162802596868,3127,1514,0,16,0.0,10.568031704095112
2011,BOL,0.0,0.0,0.0,0.0,0.0,0.0,178,31,0.1741573033707865,2021,12.8,2011,23.89978361187337,0.470172163121883,3647,1779,0,13,0.0,7.307476110174256
1995,BRA,0.0,0.0,0.0,0.0,0.0,0.0,74,3,0.0405405405405405,2005,46.1,1995,27.36879017214546,0.422915672296515,3507,1917,0,0,0.0,0.0
1996,BRA,0.0,0.0,0.0,0.0,0.0,0.0,65,7,0.1076923076923077,2006,46.7,1996,27.469003746501432,0.422642468290419,2930,1542,0,0,0.0,0.0
1997,BRA,0.0,0.0,0.0,0.0,0.0,0.0,91,2,0.0219780219780219,2007,47.2,1997,27.506824818639338,0.420100742418417,2581,1400,0,0,0.0,0.0
1998,BRA,0.0,0.0,0.0,0.0,0.0,0.0,61,5,0.081967213114754,2008,47.0,1998,27.48450406755228,0.415543187389677,2960,1539,1,0,0.649772579597141,0.0
1999,BRA,0.0,0.0,0.0,0.0,0.0,0.0,51,2,0.0392156862745098,2009,48.9,1999,27.119598772559154,0.412494863096654,2429,1279,0,0,0.0,0.0
2000,BRA,0.0,0.0,0.0,0.0,0.0,0.0,56,3,0.0535714285714285,2010,46.8,2000,27.208585095448797,0.408765029250017,2402,1235,0,0,0.0,0.0
2001,BRA,0.0,0.0,0.0,0.0,0.0,0.0,52,4,0.0769230769230769,2011,45.2,2001,27.051173520387916,0.405245317095169,2182,1109,0,1,0.0,0.9017132551848511
2002,BRA,0.0,0.0,0.0,0.0,0.0,0.0,33,2,0.0606060606060606,2012,43.5,2002,26.95727505208392,0.399182853336009,1449,782,0,0,0.0,0.0
2003,BRA,0.0,0.0,0.0,0.0,0.0,0.0,74,6,0.081081081081081,2013,42.3,2003,27.04804357213373,0.396193884764455,2503,1355,0,0,0.0,0.0
2004,BRA,0.0,0.0,0.0,0.0,0.0,0.0,62,6,0.0967741935483871,2014,41.7,2004,27.22948227287524,0.393797349423473,1981,1073,0,1,0.0,0.9319664492078285
2005,BRA,0.0,0.0,0.0,0.0,0.0,0.0,55,3,0.0545454545454545,2015,43.7,2005,27.516321376929792,0.389570340517964,1982,1079,0,1,0.0,0.9267840593141798
2006,BRA,0.0,0.0,0.0,0.0,0.0,0.0,106,5,0.0471698113207547,2016,45.4,2006,27.73324074445296,0.386013323968372,1946,1014,0,0,0.0,0.0
2007,BRA,0.0,0.0,0.0,0.0,0.0,0.0,95,34,0.3578947368421052,2017,45.3,2007,27.965429973309067,0.385352422797079,1565,897,1,9,1.1148272017837235,10.033444816053512
2008,BRA,0.0,0.0,0.0,0.0,0.0,0.0,75,15,0.2,2018,46.9,2008,28.159208385403623,0.383648142692658,1615,897,2,1,2.229654403567447,1.1148272017837235
2009,BRA,0.0,0.0,0.0,0.0,0.0,0.0,91,27,0.2967032967032967,2019,47.5,2009,28.142044496734325,0.380868159662889,1897,1025,0,9,0.0,8.78048780487805
2010,BRA,0.0,0.0,0.0,0.0,0.0,0.0,111,10,0.09009009009009,2020,50.0,2010,28.42348775048895,0.379471147615072,2154,1182,0,3,0.0,2.5380710659898473
2011,BRA,0.0,0.0,0.0,0.0,0.0,0.0,113,9,0.079646017699115,2021,46.5,2011,28.592727412691527,0.378298217588255,2484,1278,1,4,0.7824726134585289,3.1298904538341157
1995,BRB,0.0,0.0,0.0,0.0,0.0,0.0,62,3,0.0483870967741935,2005,8.7,1995,21.51940908325432,0.424648678662381,2493,1391,0,1,0.0,0.7189072609633358
1996,BRB,0.0,0.0,0.0,0.0,0.0,0.0,59,7,0.1186440677966101,2006,8.8,1996,21.583470926508365,0.424638141470959,2441,1294,0,0,0.0,0.0
1997,BRB,0.0,0.0,0.0,0.0,0.0,0.0,74,9,0.1216216216216216,2007,8.6,1997,21.63891001184765,0.426065439547042,2740,1547,0,1,0.0,0.6464124111182935
1998,BRB,0.0,0.0,0.0,0.0,0.0,0.0,64,7,0.109375,2008,7.6,1998,21.7589679590544,0.426158811423638,2409,1353,1,0,0.7390983000739099,0.0
1999,BRB,0.0,0.0,0.0,0.0,0.0,0.0,61,8,0.1311475409836065,2009,8.5,1999,21.80568851321228,0.424488908436136,2725,1442,0,0,0.0,0.0
2000,BRB,0.0,0.0,0.0,0.0,0.0,0.0,66,4,0.0606060606060606,2010,8.2,2000,21.84151734086687,0.422548119553568,3293,1747,0,1,0.0,0.5724098454493417
2001,BRB,0.0,0.0,0.0,0.0,0.0,0.0,48,1,0.0208333333333333,2011,4.1,2001,21.839881750054097,0.423351215942377,2344,1251,0,0,0.0,0.0
2002,BRB,0.0,0.0,0.0,0.0,0.0,0.0,51,2,0.0392156862745098,2012,3.8,2002,21.85676252746802,0.437819586228799,2056,1129,0,1,0.0,0.8857395925597874
2003,BRB,0.0,0.0,0.0,0.0,0.0,0.0,43,3,0.0697674418604651,2013,3.1,2003,21.889380998716103,0.435316848461807,2246,1181,0,0,0.0,0.0
2004,BRB,0.0,0.0,0.0,0.0,0.0,0.0,54,7,0.1296296296296296,2014,3.0,2004,21.960044592997523,0.424945528972846,2607,1440,0,5,0.0,3.472222222222222
2005,BRB,0.0,0.0,0.0,0.0,0.0,0.0,36,2,0.0555555555555555,2015,3.0,2005,22.063385360945688,0.428027826164209,2029,1129,0,3,0.0,2.657218777679362
2006,BRB,0.0,0.0,0.0,0.0,0.0,0.0,73,1,0.0136986301369863,2016,2.8,2006,22.162496706637636,0.429150340134529,1915,1009,0,1,0.0,0.9910802775024776
2007,BRB,0.0,0.0,0.0,0.0,0.0,0.0,78,8,0.1025641025641025,2017,4.3,2007,22.26528266698564,0.433550871123324,2137,1154,0,9,0.0,7.79896013864818
2008,BRB,0.0,0.0,1.0,0.0,0.0,1.0,67,13,0.1940298507462686,2018,4.9,2008,22.288736208646267,0.431045691558565,2159,1164,0,10,0.0,8.591065292096221
2009,BRB,0.0,0.0,0.0,0.0,0.0,0.0,91,15,0.1648351648351648,2019,3.4,2009,22.21968225208644,0.444322362435984,2325,1275,1,8,0.7843137254901961,6.2745098039215685
2010,BRB,0.0,0.0,0.0,0.0,0.0,0.0,89,23,0.2584269662921348,2020,4.7,2010,22.233971948501523,0.443796475629533,2459,1374,0,9,0.0,6.550218340611353
2011,BRB,0.0,0.0,0.0,0.0,0.0,0.0,82,10,0.1219512195121951,2021,5.5,2011,22.261787482926238,0.436429273096044,2176,1103,0,2,0.0,1.813236627379873
2012,BRB,0.0,0.0,0.0,0.0,0.0,0.0,56,18,0.3214285714285714,2022,5.5,2012,22.25151451803316,0.425657856444345,2083,1164,5,10,4.295532646048111,8.591065292096221
1995,BRN,0.0,0.0,0.0,0.0,0.0,0.0,46,5,0.108695652173913,2005,0.0,1995,22.27805821852148,0.45209949149016,1454,725,0,0,0.0,0.0
1996,BRN,0.0,0.0,0.0,0.0,0.0,0.0,47,3,0.0638297872340425,2006,0.0,1996,22.355532126631797,0.451479737276888,1367,681,0,0,0.0,0.0
1997,BRN,0.0,0.0,0.0,0.0,0.0,0.0,49,2,0.0408163265306122,2007,0.0,1997,22.37140751259204,0.450975205239721,1203,599,0,0,0.0,0.0
1998,BRN,0.0,0.0,0.0,0.0,0.0,0.0,21,1,0.0476190476190476,2008,0.0,1998,22.12226494811076,0.452059290640198,742,369,0,1,0.0,2.710027100271003
1999,BRN,0.0,0.0,0.0,0.0,0.0,0.0,44,1,0.0227272727272727,2009,0.0,1999,22.24934770620161,0.451973347171077,1274,609,0,0,0.0,0.0
2000,BRN,0.0,0.0,0.0,0.0,0.0,0.0,32,1,0.03125,2010,0.0,2000,22.515238774055245,0.45155186713628,813,393,0,0,0.0,0.0
2001,BRN,0.0,0.0,0.0,0.0,0.0,0.0,28,1,0.0357142857142857,2011,0.0,2001,22.44621460505777,0.448056668152313,685,352,0,0,0.0,0.0
2002,BRN,0.0,0.0,0.0,0.0,0.0,0.0,47,0,0.0,2012,0.0,2002,22.48857303955063,0.43962487512281,1172,569,0,0,0.0,0.0
2003,BRN,0.0,0.0,0.0,0.0,0.0,0.0,45,0,0.0,2013,0.0,2003,22.603859381816985,0.437000274154839,1185,572,0,0,0.0,0.0
2004,BRN,0.0,0.0,0.0,0.0,0.0,0.0,46,3,0.0652173913043478,2014,0.0,2004,22.78660356179132,0.433877779646359,1324,697,0,0,0.0,0.0
2005,BRN,0.0,0.0,0.0,0.0,0.0,0.0,41,1,0.024390243902439,2015,0.0,2005,22.97785924911833,0.430741399151522,1092,565,0,0,0.0,0.0
2006,BRN,0.0,0.0,0.0,0.0,0.0,0.0,46,6,0.1304347826086956,2016,0.0,2006,23.16304107808604,0.433011918115751,922,477,0,0,0.0,0.0
2007,BRN,0.0,0.0,0.0,0.0,0.0,0.0,44,7,0.1590909090909091,2017,0.0,2007,23.228602425644542,0.426884874192581,769,370,0,3,0.0,8.108108108108109
2008,BRN,0.0,0.0,0.0,0.0,0.0,0.0,52,4,0.0769230769230769,2018,0.0,2008,23.390038218127973,0.429681587574064,1055,523,0,1,0.0,1.9120458891013383
2009,BRN,0.0,0.0,0.0,0.0,0.0,0.0,52,1,0.0192307692307692,2019,0.0,2009,23.096551023201314,0.429673777822963,865,387,0,0,0.0,0.0
2010,BRN,0.0,0.0,0.0,0.0,0.0,0.0,32,4,0.125,2020,0.0,2010,23.341192587067138,0.422151416146014,644,320,0,1,0.0,3.125
2011,BRN,0.0,0.0,0.0,0.0,0.0,0.0,54,2,0.037037037037037,2021,0.0,2011,23.642393930101907,0.423449417124086,1129,585,0,1,0.0,1.7094017094017093
1995,BTN,0.0,0.0,0.0,0.0,0.0,0.0,45,4,0.0888888888888888,2005,88.7,1995,19.487083107268884,0.558750470244741,1568,862,0,1,0.0,1.160092807424594
1996,BTN,0.0,0.0,0.0,0.0,0.0,0.0,66,3,0.0454545454545454,2006,91.6,1996,19.530590122193463,0.559518591632572,2239,1188,0,0,0.0,0.0
1997,BTN,0.0,0.0,0.0,0.0,0.0,0.0,36,0,0.0,2007,92.0,1997,19.679792312514984,0.559163925458723,1567,824,0,0,0.0,0.0
1998,BTN,0.0,0.0,0.0,0.0,0.0,0.0,50,2,0.04,2008,87.8,1998,19.711175352921945,0.558611552382473,1615,843,0,1,0.0,1.1862396204033216
1999,BTN,0.0,0.0,0.0,0.0,0.0,0.0,37,0,0.0,2009,87.8,1999,19.805251611710457,0.557480929601086,1472,822,0,0,0.0,0.0
2001,BTN,0.0,0.0,0.0,0.0,0.0,0.0,34,1,0.0294117647058823,2011,84.9,2001,19.949948364341054,0.568048732479343,1171,567,1,0,1.763668430335097,0.0
2002,BTN,0.0,0.0,0.0,0.0,0.0,0.0,27,0,0.0,2012,82.8,2002,20.07096522346881,0.556137699376963,976,505,0,0,0.0,0.0
2003,BTN,0.0,0.0,0.0,0.0,0.0,0.0,23,3,0.1304347826086956,2013,81.7,2003,20.2190837168257,0.557112070825751,820,442,0,0,0.0,0.0
2004,BTN,0.0,0.0,0.0,0.0,0.0,0.0,27,2,0.074074074074074,2014,82.1,2004,20.34138600685261,0.562689788432201,1045,573,0,0,0.0,0.0
2005,BTN,0.0,0.0,0.0,0.0,0.0,0.0,51,10,0.196078431372549,2015,81.6,2005,20.49628815975653,0.564225265142858,1613,858,0,1,0.0,1.1655011655011656
2006,BTN,0.0,0.0,0.0,0.0,0.0,0.0,52,4,0.0769230769230769,2016,80.8,2006,20.58972271248164,0.578504175171627,1233,663,0,0,0.0,0.0
2007,BTN,0.0,0.0,0.0,0.0,0.0,0.0,63,13,0.2063492063492063,2017,79.7,2007,20.878822021446208,0.569596602722692,1418,770,0,5,0.0,6.493506493506494
2008,BTN,0.0,0.0,0.0,0.0,0.0,0.0,59,12,0.2033898305084746,2018,80.0,2008,20.928497329688632,0.55937991012402,1668,843,0,5,0.0,5.931198102016607
2009,BTN,0.0,0.0,0.0,0.0,0.0,0.0,71,20,0.2816901408450704,2019,81.0,2009,20.93353903301883,0.553401050925005,1538,887,1,6,1.1273957158962795,6.764374295377677
2010,BTN,0.0,0.0,0.0,0.0,0.0,0.0,61,14,0.2295081967213114,2020,83.9,2010,21.160223738065685,0.555904546640025,1744,946,0,11,0.0,11.627906976744185
2011,BTN,0.0,0.0,0.0,0.0,0.0,0.0,53,9,0.1698113207547169,2021,81.8,2011,21.298250114334444,0.552608631591002,1214,639,0,1,0.0,1.5649452269170578
2012,BTN,0.0,0.0,0.0,0.0,0.0,0.0,40,7,0.175,2022,82.5,2012,21.300598139381652,0.549231530172097,1428,740,0,1,0.0,1.3513513513513513
1995,BWA,0.0,0.0,0.0,0.0,0.0,0.0,66,2,0.0303030303030303,2005,33.0,1995,22.277317815980364,0.554954328280946,2797,1478,0,0,0.0,0.0
1996,BWA,0.0,0.0,0.0,0.0,0.0,0.0,55,0,0.0,2006,31.8,1996,22.3017821059166,0.547280414357512,1993,1066,0,0,0.0,0.0
1997,BWA,0.0,0.0,0.0,0.0,0.0,0.0,61,1,0.0163934426229508,2007,29.0,1997,22.33674859156576,0.543773824424663,2723,1433,0,0,0.0,0.0
1998,BWA,0.0,0.0,0.0,0.0,0.0,0.0,72,0,0.0,2008,27.8,1998,22.28989676711664,0.539280814439267,2302,1230,0,0,0.0,0.0
1999,BWA,0.0,0.0,0.0,0.0,0.0,0.0,70,3,0.0428571428571428,2009,28.9,1999,22.425148564308653,0.53543883109338,2801,1437,0,0,0.0,0.0
2000,BWA,0.0,0.0,0.0,0.0,0.0,0.0,56,1,0.0178571428571428,2010,29.9,2000,22.479109591053454,0.533736170401876,1914,996,0,0,0.0,0.0
2001,BWA,0.0,0.0,0.0,0.0,0.0,0.0,46,1,0.0217391304347826,2011,28.9,2001,22.426122742017185,0.530747496125653,1801,939,0,0,0.0,0.0
2002,BWA,0.0,0.0,0.0,0.0,0.0,0.0,46,0,0.0,2012,27.8,2002,22.41683610193704,0.529747487717766,1681,855,1,0,1.1695906432748537,0.0
2003,BWA,0.0,0.0,0.0,0.0,0.0,0.0,59,1,0.0169491525423728,2013,26.7,2003,22.73971195603282,0.526509360483243,1858,988,0,0,0.0,0.0
2004,BWA,0.0,0.0,0.0,0.0,0.0,0.0,64,3,0.046875,2014,25.8,2004,22.915753402001524,0.522797978961536,2046,1050,0,0,0.0,0.0
2006,BWA,0.0,0.0,1.0,0.0,0.0,0.0,116,6,0.0517241379310344,2016,26.7,2006,23.017733924201337,0.519633406303759,2286,1191,0,1,0.0,0.8396305625524769
2007,BWA,0.0,0.0,0.0,0.0,0.0,0.0,91,12,0.1318681318681318,2017,26.7,2007,23.08102738740179,0.522996366562907,2006,1082,0,4,0.0,3.6968576709796674
2008,BWA,0.0,0.0,0.0,0.0,0.0,0.0,110,7,0.0636363636363636,2018,25.6,2008,23.09638661260196,0.519027143383942,2470,1308,0,1,0.0,0.764525993883792
2009,BWA,0.0,0.0,0.0,0.0,0.0,0.0,88,10,0.1136363636363636,2019,26.2,2009,23.03762728704789,0.513135270079098,1952,1038,0,5,0.0,4.816955684007707
2010,BWA,0.0,0.0,0.0,0.0,0.0,0.0,46,8,0.1739130434782608,2020,27.7,2010,23.25991649266542,0.506666181888661,1330,717,0,3,0.0,4.184100418410042
2011,BWA,0.0,0.0,0.0,0.0,0.0,0.0,86,11,0.127906976744186,2021,27.4,2011,23.438665158719104,0.50138928640155,2326,1277,1,7,0.7830853563038371,5.481597494126859
1995,CAF,0.0,0.0,0.0,0.0,0.0,0.0,34,0,0.0,2005,91.0,1995,20.832469664211462,0.575596996737772,2421,1262,0,2,0.0,1.5847860538827259
1996,CAF,0.0,0.0,0.0,0.0,0.0,0.0,49,0,0.0,2006,90.8,1996,20.73102676984576,0.57377234639154,2448,1273,0,0,0.0,0.0
1997,CAF,0.0,0.0,0.0,0.0,0.0,0.0,28,0,0.0,2007,90.9,1997,20.65898489585892,0.57890382862648,1997,1050,0,0,0.0,0.0
1998,CAF,0.0,0.0,0.0,0.0,0.0,0.0,37,0,0.0,2008,93.6,1998,20.6900589305695,0.579640324276198,1717,880,0,0,0.0,0.0
2000,CAF,0.0,0.0,0.0,0.0,0.0,0.0,38,0,0.0,2010,93.8,2000,20.63637512471286,0.58235411486098,2363,1226,0,0,0.0,0.0
2001,CAF,0.0,0.0,0.0,0.0,0.0,0.0,31,0,0.0,2011,93.3,2001,20.653539058072447,0.575798998971252,1692,895,0,0,0.0,0.0
2002,CAF,0.0,0.0,0.0,0.0,0.0,0.0,33,4,0.1212121212121212,2012,93.1,2002,20.71932623248549,0.581668122364359,1412,726,0,0,0.0,0.0
2003,CAF,0.0,0.0,0.0,0.0,0.0,0.0,16,0,0.0,2013,95.1,2003,20.856323198986185,0.580242558319141,1196,655,0,0,0.0,0.0
2004,CAF,0.0,0.0,0.0,0.0,0.0,0.0,46,1,0.0217391304347826,2014,94.8,2004,20.96413968702144,0.573017155942997,2647,1437,0,1,0.0,0.6958942240779402
2005,CAF,0.0,0.0,0.0,0.0,0.0,0.0,50,3,0.06,2015,92.9,2005,21.014362856822125,0.587356644873916,2142,1111,0,0,0.0,0.0
2006,CAF,0.0,0.0,0.0,0.0,0.0,0.0,56,4,0.0714285714285714,2016,92.1,2006,21.10297527233262,0.574083697486351,1636,909,0,4,0.0,4.4004400440044
2007,CAF,0.0,0.0,0.0,0.0,0.0,0.0,57,21,0.3684210526315789,2017,91.6,2007,21.253783077729523,0.585206418105067,1623,894,0,11,0.0,12.304250559284117
2008,CAF,0.0,0.0,0.0,0.0,0.0,0.0,58,14,0.2413793103448276,2018,91.4,2008,21.41311151704644,0.585161505508696,1610,858,0,4,0.0,4.662004662004662
2009,CAF,0.0,0.0,0.0,0.0,0.0,0.0,87,21,0.2413793103448276,2019,91.3,2009,21.449548746948366,0.60140632445964,2459,1370,0,18,0.0,13.138686131386862
2010,CAF,0.0,0.0,0.0,0.0,0.0,0.0,62,9,0.1451612903225806,2020,90.9,2010,21.485281932844394,0.586140130084722,1705,954,0,2,0.0,2.0964360587002098
2011,CAF,0.0,0.0,0.0,0.0,0.0,0.0,56,7,0.125,2021,90.9,2011,21.61443677487123,0.59455454968281,1449,782,0,3,0.0,3.8363171355498724
2012,CAF,0.0,0.0,0.0,0.0,0.0,0.0,42,2,0.0476190476190476,2022,90.9,2012,21.643598991210386,0.589524288081051,1923,1052,0,1,0.0,0.9505703422053232
1995,CAN,0.0,0.0,0.0,0.0,0.0,0.0,113,6,0.0530973451327433,2005,21.6,1995,27.130048519588836,0.315285977358295,3899,2191,0,2,0.0,0.9128251939753537
1996,CAN,0.0,0.0,0.0,0.0,0.0,0.0,95,10,0.1052631578947368,2006,21.5,1996,27.169934393264143,0.315579718888399,3488,1884,1,1,0.5307855626326964,0.5307855626326964
1997,CAN,0.0,0.0,0.0,0.0,0.0,0.0,99,3,0.0303030303030303,2007,21.6,1997,27.207882648834847,0.315269517334148,3784,2072,0,0,0.0,0.0
1998,CAN,0.0,0.0,0.0,0.0,0.0,0.0,92,7,0.0760869565217391,2008,21.6,1998,27.17531121763435,0.314702279977344,2694,1474,0,1,0.0,0.6784260515603798
1999,CAN,0.0,0.0,0.0,0.0,0.0,0.0,59,1,0.0169491525423728,2009,22.2,1999,27.24301765556084,0.314251953404275,2234,1191,0,0,0.0,0.0
2000,CAN,0.0,0.0,0.0,0.0,0.0,0.0,70,1,0.0142857142857142,2010,21.4,2000,27.336345869377524,0.313934800599453,2801,1457,0,0,0.0,0.0
2001,CAN,0.0,0.0,0.0,0.0,0.0,0.0,54,1,0.0185185185185185,2011,21.5,2001,27.328513322312883,0.313860971128918,2079,1068,0,0,0.0,0.0
2002,CAN,0.0,0.0,0.0,0.0,0.0,0.0,51,2,0.0392156862745098,2012,21.8,2002,27.35743829241705,0.313885289218942,1992,1049,0,0,0.0,0.0
2003,CAN,0.0,0.0,0.0,0.0,0.0,0.0,58,0,0.0,2013,22.2,2003,27.520693447294253,0.31368250118139,1546,848,0,0,0.0,0.0
2004,CAN,0.0,0.0,0.0,0.0,0.0,0.0,69,5,0.072463768115942,2014,22.2,2004,27.65736138334405,0.312762101205887,2072,1142,0,0,0.0,0.0
2005,CAN,0.0,0.0,0.0,0.0,0.0,0.0,63,2,0.0317460317460317,2015,22.3,2005,27.790678263393715,0.311804915807615,2156,1128,0,1,0.0,0.8865248226950354
2006,CAN,0.0,0.0,0.0,0.0,0.0,0.0,72,0,0.0,2016,22.1,2006,27.908095734934577,0.311498276297489,1575,827,0,0,0.0,0.0
2007,CAN,0.0,0.0,0.0,0.0,0.0,0.0,55,5,0.0909090909090909,2017,22.8,2007,28.015480750903887,0.310978823611554,1065,574,0,0,0.0,0.0
2008,CAN,0.0,0.0,0.0,0.0,0.0,0.0,92,11,0.1195652173913043,2018,22.3,2008,28.071203021774288,0.310163297593328,2119,1183,0,8,0.0,6.762468300929839
2009,CAN,0.0,0.0,0.0,0.0,0.0,0.0,88,25,0.2840909090909091,2019,22.4,2009,27.94920218599262,0.310152339598426,1962,1088,0,11,0.0,10.11029411764706
2010,CAN,0.0,0.0,0.0,0.0,0.0,0.0,77,7,0.0909090909090909,2020,23.9,2010,28.11180602245696,0.309201855947706,1844,910,0,1,0.0,1.098901098901099
2011,CAN,0.0,0.0,0.0,0.0,0.0,0.0,106,3,0.0283018867924528,2021,23.8,2011,28.215093463606514,0.309173087461438,2385,1294,0,0,0.0,0.0
2002,CHE,0.0,0.0,0.0,0.0,0.0,0.0,62,2,0.032258064516129,2012,21.9,2002,26.457577303498063,0.312986975335211,1476,799,0,0,0.0,0.0
2003,CHE,0.0,0.0,0.0,0.0,0.0,0.0,57,1,0.0175438596491228,2013,21.8,2003,26.615153958219988,0.311816692524313,1485,798,0,0,0.0,0.0
2004,CHE,0.0,0.0,0.0,0.0,0.0,0.0,40,3,0.075,2014,22.2,2004,26.72446842616798,0.312149687386303,1364,720,0,0,0.0,0.0
2005,CHE,0.0,0.0,0.0,0.0,0.0,0.0,43,1,0.0232558139534883,2015,23.9,2005,26.759447273487734,0.31316228112388,1557,837,0,0,0.0,0.0
2006,CHE,0.0,0.0,0.0,0.0,0.0,0.0,96,8,0.0833333333333333,2016,24.1,2006,26.813714282761836,0.311453634621734,1801,915,0,2,0.0,2.185792349726776
2007,CHE,0.0,0.0,0.0,0.0,0.0,0.0,80,18,0.225,2017,25.0,2007,26.91921021425509,0.307217505967221,1756,941,0,7,0.0,7.438894792773645
2008,CHE,0.0,0.0,0.0,0.0,1.0,1.0,100,19,0.19,2018,24.2,2008,27.064106515117643,0.307176247778798,1822,962,0,5,0.0,5.197505197505198
2009,CHE,0.0,0.0,0.0,0.0,1.0,0.0,70,13,0.1857142857142857,2019,24.8,2009,27.04077645538492,0.307019249550227,1266,696,0,3,0.0,4.310344827586206
2010,CHE,0.0,0.0,0.0,0.0,0.0,0.0,75,10,0.1333333333333333,2020,26.4,2010,27.11827870447655,0.306174405538539,1306,701,0,5,0.0,7.132667617689016
2011,CHE,0.0,0.0,0.0,0.0,0.0,0.0,47,1,0.0212765957446808,2021,27.7,2011,27.296789744048283,0.30585525247488,1052,564,0,0,0.0,0.0
1995,CHL,0.0,0.0,0.0,0.0,0.0,0.0,47,3,0.0638297872340425,2005,32.3,1995,25.019822355591185,0.377852647308965,2703,1383,0,0,0.0,0.0
1996,CHL,0.0,0.0,0.0,0.0,0.0,0.0,65,10,0.1538461538461538,2006,32.9,1996,25.08731968229625,0.378970520453142,3206,1689,0,0,0.0,0.0
1997,CHL,0.0,0.0,0.0,0.0,0.0,0.0,44,0,0.0,2007,30.5,1997,25.1744558280372,0.378282191745886,2661,1374,0,0,0.0,0.0
1998,CHL,0.0,0.0,0.0,0.0,0.0,0.0,62,3,0.0483870967741935,2008,30.8,1998,25.129933251208826,0.379718867755085,2733,1440,0,1,0.0,0.6944444444444444
1999,CHL,0.0,0.0,0.0,0.0,0.0,0.0,79,2,0.0253164556962025,2009,31.5,1999,25.0486771259583,0.380698918221587,2837,1474,0,1,0.0,0.6784260515603798
2000,CHL,0.0,0.0,0.0,0.0,0.0,0.0,78,4,0.0512820512820512,2010,27.0,2000,25.08317318388634,0.379623944911621,2668,1451,0,1,0.0,0.6891798759476223
2001,CHL,0.0,0.0,0.0,0.0,0.0,0.0,50,2,0.04,2011,28.8,2001,24.993204764732948,0.37820869737847,1893,983,0,1,0.0,1.0172939979654119
2002,CHL,0.0,0.0,0.0,0.0,0.0,0.0,73,2,0.0273972602739726,2012,30.3,2002,24.97596981714761,0.377915852099139,2573,1349,0,0,0.0,0.0
2003,CHL,0.0,0.0,0.0,0.0,0.0,0.0,39,0,0.0,2013,30.2,2003,25.06065923755496,0.377978370509516,1553,794,0,0,0.0,0.0
2004,CHL,0.0,0.0,0.0,0.0,0.0,0.0,43,2,0.0465116279069767,2014,27.0,2004,25.31918703892293,0.377110790606218,1809,906,0,0,0.0,0.0
2005,CHL,0.0,0.0,0.0,0.0,0.0,0.0,46,1,0.0217391304347826,2015,25.1,2005,25.52986520121764,0.373690553520881,1867,991,0,0,0.0,0.0
2006,CHL,0.0,0.0,0.0,0.0,0.0,0.0,60,2,0.0333333333333333,2016,24.6,2006,25.75917927503135,0.371919201694256,1194,629,0,0,0.0,0.0
2007,CHL,0.0,0.0,0.0,0.0,0.0,0.0,66,15,0.2272727272727272,2017,24.1,2007,25.87404480836806,0.373544459814311,1553,785,0,6,0.0,7.643312101910828
2008,CHL,0.0,0.0,0.0,0.0,0.0,0.0,85,14,0.1647058823529411,2018,25.5,2008,25.914350886414404,0.371942118000873,2079,1046,0,2,0.0,1.9120458891013383
2009,CHL,0.0,0.0,0.0,0.0,0.0,0.0,82,14,0.1707317073170731,2019,25.3,2009,25.86733960715725,0.37086271974354,1927,969,0,6,0.0,6.191950464396285
2010,CHL,0.0,0.0,0.0,0.0,0.0,0.0,84,10,0.119047619047619,2020,26.7,2010,26.103648944378744,0.370337703952598,2180,1115,0,3,0.0,2.690582959641256
2011,CHL,0.0,0.0,0.0,0.0,0.0,0.0,86,5,0.0581395348837209,2021,24.2,2011,26.249614219594772,0.368613201127846,2531,1253,0,3,0.0,2.3942537909018355
1995,CHN,0.0,0.0,0.0,0.0,0.0,0.0,64,0,0.0,2005,17.4,1995,27.32243522498109,0.416895252325566,2422,1337,0,0,0.0,0.0
1996,CHN,0.0,0.0,0.0,0.0,0.0,0.0,92,8,0.0869565217391304,2006,16.4,1996,27.484548418649105,0.41403588479703,2859,1612,0,1,0.0,0.6203473945409429
1997,CHN,0.0,0.0,0.0,0.0,0.0,0.0,62,3,0.0483870967741935,2007,14.9,1997,27.59186650102777,0.411318860083574,2355,1313,0,0,0.0,0.0
1998,CHN,0.0,0.0,0.0,0.0,0.0,0.0,95,9,0.0947368421052631,2008,14.1,1998,27.65966756636392,0.409420040423975,3506,1905,0,2,0.0,1.0498687664041995
1999,CHN,0.0,0.0,0.0,0.0,0.0,0.0,100,2,0.02,2009,13.4,1999,27.72087140185409,0.408348782709155,3155,1710,0,0,0.0,0.0
2000,CHN,0.0,0.0,0.0,0.0,0.0,0.0,84,2,0.0238095238095238,2010,12.3,2000,27.82274138898824,0.407964614326816,2888,1546,0,0,0.0,0.0
2001,CHN,0.0,0.0,0.0,0.0,0.0,0.0,50,1,0.02,2011,11.3,2001,27.923243497931644,0.406419881954688,1578,899,0,0,0.0,0.0
2002,CHN,0.0,0.0,0.0,0.0,0.0,0.0,50,4,0.08,2012,11.5,2002,28.016662741379943,0.405329676933834,1772,1006,0,0,0.0,0.0
2003,CHN,0.0,0.0,0.0,0.0,0.0,0.0,62,4,0.064516129032258,2013,11.5,2003,28.138007746607297,0.419654850569869,2182,1241,0,0,0.0,0.0
2004,CHN,0.0,0.0,0.0,0.0,0.0,0.0,62,1,0.0161290322580645,2014,11.9,2004,28.30158868907818,0.41720004555384,2058,1186,0,0,0.0,0.0
2005,CHN,0.0,0.0,0.0,0.0,0.0,0.0,61,2,0.0327868852459016,2015,12.2,2005,28.457807727032336,0.416661436862762,2046,1162,0,0,0.0,0.0
2006,CHN,0.0,0.0,0.0,0.0,0.0,0.0,92,5,0.0543478260869565,2016,12.6,2006,28.64339210997384,0.414387058894614,2008,1140,0,0,0.0,0.0
2007,CHN,0.0,0.0,0.0,0.0,0.0,0.0,98,12,0.1224489795918367,2017,13.1,2007,28.89806098830122,0.412203924199595,2325,1351,1,9,0.7401924500370096,6.661732050333087
2008,CHN,0.0,0.0,0.0,0.0,0.0,0.0,66,6,0.0909090909090909,2018,13.5,2008,29.155845527420908,0.4098204848135,1348,713,0,2,0.0,2.805049088359046
2009,CHN,0.0,0.0,0.0,0.0,0.0,0.0,67,9,0.1343283582089552,2019,14.3,2009,29.2605931861134,0.407481586267555,1560,925,3,5,3.243243243243243,5.405405405405405
2010,CHN,0.0,0.0,0.0,0.0,0.0,0.0,85,3,0.0352941176470588,2020,14.9,2010,29.43720796171893,0.404813395436727,1570,854,1,0,1.17096018735363,0.0
2011,CHN,0.0,0.0,0.0,0.0,0.0,0.0,137,9,0.0656934306569343,2021,15.2,2011,29.652773336629824,0.4029354547837,2824,1627,0,0,0.0,0.0
1996,CIV,0.0,0.0,0.0,0.0,0.0,0.0,49,0,0.0,2006,74.8,1996,23.61758273702526,0.494760776121963,2800,1502,0,0,0.0,0.0
1997,CIV,0.0,0.0,0.0,0.0,0.0,0.0,58,0,0.0,2007,76.3,1997,23.61627622320999,0.495757983000892,3692,1922,0,0,0.0,0.0
1998,CIV,0.0,0.0,0.0,0.0,0.0,0.0,71,2,0.028169014084507,2008,74.2,1998,23.699797695108227,0.49830909327056,3948,2082,0,2,0.0,0.9606147934678194
1999,CIV,0.0,0.0,0.0,0.0,0.0,0.0,65,1,0.0153846153846153,2009,73.7,1999,23.660891789326453,0.502019985982697,3053,1606,0,0,0.0,0.0
2000,CIV,0.0,0.0,0.0,0.0,0.0,0.0,33,0,0.0,2010,75.4,2000,23.531314235663057,0.503032728131985,1621,815,0,0,0.0,0.0
2001,CIV,0.0,0.0,0.0,0.0,0.0,0.0,51,0,0.0,2011,79.1,2001,23.545271731387857,0.50360761831782,2081,1097,0,0,0.0,0.0
2002,CIV,0.0,0.0,0.0,0.0,0.0,0.0,52,2,0.0384615384615384,2012,74.9,2002,23.616654336232397,0.503275688033169,2393,1251,0,0,0.0,0.0
2003,CIV,0.0,0.0,0.0,0.0,0.0,0.0,35,0,0.0,2013,72.2,2003,23.779705285850376,0.50278640098398,2536,1397,0,0,0.0,0.0
2004,CIV,0.0,0.0,0.0,0.0,0.0,0.0,39,0,0.0,2014,71.9,2004,23.88071618533217,0.498504427108006,2322,1246,0,0,0.0,0.0
2005,CIV,0.0,0.0,0.0,0.0,0.0,0.0,48,1,0.0208333333333333,2015,64.5,2005,23.902856765312023,0.495761165041631,1955,1067,0,0,0.0,0.0
2006,CIV,0.0,0.0,0.0,0.0,0.0,0.0,96,4,0.0416666666666666,2016,64.0,2006,23.953335309251077,0.497194336905746,2538,1375,0,1,0.0,0.7272727272727272
2007,CIV,0.0,0.0,0.0,0.0,0.0,0.0,60,4,0.0666666666666666,2017,62.5,2007,24.08225453126853,0.504646231893023,1412,760,0,0,0.0,0.0
2008,CIV,0.0,0.0,0.0,0.0,0.0,0.0,51,3,0.0588235294117647,2018,60.5,2008,24.251924902010984,0.503649640173382,1592,840,1,0,1.1904761904761907,0.0
2009,CIV,0.0,0.0,0.0,0.0,0.0,0.0,87,16,0.1839080459770115,2019,61.1,2009,24.24629178524344,0.499731594572354,1862,946,1,4,1.0570824524312896,4.2283298097251585
2010,CIV,0.0,0.0,0.0,0.0,0.0,0.0,77,9,0.1168831168831168,2020,61.8,2010,24.27679246818127,0.494072797254358,2222,1190,0,8,0.0,6.722689075630252
2011,CIV,0.0,0.0,0.0,0.0,0.0,0.0,55,5,0.0909090909090909,2021,58.2,2011,24.32587121007393,0.496339150066371,1817,986,1,3,1.0141987829614605,3.0425963488843815
1995,CMR,0.0,0.0,0.0,0.0,0.0,0.0,41,0,0.0,2005,86.3,1995,23.108791509156195,0.494113306035503,2652,1358,0,1,0.0,0.7363770250368188
1998,CMR,0.0,0.0,0.0,0.0,0.0,0.0,60,0,0.0,2008,80.8,1998,23.14790438980855,0.491909874017597,3059,1621,0,0,0.0,0.0
1999,CMR,1.0,0.0,0.0,0.0,0.0,0.0,74,12,0.1621621621621621,2009,79.2,1999,23.171320592160395,0.493535249755973,3597,1901,0,2,0.0,1.0520778537611783
2001,CMR,0.0,0.0,0.0,0.0,0.0,0.0,37,0,0.0,2011,78.6,2001,23.116923538910417,0.488016570385304,1777,909,0,1,0.0,1.1001100110011
2002,CMR,0.0,0.0,0.0,0.0,0.0,0.0,34,1,0.0294117647058823,2012,78.6,2002,23.242352579941578,0.490058126765365,1215,646,0,0,0.0,0.0
2003,CMR,0.0,0.0,0.0,0.0,0.0,0.0,46,2,0.0434782608695652,2013,77.7,2003,23.4939975253407,0.487140107755497,1943,1033,0,2,0.0,1.936108422071636
2004,CMR,0.0,0.0,0.0,0.0,0.0,0.0,67,1,0.0149253731343283,2014,76.9,2004,23.65851610390456,0.486167981294218,2124,1166,0,0,0.0,0.0
2005,CMR,0.0,0.0,0.0,0.0,0.0,0.0,37,1,0.027027027027027,2015,78.1,2005,23.69418541692435,0.486414786039895,1375,729,0,0,0.0,0.0
2006,CMR,0.0,0.0,0.0,0.0,0.0,0.0,68,1,0.0147058823529411,2016,78.8,2006,23.76351788274983,0.485099399309416,1641,837,0,0,0.0,0.0
2007,CMR,0.0,0.0,0.0,0.0,0.0,0.0,84,6,0.0714285714285714,2017,79.2,2007,23.89832562336473,0.485467081063115,1831,919,0,5,0.0,5.4406964091403704
2008,CMR,0.0,0.0,0.0,0.0,0.0,0.0,67,9,0.1343283582089552,2018,78.7,2008,24.045244743600836,0.487669936128859,1594,861,0,2,0.0,2.3228803716608595
2009,CMR,0.0,0.0,0.0,0.0,0.0,0.0,59,9,0.1525423728813559,2019,78.9,2009,24.05307355915444,0.487070846531893,1671,882,0,6,0.0,6.802721088435374
2010,CMR,0.0,0.0,0.0,0.0,0.0,0.0,56,4,0.0714285714285714,2020,78.9,2010,24.037724597472224,0.48361428821464,1305,656,0,1,0.0,1.524390243902439
2011,CMR,0.0,0.0,0.0,0.0,0.0,0.0,45,2,0.0444444444444444,2021,79.2,2011,24.14527548353276,0.489390759825312,1509,787,0,0,0.0,0.0
1995,COD,0.0,0.0,0.0,0.0,0.0,0.0,115,3,0.0260869565217391,2005,97.4,1995,22.45375953503239,0.582331188130604,7042,3626,0,0,0.0,0.0
1996,COD,0.0,0.0,0.0,0.0,0.0,0.0,58,1,0.0172413793103448,2006,97.3,1996,22.476190041659645,0.583806498997489,2300,1224,0,0,0.0,0.0
1997,COD,0.0,0.0,1.0,0.0,0.0,0.0,63,2,0.0317460317460317,2007,97.2,1997,22.53005193016225,0.585305380032879,3703,1873,0,1,0.0,0.5339028296849972
1998,COD,0.0,0.0,1.0,0.0,0.0,0.0,27,0,0.0,2008,97.0,1998,22.55068299225973,0.586489445026217,1940,1019,0,1,0.0,0.9813542688910696
1999,COD,0.0,0.0,0.0,0.0,0.0,0.0,90,2,0.0222222222222222,2009,97.0,1999,22.273221103498777,0.587519781355451,3295,1546,0,1,0.0,0.646830530401035
2000,COD,0.0,0.0,0.0,0.0,0.0,0.0,121,5,0.0413223140495867,2010,96.8,2000,23.672328128221075,0.588561022461757,3231,1494,0,0,0.0,0.0
2001,COD,0.0,0.0,0.0,0.0,0.0,0.0,21,0,0.0,2011,96.2,2001,22.729893255627054,0.580100690516637,1270,639,0,0,0.0,0.0
2002,COD,0.0,0.0,0.0,0.0,0.0,0.0,15,0,0.0,2012,95.5,2002,22.889806499422527,0.579556210481031,1531,757,0,0,0.0,0.0
2003,COD,0.0,0.0,0.0,0.0,0.0,0.0,22,0,0.0,2013,93.9,2003,22.91352924815517,0.582383265713247,1296,688,0,0,0.0,0.0
2004,COD,0.0,0.0,0.0,0.0,0.0,0.0,15,0,0.0,2014,92.9,2004,23.055165380097453,0.579430788964076,1018,506,0,1,0.0,1.976284584980237
2005,COD,0.0,0.0,0.0,0.0,0.0,0.0,46,0,0.0,2015,95.8,2005,23.20520846987323,0.581214798228008,2174,1140,0,2,0.0,1.7543859649122808
2006,COD,0.0,0.0,0.0,0.0,0.0,0.0,38,4,0.1052631578947368,2016,97.0,2006,23.394091848105155,0.57863718502338,1125,592,0,0,0.0,0.0
2007,COD,0.0,0.0,0.0,0.0,0.0,0.0,57,8,0.1403508771929824,2017,96.7,2007,23.540891965321308,0.577900158810868,1355,716,0,6,0.0,8.379888268156424
2008,COD,0.0,0.0,0.0,0.0,0.0,0.0,74,5,0.0675675675675675,2018,96.4,2008,23.70836758510687,0.5818577758419,2373,1242,0,2,0.0,1.6103059581320451
2009,COD,0.0,0.0,0.0,0.0,0.0,0.0,81,6,0.074074074074074,2019,96.3,2009,23.64902471622592,0.581204992788117,2649,1381,0,7,0.0,5.068790731354091
2010,COD,0.0,0.0,0.0,0.0,0.0,0.0,60,6,0.1,2020,96.2,2010,23.79437090196141,0.580293108315676,1466,768,0,3,0.0,3.90625
2011,COD,0.0,0.0,0.0,0.0,0.0,0.0,49,3,0.0612244897959183,2021,96.3,2011,23.97517980989266,0.581161831334436,1205,624,0,2,0.0,3.205128205128205
1995,COG,0.0,0.0,0.0,0.0,0.0,0.0,39,1,0.0256410256410256,2005,63.1,1995,21.47279517891811,0.587092335769649,2709,1374,0,0,0.0,0.0
1996,COG,0.0,0.0,0.0,0.0,0.0,0.0,35,0,0.0,2006,69.3,1996,21.655704501535183,0.585883793790308,2299,1192,0,0,0.0,0.0
1997,COG,0.0,0.0,0.0,0.0,0.0,0.0,38,0,0.0,2007,60.2,1997,21.56600436263109,0.585294957340658,2337,1171,0,0,0.0,0.0
1998,COG,0.0,0.0,0.0,0.0,0.0,0.0,38,2,0.0526315789473684,2008,56.8,1998,21.390829215687305,0.582754245791244,1787,910,0,0,0.0,0.0
1999,COG,0.0,0.0,0.0,0.0,0.0,0.0,32,0,0.0,2009,55.9,1999,21.57971015169929,0.580595200725182,2073,1047,0,0,0.0,0.0
2000,COG,0.0,0.0,0.0,0.0,0.0,0.0,35,6,0.1714285714285714,2010,54.5,2000,21.895106188404373,0.579474726810529,1418,702,0,0,0.0,0.0
2001,COG,0.0,0.0,0.0,0.0,0.0,0.0,41,1,0.024390243902439,2011,64.3,2001,21.75170763350451,0.575052820822119,1819,918,0,0,0.0,0.0
2002,COG,0.0,0.0,0.0,0.0,0.0,0.0,30,1,0.0333333333333333,2012,65.1,2002,21.8332304191332,0.577746201926418,1388,737,0,0,0.0,0.0
2003,COG,0.0,0.0,0.0,0.0,0.0,0.0,50,0,0.0,2013,62.3,2003,21.977091979215057,0.576041918142302,2711,1438,0,0,0.0,0.0
2004,COG,0.0,0.0,0.0,0.0,0.0,0.0,33,6,0.1818181818181818,2014,62.1,2004,22.26163191935605,0.585226928274518,1612,856,0,0,0.0,0.0
2005,COG,0.0,0.0,0.0,0.0,0.0,0.0,28,2,0.0714285714285714,2015,64.2,2005,22.6178829449976,0.583025253033365,1528,819,0,1,0.0,1.221001221001221
2006,COG,0.0,0.0,0.0,0.0,0.0,0.0,70,3,0.0428571428571428,2016,67.7,2006,22.81170490805976,0.574928985267864,1633,837,0,0,0.0,0.0
2007,COG,0.0,0.0,0.0,0.0,0.0,0.0,71,10,0.1408450704225352,2017,69.8,2007,22.89605010471673,0.561677794725788,1997,1058,0,5,0.0,4.725897920604915
2008,COG,0.0,0.0,0.0,0.0,0.0,0.0,71,11,0.1549295774647887,2018,70.6,2008,23.178559799029404,0.552615534310516,2059,1097,0,3,0.0,2.734731084776664
2009,COG,0.0,0.0,0.0,0.0,0.0,0.0,59,24,0.4067796610169492,2019,69.8,2009,22.99779089451061,0.558736004525626,1412,747,0,8,0.0,10.7095046854083
2010,COG,0.0,0.0,0.0,0.0,0.0,0.0,59,12,0.2033898305084746,2020,71.4,2010,23.29956562661136,0.547006279114707,1554,810,0,2,0.0,2.4691358024691357
2011,COG,1.0,0.0,0.0,0.0,0.0,0.0,68,17,0.25,2021,71.4,2011,23.47408069388388,0.554452674918216,1806,971,0,3,0.0,3.089598352214212
1995,COL,0.0,0.0,0.0,0.0,0.0,0.0,25,0,0.0,2005,28.9,1995,25.25043091847269,0.445666501036806,1464,769,0,0,0.0,0.0
1996,COL,0.0,0.0,0.0,0.0,0.0,0.0,53,0,0.0,2006,30.6,1996,25.299556896474336,0.446673831494007,2153,1136,0,0,0.0,0.0
1997,COL,0.0,0.0,0.0,0.0,0.0,0.0,33,1,0.0303030303030303,2007,31.0,1997,25.39287915506956,0.446064339650328,1633,857,0,0,0.0,0.0
1998,COL,0.0,0.0,0.0,0.0,0.0,0.0,64,3,0.046875,2008,30.8,1998,25.313183884203696,0.445920951808955,2655,1335,0,1,0.0,0.7490636704119851
1999,COL,0.0,0.0,0.0,0.0,0.0,0.0,62,0,0.0,2009,31.4,1999,25.18085146113985,0.446571440566877,2309,1221,0,0,0.0,0.0
2000,COL,0.0,0.0,0.0,0.0,0.0,0.0,65,6,0.0923076923076923,2010,30.6,2000,25.327185991320427,0.446208722105355,2227,1167,0,2,0.0,1.7137960582690661
2001,COL,0.0,0.0,0.0,0.0,0.0,0.0,60,1,0.0166666666666666,2011,29.6,2001,25.310278581705067,0.444790905535808,2190,1104,0,0,0.0,0.0
2002,COL,0.0,0.0,0.0,0.0,0.0,0.0,56,1,0.0178571428571428,2012,29.6,2002,25.307680231980136,0.443666152638307,1545,864,0,0,0.0,0.0
2003,COL,0.0,0.0,0.0,0.0,0.0,0.0,77,0,0.0,2013,32.0,2003,25.273398561007397,0.443038698607208,2393,1240,0,0,0.0,0.0
2004,COL,0.0,0.0,0.0,0.0,0.0,0.0,60,2,0.0333333333333333,2014,32.1,2004,25.48622934585445,0.440896205904259,1713,927,0,0,0.0,0.0
2005,COL,0.0,0.0,0.0,0.0,0.0,0.0,46,3,0.0652173913043478,2015,31.1,2005,25.704132595889245,0.438194247355065,1865,981,0,0,0.0,0.0
2006,COL,0.0,0.0,0.0,0.0,0.0,0.0,63,7,0.1111111111111111,2016,30.5,2006,25.80958332546948,0.437410375535211,1391,764,0,0,0.0,0.0
2007,COL,0.0,0.0,0.0,0.0,0.0,0.0,94,11,0.1170212765957446,2017,32.2,2007,26.05225564152021,0.436445003718721,2158,1130,0,1,0.0,0.8849557522123894
2008,COL,0.0,0.0,0.0,0.0,0.0,0.0,78,17,0.2179487179487179,2018,30.4,2008,26.214284662530066,0.432940231145546,1730,937,1,4,1.0672358591248667,4.268943436499467
2009,COL,0.0,0.0,0.0,0.0,0.0,0.0,91,18,0.1978021978021978,2019,31.5,2009,26.17202128585967,0.429104396595795,1972,1057,2,6,1.8921475875118259,5.676442762535478
2010,COL,0.0,0.0,0.0,0.0,0.0,0.0,80,16,0.2,2020,32.0,2010,26.380999256491258,0.426956938865752,2297,1140,0,2,0.0,1.7543859649122808
2011,COL,0.0,0.0,0.0,0.0,0.0,0.0,65,6,0.0923076923076923,2021,29.7,2011,26.53729527370632,0.424486396943795,1538,759,0,1,0.0,1.3175230566534915
1996,COM,0.0,0.0,0.0,0.0,0.0,0.0,47,1,0.0212765957446808,2006,61.8,1996,19.79706063473609,0.566735442630735,2465,1315,0,1,0.0,0.7604562737642585
1997,COM,0.0,0.0,0.0,0.0,0.0,0.0,25,0,0.0,2007,74.4,1997,19.713887853007314,0.56845583773058,2675,1409,0,1,0.0,0.7097232079489
1998,COM,0.0,0.0,0.0,0.0,0.0,0.0,12,0,0.0,2008,73.4,1998,19.729302024696345,0.567295939536744,1266,644,0,0,0.0,0.0
1999,COM,0.0,0.0,0.0,0.0,0.0,0.0,57,0,0.0,2009,68.5,1999,19.762121530842748,0.554139923111264,2808,1434,0,0,0.0,0.0
2000,COM,0.0,0.0,0.0,0.0,0.0,0.0,41,2,0.048780487804878,2010,66.0,2000,19.67668582198337,0.566889633030427,2670,1358,0,0,0.0,0.0
2001,COM,0.0,0.0,0.0,0.0,0.0,0.0,44,0,0.0,2011,69.0,2001,19.75175839810469,0.563654971761526,2297,1188,0,0,0.0,0.0
2002,COM,0.0,0.0,0.0,0.0,0.0,0.0,40,0,0.0,2012,68.3,2002,19.869866992580604,0.560388008465964,1514,755,0,0,0.0,0.0
2003,COM,0.0,0.0,0.0,0.0,0.0,0.0,53,0,0.0,2013,63.6,2003,20.119749508752854,0.561975543636665,1747,891,0,0,0.0,0.0
2004,COM,0.0,0.0,0.0,0.0,0.0,0.0,25,4,0.16,2014,68.0,2004,20.26709585666481,0.56309317277089,1562,783,0,0,0.0,0.0
2005,COM,0.0,0.0,0.0,0.0,0.0,0.0,53,7,0.1320754716981132,2015,67.0,2005,20.2983811370506,0.552281998649066,2193,1133,0,3,0.0,2.64783759929391
2006,COM,0.0,0.0,0.0,0.0,0.0,0.0,88,3,0.034090909090909,2016,64.0,2006,20.36434808622435,0.53032864630676,2175,1136,0,1,0.0,0.8802816901408451
2007,COM,0.0,0.0,0.0,0.0,0.0,0.0,78,2,0.0256410256410256,2017,59.5,2007,20.494699047926854,0.521328964279212,2291,1170,0,1,0.0,0.8547008547008547
2008,COM,0.0,0.0,0.0,0.0,0.0,0.0,61,3,0.0491803278688524,2018,57.7,2008,20.6351547003155,0.536351114399135,1817,964,0,0,0.0,0.0
2009,COM,0.0,0.0,0.0,0.0,0.0,0.0,55,3,0.0545454545454545,2019,55.3,2009,20.62382241846744,0.531031278907526,1560,821,0,0,0.0,0.0
2010,COM,0.0,0.0,0.0,0.0,0.0,0.0,48,0,0.0,2020,50.8,2010,20.626731513053358,0.504411733788095,1624,850,0,0,0.0,0.0
2011,COM,0.0,0.0,0.0,0.0,0.0,0.0,72,6,0.0833333333333333,2021,41.2,2011,20.746089653693375,0.511132985024937,1851,989,0,4,0.0,4.044489383215369
2012,COM,0.0,0.0,0.0,0.0,0.0,0.0,40,6,0.15,2022,39.3,2012,20.738985129945323,0.510173143940203,1826,973,0,5,0.0,5.138746145940391
1996,CPV,1.0,0.0,0.0,0.0,0.0,0.0,67,10,0.1492537313432835,2006,21.2,1996,20.034069385767648,0.492063019322563,3828,1975,0,1,0.0,0.5063291139240507
1997,CPV,0.0,0.0,0.0,0.0,0.0,0.0,69,4,0.0579710144927536,2007,21.0,1997,20.011157337207344,0.491741380033871,2560,1359,0,0,0.0,0.0
1998,CPV,0.0,0.0,0.0,0.0,0.0,0.0,31,5,0.1612903225806451,2008,23.8,1998,20.07300679112822,0.491093874487154,2304,1229,0,0,0.0,0.0
1999,CPV,0.0,0.0,0.0,0.0,0.0,0.0,53,0,0.0,2009,22.1,1999,20.199720835605262,0.48909856656632,2864,1478,0,0,0.0,0.0
2000,CPV,0.0,0.0,0.0,0.0,0.0,0.0,24,1,0.0416666666666666,2010,21.2,2000,20.10564770530356,0.491291045340598,1440,731,0,0,0.0,0.0
2001,CPV,0.0,0.0,0.0,0.0,0.0,0.0,43,2,0.0465116279069767,2011,20.8,2001,20.148950899476624,0.490884502910243,2407,1298,0,0,0.0,0.0
2002,CPV,0.0,0.0,0.0,0.0,0.0,0.0,42,8,0.1904761904761904,2012,24.3,2002,20.246048065358405,0.489006171830333,1918,1020,0,1,0.0,0.9803921568627451
2003,CPV,0.0,0.0,0.0,0.0,0.0,0.0,41,1,0.024390243902439,2013,25.9,2003,20.516561996152188,0.484983162269543,2091,1136,0,0,0.0,0.0
2004,CPV,0.0,0.0,0.0,0.0,0.0,0.0,35,1,0.0285714285714285,2014,26.1,2004,20.64523944245487,0.485339005615084,1675,886,0,0,0.0,0.0
2005,CPV,0.0,0.0,0.0,0.0,0.0,0.0,24,2,0.0833333333333333,2015,26.4,2005,20.695114975653684,0.485542448808781,1308,680,0,2,0.0,2.941176470588235
2006,CPV,0.0,0.0,0.0,0.0,0.0,0.0,64,4,0.0625,2016,23.9,2006,20.825435580601155,0.487778123204649,1764,970,0,2,0.0,2.061855670103093
2007,CPV,0.0,0.0,0.0,0.0,0.0,0.0,45,14,0.3111111111111111,2017,21.8,2007,21.223811847061604,0.480523442033317,1158,590,0,9,0.0,15.254237288135593
2008,CPV,0.0,0.0,0.0,0.0,0.0,0.0,44,8,0.1818181818181818,2018,21.9,2008,21.39601674706895,0.481111191853038,1011,560,0,2,0.0,3.571428571428571
2009,CPV,0.0,0.0,0.0,0.0,0.0,0.0,65,16,0.2461538461538461,2019,19.7,2009,21.339712616140734,0.477459980627018,1941,1040,1,8,0.9615384615384616,7.6923076923076925
2010,CPV,0.0,0.0,0.0,0.0,0.0,0.0,107,17,0.1588785046728972,2020,23.4,2010,21.3247096284053,0.475776477812626,2689,1454,1,9,0.687757909215956,6.189821182943604
2011,CPV,1.0,0.0,0.0,0.0,0.0,0.0,55,10,0.1818181818181818,2021,22.6,2011,21.439552216857823,0.472242008215032,1445,769,0,1,0.0,1.3003901170351106
2012,CPV,0.0,0.0,0.0,0.0,0.0,0.0,48,9,0.1875,2022,21.8,2012,21.37198097605924,0.481974575984822,2233,1169,0,5,0.0,4.277159965782721
1995,CRI,0.0,0.0,0.0,0.0,0.0,0.0,59,1,0.0169491525423728,2005,41.7,1995,23.17242390794005,0.444798695994085,2598,1371,0,0,0.0,0.0
1996,CRI,0.0,0.0,0.0,0.0,0.0,0.0,67,5,0.0746268656716417,2006,42.4,1996,23.18100891714896,0.440864555810798,2815,1465,0,1,0.0,0.6825938566552902
1997,CRI,0.0,0.0,0.0,0.0,0.0,0.0,29,1,0.0344827586206896,2007,41.2,1997,23.258120899081725,0.434968542910303,1087,579,0,0,0.0,0.0
1998,CRI,0.0,0.0,0.0,0.0,0.0,0.0,73,5,0.0684931506849315,2008,40.7,1998,23.33951180799384,0.430215520146558,3315,1741,0,0,0.0,0.0
1999,CRI,0.0,0.0,0.0,0.0,0.0,0.0,68,6,0.088235294117647,2009,40.7,1999,23.38036417876898,0.427837365211936,2988,1574,0,3,0.0,1.9059720457433291
2000,CRI,0.0,0.0,0.0,0.0,0.0,0.0,75,7,0.0933333333333333,2010,40.4,2000,23.43222426941496,0.423315480307579,2835,1488,0,0,0.0,0.0
2001,CRI,0.0,0.0,0.0,0.0,0.0,0.0,81,9,0.1111111111111111,2011,38.0,2001,23.49436434543153,0.424617228494768,2201,1195,0,3,0.0,2.510460251046025
2002,CRI,0.0,0.0,0.0,0.0,0.0,0.0,64,2,0.03125,2012,38.1,2002,23.531391855474823,0.422525075210506,1696,932,0,0,0.0,0.0
2003,CRI,0.0,0.0,0.0,0.0,0.0,0.0,47,2,0.0425531914893617,2013,37.8,2003,23.572338664094744,0.419740991586757,1636,900,0,0,0.0,0.0
2004,CRI,0.0,0.0,0.0,0.0,0.0,0.0,59,4,0.0677966101694915,2014,37.6,2004,23.64699687087265,0.416210559064583,2291,1246,0,0,0.0,0.0
2005,CRI,0.0,0.0,0.0,0.0,0.0,0.0,49,4,0.0816326530612244,2015,38.3,2005,23.72102817237971,0.415083258928134,1861,1000,0,3,0.0,3.0
2006,CRI,0.0,0.0,0.0,0.0,0.0,0.0,87,6,0.0689655172413793,2016,34.1,2006,23.846315122975906,0.41371930319821,2449,1209,0,0,0.0,0.0
2007,CRI,0.0,0.0,0.0,0.0,0.0,0.0,63,13,0.2063492063492063,2017,33.3,2007,24.014823201339727,0.414500176346893,1576,785,2,4,2.5477707006369426,5.095541401273885
2008,CRI,0.0,0.0,0.0,0.0,0.0,0.0,78,14,0.1794871794871795,2018,33.1,2008,24.1508371773018,0.414412591998814,1770,884,0,1,0.0,1.1312217194570138
2009,CRI,0.0,0.0,0.0,0.0,0.0,0.0,97,19,0.1958762886597938,2019,33.4,2009,24.149016450006155,0.415270662974394,2319,1173,2,7,1.7050298380221653,5.967604433077579
2010,CRI,0.0,0.0,0.0,0.0,0.0,0.0,91,10,0.1098901098901098,2020,36.4,2010,24.35182757784733,0.395937023543395,1983,1061,2,3,1.885014137606032,2.827521206409048
2011,CRI,0.0,0.0,0.0,0.0,0.0,0.0,102,4,0.0392156862745098,2021,34.2,2011,24.478930046258583,0.394843814387772,2178,1160,1,2,0.8620689655172413,1.7241379310344827
1995,CUB,0.0,0.0,0.0,0.0,0.0,0.0,36,1,0.0277777777777777,2005,26.3,1995,24.13868834835337,0.468336347629463,3747,1875,0,0,0.0,0.0
1996,CUB,0.0,0.0,0.0,0.0,0.0,0.0,49,1,0.0204081632653061,2006,22.0,1996,23.94283616858894,0.467751406998938,3594,1800,0,0,0.0,0.0
1997,CUB,0.0,0.0,0.0,0.0,0.0,0.0,55,3,0.0545454545454545,2007,18.6,1997,23.956671908625214,0.470662680788491,4414,2241,0,0,0.0,0.0
1998,CUB,0.0,0.0,0.0,0.0,0.0,0.0,74,4,0.054054054054054,2008,18.7,1998,23.97116949593306,0.470305439137388,4782,2459,0,0,0.0,0.0
1999,CUB,0.0,0.0,0.0,0.0,0.0,0.0,79,3,0.0379746835443038,2009,19.0,1999,24.06840826161847,0.468055497463251,5532,2872,0,0,0.0,0.0
2000,CUB,0.0,0.0,0.0,0.0,0.0,0.0,33,1,0.0303030303030303,2010,15.6,2000,24.14313448720553,0.464703292877551,2281,1187,0,0,0.0,0.0
2001,CUB,0.0,0.0,0.0,0.0,0.0,0.0,46,0,0.0,2011,19.2,2001,24.17902715859893,0.456379060871262,2436,1203,0,0,0.0,0.0
2002,CUB,0.0,0.0,0.0,0.0,0.0,0.0,35,0,0.0,2012,19.4,2002,24.23750912584238,0.454937030303692,1890,935,0,0,0.0,0.0
2003,CUB,0.0,0.0,0.0,0.0,0.0,0.0,46,1,0.0217391304347826,2013,18.2,2003,24.30403655806585,0.456602172122007,2000,988,0,1,0.0,1.0121457489878543
2004,CUB,0.0,0.0,0.0,0.0,0.0,0.0,51,7,0.1372549019607843,2014,23.2,2004,24.36617988350672,0.456946727976695,1529,768,0,0,0.0,0.0
2005,CUB,0.0,0.0,0.0,0.0,0.0,0.0,15,0,0.0,2015,21.1,2005,24.47614857757917,0.458308139562823,794,390,0,0,0.0,0.0
2006,CUB,0.0,0.0,0.0,0.0,0.0,0.0,61,2,0.0327868852459016,2016,19.2,2006,24.61173206596098,0.454025911630405,1931,1007,0,1,0.0,0.9930486593843098
2007,CUB,0.0,0.0,0.0,0.0,0.0,0.0,94,10,0.1063829787234042,2017,22.0,2007,24.717106043072903,0.452447038763701,2570,1292,0,5,0.0,3.869969040247678
2008,CUB,0.0,0.0,0.0,0.0,0.0,0.0,78,14,0.1794871794871795,2018,24.0,2008,24.753998197842016,0.454283842103223,2249,1169,0,4,0.0,3.4217279726261762
2009,CUB,0.0,0.0,0.0,0.0,0.0,0.0,99,9,0.0909090909090909,2019,23.1,2009,24.77472867167687,0.456780382432055,2501,1340,1,4,0.746268656716418,2.985074626865672
2010,CUB,0.0,0.0,0.0,0.0,0.0,0.0,60,11,0.1833333333333333,2020,24.5,2010,24.810299791056757,0.454128867164439,1751,945,0,5,0.0,5.291005291005291
2011,CUB,0.0,0.0,0.0,0.0,0.0,0.0,67,4,0.0597014925373134,2021,20.9,2011,24.95722740350443,0.45219127958445,2048,1089,0,4,0.0,3.6730945821854912
1995,CYP,0.0,0.0,0.0,0.0,0.0,0.0,43,1,0.0232558139534883,2005,3.4,1995,23.019141798667327,0.379748424709798,2365,1226,0,0,0.0,0.0
1996,CYP,0.0,0.0,0.0,0.0,0.0,0.0,53,1,0.0188679245283018,2006,3.5,1996,23.027042064657756,0.380642154901377,2371,1240,0,0,0.0,0.0
1997,CYP,0.0,0.0,0.0,0.0,0.0,0.0,56,2,0.0357142857142857,2007,4.3,1997,22.97957855697292,0.384223958157877,2965,1531,0,0,0.0,0.0
1998,CYP,0.0,0.0,0.0,0.0,0.0,0.0,53,1,0.0188679245283018,2008,5.7,1998,23.050408669728583,0.379757805682437,2863,1497,0,1,0.0,0.6680026720106881
1999,CYP,0.0,0.0,0.0,0.0,0.0,0.0,44,0,0.0,2009,6.3,1999,23.074441865312767,0.378405479697032,2401,1249,0,1,0.0,0.8006405124099278
2000,CYP,0.0,0.0,0.0,0.0,0.0,0.0,44,5,0.1136363636363636,2010,6.5,2000,23.02443437570108,0.380091488232759,2186,1157,0,1,0.0,0.8643042350907519
2001,CYP,0.0,0.0,0.0,0.0,0.0,0.0,45,0,0.0,2011,7.6,2001,23.06486941937867,0.377457296334661,1689,890,0,0,0.0,0.0
2002,CYP,0.0,0.0,0.0,0.0,0.0,0.0,36,2,0.0555555555555555,2012,8.6,2002,23.158651995878856,0.374734989056904,1582,856,0,0,0.0,0.0
2003,CYP,0.0,0.0,0.0,0.0,0.0,0.0,44,0,0.0,2013,9.7,2003,23.400672966789152,0.374734955139261,1933,985,0,0,0.0,0.0
2004,CYP,0.0,0.0,0.0,0.0,0.0,0.0,36,0,0.0,2014,9.5,2004,23.575159639110023,0.375342159152881,1868,958,0,0,0.0,0.0
2005,CYP,0.0,0.0,0.0,0.0,0.0,0.0,63,1,0.0158730158730158,2015,10.4,2005,23.63743068466384,0.375408138481483,1789,910,0,0,0.0,0.0
2006,CYP,0.0,0.0,0.0,0.0,0.0,0.0,58,0,0.0,2016,10.3,2006,23.7226308217577,0.372664904303947,1942,1040,0,0,0.0,0.0
2007,CYP,0.0,0.0,0.0,0.0,0.0,0.0,60,6,0.1,2017,10.9,2007,23.90001732085927,0.370726362860774,1899,977,1,5,1.0235414534288638,5.117707267144319
2008,CYP,0.0,0.0,0.0,0.0,0.0,0.0,67,1,0.0149253731343283,2018,12.0,2008,24.04990844369438,0.36804532278642,1491,775,0,2,0.0,2.5806451612903225
2009,CYP,0.0,0.0,0.0,0.0,0.0,0.0,69,7,0.1014492753623188,2019,12.0,2009,23.979259849864093,0.365802850549852,1853,943,0,4,0.0,4.241781548250265
2010,CYP,0.0,0.0,0.0,0.0,0.0,0.0,70,5,0.0714285714285714,2020,15.0,2010,23.97363801941395,0.365762659569698,1855,975,0,4,0.0,4.102564102564102
2011,CYP,0.0,0.0,0.0,0.0,0.0,0.0,71,5,0.0704225352112676,2021,15.6,2011,24.042585977866125,0.364217700070546,1870,984,1,0,1.016260162601626,0.0
1995,CZE,0.0,0.0,0.0,0.0,0.0,0.0,81,1,0.0123456790123456,2005,7.5,1995,24.820035177998115,0.309026028165781,2876,1545,0,0,0.0,0.0
1996,CZE,0.0,0.0,0.0,0.0,0.0,0.0,80,2,0.025,2006,7.9,1996,24.933740098654614,0.310434447229453,2260,1243,0,0,0.0,0.0
1997,CZE,0.0,0.0,0.0,0.0,0.0,0.0,70,4,0.0571428571428571,2007,8.3,1997,24.85330758837396,0.309225028413305,2491,1339,0,0,0.0,0.0
1998,CZE,0.0,0.0,0.0,0.0,0.0,0.0,67,2,0.0298507462686567,2008,9.0,1998,24.92508116711693,0.307887934506969,2515,1344,0,2,0.0,1.488095238095238
1999,CZE,0.0,0.0,0.0,0.0,0.0,0.0,92,3,0.0326086956521739,2009,10.2,1999,24.90031167327429,0.306959812057866,3659,1959,0,1,0.0,0.5104645227156713
2000,CZE,0.0,0.0,0.0,1.0,0.0,0.0,84,2,0.0238095238095238,2010,10.9,2000,24.847549298856425,0.304731868613544,3095,1651,0,0,0.0,0.0
2001,CZE,0.0,0.0,0.0,0.0,0.0,0.0,80,1,0.0125,2011,12.2,2001,24.939956276972843,0.30418348964624,2656,1397,0,0,0.0,0.0
2002,CZE,0.0,0.0,0.0,0.0,0.0,0.0,39,2,0.0512820512820512,2012,12.8,2002,25.13237498332052,0.302917370998036,1726,936,0,0,0.0,0.0
2003,CZE,0.0,0.0,0.0,0.0,0.0,0.0,58,5,0.0862068965517241,2013,13.9,2003,25.32934028977198,0.302328642462704,2357,1270,0,0,0.0,0.0
2004,CZE,0.0,0.0,0.0,0.0,0.0,0.0,40,1,0.025,2014,14.8,2004,25.50921194800492,0.299532055066251,1575,851,0,0,0.0,0.0
2005,CZE,0.0,0.0,0.0,0.0,0.0,0.0,26,0,0.0,2015,14.8,2005,25.644292755095822,0.298785520460335,1153,615,0,0,0.0,0.0
2006,CZE,0.0,0.0,0.0,0.0,0.0,0.0,86,6,0.0697674418604651,2016,14.8,2006,25.774814071353628,0.298322462337514,1938,1040,0,0,0.0,0.0
2007,CZE,0.0,0.0,0.0,0.0,0.0,0.0,57,5,0.087719298245614,2017,14.5,2007,25.971258457123326,0.297409656159333,1169,601,0,3,0.0,4.9916805324459235
2008,CZE,0.0,0.0,0.0,0.0,0.0,0.0,93,5,0.053763440860215,2018,14.7,2008,26.19055330901676,0.297755312554243,2077,1131,0,3,0.0,2.6525198938992043
2009,CZE,0.0,0.0,0.0,0.0,0.0,0.0,39,2,0.0512820512820512,2019,15.9,2009,26.05808048457192,0.296735435665982,992,522,0,2,0.0,3.8314176245210727
2010,CZE,0.0,0.0,0.0,0.0,0.0,0.0,46,6,0.1304347826086956,2020,17.0,2010,26.0659346786858,0.296169565069976,1048,526,0,2,0.0,3.802281368821293
2011,CZE,0.0,0.0,0.0,0.0,0.0,0.0,40,9,0.225,2021,17.2,2011,26.15944217723801,0.297839291449646,927,471,0,1,0.0,2.1231422505307855
1995,DEU,0.0,0.0,0.0,0.0,0.0,0.0,120,5,0.0416666666666666,2005,7.3,1995,28.581053066349224,0.327836567812996,3836,1959,0,0,0.0,0.0
1996,DEU,0.0,0.0,0.0,0.0,0.0,0.0,151,20,0.1324503311258278,2006,8.6,1996,28.546209082455245,0.32780999195999,3599,1912,0,4,0.0,2.092050209205021
1997,DEU,0.0,0.0,0.0,0.0,0.0,0.0,155,13,0.0838709677419354,2007,10.5,1997,28.42491350847456,0.327175217268387,4372,2194,0,6,0.0,2.734731084776664
1998,DEU,0.0,0.0,0.0,0.0,0.0,0.0,132,18,0.1363636363636363,2008,10.2,1998,28.437046333261108,0.325447192011964,3343,1757,0,3,0.0,1.707455890722823
1999,DEU,0.0,0.0,0.0,0.0,0.0,0.0,103,7,0.0679611650485436,2009,10.7,1999,28.417178232246524,0.324487664373419,3529,1961,1,3,0.5099439061703213,1.5298317185109638
2000,DEU,0.0,0.0,0.0,0.0,0.0,0.0,75,9,0.12,2010,11.6,2000,28.297815076245787,0.32233814564443,2301,1243,2,1,1.6090104585679805,0.8045052292839903
2001,DEU,0.0,0.0,0.0,0.0,0.0,0.0,80,4,0.05,2011,12.5,2001,28.29668968066672,0.321288807577605,2408,1261,0,2,0.0,1.5860428231562251
2002,DEU,0.0,0.0,0.0,0.0,0.0,0.0,77,4,0.0519480519480519,2012,13.6,2002,28.36266014671793,0.320690399056844,2242,1230,2,0,1.6260162601626016,0.0
2003,DEU,0.0,0.0,0.0,0.0,0.0,0.0,58,0,0.0,2013,13.6,2003,28.547967788019672,0.319398584293244,1602,859,0,0,0.0,0.0
2004,DEU,0.0,0.0,0.0,0.0,1.0,0.0,70,3,0.0428571428571428,2014,14.0,2004,28.66575381986267,0.316479401330852,2091,1112,0,0,0.0,0.0
2005,DEU,0.0,0.0,0.0,0.0,0.0,0.0,76,9,0.1184210526315789,2015,14.6,2005,28.67723922767954,0.314866627281915,2297,1264,0,5,0.0,3.9556962025316458
2006,DEU,0.0,0.0,0.0,0.0,0.0,0.0,102,4,0.0392156862745098,2016,14.2,2006,28.72786639168981,0.312940516222016,2076,1059,0,0,0.0,0.0
2007,DEU,0.0,0.0,0.0,0.0,0.0,0.0,116,20,0.1724137931034483,2017,15.2,2007,28.86229144431178,0.309005660370241,1890,974,0,3,0.0,3.080082135523614
2008,DEU,0.0,0.0,0.0,0.0,0.0,0.0,93,7,0.075268817204301,2018,16.0,2008,28.95151324940124,0.310494676421901,1782,946,0,1,0.0,1.0570824524312896
2009,DEU,0.0,0.0,0.0,0.0,0.0,0.0,107,15,0.1401869158878504,2019,17.1,2009,28.8581031959264,0.311021108981561,2145,1160,0,3,0.0,2.586206896551724
2010,DEU,0.0,0.0,0.0,0.0,0.0,0.0,104,24,0.2307692307692307,2020,18.5,2010,28.854698842777708,0.308051187916892,1707,922,1,9,1.0845986984815619,9.761388286334057
2011,DEU,0.0,0.0,0.0,0.0,0.0,0.0,96,9,0.09375,2021,17.6,2011,28.952594270171776,0.308823012511744,1644,866,0,3,0.0,3.464203233256351
1995,DJI,0.0,0.0,0.0,0.0,0.0,0.0,89,2,0.0224719101123595,2005,33.1,1995,20.02555618532618,0.614733843668072,3330,1755,0,1,0.0,0.5698005698005698
1996,DJI,0.0,0.0,0.0,0.0,0.0,0.0,74,0,0.0,2006,33.0,1996,20.018055483407533,0.614759236063242,3074,1684,1,0,0.5938242280285035,0.0
1997,DJI,0.0,0.0,0.0,0.0,0.0,0.0,81,2,0.0246913580246913,2007,32.5,1997,20.035455474206863,0.61351842328824,3135,1742,0,0,0.0,0.0
1998,DJI,0.0,0.0,0.0,0.0,0.0,0.0,90,4,0.0444444444444444,2008,33.1,1998,20.05825483416782,0.611863686524973,3407,1858,0,0,0.0,0.0
1999,DJI,0.0,0.0,0.0,0.0,0.0,0.0,115,2,0.017391304347826,2009,34.4,1999,20.09979423789389,0.611068243570592,5012,2658,0,1,0.0,0.3762227238525207
2000,DJI,0.0,0.0,0.0,0.0,0.0,0.0,97,2,0.0206185567010309,2010,32.5,2000,20.12766426648093,0.610378557766597,3428,1841,0,1,0.0,0.5431830526887561
2001,DJI,0.0,0.0,0.0,0.0,0.0,0.0,76,11,0.1447368421052631,2011,32.0,2001,20.16537907478406,0.607800433315904,2698,1458,0,2,0.0,1.371742112482853
2002,DJI,0.0,0.0,0.0,0.0,0.0,0.0,59,2,0.0338983050847457,2012,32.3,2002,20.197533050837954,0.620367054955729,2006,1117,0,0,0.0,0.0
2004,DJI,0.0,0.0,0.0,0.0,0.0,0.0,83,3,0.036144578313253,2014,29.4,2004,20.31690848360583,0.613922399232087,3213,1765,0,1,0.0,0.56657223796034
2009,DJI,0.0,0.0,0.0,0.0,0.0,0.0,77,8,0.1038961038961039,2019,23.4,2009,20.771208675570257,0.605126596073177,1892,1030,1,2,0.970873786407767,1.941747572815534
2011,DJI,0.0,0.0,0.0,0.0,0.0,0.0,69,9,0.1304347826086956,2021,26.6,2011,20.937687060718652,0.595295934652111,1652,868,0,0,0.0,0.0
2012,DJI,0.0,0.0,0.0,0.0,0.0,0.0,71,8,0.1126760563380281,2022,26.9,2012,21.026057883104027,0.608520836136708,2452,1316,0,2,0.0,1.5197568389057752
1996,DMA,0.0,0.0,0.0,0.0,0.0,0.0,33,2,0.0606060606060606,2006,9.8,1996,19.49324054525272,0.476567734286037,1577,827,0,0,0.0,0.0
1997,DMA,0.0,0.0,0.0,0.0,0.0,0.0,61,6,0.0983606557377049,2007,7.8,1997,19.529206692504243,0.473390101524686,1983,977,0,2,0.0,2.0470829068577276
1998,DMA,0.0,0.0,0.0,0.0,0.0,0.0,35,5,0.1428571428571428,2008,8.0,1998,19.591338031712564,0.471442835307176,1252,631,0,3,0.0,4.754358161648177
1999,DMA,0.0,0.0,0.0,0.0,0.0,0.0,45,5,0.1111111111111111,2009,7.5,1999,19.619920141261854,0.470950805148074,2047,1098,0,0,0.0,0.0
2000,DMA,0.0,0.0,0.0,0.0,0.0,0.0,39,2,0.0512820512820512,2010,10.3,2000,19.62506457499525,0.462551006841694,2153,1143,0,0,0.0,0.0
2001,DMA,0.0,0.0,0.0,0.0,0.0,0.0,39,1,0.0256410256410256,2011,13.8,2001,19.64505512469805,0.452832641558143,1847,980,0,0,0.0,0.0
2002,DMA,0.0,0.0,0.0,0.0,0.0,0.0,47,3,0.0638297872340425,2012,11.3,2002,19.624242352648967,0.464541373985109,2116,1160,0,2,0.0,1.7241379310344827
2003,DMA,0.0,0.0,0.0,0.0,0.0,0.0,51,7,0.1372549019607843,2013,11.4,2003,19.65414762347364,0.455642418671626,2693,1536,1,2,0.6510416666666666,1.3020833333333333
2004,DMA,0.0,0.0,0.0,0.0,0.0,0.0,44,5,0.1136363636363636,2014,9.9,2004,19.72141721671061,0.45123148405896,2122,1124,0,3,0.0,2.6690391459074734
2005,DMA,0.0,0.0,0.0,0.0,0.0,0.0,54,6,0.1111111111111111,2015,8.7,2005,19.71336625508525,0.442212825331696,2059,1147,0,4,0.0,3.4873583260680037
2006,DMA,0.0,0.0,1.0,0.0,0.0,0.0,73,6,0.0821917808219178,2016,10.7,2006,19.78230286276816,0.443201746356632,2035,1126,2,5,1.7761989342806395,4.440497335701599
2007,DMA,0.0,0.0,1.0,0.0,0.0,0.0,73,23,0.3150684931506849,2017,9.7,2007,19.85903153418592,0.437238533632733,2115,1170,1,12,0.8547008547008547,10.256410256410257
2008,DMA,0.0,0.0,0.0,0.0,0.0,0.0,84,24,0.2857142857142857,2018,7.9,2008,19.94279207823526,0.438540052790493,2064,1124,2,7,1.779359430604982,6.227758007117438
2009,DMA,0.0,0.0,1.0,0.0,0.0,0.0,77,26,0.3376623376623376,2019,7.6,2009,20.00802451674419,0.439697369495842,2113,1153,3,9,2.6019080659150045,7.805724197745013
2010,DMA,0.0,0.0,0.0,0.0,0.0,0.0,80,17,0.2125,2020,8.6,2010,20.01769363633228,0.439250412953982,2198,1183,1,8,0.8453085376162299,6.762468300929839
2011,DMA,0.0,0.0,1.0,0.0,0.0,0.0,91,28,0.3076923076923077,2021,8.8,2011,20.03216840601364,0.439640219223085,2490,1350,4,11,2.962962962962963,8.148148148148147
2012,DMA,0.0,0.0,2.0,0.0,0.0,0.0,63,35,0.5555555555555556,2022,8.9,2012,20.00171156105384,0.441280636602601,2316,1256,8,12,6.369426751592357,9.554140127388534
1995,DNK,0.0,0.0,0.0,0.0,0.0,0.0,79,4,0.050632911392405,2005,16.1,1995,25.943664808558776,0.341539375028895,1744,996,0,0,0.0,0.0
1996,DNK,0.0,0.0,0.0,0.0,0.0,0.0,82,10,0.1219512195121951,2006,15.3,1996,25.95775516693226,0.33826882143661,2076,1197,1,0,0.835421888053467,0.0
1997,DNK,0.0,0.0,0.0,0.0,0.0,0.0,88,1,0.0113636363636363,2007,17.7,1997,25.87966658140003,0.335702603050167,2649,1388,0,0,0.0,0.0
1998,DNK,0.0,0.0,0.0,0.0,0.0,0.0,77,2,0.0259740259740259,2008,18.5,1998,25.899366023852195,0.332359448297996,2387,1318,0,0,0.0,0.0
1999,DNK,0.0,0.0,0.0,0.0,0.0,0.0,78,2,0.0256410256410256,2009,19.3,1999,25.904848063305653,0.330281930736924,2288,1272,0,0,0.0,0.0
2000,DNK,0.0,0.0,0.0,0.0,0.0,0.0,73,0,0.0,2010,21.2,2000,25.824094253904555,0.328875238623341,1723,1002,0,0,0.0,0.0
2001,DNK,0.0,0.0,0.0,0.0,0.0,0.0,46,3,0.0652173913043478,2011,23.8,2001,25.82794442410295,0.328622637673457,1637,938,0,0,0.0,0.0
2002,DNK,0.0,0.0,0.0,0.0,0.0,0.0,50,0,0.0,2012,26.9,2002,25.90860957687625,0.328406051537704,1737,926,0,0,0.0,0.0
2003,DNK,0.0,0.0,0.0,0.0,0.0,0.0,47,2,0.0425531914893617,2013,27.0,2003,26.10820537141122,0.328603607875429,1515,810,0,0,0.0,0.0
2004,DNK,0.0,0.0,0.0,0.0,0.0,0.0,49,2,0.0408163265306122,2014,30.2,2004,26.250210973496458,0.32802087412097,1637,919,0,2,0.0,2.176278563656148
2005,DNK,0.0,0.0,0.0,0.0,0.0,0.0,53,0,0.0,2015,32.5,2005,26.300981921436303,0.32747245704603,1554,860,0,0,0.0,0.0
2006,DNK,0.0,0.0,0.0,0.0,0.0,0.0,82,1,0.0121951219512195,2016,32.0,2006,26.368309750130237,0.327019226851752,1661,909,0,0,0.0,0.0
2007,DNK,0.0,0.0,0.0,0.0,0.0,2.0,105,15,0.1428571428571428,2017,35.0,2007,26.4897832560575,0.326669033560282,2024,1094,0,10,0.0,9.140767824497258
2008,DNK,0.0,0.0,0.0,0.0,0.0,0.0,94,12,0.1276595744680851,2018,34.6,2008,26.590750096073865,0.326389477862752,2001,1129,0,6,0.0,5.314437555358724
2009,DNK,0.0,0.0,0.0,0.0,2.0,0.0,80,17,0.2125,2019,37.2,2009,26.4954646204715,0.326638762086121,1891,1020,0,9,0.0,8.823529411764707
2010,DNK,0.0,0.0,0.0,0.0,0.0,0.0,101,13,0.1287128712871287,2020,39.5,2010,26.49780272214112,0.326229342331739,2219,1206,1,4,0.8291873963515755,3.316749585406302
2011,DNK,0.0,0.0,0.0,0.0,0.0,0.0,82,15,0.1829268292682926,2021,39.5,2011,26.563916615240423,0.32505710990741,1782,968,0,2,0.0,2.066115702479339
1995,DOM,0.0,0.0,0.0,0.0,0.0,0.0,36,2,0.0555555555555555,2005,19.4,1995,23.53491725739183,0.49524192782696,2206,1193,0,0,0.0,0.0
1996,DOM,0.0,0.0,0.0,0.0,0.0,0.0,36,1,0.0277777777777777,2006,18.0,1996,23.6269717571114,0.49456921815616,2193,1168,0,0,0.0,0.0
1997,DOM,0.0,0.0,0.0,0.0,0.0,0.0,61,3,0.0491803278688524,2007,17.9,1997,23.719870228395013,0.492972156498918,2853,1518,0,2,0.0,1.3175230566534915
1998,DOM,0.0,0.0,0.0,0.0,0.0,0.0,54,5,0.0925925925925925,2008,17.7,1998,23.79929689812113,0.492061927153605,2138,1165,0,0,0.0,0.0
1999,DOM,0.0,0.0,0.0,0.0,0.0,0.0,36,0,0.0,2009,17.3,1999,23.82049725938288,0.489441048548399,1836,949,0,0,0.0,0.0
2000,DOM,0.0,0.0,0.0,0.0,0.0,0.0,30,2,0.0666666666666666,2010,16.9,2000,23.91398006484143,0.489511353575112,1859,937,0,0,0.0,0.0
2001,DOM,0.0,0.0,0.0,0.0,0.0,0.0,35,1,0.0285714285714285,2011,16.8,2001,23.96592945225979,0.489387071736346,1904,956,0,0,0.0,0.0
2002,DOM,0.0,0.0,0.0,0.0,0.0,0.0,39,2,0.0512820512820512,2012,16.5,2002,24.0241802078371,0.494339103031571,1709,898,0,0,0.0,0.0
2003,DOM,0.0,0.0,0.0,0.0,0.0,0.0,26,2,0.0769230769230769,2013,16.6,2003,23.786804791381364,0.496528493754399,1368,744,0,0,0.0,0.0
2004,DOM,0.0,0.0,0.0,0.0,0.0,0.0,38,0,0.0,2014,17.3,2004,23.828855940512643,0.479616525859869,2081,1065,0,1,0.0,0.9389671361502347
2005,DOM,0.0,0.0,0.0,0.0,0.0,0.0,34,7,0.2058823529411764,2015,14.9,2005,24.300586731456036,0.478389943703718,1409,783,0,2,0.0,2.554278416347382
2006,DOM,0.0,0.0,0.0,0.0,0.0,0.0,35,0,0.0,2016,15.3,2006,24.357684613569933,0.476933069861177,1038,543,0,0,0.0,0.0
2007,DOM,0.0,0.0,0.0,0.0,0.0,0.0,48,7,0.1458333333333333,2017,16.9,2007,24.506670141460607,0.474434588394626,1225,645,0,2,0.0,3.10077519379845
2008,DOM,0.0,0.0,0.0,0.0,0.0,0.0,55,15,0.2727272727272727,2018,15.9,2008,24.597017791221543,0.47515475916425,1593,795,0,0,0.0,0.0
2009,DOM,0.0,0.0,0.0,0.0,0.0,0.0,53,7,0.1320754716981132,2019,14.4,2009,24.599891265811475,0.472135487688467,1615,864,0,0,0.0,0.0
2010,DOM,0.0,0.0,0.0,0.0,0.0,0.0,52,19,0.3653846153846153,2020,16.0,2010,24.70965740468029,0.470266401024184,1417,794,0,8,0.0,10.075566750629722
2011,DOM,0.0,0.0,0.0,0.0,0.0,0.0,48,6,0.125,2021,14.8,2011,24.784222057191997,0.469324812674429,1557,850,0,2,0.0,2.352941176470588
1995,DZA,0.0,0.0,0.0,0.0,0.0,0.0,42,0,0.0,2005,0.6,1995,24.45530755215532,0.471355552126321,2833,1466,0,0,0.0,0.0
1996,DZA,0.0,0.0,0.0,0.0,0.0,0.0,53,0,0.0,2006,0.4,1996,24.57216913163599,0.470388142173096,3486,1844,0,0,0.0,0.0
1997,DZA,0.0,0.0,0.0,0.0,0.0,0.0,50,1,0.02,2007,0.4,1997,24.598160269642072,0.469081873732583,3104,1572,0,0,0.0,0.0
1998,DZA,0.0,0.0,0.0,0.0,0.0,0.0,45,0,0.0,2008,0.3,1998,24.598371334395544,0.465994025991246,2364,1201,0,0,0.0,0.0
1999,DZA,0.0,0.0,0.0,0.0,0.0,0.0,76,2,0.0263157894736842,2009,0.3,1999,24.607725884850243,0.463303642763662,3854,1975,0,0,0.0,0.0
2000,DZA,0.0,0.0,0.0,0.0,0.0,0.0,50,0,0.0,2010,0.3,2000,24.726780811408005,0.461793674980076,2836,1458,0,0,0.0,0.0
2001,DZA,0.0,0.0,0.0,0.0,0.0,0.0,37,3,0.081081081081081,2011,0.2,2001,24.725946361574792,0.462871578527973,2183,1175,0,0,0.0,0.0
2002,DZA,0.0,0.0,0.0,0.0,0.0,0.0,30,1,0.0333333333333333,2012,0.2,2002,24.762103958862717,0.465394562819706,1785,926,0,0,0.0,0.0
2003,DZA,0.0,0.0,0.0,0.0,0.0,0.0,28,1,0.0357142857142857,2013,0.1,2003,24.94076933406806,0.461543675348802,1611,894,0,1,0.0,1.1185682326621924
2004,DZA,0.0,0.0,0.0,0.0,0.0,0.0,22,0,0.0,2014,0.1,2004,25.16982217852761,0.458700749623886,921,476,0,0,0.0,0.0
2005,DZA,0.0,0.0,0.0,0.0,0.0,0.0,36,1,0.0277777777777777,2015,0.1,2005,25.35991736400076,0.455850091074584,1896,997,0,0,0.0,0.0
2006,DZA,0.0,0.0,0.0,0.0,0.0,0.0,50,1,0.02,2016,0.1,2006,25.485672912872356,0.453250717046252,1773,917,0,0,0.0,0.0
2007,DZA,0.0,0.0,0.0,0.0,0.0,0.0,90,14,0.1555555555555555,2017,0.1,2007,25.62837084263352,0.453315304266336,2512,1341,0,7,0.0,5.219985085756898
2008,DZA,0.0,0.0,0.0,0.0,0.0,0.0,39,2,0.0512820512820512,2018,0.2,2008,25.86493348628865,0.453292182190883,1211,634,0,1,0.0,1.5772870662460567
2009,DZA,0.0,0.0,0.0,0.0,0.0,0.0,34,1,0.0294117647058823,2019,0.2,2009,25.64478575522448,0.450522011498205,1135,580,0,1,0.0,1.7241379310344827
2010,DZA,0.0,0.0,0.0,0.0,0.0,0.0,48,7,0.1458333333333333,2020,0.1,2010,25.80595699046452,0.449317350862362,1532,829,0,4,0.0,4.8250904704463204
2011,DZA,0.0,0.0,0.0,0.0,0.0,0.0,54,3,0.0555555555555555,2021,0.1,2011,26.021648690865103,0.451886057546577,1628,850,0,2,0.0,2.352941176470588
1995,ECU,0.0,0.0,0.0,0.0,0.0,0.0,60,4,0.0666666666666666,2005,16.2,1995,23.919195784914827,0.500895121556001,2753,1486,0,0,0.0,0.0
1996,ECU,0.0,0.0,0.0,0.0,0.0,0.0,57,5,0.087719298245614,2006,14.2,1996,23.951156632463693,0.502138513580057,2434,1302,0,0,0.0,0.0
1997,ECU,0.0,0.0,0.0,0.0,0.0,0.0,70,9,0.1285714285714285,2007,15.9,1997,24.061241271367106,0.501749031473238,3296,1752,0,1,0.0,0.5707762557077625
1998,ECU,0.0,0.0,0.0,0.0,0.0,0.0,59,9,0.1525423728813559,2008,15.3,1998,24.05482360045464,0.506129841747229,2102,989,0,0,0.0,0.0
1999,ECU,0.0,0.0,0.0,0.0,0.0,0.0,36,3,0.0833333333333333,2009,12.9,1999,23.701102567997463,0.505228696125619,2162,1194,0,3,0.0,2.512562814070352
2000,ECU,0.0,0.0,0.0,0.0,0.0,0.0,40,5,0.125,2010,11.8,2000,23.63168295366525,0.504336595915337,2392,1285,0,3,0.0,2.3346303501945527
2001,ECU,0.0,0.0,0.0,0.0,0.0,0.0,59,2,0.0338983050847457,2011,13.2,2001,23.920645220024248,0.502848813889975,2837,1533,0,0,0.0,0.0
2002,ECU,0.0,0.0,0.0,0.0,0.0,0.0,29,2,0.0689655172413793,2012,13.2,2002,24.07488581965113,0.504375276773909,1234,612,0,1,0.0,1.6339869281045751
2003,ECU,0.0,0.0,2.0,0.0,0.0,0.0,44,5,0.1136363636363636,2013,11.8,2003,24.202437881658856,0.497457777164762,1847,969,0,0,0.0,0.0
2004,ECU,0.0,0.0,0.0,0.0,0.0,0.0,30,0,0.0,2014,12.2,2004,24.323086209863853,0.492545485295479,1825,1015,0,1,0.0,0.9852216748768472
2005,ECU,0.0,0.0,0.0,0.0,0.0,0.0,67,11,0.1641791044776119,2015,13.1,2005,24.449129972503137,0.489164803107073,1534,838,0,1,0.0,1.1933174224343677
2006,ECU,0.0,0.0,0.0,0.0,0.0,0.0,71,6,0.0845070422535211,2016,14.8,2006,24.569192714129954,0.490126989880338,1680,951,0,0,0.0,0.0
2007,ECU,0.0,0.0,0.0,0.0,0.0,0.0,58,12,0.2068965517241379,2017,17.0,2007,24.655243948241367,0.487832772870603,1593,797,0,3,0.0,3.764115432873275
2008,ECU,0.0,0.0,0.0,0.0,0.0,0.0,89,4,0.0449438202247191,2018,16.3,2008,24.84656440690824,0.485915230637501,2564,1363,0,2,0.0,1.467351430667645
2009,ECU,0.0,0.0,0.0,0.0,0.0,0.0,122,27,0.221311475409836,2019,17.7,2009,24.85874732009424,0.488245460301051,3278,1754,4,11,2.280501710376283,6.271379703534778
2010,ECU,0.0,0.0,0.0,0.0,0.0,0.0,71,21,0.2957746478873239,2020,20.2,2010,24.965388919844,0.482922328443846,1622,850,0,4,0.0,4.705882352941176
2011,ECU,0.0,0.0,0.0,0.0,0.0,0.0,78,11,0.141025641025641,2021,18.9,2011,25.096209647374437,0.480550913952016,2697,1501,0,7,0.0,4.663557628247834
1995,EGY,0.0,0.0,0.0,0.0,0.0,0.0,83,4,0.0481927710843373,2005,6.5,1995,24.820260967639577,0.521021266750807,5863,3010,0,0,0.0,0.0
1996,EGY,0.0,0.0,0.0,0.0,0.0,0.0,92,3,0.0326086956521739,2006,6.2,1996,24.93731332371007,0.519572213994712,4721,2517,0,0,0.0,0.0
1997,EGY,0.0,0.0,0.0,0.0,0.0,0.0,89,3,0.0337078651685393,2007,6.0,1997,25.085556213801866,0.519360530545337,4702,2484,0,0,0.0,0.0
1998,EGY,0.0,0.0,0.0,0.0,0.0,0.0,96,3,0.03125,2008,5.9,1998,25.16390103380058,0.515163360283221,4026,2067,0,0,0.0,0.0
1999,EGY,0.0,0.0,0.0,0.0,0.0,0.0,126,1,0.0079365079365079,2009,5.7,1999,25.230941211436143,0.515303766183947,4139,2114,0,0,0.0,0.0
2000,EGY,0.0,0.0,0.0,0.0,0.0,0.0,89,2,0.0224719101123595,2010,5.4,2000,25.32682015772721,0.515105359804695,3818,1989,0,1,0.0,0.5027652086475616
2001,EGY,0.0,0.0,0.0,0.0,0.0,0.0,66,1,0.0151515151515151,2011,5.4,2001,25.294720344869457,0.514380286062598,2520,1294,0,0,0.0,0.0
2002,EGY,0.0,0.0,0.0,0.0,0.0,0.0,53,3,0.0566037735849056,2012,5.3,2002,25.167634058795983,0.513021910094538,2954,1505,0,1,0.0,0.6644518272425249
2003,EGY,0.0,0.0,0.0,0.0,0.0,0.0,65,1,0.0153846153846153,2013,5.3,2003,25.10889175564419,0.509611340475374,2809,1458,0,0,0.0,0.0
2004,EGY,0.0,0.0,0.0,0.0,0.0,0.0,73,1,0.0136986301369863,2014,5.4,2004,25.08995631580622,0.508029997852749,2927,1490,0,0,0.0,0.0
2005,EGY,0.0,0.0,0.0,0.0,0.0,0.0,40,0,0.0,2015,5.3,2005,25.218628584991222,0.504764241005982,2455,1347,0,0,0.0,0.0
2006,EGY,0.0,0.0,0.0,0.0,0.0,0.0,86,2,0.0232558139534883,2016,5.1,2006,25.400068884843456,0.498173880926598,2499,1300,0,0,0.0,0.0
2007,EGY,0.0,0.0,0.0,0.0,0.0,0.0,87,3,0.0344827586206896,2017,4.9,2007,25.59416253923921,0.495026350060698,2351,1207,0,0,0.0,0.0
2008,EGY,0.0,0.0,0.0,0.0,0.0,0.0,69,5,0.072463768115942,2018,5.0,2008,25.815899966207635,0.492623364579191,1978,1051,1,4,0.9514747859181732,3.805899143672693
2009,EGY,0.0,0.0,0.0,0.0,0.0,0.0,81,8,0.0987654320987654,2019,6.2,2009,25.965790356258573,0.491921726674765,2662,1448,1,4,0.6906077348066298,2.7624309392265194
2010,EGY,0.0,0.0,0.0,0.0,0.0,0.0,100,2,0.02,2020,6.7,2010,26.11226297978959,0.488797706962949,2468,1301,0,0,0.0,0.0
2011,EGY,0.0,0.0,0.0,0.0,0.0,0.0,82,2,0.024390243902439,2021,6.1,2011,26.18705388244679,0.486843410168257,2812,1505,0,0,0.0,0.0
1995,ERI,0.0,0.0,0.0,0.0,0.0,0.0,21,2,0.0952380952380952,2005,74.7,1995,20.17511145914324,0.630693722281482,1135,595,0,0,0.0,0.0
1996,ERI,0.0,0.0,0.0,0.0,0.0,0.0,42,1,0.0238095238095238,2006,77.3,1996,20.357313640931874,0.62870982016855,1754,917,0,0,0.0,0.0
1997,ERI,0.0,0.0,0.0,0.0,0.0,0.0,71,0,0.0,2007,79.1,1997,20.347102347671168,0.624112584515799,2642,1357,0,0,0.0,0.0
1998,ERI,0.0,0.0,0.0,0.0,0.0,0.0,68,0,0.0,2008,81.4,1998,20.429596643668603,0.622254550289496,3280,1698,1,0,0.5889281507656066,0.0
1999,ERI,0.0,0.0,0.0,0.0,0.0,0.0,68,0,0.0,2009,81.7,1999,20.350633547527224,0.621749194438114,2520,1296,0,0,0.0,0.0
2000,ERI,0.0,0.0,0.0,0.0,0.0,0.0,38,1,0.0263157894736842,2010,80.9,2000,20.37565089213103,0.620452438720631,1893,951,0,1,0.0,1.0515247108307044
2001,ERI,0.0,0.0,0.0,0.0,0.0,0.0,57,0,0.0,2011,77.1,2001,20.43874101938255,0.631341061348461,2067,1106,0,0,0.0,0.0
2002,ERI,0.0,0.0,0.0,0.0,0.0,0.0,50,1,0.02,2012,78.4,2002,20.40762544285645,0.637431951250334,1826,1015,0,0,0.0,0.0
2003,ERI,0.0,0.0,0.0,0.0,0.0,0.0,46,0,0.0,2013,79.7,2003,20.584289123952956,0.654756645222355,2260,1208,0,0,0.0,0.0
2004,ERI,0.0,0.0,0.0,0.0,0.0,0.0,56,0,0.0,2014,80.5,2004,20.82677324115333,0.654932770057302,2466,1271,0,0,0.0,0.0
2005,ERI,0.0,0.0,0.0,0.0,0.0,0.0,24,0,0.0,2015,81.2,2005,20.81714290761294,0.652941158020902,1130,589,0,0,0.0,0.0
2006,ERI,0.0,0.0,0.0,0.0,0.0,0.0,73,1,0.0136986301369863,2016,81.4,2006,20.91484596723276,0.649530141272223,1992,1084,0,0,0.0,0.0
2007,ERI,0.0,0.0,0.0,0.0,0.0,0.0,51,3,0.0588235294117647,2017,81.6,2007,20.99936191851469,0.649220017378454,1511,819,0,1,0.0,1.221001221001221
2008,ERI,0.0,0.0,0.0,0.0,0.0,0.0,65,5,0.0769230769230769,2018,80.8,2008,21.04548613835188,0.646774733985824,1569,839,0,0,0.0,0.0
2009,ERI,0.0,0.0,0.0,0.0,0.0,0.0,52,1,0.0192307692307692,2019,80.6,2009,21.342064159188045,0.648273094481738,1089,561,0,1,0.0,1.7825311942959001
2010,ERI,0.0,0.0,0.0,0.0,0.0,0.0,39,3,0.0769230769230769,2020,80.9,2010,21.186695056418277,0.648426669956791,1011,527,0,0,0.0,0.0
2011,ERI,0.0,0.0,0.0,0.0,0.0,0.0,45,0,0.0,2021,80.7,2011,21.448396850768297,0.645139317383031,1282,665,0,1,0.0,1.5037593984962407
1995,ESP,0.0,0.0,0.0,0.0,0.0,0.0,60,4,0.0666666666666666,2005,7.3,1995,27.14425216364215,0.342811582394765,3913,2074,0,1,0.0,0.4821600771456124
1996,ESP,0.0,0.0,0.0,0.0,0.0,0.0,48,2,0.0416666666666666,2006,8.5,1996,27.188771153872057,0.343778450905229,2821,1451,0,0,0.0,0.0
1997,ESP,0.0,0.0,0.0,0.0,0.0,0.0,67,2,0.0298507462686567,2007,9.0,1997,27.10351933599399,0.342817630560674,2902,1535,0,0,0.0,0.0
1998,ESP,0.0,0.0,0.0,0.0,0.0,0.0,47,1,0.0212765957446808,2008,9.7,1998,27.151718116644897,0.343338523686279,2137,1156,0,0,0.0,0.0
1999,ESP,0.0,0.0,0.0,0.0,0.0,0.0,63,0,0.0,2009,12.2,1999,27.176745223439703,0.342506904918045,2467,1289,0,0,0.0,0.0
2000,ESP,0.0,0.0,0.0,0.0,0.0,0.0,87,5,0.057471264367816,2010,14.4,2000,27.117463954065187,0.338042317441689,3181,1686,0,0,0.0,0.0
2001,ESP,0.0,0.0,0.0,0.0,0.0,0.0,76,3,0.0394736842105263,2011,14.7,2001,27.16553531297871,0.335937783972102,2731,1390,0,0,0.0,0.0
2002,ESP,0.0,0.0,0.0,0.0,0.0,0.0,53,0,0.0,2012,15.8,2002,27.286778112880857,0.337166697657509,2114,1095,0,0,0.0,0.0
2003,ESP,0.0,0.0,0.0,0.0,0.0,0.0,41,0,0.0,2013,16.9,2003,27.53395006218669,0.334185770081574,1084,535,0,0,0.0,0.0
2004,ESP,0.0,0.0,0.0,0.0,0.0,0.0,77,2,0.0259740259740259,2014,17.3,2004,27.69779682825604,0.333579547325552,2396,1237,0,0,0.0,0.0
2005,ESP,0.0,0.0,0.0,0.0,0.0,0.0,43,1,0.0232558139534883,2015,16.3,2005,27.77400899954508,0.333769753865806,1564,834,0,0,0.0,0.0
2006,ESP,0.0,0.0,0.0,0.0,0.0,0.0,76,1,0.0131578947368421,2016,16.7,2006,27.86244943584221,0.331566232207579,1749,956,0,0,0.0,0.0
2007,ESP,0.0,0.0,0.0,0.0,0.0,0.0,72,5,0.0694444444444444,2017,15.2,2007,28.01900265991126,0.330693535956074,1691,901,0,1,0.0,1.1098779134295227
2008,ESP,0.0,0.0,0.0,0.0,0.0,0.0,67,8,0.1194029850746268,2018,16.9,2008,28.120743725315275,0.332914549757795,1542,778,0,0,0.0,0.0
2009,ESP,0.0,0.0,0.0,0.0,0.0,0.0,90,14,0.1555555555555555,2019,16.7,2009,28.03078528700328,0.333257326253217,2272,1153,0,5,0.0,4.336513443191674
2010,ESP,0.0,0.0,0.0,0.0,0.0,0.0,81,11,0.1358024691358024,2020,19.3,2010,27.983161534276373,0.32992841927857,2201,1190,1,6,0.8403361344537815,5.04201680672269
2011,ESP,0.0,0.0,0.0,0.0,0.0,0.0,109,8,0.073394495412844,2021,19.0,2011,28.023543153179315,0.32761127312923,2476,1300,0,2,0.0,1.5384615384615385
1995,EST,0.0,0.0,0.0,0.0,0.0,0.0,31,0,0.0,2005,18.9,1995,22.228003213443703,0.385474956271112,1073,611,0,0,0.0,0.0
1996,EST,0.0,0.0,0.0,0.0,0.0,0.0,51,1,0.0196078431372549,2006,17.2,1996,22.288964793829653,0.385646328839652,1306,733,0,0,0.0,0.0
1997,EST,0.0,0.0,0.0,0.0,0.0,0.0,57,2,0.0350877192982456,2007,18.6,1997,22.363120561872567,0.383294918135063,1576,888,0,0,0.0,0.0
1998,EST,0.0,0.0,0.0,0.0,0.0,0.0,33,0,0.0,2008,20.5,1998,22.45917436833278,0.393461167285298,1119,597,0,0,0.0,0.0
1999,EST,0.0,0.0,0.0,0.0,0.0,0.0,44,0,0.0,2009,24.2,1999,22.47366710298948,0.390200827320956,1272,701,0,0,0.0,0.0
2000,EST,0.0,0.0,0.0,0.0,0.0,0.0,33,1,0.0303030303030303,2010,25.3,2000,22.461374805582583,0.388391797341998,998,541,0,0,0.0,0.0
2001,EST,0.0,0.0,0.0,0.0,0.0,0.0,73,1,0.0136986301369863,2011,25.2,2001,22.55659095035876,0.388546392438603,2283,1199,0,0,0.0,0.0
2002,EST,0.0,0.0,0.0,0.0,0.0,0.0,30,2,0.0666666666666666,2012,25.0,2002,22.7204088633642,0.386646292218421,1215,671,0,0,0.0,0.0
2003,EST,0.0,0.0,0.0,0.0,0.0,0.0,60,30,0.5,2013,24.5,2003,23.01317220329628,0.385559085775267,1829,1025,0,5,0.0,4.878048780487805
2004,EST,0.0,0.0,0.0,0.0,0.0,0.0,59,2,0.0338983050847457,2014,25.3,2004,23.22025847282784,0.375408378295876,1921,1045,0,0,0.0,0.0
2005,EST,0.0,0.0,0.0,0.0,0.0,0.0,36,2,0.0555555555555555,2015,28.2,2005,23.36992209287885,0.371836767629958,1234,694,0,2,0.0,2.881844380403458
2006,EST,0.0,0.0,0.0,0.0,0.0,0.0,62,9,0.1451612903225806,2016,27.2,2006,23.557823594814423,0.369135642356345,1381,784,0,0,0.0,0.0
2007,EST,0.0,0.0,0.0,0.0,0.0,0.0,56,12,0.2142857142857142,2017,27.5,2007,23.834517674569955,0.366263926085108,1160,647,1,7,1.5455950540958268,10.819165378670787
2008,EST,0.0,0.0,0.0,0.0,0.0,0.0,55,9,0.1636363636363636,2018,28.6,2008,23.915455887986425,0.368742852349921,1356,735,0,2,0.0,2.7210884353741496
2009,EST,0.0,0.0,0.0,0.0,0.0,0.0,54,9,0.1666666666666666,2019,31.3,2009,23.70047926010791,0.371788511071581,1330,763,3,5,3.931847968545216,6.55307994757536
2010,EST,0.0,0.0,0.0,0.0,0.0,0.0,66,5,0.0757575757575757,2020,40.4,2010,23.694883543766828,0.3697029905963,1480,847,0,0,0.0,0.0
2011,EST,0.0,0.0,0.0,0.0,0.0,0.0,98,8,0.0816326530612244,2021,38.0,2011,23.868021127434293,0.36735183761792,2106,1140,0,4,0.0,3.5087719298245617
1995,ETH,0.0,0.0,0.0,0.0,0.0,0.0,44,0,0.0,2005,94.7,1995,22.759797864043005,0.581278406347132,2433,1200,0,0,0.0,0.0
1996,ETH,0.0,0.0,0.0,0.0,0.0,0.0,44,0,0.0,2006,94.5,1996,22.868956123723333,0.578893422798846,2026,1018,0,0,0.0,0.0
1997,ETH,0.0,0.0,0.0,0.0,0.0,0.0,68,0,0.0,2007,94.1,1997,22.87377532798248,0.576240565871657,3554,1773,0,0,0.0,0.0
1998,ETH,0.0,0.0,0.0,0.0,0.0,0.0,47,1,0.0212765957446808,2008,94.1,1998,22.77972094983864,0.578502504792763,2793,1345,0,0,0.0,0.0
1999,ETH,0.0,0.0,0.0,0.0,0.0,0.0,99,0,0.0,2009,94.2,1999,22.76459440436363,0.580254180049513,4566,2172,0,0,0.0,0.0
2000,ETH,0.0,0.0,0.0,0.0,0.0,0.0,46,0,0.0,2010,94.1,2000,22.83255132892281,0.578164329722545,1780,829,0,0,0.0,0.0
2001,ETH,0.0,0.0,0.0,0.0,0.0,0.0,59,2,0.0338983050847457,2011,93.6,2001,22.831212958462576,0.581235415545698,1591,763,1,0,1.3106159895150722,0.0
2002,ETH,0.0,0.0,0.0,0.0,0.0,0.0,60,1,0.0166666666666666,2012,93.3,2002,22.78388248418848,0.572854248075811,1690,805,0,0,0.0,0.0
2003,ETH,0.0,0.0,0.0,0.0,0.0,0.0,48,1,0.0208333333333333,2013,92.4,2003,22.87777905501784,0.577571816555514,1680,817,0,0,0.0,0.0
2004,ETH,0.0,0.0,0.0,0.0,0.0,0.0,49,2,0.0408163265306122,2014,91.4,2004,23.038884350807248,0.582116674462596,1992,934,0,0,0.0,0.0
2005,ETH,0.0,0.0,0.0,0.0,0.0,0.0,32,2,0.0625,2015,91.5,2005,23.241054196787253,0.575190357744712,1306,651,0,0,0.0,0.0
2006,ETH,0.0,0.0,0.0,0.0,0.0,0.0,93,3,0.032258064516129,2016,90.4,2006,23.449867021908343,0.577846593338698,2100,1071,0,0,0.0,0.0
2007,ETH,0.0,0.0,0.0,0.0,0.0,0.0,79,10,0.1265822784810126,2017,90.8,2007,23.704271036188405,0.574914289885702,1646,822,1,5,1.2165450121654502,6.082725060827251
2008,ETH,0.0,0.0,0.0,0.0,0.0,0.0,59,7,0.1186440677966101,2018,90.0,2008,24.021577882904644,0.576246122006659,1144,637,0,0,0.0,0.0
2009,ETH,0.0,0.0,0.0,0.0,0.0,0.0,85,10,0.1176470588235294,2019,89.3,2009,24.202577579477467,0.572392421873261,1831,880,0,5,0.0,5.681818181818182
2010,ETH,0.0,0.0,0.0,0.0,0.0,0.0,89,11,0.1235955056179775,2020,90.7,2010,24.12225379075276,0.57042819509533,2173,1106,0,2,0.0,1.8083182640144664
2011,ETH,0.0,0.0,0.0,0.0,0.0,0.0,68,6,0.088235294117647,2021,90.6,2011,24.187524495689477,0.569079737321716,1701,810,0,3,0.0,3.7037037037037037
1995,FIN,0.0,0.0,0.0,0.0,0.0,0.0,52,3,0.0576923076923076,2005,31.5,1995,25.622521163037455,0.31668471333654,1521,805,0,1,0.0,1.2422360248447206
1996,FIN,0.0,0.0,0.0,0.0,0.0,0.0,79,10,0.1265822784810126,2006,31.2,1996,25.607045873576272,0.316642279986624,2156,1192,0,0,0.0,0.0
1997,FIN,0.0,0.0,0.0,0.0,0.0,0.0,71,2,0.028169014084507,2007,31.8,1997,25.566760968327014,0.316800050516489,1726,948,0,0,0.0,0.0
1998,FIN,0.0,0.0,0.0,0.0,0.0,0.0,55,3,0.0545454545454545,2008,34.6,1998,25.621394537631637,0.313703763635962,1540,861,0,0,0.0,0.0
1999,FIN,0.0,0.0,0.0,0.0,0.0,0.0,114,7,0.0614035087719298,2009,32.5,1999,25.63049487981741,0.310963901576318,2919,1621,0,1,0.0,0.6169031462060457
2000,FIN,0.0,0.0,0.0,0.0,0.0,0.0,101,6,0.0594059405940594,2010,33.4,2000,25.559702838322508,0.322476554533804,2614,1444,0,0,0.0,0.0
2001,FIN,0.0,0.0,0.0,0.0,0.0,0.0,53,1,0.0188679245283018,2011,35.1,2001,25.587202340330773,0.321250951224018,1562,833,0,0,0.0,0.0
2002,FIN,0.0,0.0,0.0,0.0,0.0,0.0,53,4,0.0754716981132075,2012,38.7,2002,25.66779309586117,0.319734530705024,1382,718,0,0,0.0,0.0
2003,FIN,0.0,0.0,0.0,0.0,0.0,0.0,45,0,0.0,2013,38.5,2003,25.86873767861764,0.32111727891752,1420,782,0,0,0.0,0.0
2004,FIN,0.0,0.0,0.0,0.0,0.0,0.0,30,1,0.0333333333333333,2014,41.2,2004,26.008900334751782,0.316926920921726,745,407,0,0,0.0,0.0
2005,FIN,0.0,0.0,0.0,0.0,0.0,0.0,43,7,0.1627906976744186,2015,43.2,2005,26.04571709752335,0.315631804819688,1342,749,1,3,1.335113484646195,4.005340453938585
2006,FIN,0.0,0.0,0.0,0.0,0.0,0.0,99,10,0.101010101010101,2016,42.4,2006,26.10357448742264,0.314879313970924,2034,1167,0,2,0.0,1.7137960582690661
2007,FIN,0.0,0.0,0.0,0.0,0.0,0.0,65,9,0.1384615384615384,2017,44.4,2007,26.269919019145476,0.315147486469423,1072,624,0,4,0.0,6.41025641025641
2008,FIN,0.0,0.0,0.0,0.0,0.0,0.0,75,22,0.2933333333333333,2018,44.2,2008,26.378265236387552,0.314825973026226,1224,695,0,12,0.0,17.26618705035971
2009,FIN,0.0,0.0,0.0,0.0,0.0,0.0,69,16,0.2318840579710145,2019,45.4,2009,26.25861988016257,0.314154139924314,1151,629,0,9,0.0,14.308426073131956
2010,FIN,0.0,0.0,0.0,0.0,0.0,0.0,69,20,0.2898550724637681,2020,47.3,2010,26.242421342655064,0.312313471757543,1098,628,0,6,0.0,9.554140127388534
2011,FIN,0.0,0.0,0.0,0.0,0.0,0.0,78,13,0.1666666666666666,2021,50.2,2011,26.34223218208219,0.31359150866668,1293,691,0,1,0.0,1.447178002894356
1995,FJI,0.0,0.0,0.0,0.0,0.0,0.0,135,14,0.1037037037037037,2005,40.0,1995,21.401452169546182,0.519262390826269,4773,2588,0,5,0.0,1.9319938176197837
1996,FJI,0.0,0.0,0.0,0.0,0.0,0.0,98,14,0.1428571428571428,2006,39.1,1996,21.478775725152595,0.520313697536832,4831,2582,0,10,0.0,3.8729666924864445
1997,FJI,0.0,0.0,0.0,0.0,0.0,0.0,122,12,0.0983606557377049,2007,36.0,1997,21.46053570450298,0.519246333909428,4638,2506,0,7,0.0,2.793296089385475
1998,FJI,0.0,0.0,0.0,0.0,0.0,0.0,63,7,0.1111111111111111,2008,42.1,1998,21.22594657742149,0.519836966552064,2714,1466,0,2,0.0,1.364256480218281
1999,FJI,0.0,0.0,0.0,0.0,0.0,0.0,50,2,0.04,2009,41.6,1999,21.3841273936537,0.520329800204871,2670,1428,0,0,0.0,0.0
2000,FJI,0.0,0.0,0.0,0.0,0.0,0.0,44,0,0.0,2010,28.0,2000,21.240999251692116,0.52070372630557,2371,1190,0,0,0.0,0.0
2001,FJI,0.0,0.0,0.0,0.0,0.0,0.0,60,4,0.0666666666666666,2011,33.4,2001,21.225532172089224,0.522671443504127,2111,1200,0,1,0.0,0.8333333333333334
2002,FJI,0.0,0.0,0.0,0.0,0.0,0.0,89,18,0.2022471910112359,2012,33.3,2002,21.32937254100243,0.519654973456584,2615,1364,0,1,0.0,0.7331378299120235
2003,FJI,0.0,0.0,0.0,0.0,0.0,0.0,83,1,0.0120481927710843,2013,32.8,2003,21.55638885091824,0.513928841899913,2469,1310,0,0,0.0,0.0
2004,FJI,0.0,0.0,0.0,0.0,0.0,0.0,81,5,0.0617283950617283,2014,33.2,2004,21.719505171266345,0.515884859523294,2329,1246,0,2,0.0,1.6051364365971108
2005,FJI,0.0,0.0,0.0,0.0,0.0,0.0,48,1,0.0208333333333333,2015,32.7,2005,21.8153245192388,0.50620432645598,1929,1011,0,1,0.0,0.9891196834817012
2006,FJI,0.0,0.0,0.0,0.0,0.0,0.0,89,0,0.0,2016,27.7,2006,21.846995185675294,0.49996961700671,1795,934,0,0,0.0,0.0
2007,FJI,0.0,0.0,0.0,0.0,0.0,0.0,133,2,0.0150375939849624,2017,28.6,2007,21.940642783026288,0.496589040601595,3016,1602,0,1,0.0,0.6242197253433208
2008,FJI,0.0,0.0,0.0,0.0,0.0,0.0,148,12,0.081081081081081,2018,25.8,2008,21.98263150811771,0.49974431855984,3314,1712,0,6,0.0,3.5046728971962615
2009,FJI,0.0,0.0,0.0,0.0,0.0,0.0,102,14,0.1372549019607843,2019,26.5,2009,21.77779548624267,0.503324762349303,2404,1223,0,16,0.0,13.082583810302536
2010,FJI,0.0,0.0,0.0,0.0,0.0,0.0,65,8,0.123076923076923,2020,31.8,2010,21.86754189627629,0.498935343681303,1494,830,0,2,0.0,2.4096385542168677
2011,FJI,0.0,0.0,1.0,0.0,0.0,2.0,79,15,0.189873417721519,2021,29.7,2011,22.05283434639314,0.496560768992245,2095,1180,0,5,0.0,4.237288135593221
2012,FJI,0.0,0.0,0.0,0.0,0.0,0.0,62,12,0.1935483870967742,2022,28.4,2012,22.102542760847783,0.496797341651112,2351,1255,0,2,0.0,1.5936254980079683
1995,FRA,0.0,0.0,0.0,0.0,0.0,0.0,128,4,0.03125,2005,8.6,1995,28.10170873383195,0.337922156001706,4123,2067,0,0,0.0,0.0
1996,FRA,0.0,0.0,0.0,0.0,0.0,0.0,93,3,0.032258064516129,2006,8.5,1996,28.10456539874987,0.336349702473126,3523,1841,0,0,0.0,0.0
1997,FRA,0.0,0.0,0.0,0.0,0.0,0.0,92,1,0.0108695652173913,2007,9.4,1997,28.00457229432353,0.335602405391873,2867,1473,0,0,0.0,0.0
1998,FRA,0.0,0.0,0.0,0.0,0.0,0.0,95,0,0.0,2008,10.5,1998,28.038556572158903,0.335155085845219,3202,1685,0,0,0.0,0.0
1999,FRA,0.0,0.0,0.0,0.0,0.0,0.0,131,12,0.0916030534351145,2009,11.2,1999,28.03191026207285,0.334185863220543,2995,1605,0,2,0.0,1.2461059190031154
2000,FRA,0.0,0.0,0.0,0.0,0.0,0.0,94,2,0.0212765957446808,2010,11.9,2000,27.942644050764137,0.334687247050701,3774,2047,0,1,0.0,0.48851978505129456
2001,FRA,0.0,0.0,0.0,0.0,0.0,0.0,60,1,0.0166666666666666,2011,10.6,2001,27.95140559235168,0.333580138388098,2472,1257,0,0,0.0,0.0
2002,FRA,0.0,0.0,0.0,0.0,0.0,0.0,94,4,0.0425531914893617,2012,12.3,2002,28.03742537154693,0.33494248101551,2401,1274,0,1,0.0,0.7849293563579278
2003,FRA,0.0,0.0,0.0,0.0,0.0,0.0,55,6,0.109090909090909,2013,13.4,2003,28.243253637796176,0.33475822003675,1768,930,0,0,0.0,0.0
2004,FRA,0.0,0.0,0.0,0.0,1.0,0.0,72,10,0.1388888888888889,2014,13.2,2004,28.382264162110346,0.333323772629914,2366,1214,0,0,0.0,0.0
2005,FRA,0.0,0.0,0.0,0.0,0.0,0.0,76,7,0.0921052631578947,2015,13.3,2005,28.41808898067984,0.332809540450647,2280,1229,1,1,0.8136696501220504,0.8136696501220504
2006,FRA,0.0,0.0,0.0,0.0,0.0,0.0,57,4,0.0701754385964912,2016,14.2,2006,28.47281940477322,0.332048343768916,1065,565,0,0,0.0,0.0
2007,FRA,0.0,0.0,0.0,0.0,0.0,0.0,91,6,0.0659340659340659,2017,14.1,2007,28.6095694870352,0.330958469878054,1816,875,0,0,0.0,0.0
2008,FRA,0.0,0.0,0.0,0.0,0.0,0.0,54,4,0.074074074074074,2018,15.2,2008,28.70612721304666,0.329924008755198,1455,691,0,2,0.0,2.894356005788712
2009,FRA,0.0,0.0,0.0,0.0,0.0,0.0,73,12,0.1643835616438356,2019,15.5,2009,28.62460148936306,0.329517854058385,1481,678,0,3,0.0,4.424778761061947
2010,FRA,0.0,0.0,0.0,0.0,0.0,0.0,95,5,0.0526315789473684,2020,16.8,2010,28.603763211652574,0.328041654026799,2060,1018,0,2,0.0,1.9646365422396854
2011,FRA,0.0,0.0,0.0,0.0,0.0,0.0,63,1,0.0158730158730158,2021,16.2,2011,28.68364445306302,0.328197526143502,1386,719,0,0,0.0,0.0
1995,FSM,0.0,0.0,0.0,0.0,0.0,0.0,46,18,0.391304347826087,2005,1.4,1995,19.216273044531174,0.654073144623807,2515,1312,0,15,0.0,11.432926829268293
1996,FSM,0.0,0.0,0.0,0.0,0.0,1.0,81,28,0.345679012345679,2006,1.4,1996,19.202455369959583,0.653185779456131,3251,1683,0,4,0.0,2.3767082590612003
1998,FSM,0.0,0.0,0.0,0.0,0.0,0.0,67,20,0.2985074626865671,2008,1.4,1998,19.20400266777876,0.651644261984568,3266,1781,0,8,0.0,4.491858506457047
1999,FSM,0.0,0.0,0.0,0.0,0.0,0.0,102,27,0.2647058823529412,2009,1.1,1999,19.20977653683885,0.650886730880577,4118,2158,0,9,0.0,4.170528266913809
2000,FSM,0.0,0.0,0.0,0.0,0.0,0.0,32,9,0.28125,2010,2.0,2000,19.267714855275127,0.649954298057211,1620,933,0,3,0.0,3.215434083601286
2001,FSM,0.0,0.0,0.0,0.0,0.0,1.0,60,15,0.25,2011,1.6,2001,19.30018673727647,0.647840763349064,2283,1164,0,15,0.0,12.886597938144329
2002,FSM,0.0,0.0,0.0,0.0,0.0,0.0,46,16,0.3478260869565217,2012,1.4,2002,19.3065831936616,0.646250155718004,1690,895,1,6,1.1173184357541899,6.70391061452514
2003,FSM,0.0,0.0,0.0,0.0,0.0,0.0,79,28,0.3544303797468354,2013,1.4,2003,19.3185341480846,0.647725570960308,2587,1327,0,7,0.0,5.275056518462698
2004,FSM,0.0,0.0,0.0,0.0,0.0,0.0,64,17,0.265625,2014,1.5,2004,19.29713233148409,0.647485911153953,2400,1263,0,4,0.0,3.1670625494853524
2005,FSM,0.0,0.0,0.0,0.0,0.0,0.0,40,5,0.125,2015,1.7,2005,19.338098440563144,0.644336887497172,1435,735,0,2,0.0,2.7210884353741496
2006,FSM,0.0,0.0,0.0,0.0,0.0,1.0,63,17,0.2698412698412698,2016,1.9,2006,19.35103965333334,0.640996840578383,1407,771,2,9,2.594033722438392,11.673151750972762
2007,FSM,0.0,0.0,0.0,0.0,0.0,1.0,70,25,0.3571428571428571,2017,1.7,2007,19.363758284301056,0.639253100345863,1851,997,0,10,0.0,10.030090270812437
2008,FSM,0.0,0.0,0.0,0.0,0.0,2.0,78,37,0.4743589743589743,2018,2.0,2008,19.38821614903208,0.638924898721465,1685,917,5,16,5.452562704471101,17.448200654307524
2009,FSM,0.0,0.0,0.0,0.0,0.0,2.0,76,41,0.5394736842105263,2019,2.0,2009,19.4513160734912,0.634400467738107,1640,900,0,18,0.0,20.0
2010,FSM,0.0,0.0,0.0,0.0,0.0,0.0,72,32,0.4444444444444444,2020,2.0,2010,19.509054463564,0.632335176916389,1815,985,1,14,1.0152284263959392,14.213197969543147
2011,FSM,0.0,0.0,0.0,0.0,1.0,0.0,71,31,0.4366197183098591,2021,2.1,2011,19.556272775135216,0.628904409341404,1604,878,0,15,0.0,17.084282460136674
2012,FSM,0.0,0.0,0.0,0.0,0.0,0.0,39,20,0.5128205128205128,2022,2.0,2012,19.606230990248303,0.627299674462752,1392,778,6,10,7.712082262210797,12.853470437017995
1995,GAB,0.0,0.0,0.0,0.0,0.0,0.0,56,1,0.0178571428571428,2005,85.2,1995,22.32443881854049,0.486093961402928,2715,1359,0,0,0.0,0.0
1996,GAB,0.0,0.0,0.0,0.0,0.0,0.0,77,4,0.0519480519480519,2006,86.2,1996,22.462685850716117,0.485143610098218,3252,1752,1,0,0.5707762557077625,0.0
1997,GAB,0.0,0.0,0.0,0.0,1.0,0.0,74,5,0.0675675675675675,2007,87.3,1997,22.39601973183461,0.484076831464797,3794,1931,0,1,0.0,0.5178663904712584
1998,GAB,0.0,0.0,0.0,0.0,0.0,0.0,90,1,0.0111111111111111,2008,87.3,1998,22.22365138567488,0.481336418328185,3498,1843,0,0,0.0,0.0
1999,GAB,0.0,0.0,0.0,0.0,0.0,0.0,48,0,0.0,2009,87.9,1999,22.262923146857776,0.482748705601451,2450,1274,0,0,0.0,0.0
2000,GAB,0.0,0.0,0.0,0.0,0.0,0.0,55,4,0.0727272727272727,2010,85.8,2000,22.34867229636755,0.48201250606607,3080,1636,0,2,0.0,1.2224938875305624
2001,GAB,0.0,0.0,0.0,0.0,0.0,0.0,33,3,0.0909090909090909,2011,79.7,2001,22.337346039458332,0.478720995216189,1402,730,0,1,0.0,1.36986301369863
2002,GAB,0.0,0.0,0.0,0.0,0.0,0.0,49,8,0.1632653061224489,2012,75.5,2002,22.397639273701888,0.468309588180926,1867,988,0,0,0.0,0.0
2003,GAB,0.0,0.0,0.0,0.0,0.0,0.0,30,0,0.0,2013,82.2,2003,22.596897625855952,0.466569002531135,1118,614,0,0,0.0,0.0
2004,GAB,0.0,0.0,0.0,0.0,0.0,0.0,22,1,0.0454545454545454,2014,81.3,2004,22.77356418677174,0.469018914982954,890,465,0,0,0.0,0.0
2005,GAB,0.0,0.0,0.0,0.0,0.0,0.0,38,8,0.2105263157894736,2015,81.9,2005,22.98323399182652,0.467240001568538,1777,980,0,2,0.0,2.0408163265306123
2006,GAB,0.0,0.0,0.0,0.0,0.0,0.0,62,2,0.032258064516129,2016,81.5,2006,23.058085596337797,0.463615581079909,1713,925,0,0,0.0,0.0
2007,GAB,0.0,0.0,0.0,0.0,0.0,0.0,70,11,0.1571428571428571,2017,90.2,2007,23.245420869503658,0.462205657178982,1873,1004,0,7,0.0,6.972111553784861
2008,GAB,0.0,0.0,0.0,0.0,0.0,0.0,60,17,0.2833333333333333,2018,90.3,2008,23.46869841692348,0.460959710858254,1736,937,0,10,0.0,10.672358591248667
2009,GAB,0.0,0.0,0.0,0.0,0.0,0.0,36,8,0.2222222222222222,2019,90.2,2009,23.217602802782853,0.454794801383724,1144,589,0,3,0.0,5.093378607809847
2010,GAB,0.0,0.0,0.0,0.0,0.0,0.0,75,11,0.1466666666666666,2020,91.3,2010,23.388588967105417,0.451573394100086,1896,987,0,5,0.0,5.065856129685917
2011,GAB,0.0,0.0,0.0,0.0,0.0,0.0,88,15,0.1704545454545454,2021,91.3,2011,23.625253630817696,0.45267050643778,1846,982,0,5,0.0,5.091649694501019
1995,GBR,0.0,0.0,0.0,0.0,0.0,0.0,144,9,0.0625,2005,1.4,1995,27.928345581634986,0.268472766281636,3321,1851,0,2,0.0,1.0804970286331712
1996,GBR,0.0,0.0,0.0,0.0,0.0,0.0,85,8,0.0941176470588235,2006,1.6,1996,27.98288284836728,0.267985658787912,2476,1309,0,1,0.0,0.7639419404125286
1997,GBR,0.0,0.0,0.0,0.0,0.0,0.0,71,9,0.1267605633802817,2007,1.8,1997,28.076805774039254,0.267729026139857,1912,990,0,4,0.0,4.040404040404041
1998,GBR,0.0,0.0,0.0,0.0,0.0,0.0,103,8,0.0776699029126213,2008,2.4,1998,28.13482007503221,0.268310292209815,2559,1310,0,0,0.0,0.0
1999,GBR,0.0,0.0,0.0,0.0,0.0,0.0,57,1,0.0175438596491228,2009,3.0,1999,28.15539911678308,0.267353454607698,1758,897,0,0,0.0,0.0
2000,GBR,0.0,0.0,0.0,0.0,0.0,0.0,75,3,0.04,2010,3.2,2000,28.141475931201565,0.266572640848166,1996,1003,0,2,0.0,1.9940179461615153
2001,GBR,0.0,0.0,0.0,0.0,0.0,0.0,43,0,0.0,2011,4.0,2001,28.131047768766745,0.265858988277007,1548,779,0,0,0.0,0.0
2002,GBR,0.0,0.0,0.0,0.0,0.0,0.0,53,2,0.0377358490566037,2012,4.2,2002,28.21087717910605,0.265649003585448,1616,832,0,0,0.0,0.0
2003,GBR,0.0,0.0,0.0,0.0,0.0,0.0,45,0,0.0,2013,5.2,2003,28.352126102643258,0.265159050606604,1549,793,0,0,0.0,0.0
2004,GBR,0.0,0.0,0.0,0.0,0.0,0.0,52,7,0.1346153846153846,2014,6.6,2004,28.51604709823566,0.266168618656332,2130,1092,0,3,0.0,2.7472527472527473
2005,GBR,0.0,0.0,0.0,0.0,0.0,0.0,41,0,0.0,2015,7.7,2005,28.56507835109517,0.268343523034591,1602,815,0,0,0.0,0.0
2006,GBR,0.0,0.0,0.0,0.0,0.0,0.0,96,33,0.34375,2016,7.7,2006,28.62796169383973,0.272529741379922,1941,1000,0,14,0.0,14.0
2007,GBR,0.0,0.0,0.0,0.0,0.0,0.0,95,10,0.1052631578947368,2017,8.8,2007,28.760161467822552,0.271886413594745,1931,1048,0,8,0.0,7.633587786259541
2008,GBR,0.0,0.0,0.0,0.0,0.0,0.0,80,14,0.175,2018,10.2,2008,28.70659802277937,0.27378563192879,2005,1034,1,3,0.9671179883945842,2.9013539651837523
2009,GBR,0.0,0.0,0.0,0.0,0.0,0.0,94,26,0.2765957446808511,2019,11.4,2009,28.513782244865787,0.274892714022526,2273,1168,0,7,0.0,5.993150684931506
2010,GBR,0.0,0.0,0.0,0.0,0.0,0.0,112,5,0.0446428571428571,2020,13.6,2010,28.543864911725585,0.275985276105729,2233,1179,0,3,0.0,2.544529262086514
2011,GBR,0.0,0.0,0.0,0.0,0.0,0.0,109,1,0.0091743119266055,2021,12.2,2011,28.61175149094988,0.276884114997938,2361,1122,0,0,0.0,0.0
1995,GEO,0.0,0.0,0.0,0.0,0.0,0.0,70,0,0.0,2005,41.5,1995,21.71420694724541,0.447028934467699,3471,1832,0,0,0.0,0.0
1996,GEO,0.0,0.0,0.0,0.0,0.0,0.0,63,1,0.0158730158730158,2006,37.2,1996,21.85306912390168,0.444630420075293,2757,1466,0,1,0.0,0.6821282401091405
1997,GEO,0.0,0.0,0.0,0.0,0.0,0.0,54,0,0.0,2007,36.2,1997,21.979030077401696,0.442412293646507,2189,1167,0,0,0.0,0.0
1998,GEO,0.0,0.0,0.0,0.0,0.0,0.0,41,0,0.0,2008,36.3,1998,22.0079421658506,0.434053713422692,1877,983,0,0,0.0,0.0
1999,GEO,0.0,0.0,0.0,0.0,0.0,0.0,141,3,0.0212765957446808,2009,36.7,1999,21.752894662654736,0.433754324423037,5507,2914,0,0,0.0,0.0
2000,GEO,0.0,0.0,0.0,0.0,0.0,0.0,46,0,0.0,2010,39.1,2000,21.84085535844482,0.433230810179683,1845,1021,0,0,0.0,0.0
2001,GEO,0.0,0.0,0.0,0.0,0.0,0.0,48,1,0.0208333333333333,2011,31.5,2001,21.89248034407432,0.430546671215259,1734,908,0,0,0.0,0.0
2002,GEO,0.0,0.0,0.0,0.0,0.0,0.0,49,0,0.0,2012,28.7,2002,21.945795398088222,0.429510977692262,1897,979,0,0,0.0,0.0
2003,GEO,0.0,0.0,0.0,0.0,0.0,0.0,48,1,0.0208333333333333,2013,32.4,2003,22.10740234758065,0.425889859144316,1742,956,0,0,0.0,0.0
2004,GEO,0.0,0.0,0.0,0.0,0.0,0.0,73,0,0.0,2014,30.7,2004,22.357467616407835,0.424245012175767,3792,1962,0,0,0.0,0.0
2005,GEO,0.0,0.0,0.0,0.0,0.0,0.0,41,2,0.048780487804878,2015,27.5,2005,22.58126738324879,0.422547343470067,1258,671,0,0,0.0,0.0
2006,GEO,0.0,0.0,0.0,0.0,0.0,0.0,117,2,0.017094017094017,2016,27.2,2006,22.770345496740138,0.422980767752274,2903,1473,0,0,0.0,0.0
2007,GEO,0.0,0.0,0.0,0.0,0.0,0.0,130,6,0.0461538461538461,2017,27.5,2007,23.0429964142746,0.425345022812087,3185,1606,0,1,0.0,0.6226650062266501
2008,GEO,0.0,0.0,0.0,0.0,0.0,0.0,139,4,0.0287769784172661,2018,27.4,2008,23.2723318728844,0.431881599331495,3332,1726,0,1,0.0,0.5793742757821553
2009,GEO,0.0,0.0,0.0,0.0,0.0,0.0,128,3,0.0234375,2019,24.7,2009,23.099744255816457,0.429614035112353,3254,1641,0,1,0.0,0.6093845216331506
2010,GEO,0.0,0.0,0.0,0.0,0.0,0.0,163,5,0.0306748466257668,2020,23.4,2010,23.22823809905484,0.42645706902575,3910,2048,0,0,0.0,0.0
2011,GEO,0.0,0.0,0.0,0.0,0.0,0.0,117,6,0.0512820512820512,2021,25.2,2011,23.43845598008976,0.426240522722525,3049,1588,0,0,0.0,0.0
1995,GHA,0.0,0.0,0.0,0.0,0.0,0.0,54,2,0.037037037037037,2005,61.4,1995,22.589574437288977,0.519727069734258,2040,1070,0,0,0.0,0.0
1996,GHA,0.0,0.0,0.0,0.0,0.0,0.0,61,2,0.0327868852459016,2006,58.6,1996,22.659556240836228,0.521775312843935,2781,1451,0,0,0.0,0.0
1997,GHA,0.0,0.0,0.0,0.0,0.0,0.0,57,3,0.0526315789473684,2007,54.5,1997,22.653545004965626,0.521998006911022,2805,1488,0,0,0.0,0.0
1998,GHA,0.0,0.0,0.0,0.0,0.0,0.0,34,0,0.0,2008,57.3,1998,22.735775646709563,0.527223057763965,2420,1253,0,0,0.0,0.0
1999,GHA,0.0,0.0,0.0,0.0,0.0,0.0,64,1,0.015625,2009,51.9,1999,22.76683545354784,0.529436829214708,3253,1724,0,0,0.0,0.0
2000,GHA,0.0,0.0,0.0,0.0,0.0,0.0,59,2,0.0338983050847457,2010,51.9,2000,22.3292676635934,0.530057515797262,2954,1564,0,0,0.0,0.0
2001,GHA,0.0,0.0,0.0,0.0,0.0,0.0,32,1,0.03125,2011,50.1,2001,22.393774706209943,0.538416400326642,1403,744,0,0,0.0,0.0
2002,GHA,0.0,0.0,0.0,0.0,0.0,0.0,56,3,0.0535714285714285,2012,46.5,2002,22.54234814643744,0.548626165836512,1804,931,0,0,0.0,0.0
2003,GHA,0.0,0.0,0.0,0.0,0.0,0.0,42,2,0.0476190476190476,2013,46.2,2003,22.75571019535546,0.537382553191301,1674,877,0,0,0.0,0.0
2004,GHA,0.0,0.0,0.0,0.0,0.0,0.0,35,1,0.0285714285714285,2014,47.7,2004,22.907227217664484,0.541521064323834,1851,1037,0,0,0.0,0.0
2005,GHA,0.0,0.0,0.0,0.0,0.0,0.0,15,0,0.0,2015,44.0,2005,23.097665660302653,0.533582300364614,749,392,0,0,0.0,0.0
2006,GHA,0.0,0.0,0.0,0.0,0.0,0.0,59,2,0.0338983050847457,2016,45.2,2006,23.762299053232034,0.52626716220571,1482,791,0,0,0.0,0.0
2007,GHA,0.0,0.0,0.0,0.0,0.0,0.0,64,4,0.0625,2017,45.3,2007,23.935211058450363,0.524119423850615,1662,922,0,1,0.0,1.0845986984815619
2008,GHA,0.0,0.0,0.0,0.0,0.0,0.0,55,6,0.109090909090909,2018,42.1,2008,24.079444347600017,0.521120589302598,1361,732,0,1,0.0,1.366120218579235
2009,GHA,0.0,0.0,0.0,0.0,0.0,0.0,63,6,0.0952380952380952,2019,42.6,2009,23.98323470514022,0.520900655591185,1730,970,0,4,0.0,4.123711340206186
2010,GHA,0.0,0.0,0.0,0.0,0.0,0.0,55,19,0.3454545454545454,2020,40.0,2010,24.195159245245257,0.517581864728322,1507,820,0,5,0.0,6.097560975609756
2011,GHA,0.0,0.0,0.0,0.0,0.0,0.0,63,10,0.1587301587301587,2021,39.0,2011,24.39542295087054,0.504343394972699,1849,1009,1,8,0.9910802775024776,7.928642220019821
1995,GIN,0.0,0.0,0.0,0.0,0.0,0.0,49,3,0.0612244897959183,2005,81.6,1995,22.029897354256185,0.52343252728918,2814,1502,0,1,0.0,0.6657789613848203
1996,GIN,0.0,0.0,0.0,0.0,0.0,0.0,56,2,0.0357142857142857,2006,81.1,1996,22.07625373635842,0.52074523737719,3217,1696,0,0,0.0,0.0
1997,GIN,0.0,0.0,0.0,0.0,0.0,0.0,65,5,0.0769230769230769,2007,80.4,1997,22.05396832591189,0.522261007472339,2874,1459,0,0,0.0,0.0
1998,GIN,0.0,0.0,0.0,0.0,0.0,0.0,46,1,0.0217391304347826,2008,80.2,1998,22.00096546406931,0.523969553949873,2483,1332,0,0,0.0,0.0
1999,GIN,0.0,0.0,0.0,0.0,0.0,0.0,43,2,0.0465116279069767,2009,79.2,1999,21.964905010520315,0.525521631335779,2079,1045,0,0,0.0,0.0
2000,GIN,0.0,0.0,0.0,0.0,0.0,0.0,40,0,0.0,2010,75.7,2000,21.820330632865016,0.524405006333709,1863,953,0,0,0.0,0.0
2001,GIN,0.0,0.0,0.0,0.0,0.0,0.0,57,1,0.0175438596491228,2011,74.8,2001,21.76334320293848,0.526891276297977,2778,1476,0,2,0.0,1.3550135501355014
2002,GIN,0.0,0.0,0.0,0.0,0.0,0.0,52,5,0.0961538461538461,2012,76.4,2002,21.80513836909708,0.509978864867964,1832,993,0,2,0.0,2.014098690835851
2003,GIN,0.0,0.0,0.0,0.0,0.0,0.0,45,0,0.0,2013,78.5,2003,21.960608169098435,0.506751006739351,2422,1323,0,0,0.0,0.0
2004,GIN,0.0,0.0,0.0,0.0,0.0,0.0,37,1,0.027027027027027,2014,78.6,2004,22.014000996108532,0.50078180729772,1925,1035,0,1,0.0,0.966183574879227
2005,GIN,0.0,0.0,0.0,0.0,0.0,0.0,25,1,0.04,2015,76.2,2005,21.800678915149906,0.494607822913778,1585,868,0,0,0.0,0.0
2006,GIN,0.0,0.0,0.0,0.0,0.0,0.0,66,7,0.106060606060606,2016,75.3,2006,22.16310552493654,0.494241870755089,1784,996,0,0,0.0,0.0
2007,GIN,0.0,0.0,0.0,0.0,0.0,0.0,84,12,0.1428571428571428,2017,72.0,2007,22.560941129094424,0.485804407479019,2345,1202,0,3,0.0,2.4958402662229617
2008,GIN,0.0,0.0,0.0,0.0,0.0,0.0,64,3,0.046875,2018,73.2,2008,22.66404558913592,0.484402013935451,1873,1026,0,0,0.0,0.0
2009,GIN,0.0,0.0,0.0,0.0,0.0,0.0,83,9,0.108433734939759,2019,68.3,2009,22.627893247855425,0.485304143729677,2214,1243,0,3,0.0,2.413515687851971
2010,GIN,0.0,0.0,0.0,0.0,0.0,0.0,66,8,0.1212121212121212,2020,65.8,2010,22.648020614110436,0.486640139130893,1763,988,0,2,0.0,2.0242914979757085
2011,GIN,0.0,0.0,0.0,0.0,0.0,0.0,65,7,0.1076923076923077,2021,66.8,2011,22.638000353315416,0.493857101803653,1582,884,0,1,0.0,1.1312217194570138
2012,GIN,0.0,0.0,0.0,0.0,0.0,0.0,32,1,0.03125,2022,66.6,2012,22.75640754691576,0.491400538547277,1639,916,0,1,0.0,1.0917030567685588
1995,GMB,0.0,0.0,0.0,0.0,0.0,0.0,94,7,0.0744680851063829,2005,61.7,1995,20.48246719734004,0.592421362741097,4115,2131,0,1,0.0,0.46926325668700136
1996,GMB,0.0,0.0,0.0,0.0,0.0,0.0,103,3,0.029126213592233,2006,60.2,1996,20.5586734718365,0.59085457528061,4037,2190,0,0,0.0,0.0
1997,GMB,0.0,0.0,0.0,0.0,0.0,0.0,83,6,0.072289156626506,2007,57.3,1997,20.50465371405988,0.591009498246253,4284,2311,0,1,0.0,0.4327131112072696
1998,GMB,0.0,0.0,0.0,0.0,0.0,0.0,102,4,0.0392156862745098,2008,56.3,1998,20.549251992864647,0.592600050428264,4409,2231,0,0,0.0,0.0
1999,GMB,0.0,0.0,0.0,0.0,0.0,0.0,153,1,0.0065359477124183,2009,53.9,1999,20.518360032155613,0.590003593948979,6127,3138,0,0,0.0,0.0
2000,GMB,0.0,0.0,0.0,0.0,0.0,0.0,91,1,0.0109890109890109,2010,56.6,2000,20.478533242795518,0.586884759955297,3910,2038,0,1,0.0,0.4906771344455348
2001,GMB,0.0,0.0,0.0,0.0,0.0,0.0,102,3,0.0294117647058823,2011,56.2,2001,20.348442387055307,0.592049320675206,3157,1622,0,1,0.0,0.6165228113440198
2002,GMB,0.0,0.0,0.0,0.0,0.0,0.0,90,3,0.0333333333333333,2012,57.0,2002,20.17549145330563,0.589734029153809,3869,1997,0,0,0.0,0.0
2003,GMB,0.0,0.0,0.0,0.0,0.0,0.0,144,7,0.0486111111111111,2013,59.3,2003,20.00385410171226,0.591047844389843,4615,2457,1,1,0.40700040700040696,0.40700040700040696
2004,GMB,0.0,0.0,0.0,0.0,0.0,0.0,55,4,0.0727272727272727,2014,53.2,2004,20.684421719200177,0.589354418489713,1633,772,0,0,0.0,0.0
2005,GMB,0.0,0.0,0.0,0.0,0.0,0.0,57,2,0.0350877192982456,2015,49.0,2005,20.750590160131992,0.588258497657614,2085,1076,0,1,0.0,0.929368029739777
2006,GMB,0.0,0.0,0.0,0.0,0.0,0.0,123,7,0.056910569105691,2016,48.6,2006,20.77596500622857,0.580778362879469,2957,1575,0,0,0.0,0.0
2007,GMB,0.0,0.0,0.0,0.0,0.0,0.0,87,7,0.0804597701149425,2017,48.0,2007,20.96989388014746,0.579412921215571,2103,1123,0,1,0.0,0.8904719501335707
2008,GMB,0.0,0.0,0.0,0.0,0.0,0.0,87,12,0.1379310344827586,2018,48.1,2008,21.1690836813304,0.580061133728091,1920,1018,2,1,1.9646365422396854,0.9823182711198427
2009,GMB,0.0,0.0,0.0,0.0,0.0,0.0,103,9,0.087378640776699,2019,47.4,2009,21.094927662343444,0.581570723474592,2557,1338,0,5,0.0,3.7369207772795217
2010,GMB,0.0,0.0,0.0,0.0,0.0,0.0,96,4,0.0416666666666666,2020,49.8,2010,21.157185542416983,0.582935601983035,2457,1305,0,2,0.0,1.5325670498084292
2011,GMB,0.0,0.0,0.0,0.0,0.0,0.0,120,12,0.1,2021,48.6,2011,21.06663820850156,0.57650811925819,2742,1454,0,6,0.0,4.126547455295736
2012,GMB,0.0,0.0,0.0,0.0,0.0,0.0,101,5,0.0495049504950495,2022,47.7,2012,21.07039871997946,0.57628145114392,3067,1583,0,2,0.0,1.2634238787113075
1995,GNB,0.0,0.0,0.0,0.0,0.0,0.0,27,3,0.1111111111111111,2005,88.5,1995,19.352714589337165,0.669566534895476,1232,637,0,1,0.0,1.5698587127158556
1996,GNB,0.0,0.0,0.0,0.0,0.0,0.0,33,1,0.0303030303030303,2006,88.3,1996,19.41548604812649,0.67123347144979,1811,995,0,1,0.0,1.0050251256281408
1997,GNB,0.0,0.0,0.0,0.0,0.0,0.0,29,2,0.0689655172413793,2007,87.9,1997,19.40855143859836,0.670994637841861,1807,980,0,1,0.0,1.0204081632653061
1998,GNB,0.0,0.0,0.0,0.0,0.0,0.0,38,0,0.0,2008,88.4,1998,19.14560539669417,0.670774000300105,1877,940,0,0,0.0,0.0
1999,GNB,0.0,0.0,0.0,0.0,0.0,0.0,34,0,0.0,2009,87.9,1999,19.22914865919224,0.669083431714218,1491,793,0,0,0.0,0.0
2000,GNB,0.0,0.0,0.0,0.0,0.0,0.0,50,0,0.0,2010,87.8,2000,19.731970059129672,0.662983927279157,2191,1147,0,0,0.0,0.0
2001,GNB,0.0,0.0,0.0,0.0,0.0,0.0,42,2,0.0476190476190476,2011,87.9,2001,19.788356319983286,0.659217008054378,2668,1421,0,0,0.0,0.0
2002,GNB,0.0,0.0,0.0,0.0,0.0,0.0,16,0,0.0,2012,87.8,2002,19.850529326299423,0.666672864531755,1035,541,0,0,0.0,0.0
2003,GNB,0.0,0.0,0.0,0.0,0.0,0.0,50,0,0.0,2013,87.7,2003,19.983987964802747,0.661226739450194,2044,1005,0,0,0.0,0.0
2004,GNB,0.0,0.0,0.0,0.0,0.0,0.0,51,3,0.0588235294117647,2014,87.3,2004,20.092272263626363,0.650085050136848,2004,1019,0,1,0.0,0.9813542688910696
2005,GNB,0.0,0.0,0.0,0.0,0.0,0.0,21,2,0.0952380952380952,2015,87.2,2005,20.190584943855264,0.657507627383116,1195,636,0,1,0.0,1.5723270440251573
2006,GNB,0.0,0.0,0.0,0.0,0.0,0.0,90,6,0.0666666666666666,2016,86.8,2006,20.19963467075064,0.655116936996358,2311,1240,0,0,0.0,0.0
2007,GNB,0.0,0.0,0.0,0.0,0.0,0.0,48,1,0.0208333333333333,2017,86.8,2007,20.362167960532098,0.649259738594415,1275,687,0,0,0.0,0.0
2008,GNB,0.0,0.0,0.0,0.0,0.0,0.0,43,11,0.2558139534883721,2018,86.6,2008,20.581880399501024,0.649097582257411,1369,715,0,3,0.0,4.195804195804196
2009,GNB,0.0,0.0,0.0,0.0,0.0,0.0,70,7,0.1,2019,86.2,2009,20.53708857101024,0.650459178393211,2323,1195,0,1,0.0,0.8368200836820083
2010,GNB,0.0,0.0,0.0,0.0,0.0,0.0,59,5,0.0847457627118644,2020,87.2,2010,20.56060394322974,0.65204227585359,1892,986,0,1,0.0,1.0141987829614605
2011,GNB,0.0,0.0,0.0,0.0,0.0,0.0,48,4,0.0833333333333333,2021,87.4,2011,20.818411086786902,0.646441841555894,1627,862,0,0,0.0,0.0
1995,GNQ,0.0,0.0,0.0,0.0,0.0,0.0,44,2,0.0454545454545454,2005,7.1,1995,18.770304412276484,0.470729764931523,1796,971,0,0,0.0,0.0
1996,GNQ,0.0,0.0,0.0,0.0,0.0,0.0,27,1,0.037037037037037,2006,7.0,1996,19.264241728192605,0.468754123644086,1281,682,0,0,0.0,0.0
1997,GNQ,0.0,0.0,0.0,0.0,0.0,0.0,38,2,0.0526315789473684,2007,8.5,1997,19.907584560697096,0.467851920960534,2320,1201,0,0,0.0,0.0
1998,GNQ,0.0,0.0,0.0,0.0,0.0,0.0,43,0,0.0,2008,7.2,1998,19.73087031094201,0.470088417692676,1889,949,0,0,0.0,0.0
1999,GNQ,0.0,0.0,1.0,0.0,0.0,0.0,39,1,0.0256410256410256,2009,9.2,1999,20.24703145392702,0.472360392558033,2430,1257,0,2,0.0,1.591089896579157
2000,GNQ,0.0,0.0,0.0,0.0,0.0,0.0,31,1,0.032258064516129,2010,5.7,2000,20.7682377647296,0.462884463123403,1768,920,0,0,0.0,0.0
2001,GNQ,0.0,0.0,0.0,0.0,0.0,0.0,24,0,0.0,2011,5.6,2001,21.10248212056102,0.474010311610049,1822,966,0,0,0.0,0.0
2002,GNQ,0.0,0.0,0.0,0.0,0.0,0.0,26,1,0.0384615384615384,2012,4.4,2002,21.314791470961417,0.460325755915925,1187,615,0,1,0.0,1.6260162601626016
2003,GNQ,0.0,0.0,0.0,0.0,0.0,0.0,18,0,0.0,2013,3.7,2003,21.633436251831576,0.45576918369737,1080,563,0,0,0.0,0.0
2004,GNQ,0.0,0.0,0.0,0.0,0.0,0.0,36,0,0.0,2014,4.9,2004,22.20731383088821,0.453203402268743,2021,989,0,0,0.0,0.0
2005,GNQ,0.0,0.0,0.0,0.0,0.0,0.0,22,0,0.0,2015,5.5,2005,22.829515933105,0.452612554363144,1290,653,0,0,0.0,0.0
2006,GNQ,0.0,0.0,0.0,0.0,0.0,0.0,33,3,0.0909090909090909,2016,4.8,2006,23.03446657832289,0.454957382340771,1191,615,0,2,0.0,3.252032520325203
2007,GNQ,0.0,0.0,0.0,0.0,0.0,0.0,54,10,0.1851851851851851,2017,5.0,2007,23.29371686006823,0.455533677772965,1615,823,0,4,0.0,4.860267314702308
2008,GNQ,0.0,0.0,0.0,0.0,0.0,0.0,48,8,0.1666666666666666,2018,4.8,2008,23.70641393769673,0.453118545688877,1445,769,1,3,1.3003901170351106,3.9011703511053315
2009,GNQ,0.0,0.0,0.0,0.0,0.0,0.0,46,3,0.0652173913043478,2019,7.4,2009,23.433167334874007,0.454884104638582,1489,795,1,3,1.2578616352201257,3.7735849056603774
2010,GNQ,0.0,0.0,0.0,0.0,0.0,0.0,49,6,0.1224489795918367,2020,6.5,2010,23.51531665234299,0.452906554848817,1886,1001,1,1,0.999000999000999,0.999000999000999
2011,GNQ,0.0,0.0,0.0,0.0,0.0,0.0,54,4,0.074074074074074,2021,5.2,2011,23.7846614838482,0.453180903281404,1580,848,0,2,0.0,2.3584905660377355
2012,GNQ,0.0,0.0,0.0,0.0,0.0,0.0,35,3,0.0857142857142857,2022,4.2,2012,23.831806308770386,0.451858297831144,1564,832,0,1,0.0,1.201923076923077
1995,GRC,0.0,0.0,0.0,0.0,0.0,0.0,69,3,0.0434782608695652,2005,8.0,1995,25.642358528528057,0.37900726574195,4051,2111,0,0,0.0,0.0
1996,GRC,0.0,0.0,0.0,0.0,0.0,0.0,81,2,0.0246913580246913,2006,8.5,1996,25.705924148884016,0.377846978353349,3827,2034,0,0,0.0,0.0
1997,GRC,0.0,0.0,0.0,0.0,0.0,0.0,58,2,0.0344827586206896,2007,8.1,1997,25.68721195929216,0.375380401241975,2578,1391,0,0,0.0,0.0
1998,GRC,0.0,0.0,0.0,0.0,0.0,0.0,70,4,0.0571428571428571,2008,8.3,1998,25.69604814471488,0.375439350522342,3107,1761,0,0,0.0,0.0
1999,GRC,0.0,0.0,0.0,0.0,0.0,0.0,89,2,0.0224719101123595,2009,9.2,1999,25.683231328517348,0.373687807863079,2888,1543,0,1,0.0,0.6480881399870383
2000,GRC,0.0,0.0,0.0,0.0,0.0,0.0,109,3,0.0275229357798165,2010,11.4,2000,25.59431530730571,0.374038844118587,3155,1626,0,0,0.0,0.0
2001,GRC,0.0,0.0,0.0,0.0,0.0,0.0,99,2,0.0202020202020202,2011,11.4,2001,25.638192370132117,0.371808779523695,2433,1268,0,1,0.0,0.7886435331230284
2002,GRC,0.0,0.0,0.0,0.0,0.0,0.0,52,4,0.0769230769230769,2012,14.2,2002,25.76387540416164,0.369185086903765,1755,936,0,0,0.0,0.0
2003,GRC,0.0,0.0,0.0,0.0,0.0,0.0,87,2,0.0229885057471264,2013,16.6,2003,26.033364234998064,0.366689177125788,2594,1359,0,0,0.0,0.0
2004,GRC,0.0,0.0,0.0,0.0,0.0,0.0,40,3,0.075,2014,16.4,2004,26.2079115649646,0.366918595766641,1650,905,0,0,0.0,0.0
2005,GRC,0.0,0.0,0.0,0.0,0.0,0.0,28,1,0.0357142857142857,2015,17.5,2005,26.23619212707892,0.364058546661206,1342,718,0,1,0.0,1.392757660167131
2006,GRC,0.0,0.0,0.0,0.0,0.0,0.0,77,2,0.0259740259740259,2016,16.4,2006,26.33473829786362,0.366993723050805,1794,911,0,1,0.0,1.0976948408342482
2007,GRC,0.0,0.0,0.0,0.0,0.0,0.0,84,8,0.0952380952380952,2017,16.4,2007,26.488152283770347,0.36553241385799,2107,1164,0,4,0.0,3.4364261168384878
2008,GRC,0.0,0.0,0.0,0.0,0.0,0.0,79,9,0.1139240506329113,2018,17.9,2008,26.59794004466605,0.365131971896615,2033,1093,0,2,0.0,1.8298261665141813
2009,GRC,0.0,0.0,0.0,0.0,0.0,0.0,128,15,0.1171875,2019,18.5,2009,26.52631580319145,0.363774090073479,2979,1605,0,8,0.0,4.984423676012462
2010,GRC,0.0,0.0,0.0,0.0,0.0,0.0,75,7,0.0933333333333333,2020,20.1,2010,26.417418634640224,0.358854743866788,1695,895,0,2,0.0,2.2346368715083798
2011,GRC,0.0,0.0,0.0,0.0,0.0,0.0,79,2,0.0253164556962025,2021,21.5,2011,26.368698395288963,0.357535955290783,1951,1041,0,1,0.0,0.9606147934678194
1995,GRD,0.0,0.0,0.0,0.0,0.0,0.0,36,4,0.1111111111111111,2005,10.6,1995,19.65082560789824,0.443715733616569,2392,1321,0,0,0.0,0.0
1996,GRD,0.0,0.0,0.0,0.0,0.0,0.0,65,2,0.0307692307692307,2006,10.4,1996,19.72063108098949,0.44292998113656,3134,1614,0,1,0.0,0.6195786864931846
1997,GRD,0.0,0.0,0.0,0.0,0.0,0.0,47,2,0.0425531914893617,2007,9.9,1997,19.78725848520733,0.441575164802408,2608,1353,0,1,0.0,0.7390983000739099
1998,GRD,0.0,0.0,0.0,0.0,0.0,0.0,44,2,0.0454545454545454,2008,10.8,1998,19.915613326528693,0.438660402104741,2226,1157,0,1,0.0,0.8643042350907519
1999,GRD,0.0,0.0,0.0,0.0,0.0,0.0,32,5,0.15625,2009,10.5,1999,19.993474112489807,0.437750058638905,1563,842,0,0,0.0,0.0
2000,GRD,0.0,0.0,0.0,0.0,0.0,0.0,38,3,0.0789473684210526,2010,10.8,2000,20.069424693591856,0.436770747984472,1490,850,0,1,0.0,1.176470588235294
2001,GRD,0.0,0.0,0.0,0.0,0.0,0.0,68,3,0.0441176470588235,2011,11.4,2001,20.070193207224275,0.436191996512791,2361,1257,0,0,0.0,0.0
2002,GRD,0.0,0.0,0.0,0.0,0.0,0.0,52,6,0.1153846153846153,2012,11.5,2002,20.107703439806777,0.435516363391995,1854,1047,0,1,0.0,0.9551098376313276
2003,GRD,0.0,0.0,0.0,0.0,0.0,0.0,30,2,0.0666666666666666,2013,10.8,2003,20.197357721078237,0.433319470866807,1677,918,1,1,1.0893246187363836,1.0893246187363836
2004,GRD,0.0,0.0,0.0,0.0,0.0,0.0,18,2,0.1111111111111111,2014,11.0,2004,20.210970120790595,0.434063371850782,932,507,0,1,0.0,1.9723865877712032
2005,GRD,0.0,0.0,0.0,0.0,0.0,0.0,41,10,0.2439024390243902,2015,10.5,2005,20.36022144478609,0.429260992570197,1768,973,0,6,0.0,6.166495375128468
2006,GRD,0.0,0.0,0.0,0.0,0.0,0.0,61,9,0.1475409836065573,2016,10.4,2006,20.364732977722884,0.431964998492557,1638,870,0,1,0.0,1.1494252873563218
2007,GRD,0.0,0.0,0.0,0.0,0.0,0.0,81,29,0.3580246913580246,2017,10.2,2007,20.44709537439897,0.429589014591754,1925,1040,0,13,0.0,12.5
2008,GRD,0.0,0.0,0.0,0.0,0.0,0.0,89,19,0.2134831460674157,2018,10.7,2008,20.532076320168542,0.432486291112034,2053,1139,0,9,0.0,7.901668129938543
2009,GRD,0.0,0.0,0.0,0.0,0.0,0.0,96,26,0.2708333333333333,2019,10.4,2009,20.46355626793475,0.430530645915329,2321,1254,0,17,0.0,13.556618819776714
2010,GRD,0.0,0.0,0.0,0.0,0.0,0.0,80,15,0.1875,2020,10.3,2010,20.463218146388392,0.428141991319673,1816,1005,0,5,0.0,4.975124378109452
2011,GRD,0.0,0.0,0.0,0.0,0.0,0.0,101,24,0.2376237623762376,2021,10.2,2011,20.47307934379316,0.427483785098074,2098,1163,3,7,2.5795356835769563,6.0189165950128976
2012,GRD,0.0,0.0,0.0,0.0,0.0,0.0,54,14,0.2592592592592592,2022,10.0,2012,20.499974126532184,0.425948490335349,2412,1340,1,3,0.746268656716418,2.238805970149254
1995,GTM,0.0,0.0,0.0,0.0,0.0,0.0,39,0,0.0,2005,65.2,1995,23.408075007657853,0.510860925991497,2475,1282,0,0,0.0,0.0
1996,GTM,0.0,0.0,0.0,0.0,0.0,0.0,70,0,0.0,2006,64.7,1996,23.475322436329066,0.507860354680096,2998,1486,0,1,0.0,0.6729475100942126
1997,GTM,0.0,0.0,0.0,0.0,0.0,0.0,26,1,0.0384615384615384,2007,63.3,1997,23.60190381259721,0.50416269554741,1366,727,0,0,0.0,0.0
1998,GTM,0.0,0.0,0.0,0.0,0.0,0.0,36,0,0.0,2008,66.5,1998,23.68830650451841,0.503972832093805,2219,1157,0,0,0.0,0.0
1999,GTM,0.0,0.0,0.0,0.0,0.0,0.0,40,2,0.05,2009,65.3,1999,23.631172524914717,0.501147841793562,2708,1388,0,0,0.0,0.0
2000,GTM,0.0,0.0,0.0,0.0,0.0,0.0,46,2,0.0434782608695652,2010,67.1,2000,23.682797121419576,0.501995530258623,2365,1205,0,0,0.0,0.0
2001,GTM,0.0,0.0,0.0,0.0,0.0,0.0,43,3,0.0697674418604651,2011,67.1,2001,23.63590023402288,0.501230102732607,1860,940,0,0,0.0,0.0
2002,GTM,0.0,0.0,0.0,0.0,0.0,0.0,56,3,0.0535714285714285,2012,67.4,2002,23.740965353667463,0.498564791890454,2027,1064,0,0,0.0,0.0
2003,GTM,0.0,0.0,0.0,0.0,0.0,0.0,60,2,0.0333333333333333,2013,67.2,2003,23.79486372775844,0.497505727827516,2157,1141,0,0,0.0,0.0
2004,GTM,0.0,0.0,0.0,0.0,0.0,0.0,34,2,0.0588235294117647,2014,66.2,2004,23.88355016183708,0.496167781144283,1612,852,0,0,0.0,0.0
2005,GTM,0.0,0.0,0.0,0.0,0.0,0.0,42,3,0.0714285714285714,2015,63.3,2005,24.01104770800169,0.496232324845457,2056,1078,0,0,0.0,0.0
2006,GTM,0.0,0.0,0.0,0.0,0.0,0.0,86,3,0.0348837209302325,2016,63.2,2006,24.115901588190777,0.487646121387609,2256,1171,0,0,0.0,0.0
2007,GTM,0.0,0.0,0.0,0.0,0.0,0.0,67,4,0.0597014925373134,2017,65.0,2007,24.236834603438936,0.489448783523626,2002,1051,0,1,0.0,0.9514747859181732
2008,GTM,0.0,0.0,0.0,0.0,0.0,0.0,74,5,0.0675675675675675,2018,64.0,2008,24.37402065869299,0.487563810840465,1644,833,0,1,0.0,1.2004801920768307
2009,GTM,0.0,0.0,0.0,0.0,0.0,0.0,90,8,0.0888888888888888,2019,62.8,2009,24.3375873122188,0.486318153141988,2176,1077,0,2,0.0,1.8570102135561746
2010,GTM,0.0,0.0,0.0,0.0,0.0,0.0,61,10,0.1639344262295081,2020,65.5,2010,24.4289183157268,0.480999574931073,1658,864,0,4,0.0,4.62962962962963
2011,GTM,0.0,0.0,0.0,0.0,0.0,0.0,93,6,0.064516129032258,2021,62.1,2011,24.570771745327487,0.478371374871478,2095,1127,0,4,0.0,3.5492457852706303
1995,GUY,0.0,0.0,0.0,0.0,0.0,0.0,89,9,0.1011235955056179,2005,34.7,1995,20.247850447949,0.532366839986061,2743,1471,0,1,0.0,0.6798096532970768
1996,GUY,0.0,0.0,0.0,0.0,0.0,0.0,60,6,0.1,2006,36.8,1996,20.37428408352703,0.530396095148955,2581,1377,0,0,0.0,0.0
1997,GUY,0.0,0.0,1.0,0.0,0.0,0.0,84,5,0.0595238095238095,2007,33.1,1997,20.434433782985955,0.528647544549646,3217,1674,0,1,0.0,0.5973715651135005
1998,GUY,0.0,0.0,0.0,0.0,0.0,0.0,61,8,0.1311475409836065,2008,32.6,1998,20.391326268725507,0.529235364738536,1938,1003,0,4,0.0,3.9880358923230306
1999,GUY,0.0,0.0,0.0,0.0,0.0,0.0,52,0,0.0,2009,31.3,1999,20.359069806553915,0.528499086820829,2302,1228,0,0,0.0,0.0
2000,GUY,0.0,0.0,0.0,0.0,0.0,0.0,47,3,0.0638297872340425,2010,30.6,2000,20.384526086838505,0.526399256254444,1811,995,0,0,0.0,0.0
2001,GUY,0.0,0.0,0.0,0.0,0.0,0.0,42,1,0.0238095238095238,2011,32.8,2001,20.38382362276485,0.526291184331794,2111,1080,0,0,0.0,0.0
2002,GUY,0.0,0.0,0.0,0.0,0.0,0.0,40,1,0.025,2012,28.7,2002,20.40324159593507,0.525900391607992,1591,850,0,1,0.0,1.176470588235294
2003,GUY,0.0,0.0,0.0,0.0,0.0,0.0,39,2,0.0512820512820512,2013,26.9,2003,20.426292667618988,0.528613921054732,1394,739,0,0,0.0,0.0
2004,GUY,0.0,0.0,0.0,0.0,0.0,0.0,56,4,0.0714285714285714,2014,24.0,2004,20.48477306068282,0.528769256320162,1927,1029,0,1,0.0,0.9718172983479105
2005,GUY,0.0,0.0,0.0,0.0,0.0,0.0,55,4,0.0727272727272727,2015,25.0,2005,20.53074914630108,0.534592761987003,2116,1088,0,1,0.0,0.9191176470588235
2006,GUY,0.0,0.0,0.0,0.0,0.0,0.0,71,8,0.1126760563380281,2016,21.3,2006,21.590289845654933,0.537071807370949,1717,927,0,0,0.0,0.0
2007,GUY,0.0,0.0,0.0,0.0,0.0,0.0,59,26,0.4406779661016949,2017,22.1,2007,21.727923280262708,0.538445483488517,1810,985,0,13,0.0,13.197969543147208
2008,GUY,0.0,0.0,0.0,0.0,0.0,0.0,71,21,0.2957746478873239,2018,16.8,2008,21.830238886179217,0.531676029217331,1945,1059,1,13,0.9442870632672333,12.27573182247403
2009,GUY,0.0,0.0,0.0,0.0,0.0,2.0,62,25,0.4032258064516129,2019,11.3,2009,21.87562839760905,0.533004627710117,1749,897,0,16,0.0,17.837235228539576
2010,GUY,0.0,0.0,0.0,0.0,0.0,0.0,76,37,0.4868421052631579,2020,12.0,2010,21.95667486638997,0.527829972483792,2061,1052,2,12,1.9011406844106464,11.406844106463879
2011,GUY,0.0,0.0,0.0,0.0,0.0,0.0,86,26,0.3023255813953488,2021,13.2,2011,22.029267378575742,0.517358882073651,1969,1011,2,7,1.9782393669634024,6.9238377843719086
2012,GUY,0.0,0.0,0.0,0.0,0.0,0.0,72,13,0.1805555555555555,2022,12.1,2012,22.125209242786735,0.514449074801237,2408,1286,0,6,0.0,4.665629860031105
1995,HND,0.0,0.0,0.0,0.0,0.0,0.0,46,2,0.0434782608695652,2005,51.4,1995,22.399884714622974,0.479953177177962,2440,1321,0,0,0.0,0.0
1996,HND,0.0,0.0,0.0,0.0,0.0,0.0,44,0,0.0,2006,52.2,1996,22.374810483581207,0.481798371035002,2377,1240,0,0,0.0,0.0
1997,HND,0.0,0.0,0.0,0.0,0.0,0.0,46,2,0.0434782608695652,2007,50.6,1997,22.470219632120717,0.479244855098907,1973,957,0,0,0.0,0.0
1998,HND,0.0,0.0,0.0,0.0,0.0,0.0,51,1,0.0196078431372549,2008,50.0,1998,22.574290614896263,0.477662927173831,3308,1670,0,0,0.0,0.0
1999,HND,0.0,0.0,0.0,0.0,0.0,0.0,41,2,0.048780487804878,2009,50.5,1999,22.58183009020977,0.477588930709487,3196,1611,0,1,0.0,0.6207324643078833
2000,HND,0.0,0.0,0.0,0.0,0.0,0.0,45,6,0.1333333333333333,2010,53.6,2000,22.69548930947813,0.476654395216374,1704,873,0,3,0.0,3.4364261168384878
2001,HND,0.0,0.0,0.0,0.0,0.0,0.0,48,6,0.125,2011,50.9,2001,22.75812340814588,0.47962457941944,1926,1004,0,2,0.0,1.9920318725099602
2002,HND,0.0,0.0,0.0,0.0,0.0,0.0,39,2,0.0512820512820512,2012,49.3,2002,22.784830440756945,0.48540477760767,1878,959,0,0,0.0,0.0
2003,HND,0.0,0.0,0.0,0.0,0.0,0.0,65,0,0.0,2013,51.1,2003,22.831099420977825,0.491338719925069,2137,1115,0,0,0.0,0.0
2004,HND,0.0,0.0,0.0,0.0,0.0,0.0,75,5,0.0666666666666666,2014,52.2,2004,22.90586162608829,0.492488100206252,1826,907,0,0,0.0,0.0
2006,HND,0.0,0.0,0.0,0.0,0.0,0.0,53,2,0.0377358490566037,2016,52.7,2006,23.113630725071232,0.483355133747271,1316,690,0,0,0.0,0.0
2007,HND,0.0,0.0,0.0,0.0,0.0,0.0,93,12,0.1290322580645161,2017,45.6,2007,23.23783303792557,0.482860611611358,2182,1133,0,1,0.0,0.88261253309797
2008,HND,0.0,0.0,0.0,0.0,0.0,0.0,115,3,0.0260869565217391,2018,48.9,2008,23.353839541520184,0.482669303905872,2822,1402,1,0,0.7132667617689016,0.0
2009,HND,0.0,0.0,0.0,0.0,0.0,0.0,93,2,0.021505376344086,2019,46.2,2009,23.403430576050056,0.482240748002479,3191,1576,0,0,0.0,0.0
2010,HND,0.0,0.0,0.0,0.0,0.0,0.0,80,8,0.1,2020,50.2,2010,23.48576284570897,0.478535412358366,2013,1076,1,4,0.929368029739777,3.717472118959108
2011,HND,0.0,0.0,0.0,0.0,0.0,0.0,65,3,0.0461538461538461,2021,45.9,2011,23.597410872865908,0.476267833062069,1801,975,0,3,0.0,3.076923076923077
1995,HRV,0.0,0.0,0.0,0.0,0.0,0.0,44,1,0.0227272727272727,2005,26.8,1995,23.84907441950432,0.419387214826116,2833,1529,0,0,0.0,0.0
1996,HRV,0.0,0.0,0.0,0.0,0.0,0.0,40,0,0.0,2006,25.5,1996,23.907448315786983,0.420237065412704,2337,1256,0,0,0.0,0.0
1997,HRV,0.0,0.0,0.0,0.0,0.0,0.0,55,1,0.0181818181818181,2007,22.7,1997,23.90848593556277,0.42048072408231,2592,1353,0,0,0.0,0.0
1998,HRV,0.0,0.0,0.0,0.0,0.0,0.0,65,1,0.0153846153846153,2008,24.1,1998,23.976938190913163,0.419255111161618,2667,1449,0,0,0.0,0.0
1999,HRV,0.0,0.0,0.0,0.0,0.0,0.0,53,2,0.0377358490566037,2009,27.2,1999,23.891696840382583,0.417678144156666,2208,1186,0,1,0.0,0.8431703204047217
2000,HRV,0.0,0.0,0.0,0.0,0.0,0.0,104,1,0.0096153846153846,2010,29.8,2000,23.82014212299976,0.417014797918342,4404,2336,0,0,0.0,0.0
2001,HRV,0.0,0.0,0.0,0.0,0.0,0.0,37,0,0.0,2011,27.2,2001,23.86150947509577,0.415889954829345,1203,581,0,0,0.0,0.0
2002,HRV,0.0,0.0,0.0,0.0,0.0,0.0,51,1,0.0196078431372549,2012,29.4,2002,24.010071524048705,0.41754924995821,1814,985,0,0,0.0,0.0
2003,HRV,0.0,0.0,0.0,0.0,0.0,0.0,45,0,0.0,2013,32.8,2003,24.285868463983665,0.415369561427394,2064,1088,0,0,0.0,0.0
2004,HRV,0.0,0.0,0.0,0.0,0.0,0.0,34,3,0.088235294117647,2014,33.6,2004,24.457483455237263,0.415056410619427,1422,764,0,1,0.0,1.3089005235602096
2005,HRV,0.0,0.0,0.0,0.0,0.0,0.0,65,4,0.0615384615384615,2015,33.1,2005,24.53049101757653,0.414706226488578,2098,1117,0,0,0.0,0.0
2006,HRV,0.0,0.0,0.0,0.0,0.0,0.0,113,5,0.0442477876106194,2016,31.8,2006,24.625896726069254,0.413055294215361,2842,1600,0,0,0.0,0.0
2007,HRV,0.0,0.0,0.0,0.0,0.0,0.0,44,5,0.1136363636363636,2017,29.8,2007,24.80372958252647,0.41358906540826,1136,558,0,3,0.0,5.376344086021506
2008,HRV,0.0,0.0,0.0,0.0,0.0,0.0,85,3,0.0352941176470588,2018,32.8,2008,24.94779125236197,0.414294646026411,2188,1196,0,1,0.0,0.8361204013377926
2009,HRV,0.0,0.0,0.0,0.0,0.0,0.0,30,0,0.0,2019,31.6,2009,24.84945567932569,0.412811793059352,824,402,0,0,0.0,0.0
2010,HRV,0.0,0.0,0.0,0.0,0.0,0.0,48,5,0.1041666666666666,2020,32.4,2010,24.79559672618836,0.413091013025331,1554,837,0,2,0.0,2.389486260454002
2011,HRV,0.0,0.0,0.0,0.0,0.0,0.0,81,6,0.074074074074074,2021,34.1,2011,24.86002753026968,0.409195377230471,2267,1278,0,5,0.0,3.912363067292645
1995,HTI,0.0,0.0,0.0,0.0,0.0,0.0,61,3,0.0491803278688524,2005,81.1,1995,21.757628728543224,0.557000274847871,3235,1672,0,2,0.0,1.1961722488038278
1996,HTI,0.0,0.0,0.0,0.0,0.0,0.0,44,4,0.0909090909090909,2006,81.4,1996,21.790565476044826,0.556173694104419,2128,1144,0,1,0.0,0.8741258741258742
1997,HTI,0.0,0.0,0.0,0.0,0.0,0.0,50,0,0.0,2007,79.3,1997,21.92892196928044,0.556587186272141,1805,975,0,0,0.0,0.0
1998,HTI,0.0,0.0,0.0,0.0,0.0,0.0,55,3,0.0545454545454545,2008,79.6,1998,22.03803834318064,0.555287121402539,1940,1038,0,1,0.0,0.9633911368015414
1999,HTI,0.0,0.0,0.0,0.0,0.0,0.0,29,1,0.0344827586206896,2009,80.3,1999,22.147271591760187,0.555105428420297,1605,823,0,1,0.0,1.215066828675577
2000,HTI,0.0,0.0,0.0,0.0,0.0,0.0,44,2,0.0454545454545454,2010,79.0,2000,22.642181459263718,0.554979276976501,1750,920,0,1,0.0,1.0869565217391304
2001,HTI,0.0,0.0,0.0,0.0,0.0,0.0,39,0,0.0,2011,79.0,2001,22.56887730633897,0.554949372081445,1827,964,0,0,0.0,0.0
2002,HTI,0.0,0.0,0.0,0.0,0.0,0.0,44,0,0.0,2012,82.2,2002,22.54875777118358,0.554977533411499,1506,784,0,0,0.0,0.0
2003,HTI,0.0,0.0,0.0,0.0,0.0,0.0,28,4,0.1428571428571428,2013,80.4,2003,22.346990761835944,0.554869061198328,1164,629,0,0,0.0,0.0
2004,HTI,0.0,0.0,0.0,0.0,0.0,0.0,32,1,0.03125,2014,77.8,2004,22.52948044788604,0.554340370841455,1274,651,0,0,0.0,0.0
2005,HTI,0.0,0.0,0.0,0.0,0.0,0.0,29,2,0.0689655172413793,2015,76.1,2005,22.67347384993885,0.554033460633528,1327,689,0,0,0.0,0.0
2006,HTI,0.0,0.0,0.0,0.0,0.0,0.0,93,5,0.053763440860215,2016,76.1,2006,22.756498390379225,0.554441668988349,2293,1239,0,1,0.0,0.8071025020177562
2007,HTI,0.0,0.0,0.0,0.0,0.0,0.0,47,3,0.0638297872340425,2017,76.2,2007,22.945577286920077,0.55254279505459,1483,770,0,0,0.0,0.0
2008,HTI,0.0,0.0,0.0,0.0,0.0,0.0,51,8,0.1568627450980392,2018,76.2,2008,23.068236123628008,0.55033466998133,1718,840,0,2,0.0,2.3809523809523814
2009,HTI,0.0,0.0,0.0,0.0,0.0,0.0,35,4,0.1142857142857142,2019,76.4,2009,23.17401253357249,0.549375261190225,1080,564,0,3,0.0,5.319148936170213
2010,HTI,0.0,0.0,0.0,0.0,0.0,0.0,43,7,0.1627906976744186,2020,76.3,2010,23.19637927158514,0.548073841870324,1644,847,0,2,0.0,2.3612750885478158
2011,HTI,0.0,0.0,0.0,0.0,0.0,0.0,64,6,0.09375,2021,76.7,2011,23.288887740428933,0.546857327446863,1594,807,0,3,0.0,3.717472118959108
1995,HUN,0.0,0.0,0.0,0.0,0.0,0.0,39,1,0.0256410256410256,2005,7.3,1995,24.56111854254928,0.41875645141345,2366,1292,0,0,0.0,0.0
1996,HUN,0.0,0.0,0.0,0.0,0.0,0.0,50,0,0.0,2006,7.9,1996,24.56612664240949,0.418747049015177,1899,1053,0,0,0.0,0.0
1997,HUN,0.0,0.0,0.0,0.0,0.0,0.0,44,1,0.0227272727272727,2007,9.0,1997,24.579711888710523,0.417551074658915,1856,1016,0,0,0.0,0.0
1998,HUN,0.0,0.0,0.0,0.0,0.0,0.0,59,4,0.0677966101694915,2008,9.0,1998,24.60908438253836,0.417194751595153,2125,1113,0,1,0.0,0.8984725965858041
1999,HUN,0.0,0.0,0.0,0.0,0.0,0.0,41,0,0.0,2009,12.3,1999,24.61658242884685,0.416340374026889,1870,1007,0,0,0.0,0.0
2000,HUN,0.0,0.0,0.0,0.0,0.0,0.0,37,1,0.027027027027027,2010,13.5,2000,24.57804972699597,0.416738514937528,1581,803,0,0,0.0,0.0
2001,HUN,0.0,0.0,0.0,0.0,0.0,0.0,49,0,0.0,2011,14.7,2001,24.707609301014628,0.414486504811691,1850,946,0,0,0.0,0.0
2002,HUN,0.0,0.0,0.0,0.0,0.0,0.0,44,1,0.0227272727272727,2012,16.5,2002,24.937005751292013,0.413040275512182,1554,851,0,0,0.0,0.0
2003,HUN,0.0,0.0,0.0,0.0,0.0,0.0,37,0,0.0,2013,17.2,2003,25.169265311212097,0.413494387222568,1239,677,0,0,0.0,0.0
2004,HUN,0.0,0.0,0.0,0.0,0.0,0.0,44,0,0.0,2014,15.7,2004,25.36881763064272,0.406255638732317,1599,871,0,0,0.0,0.0
2005,HUN,0.0,0.0,0.0,0.0,0.0,0.0,41,0,0.0,2015,15.6,2005,25.452520569350572,0.406153435101863,1603,901,0,0,0.0,0.0
2006,HUN,0.0,0.0,0.0,0.0,0.0,0.0,66,3,0.0454545454545454,2016,15.3,2006,25.47440145436902,0.404034774247129,1532,870,0,0,0.0,0.0
2007,HUN,0.0,0.0,0.0,0.0,0.0,0.0,121,11,0.0909090909090909,2017,14.6,2007,25.666240880036767,0.403216503903576,2887,1597,0,3,0.0,1.878522229179712
2008,HUN,0.0,0.0,0.0,0.0,0.0,0.0,82,5,0.0609756097560975,2018,13.6,2008,25.78791940743937,0.402884660448484,1943,1077,0,2,0.0,1.8570102135561746
2009,HUN,0.0,0.0,0.0,0.0,0.0,0.0,62,8,0.1290322580645161,2019,13.6,2009,25.59899185405133,0.404482382016494,1398,753,0,3,0.0,3.9840637450199203
2010,HUN,0.0,0.0,0.0,0.0,0.0,0.0,54,8,0.1481481481481481,2020,14.8,2010,25.607395286720937,0.395116835344953,1575,884,1,4,1.1312217194570138,4.524886877828055
2011,HUN,0.0,0.0,0.0,0.0,0.0,0.0,50,8,0.16,2021,15.3,2011,25.678686224220616,0.39170380066274,1317,717,0,1,0.0,1.3947001394700138
1995,IDN,0.0,0.0,0.0,0.0,0.0,0.0,74,1,0.0135135135135135,2005,41.6,1995,26.03218692837884,0.468638141040203,3634,1947,0,0,0.0,0.0
1996,IDN,0.0,0.0,0.0,0.0,0.0,0.0,85,3,0.0352941176470588,2006,40.1,1996,26.14984307329101,0.471209559640659,3293,1763,0,1,0.0,0.5672149744753262
1997,IDN,0.0,0.0,0.0,0.0,0.0,0.0,74,3,0.0405405405405405,2007,40.0,1997,26.09738152546233,0.463733737504216,3249,1809,0,0,0.0,0.0
1998,IDN,0.0,0.0,0.0,0.0,0.0,0.0,82,3,0.0365853658536585,2008,41.1,1998,25.281821742478726,0.465288661544684,3045,1626,0,0,0.0,0.0
1999,IDN,0.0,0.0,0.0,0.0,0.0,0.0,63,5,0.0793650793650793,2009,38.2,1999,25.664917911044853,0.465709388457085,2497,1260,0,0,0.0,0.0
2000,IDN,0.0,0.0,0.0,0.0,0.0,0.0,58,3,0.0517241379310344,2010,36.0,2000,25.82933864866646,0.457995638239673,1762,957,0,1,0.0,1.0449320794148382
2001,IDN,0.0,0.0,0.0,0.0,0.0,0.0,64,5,0.078125,2011,32.4,2001,25.80122918147933,0.456226542581953,2534,1274,0,2,0.0,1.5698587127158556
2002,IDN,0.0,0.0,0.0,0.0,0.0,0.0,44,2,0.0454545454545454,2012,30.1,2002,25.999647419578093,0.454680700042981,2194,1130,0,0,0.0,0.0
2003,IDN,0.0,0.0,0.0,0.0,0.0,0.0,47,1,0.0212765957446808,2013,30.6,2003,26.181882642997547,0.455477686212665,1556,801,0,0,0.0,0.0
2004,IDN,0.0,0.0,0.0,0.0,0.0,0.0,61,2,0.0327868852459016,2014,29.3,2004,26.2717069938389,0.457709049008935,1851,966,0,0,0.0,0.0
2005,IDN,0.0,0.0,0.0,0.0,0.0,0.0,56,5,0.0892857142857142,2015,26.6,2005,26.37879816881638,0.455659497524718,1754,936,0,1,0.0,1.0683760683760686
2006,IDN,0.0,0.0,0.0,0.0,0.0,0.0,93,3,0.032258064516129,2016,27.8,2006,26.62198582820844,0.453844951082689,1969,1020,0,2,0.0,1.9607843137254901
2007,IDN,2.0,0.0,0.0,0.0,0.0,0.0,62,23,0.3709677419354839,2017,25.2,2007,26.792193007189734,0.453281631585071,1233,668,0,17,0.0,25.449101796407184
2008,IDN,0.0,0.0,0.0,0.0,0.0,0.0,89,23,0.2584269662921348,2018,22.0,2008,26.95812476611249,0.451345789061702,1740,930,3,9,3.225806451612903,9.67741935483871
2009,IDN,0.0,0.0,0.0,0.0,0.0,0.0,83,17,0.2048192771084337,2019,19.8,2009,27.014057054765026,0.451699232888068,1800,950,1,7,1.0526315789473684,7.368421052631579
2010,IDN,0.0,0.0,0.0,0.0,0.0,0.0,67,11,0.1641791044776119,2020,21.9,2010,27.35010829046457,0.449363404911747,1361,748,0,5,0.0,6.684491978609626
2011,IDN,0.0,0.0,0.0,0.0,0.0,0.0,73,10,0.136986301369863,2021,20.2,2011,27.51781781983247,0.449826971931845,1629,910,0,6,0.0,6.593406593406593
1995,IND,0.0,0.0,0.0,0.0,0.0,0.0,118,6,0.0508474576271186,2005,44.2,1995,26.61015263932645,0.550598429739981,3710,1914,0,0,0.0,0.0
1996,IND,0.0,0.0,0.0,0.0,0.0,0.0,97,3,0.0309278350515463,2006,43.2,1996,26.696812973331284,0.54908060129946,3180,1772,0,0,0.0,0.0
1997,IND,0.0,0.0,0.0,0.0,0.0,0.0,91,6,0.0659340659340659,2007,41.5,1997,26.753632698769465,0.547770331742456,3197,1640,0,1,0.0,0.6097560975609756
1998,IND,0.0,0.0,0.0,0.0,0.0,0.0,98,4,0.0408163265306122,2008,39.4,1998,26.766732809329568,0.547351607056566,2901,1513,0,0,0.0,0.0
1999,IND,0.0,0.0,0.0,0.0,0.0,0.0,134,7,0.0522388059701492,2009,37.4,1999,26.851924722820005,0.547515859846287,4271,2183,0,0,0.0,0.0
2000,IND,0.0,0.0,0.0,0.0,0.0,0.0,90,7,0.0777777777777777,2010,36.2,2000,26.87257766003342,0.545556242614261,2680,1463,0,0,0.0,0.0
2001,IND,0.0,0.0,0.0,0.0,0.0,0.0,35,3,0.0857142857142857,2011,35.0,2001,26.90832362304136,0.542989098498664,1218,676,0,1,0.0,1.4792899408284024
2002,IND,0.0,0.0,0.0,0.0,0.0,0.0,38,6,0.1578947368421052,2012,34.8,2002,26.96731224271986,0.541073077872782,1496,791,0,1,0.0,1.2642225031605563
2003,IND,0.0,0.0,0.0,0.0,0.0,0.0,62,5,0.0806451612903225,2013,34.9,2003,27.13294600023381,0.537075024571016,2067,1106,0,3,0.0,2.7124773960216997
2004,IND,0.0,0.0,0.0,0.0,0.0,0.0,42,4,0.0952380952380952,2014,33.9,2004,27.28733081235359,0.534366583998992,1973,1070,0,0,0.0,0.0
2005,IND,0.0,0.0,0.0,0.0,0.0,0.0,74,6,0.081081081081081,2015,33.4,2005,27.433035429339856,0.530158764656281,2269,1194,0,0,0.0,0.0
2006,IND,0.0,0.0,0.0,0.0,0.0,0.0,79,5,0.0632911392405063,2016,33.0,2006,27.56942215143592,0.529848675889132,2234,1258,0,0,0.0,0.0
2007,IND,0.0,0.0,0.0,0.0,0.0,0.0,88,20,0.2272727272727272,2017,32.5,2007,27.82719334847529,0.527137068571437,2087,1171,0,10,0.0,8.539709649871904
2008,IND,0.0,0.0,0.0,0.0,0.0,0.0,63,20,0.3174603174603174,2018,32.9,2008,27.812421538354307,0.524980367388847,1266,726,3,5,4.132231404958678,6.887052341597796
2009,IND,1.0,0.0,0.0,0.0,0.0,2.0,89,21,0.2359550561797752,2019,33.5,2009,27.925098706129702,0.521988315046195,1890,1047,2,9,1.9102196752626552,8.595988538681949
2010,IND,0.0,0.0,0.0,0.0,0.0,0.0,57,10,0.175438596491228,2020,36.1,2010,28.147201678045004,0.519244322404424,1312,713,0,5,0.0,7.012622720897616
2011,IND,0.0,0.0,0.0,0.0,0.0,0.0,94,7,0.0744680851063829,2021,34.9,2011,28.231533042320752,0.516180701166686,1648,890,0,0,0.0,0.0
1995,IRL,0.0,0.0,0.0,0.0,0.0,0.0,110,3,0.0272727272727272,2005,2.9,1995,24.95939671476899,0.336695414135475,4661,2390,0,0,0.0,0.0
1996,IRL,0.0,0.0,0.0,0.0,0.0,0.0,143,4,0.0279720279720279,2006,3.2,1996,25.05124256930421,0.337098184858278,5117,2737,0,0,0.0,0.0
1997,IRL,0.0,0.0,0.0,0.0,0.0,0.0,92,8,0.0869565217391304,2007,3.5,1997,25.140377828148264,0.335308925817843,3637,1878,0,0,0.0,0.0
1998,IRL,0.0,0.0,0.0,0.0,0.0,0.0,140,5,0.0357142857142857,2008,4.2,1998,25.22528872425968,0.334437356022397,4190,2170,0,1,0.0,0.4608294930875576
1999,IRL,0.0,0.0,0.0,0.0,0.0,0.0,118,6,0.0508474576271186,2009,5.3,1999,25.317313984356165,0.335871667075372,3916,2005,0,2,0.0,0.997506234413965
2000,IRL,0.0,0.0,0.0,0.0,0.0,0.0,104,4,0.0384615384615384,2010,5.3,2000,25.330509975108143,0.33498255010429,3184,1671,0,0,0.0,0.0
2001,IRL,0.0,0.0,0.0,0.0,0.0,0.0,81,4,0.0493827160493827,2011,7.0,2001,25.41778912388877,0.334198397132896,2641,1405,1,1,0.7117437722419929,0.7117437722419929
2002,IRL,0.0,0.0,0.0,0.0,0.0,0.0,104,3,0.0288461538461538,2012,6.9,2002,25.57994181847686,0.332363952659674,2961,1578,0,0,0.0,0.0
2003,IRL,0.0,0.0,0.0,0.0,0.0,0.0,114,2,0.0175438596491228,2013,7.7,2003,25.82721399183572,0.332546669875195,3765,1890,0,0,0.0,0.0
2004,IRL,0.0,0.0,0.0,0.0,0.0,0.0,114,3,0.0263157894736842,2014,8.8,2004,25.993040277536966,0.333158428848174,3773,2005,0,0,0.0,0.0
2005,IRL,0.0,0.0,0.0,0.0,0.0,0.0,87,3,0.0344827586206896,2015,9.5,2005,26.079271705743817,0.331269484889802,2215,1165,0,1,0.0,0.8583690987124463
2006,IRL,0.0,0.0,0.0,0.0,0.0,0.0,114,5,0.043859649122807,2016,8.6,2006,26.17078142797147,0.329540475792739,2131,1126,0,1,0.0,0.8880994671403197
2007,IRL,0.0,0.0,0.0,0.0,0.0,0.0,107,9,0.0841121495327102,2017,10.1,2007,26.321981380326157,0.323866632624324,2334,1239,0,2,0.0,1.6142050040355125
2008,IRL,0.0,0.0,0.0,0.0,0.0,0.0,117,8,0.0683760683760683,2018,10.8,2008,26.341662781120696,0.32576448197397,2584,1341,1,2,0.7457121551081282,1.4914243102162563
2009,IRL,0.0,0.0,0.0,0.0,0.0,0.0,111,17,0.1531531531531531,2019,12.3,2009,26.188973491017407,0.326871570961977,2662,1468,0,3,0.0,2.0435967302452314
2010,IRL,0.0,0.0,0.0,0.0,0.0,0.0,139,16,0.1151079136690647,2020,13.7,2010,26.125553777599904,0.32464812169586,3271,1768,0,1,0.0,0.5656108597285069
2011,IRL,0.0,0.0,0.0,0.0,0.0,0.0,115,8,0.0695652173913043,2021,12.7,2011,26.19974249426485,0.323484409522526,2481,1325,0,2,0.0,1.5094339622641508
1995,IRN,0.0,0.0,0.0,0.0,0.0,0.0,51,2,0.0392156862745098,2005,1.4,1995,25.291971455856384,0.455849414833434,4659,2535,1,1,0.3944773175542406,0.3944773175542406
1996,IRN,0.0,0.0,0.0,0.0,0.0,0.0,50,0,0.0,2006,1.4,1996,25.514118026140068,0.455244670450968,3249,1785,1,0,0.5602240896358543,0.0
1997,IRN,0.0,0.0,0.0,0.0,0.0,0.0,40,0,0.0,2007,1.3,1997,25.458754941017453,0.453217762784872,2515,1380,0,0,0.0,0.0
1998,IRN,0.0,0.0,0.0,0.0,0.0,0.0,71,2,0.028169014084507,2008,0.7,1998,25.4262604336189,0.451060634642138,3752,1974,0,0,0.0,0.0
1999,IRN,0.0,0.0,0.0,0.0,0.0,0.0,52,1,0.0192307692307692,2009,0.8,1999,25.45813401573152,0.451873179047598,2475,1372,0,0,0.0,0.0
2000,IRN,0.0,0.0,0.0,0.0,0.0,0.0,61,2,0.0327868852459016,2010,0.9,2000,25.420027549857185,0.449965929346382,2142,1179,0,0,0.0,0.0
2001,IRN,0.0,0.0,0.0,0.0,0.0,0.0,48,1,0.0208333333333333,2011,0.9,2001,25.566497745288856,0.442948169853666,1862,997,0,0,0.0,0.0
2002,IRN,0.0,0.0,0.0,0.0,0.0,0.0,39,0,0.0,2012,0.9,2002,25.58018193869796,0.436545161180588,2083,1131,0,0,0.0,0.0
2003,IRN,0.0,0.0,0.0,0.0,0.0,0.0,44,1,0.0227272727272727,2013,1.0,2003,25.7572579015167,0.433551546047668,1898,1013,0,0,0.0,0.0
2004,IRN,0.0,0.0,0.0,0.0,0.0,0.0,40,1,0.025,2014,0.9,2004,25.97051848279773,0.430053562416505,1617,886,0,0,0.0,0.0
2005,IRN,0.0,0.0,0.0,0.0,0.0,0.0,72,5,0.0694444444444444,2015,0.9,2005,26.145799449571307,0.426239498920682,3564,1871,1,2,0.5344735435595938,1.0689470871191875
2006,IRN,0.0,0.0,0.0,0.0,0.0,0.0,117,4,0.0341880341880341,2016,1.0,2006,26.307885242867226,0.422299795948218,3249,1635,0,0,0.0,0.0
2007,IRN,0.0,0.0,0.0,0.0,0.0,0.0,170,4,0.0235294117647058,2017,1.0,2007,26.58086065265405,0.422861421100796,4339,2162,0,0,0.0,0.0
2008,IRN,0.0,0.0,0.0,0.0,0.0,0.0,119,3,0.0252100840336134,2018,1.0,2008,26.745104806128897,0.422870069145165,3088,1580,0,0,0.0,0.0
2009,IRN,0.0,0.0,0.0,0.0,0.0,0.0,135,4,0.0296296296296296,2019,1.0,2009,26.754905030839907,0.423216203668655,3454,1808,0,0,0.0,0.0
2010,IRN,0.0,0.0,0.0,0.0,0.0,0.0,156,10,0.0641025641025641,2020,0.9,2010,26.911134844808775,0.423666371574098,3701,1907,0,1,0.0,0.5243838489774515
2011,IRN,0.0,0.0,0.0,0.0,0.0,0.0,88,2,0.0227272727272727,2021,0.9,2011,27.162828824756676,0.424286591540084,3011,1581,0,1,0.0,0.6325110689437066
1995,IRQ,0.0,0.0,0.0,0.0,0.0,0.0,64,1,0.015625,2005,2.4,1995,23.280030241809506,0.510829153045851,3804,1872,0,0,0.0,0.0
1996,IRQ,0.0,0.0,0.0,0.0,0.0,0.0,58,1,0.0172413793103448,2006,2.6,1996,23.06830665680896,0.510732793847953,2922,1473,0,0,0.0,0.0
1997,IRQ,0.0,0.0,0.0,0.0,0.0,0.0,71,0,0.0,2007,2.0,1997,23.756527830114276,0.510651460738559,3189,1654,0,0,0.0,0.0
1998,IRQ,0.0,0.0,0.0,0.0,0.0,0.0,39,0,0.0,2008,1.1,1998,23.74940146105914,0.510851811707375,2017,1071,0,0,0.0,0.0
1999,IRQ,0.0,0.0,0.0,0.0,0.0,0.0,70,0,0.0,2009,1.2,1999,24.33097866158993,0.510754542464142,3944,2081,0,0,0.0,0.0
2000,IRQ,0.0,0.0,0.0,0.0,0.0,0.0,48,1,0.0208333333333333,2010,1.7,2000,24.60202676089767,0.510568650418321,3026,1557,0,0,0.0,0.0
2001,IRQ,0.0,0.0,0.0,0.0,0.0,0.0,53,1,0.0188679245283018,2011,1.1,2001,24.311673642310723,0.508927635157992,2602,1340,0,0,0.0,0.0
2002,IRQ,0.0,0.0,0.0,0.0,0.0,0.0,30,0,0.0,2012,1.3,2002,24.217603004568804,0.508401694376514,2231,1150,0,0,0.0,0.0
2003,IRQ,0.0,0.0,0.0,0.0,0.0,0.0,91,2,0.0219780219780219,2013,1.5,2003,23.810736896782387,0.509723111904798,2904,1394,0,0,0.0,0.0
2004,IRQ,0.0,0.0,0.0,0.0,0.0,0.0,63,1,0.0158730158730158,2014,1.0,2004,24.32407613014178,0.512763233773007,2475,1305,0,0,0.0,0.0
2005,IRQ,0.0,0.0,0.0,0.0,0.0,0.0,44,2,0.0454545454545454,2015,0.8,2005,24.63438624221356,0.515731466927822,1865,967,0,2,0.0,2.0682523267838677
2006,IRQ,0.0,0.0,0.0,0.0,0.0,0.0,107,1,0.0093457943925233,2016,0.9,2006,24.899806896494127,0.518143802593332,3048,1615,0,0,0.0,0.0
2007,IRQ,0.0,0.0,0.0,0.0,0.0,0.0,105,3,0.0285714285714285,2017,0.5,2007,25.210069688135995,0.520506906195666,2604,1391,0,0,0.0,0.0
2008,IRQ,0.0,0.0,0.0,0.0,0.0,0.0,72,2,0.0277777777777777,2018,0.5,2008,25.60314252848598,0.508294266030544,2022,1125,0,1,0.0,0.888888888888889
2009,IRQ,0.0,0.0,0.0,0.0,0.0,0.0,69,1,0.0144927536231884,2019,0.9,2009,25.43870271854286,0.508039164675681,2026,1135,0,0,0.0,0.0
2010,IRQ,0.0,0.0,0.0,0.0,0.0,0.0,57,0,0.0,2020,1.1,2010,25.65425689644041,0.507554273367924,1695,918,0,0,0.0,0.0
2011,IRQ,0.0,0.0,0.0,0.0,0.0,0.0,82,2,0.024390243902439,2021,1.1,2011,25.94766571405005,0.507419356162394,2274,1166,0,0,0.0,0.0
1995,ISL,0.0,0.0,0.0,0.0,0.0,0.0,48,11,0.2291666666666666,2005,62.7,1995,22.686684259049287,0.350970457849124,1874,976,0,3,0.0,3.0737704918032787
1996,ISL,0.0,0.0,0.0,0.0,0.0,0.0,49,7,0.1428571428571428,2006,64.2,1996,22.7282642714172,0.350538093072383,1467,821,0,0,0.0,0.0
1997,ISL,0.0,0.0,0.0,0.0,0.0,0.0,46,5,0.108695652173913,2007,67.6,1997,22.74741582605708,0.349514448414888,1744,954,0,0,0.0,0.0
1998,ISL,0.0,0.0,1.0,0.0,0.0,0.0,54,14,0.2592592592592592,2008,74.0,1998,22.863765918521903,0.348497318183155,1803,994,7,6,7.042253521126761,6.036217303822937
1999,ISL,0.0,0.0,0.0,0.0,0.0,0.0,59,8,0.135593220338983,2009,74.7,1999,22.918493802044992,0.346626576706007,2145,1097,0,2,0.0,1.8231540565177757
2000,ISL,0.0,0.0,1.0,0.0,0.0,0.0,65,13,0.2,2010,76.0,2000,22.92333750879325,0.344843829608549,2177,1123,2,1,1.7809439002671414,0.8904719501335707
2001,ISL,0.0,0.0,0.0,0.0,0.0,0.0,49,9,0.1836734693877551,2011,77.1,2001,22.83164056324387,0.343772015357551,1676,895,0,2,0.0,2.2346368715083798
2002,ISL,0.0,0.0,0.0,0.0,0.0,0.0,54,6,0.1111111111111111,2012,77.7,2002,22.95525661010506,0.341655305186253,1622,873,4,0,4.581901489117985,0.0
2003,ISL,0.0,0.0,0.0,0.0,0.0,0.0,49,2,0.0408163265306122,2013,76.8,2003,23.15944918926685,0.339332157405235,1596,824,0,0,0.0,0.0
2004,ISL,0.0,0.0,0.0,0.0,0.0,0.0,58,5,0.0862068965517241,2014,77.6,2004,23.34976674222422,0.33937609017616,1841,977,2,1,2.0470829068577276,1.0235414534288638
2005,ISL,0.0,0.0,0.0,0.0,0.0,0.0,24,0,0.0,2015,78.0,2005,23.54779285724227,0.337019065786754,798,435,0,0,0.0,0.0
2006,ISL,0.0,0.0,1.0,0.0,0.0,0.0,68,24,0.3529411764705882,2016,80.9,2006,23.5834829544892,0.33298091194811,1421,801,2,2,2.4968789013732833,2.4968789013732833
2007,ISL,0.0,0.0,1.0,0.0,0.0,1.0,112,24,0.2142857142857142,2017,80.8,2007,23.798387016661533,0.330420962357083,2238,1220,2,15,1.639344262295082,12.295081967213115
2008,ISL,0.0,0.0,3.0,0.0,0.0,0.0,61,13,0.2131147540983606,2018,81.4,2008,23.617774557024227,0.328621645839946,1456,807,0,5,0.0,6.195786864931847
2009,ISL,0.0,0.0,1.0,0.0,0.0,0.0,78,25,0.3205128205128205,2019,81.7,2009,23.300023371662565,0.323321160350327,2072,1039,2,6,1.9249278152069298,5.7747834456207885
2010,ISL,0.0,0.0,2.0,0.0,0.0,0.0,79,18,0.2278481012658227,2020,82.9,2010,23.344389160616075,0.321309589427339,1519,812,0,3,0.0,3.694581280788177
2011,ISL,0.0,0.0,1.0,0.0,0.0,0.0,68,31,0.4558823529411764,2021,82.4,2011,23.445982814838487,0.318671239051485,1479,761,3,4,3.9421813403416555,5.256241787122208
1995,ISR,0.0,0.0,0.0,0.0,0.0,0.0,60,2,0.0333333333333333,2005,7.0,1995,25.376208960180204,0.392711931740773,2020,1008,0,1,0.0,0.992063492063492
1996,ISR,0.0,0.0,0.0,0.0,0.0,0.0,69,0,0.0,2006,6.9,1996,25.463907510640645,0.392143573712127,2002,1061,0,0,0.0,0.0
1997,ISR,0.0,0.0,0.0,0.0,0.0,0.0,74,1,0.0135135135135135,2007,6.7,1997,25.501221428048503,0.394508582928924,2918,1510,0,0,0.0,0.0
1998,ISR,0.0,0.0,0.0,0.0,0.0,0.0,103,2,0.0194174757281553,2008,8.9,1998,25.51123648189484,0.394282676101386,2837,1418,0,0,0.0,0.0
1999,ISR,0.0,0.0,0.0,0.0,0.0,0.0,89,2,0.0224719101123595,2009,8.5,1999,25.51841527269598,0.392184780103624,3408,1721,0,1,0.0,0.5810575246949448
2000,ISR,0.0,0.0,0.0,0.0,0.0,0.0,80,1,0.0125,2010,8.6,2000,25.63617554007405,0.390278472911518,2663,1345,0,0,0.0,0.0
2001,ISR,0.0,0.0,0.0,0.0,0.0,0.0,111,6,0.054054054054054,2011,9.1,2001,25.625851244882536,0.388716608037979,2673,1418,0,1,0.0,0.7052186177715092
2002,ISR,0.0,0.0,0.0,1.0,0.0,0.0,85,8,0.0941176470588235,2012,2.9,2002,25.55205916289169,0.387922718306058,1775,911,0,0,0.0,0.0
2003,ISR,0.0,0.0,0.0,0.0,0.0,0.0,67,1,0.0149253731343283,2013,3.3,2003,25.60074265835296,0.383462924720393,2197,1097,0,0,0.0,0.0
2004,ISR,0.0,0.0,0.0,0.0,0.0,0.0,53,0,0.0,2014,3.7,2004,25.664720162395124,0.381990723012715,1772,885,0,0,0.0,0.0
2005,ISR,0.0,0.0,0.0,0.0,0.0,0.0,50,1,0.02,2015,3.7,2005,25.71426966212925,0.381085001758459,1895,970,0,0,0.0,0.0
2006,ISR,0.0,0.0,0.0,0.0,0.0,0.0,114,0,0.0,2016,4.0,2006,25.79009342023372,0.378905169055086,2200,1019,0,0,0.0,0.0
2007,ISR,0.0,0.0,0.0,0.0,0.0,0.0,105,2,0.019047619047619,2017,3.9,2007,25.938488974920748,0.379090511749818,2378,1145,0,0,0.0,0.0
2008,ISR,0.0,0.0,0.0,0.0,0.0,0.0,105,7,0.0666666666666666,2018,3.8,2008,26.119298500330096,0.372857129222192,1643,895,1,1,1.1173184357541899,1.1173184357541899
2009,ISR,0.0,0.0,0.0,0.0,0.0,0.0,127,4,0.0314960629921259,2019,4.5,2009,26.079701763184588,0.375694525036635,2723,1427,0,0,0.0,0.0
2010,ISR,0.0,0.0,0.0,0.0,0.0,0.0,53,0,0.0,2020,5.6,2010,26.19706514123797,0.37487867315029,1364,712,0,0,0.0,0.0
2011,ISR,0.0,0.0,0.0,0.0,0.0,0.0,231,7,0.0303030303030303,2021,6.2,2011,26.30973461990337,0.368915862851508,3997,1982,0,0,0.0,0.0
1995,ITA,0.0,0.0,0.0,0.0,0.0,0.0,33,1,0.0303030303030303,2005,6.7,1995,27.792001622674903,0.371822532387352,1502,811,0,0,0.0,0.0
1996,ITA,0.0,0.0,0.0,0.0,0.0,0.0,61,3,0.0491803278688524,2006,7.5,1996,27.90289885102246,0.372580461720483,2422,1368,0,0,0.0,0.0
1997,ITA,0.0,0.0,0.0,0.0,0.0,0.0,45,0,0.0,2007,8.7,1997,27.84764715783777,0.370685097578725,1761,956,0,0,0.0,0.0
1998,ITA,0.0,0.0,0.0,0.0,0.0,0.0,72,1,0.0138888888888888,2008,10.8,1998,27.87007937454221,0.370195447756109,2258,1176,0,0,0.0,0.0
1999,ITA,0.0,0.0,0.0,0.0,0.0,0.0,60,0,0.0,2009,12.5,1999,27.8561200820397,0.369646355249903,2001,1052,0,0,0.0,0.0
2000,ITA,0.0,0.0,0.0,0.0,0.0,0.0,57,1,0.0175438596491228,2010,12.8,2000,27.767889217975156,0.37100142269108,2072,1132,0,0,0.0,0.0
2001,ITA,0.0,0.0,0.0,0.0,0.0,0.0,40,1,0.025,2011,11.9,2001,27.786334056688247,0.370614883746163,1513,825,0,0,0.0,0.0
2002,ITA,0.0,0.0,0.0,0.0,0.0,0.0,32,0,0.0,2012,14.4,2002,27.87535404898096,0.362378499924957,1280,653,0,0,0.0,0.0
2003,ITA,0.0,0.0,0.0,0.0,0.0,0.0,57,4,0.0701754385964912,2013,16.3,2003,28.08693958024056,0.366777227101879,2515,1375,0,1,0.0,0.7272727272727272
2004,ITA,0.0,0.0,0.0,0.0,0.0,0.0,40,0,0.0,2014,17.1,2004,28.22243617277352,0.36631084979979,1292,707,0,0,0.0,0.0
2005,ITA,0.0,0.0,0.0,0.0,0.0,0.0,31,0,0.0,2015,16.6,2005,28.25063862096811,0.364679796788711,1526,818,0,0,0.0,0.0
2006,ITA,0.0,0.0,0.0,0.0,0.0,0.0,87,3,0.0344827586206896,2016,16.1,2006,28.298620574583715,0.364887419109508,2255,1153,0,0,0.0,0.0
2007,ITA,0.0,0.0,0.0,0.0,0.0,0.0,84,6,0.0714285714285714,2017,16.4,2007,28.425416485347263,0.361626069720411,1860,961,2,5,2.081165452653486,5.202913631633715
2008,ITA,0.0,0.0,0.0,0.0,0.0,0.0,52,12,0.2307692307692307,2018,17.1,2008,28.510089761131365,0.366345978112009,1201,690,2,4,2.898550724637681,5.797101449275362
2009,ITA,0.0,0.0,0.0,0.0,0.0,0.0,53,11,0.2075471698113207,2019,17.3,2009,28.419446114005076,0.364763717851037,1131,592,0,4,0.0,6.756756756756757
2010,ITA,0.0,0.0,0.0,0.0,0.0,0.0,68,4,0.0588235294117647,2020,18.7,2010,28.39000283145456,0.365023559744735,1483,814,0,2,0.0,2.457002457002457
2011,ITA,0.0,0.0,0.0,0.0,0.0,0.0,63,3,0.0476190476190476,2021,17.5,2011,28.461751474292,0.364028682936727,1447,774,0,0,0.0,0.0
1995,JAM,0.0,0.0,0.0,0.0,0.0,0.0,82,9,0.1097560975609756,2005,5.4,1995,22.606923718726296,0.469970121465032,3073,1646,0,0,0.0,0.0
1996,JAM,0.0,0.0,0.0,0.0,0.0,0.0,83,4,0.0481927710843373,2006,4.8,1996,22.723920071170497,0.464590678969136,3075,1632,0,0,0.0,0.0
1997,JAM,0.0,0.0,0.0,0.0,0.0,0.0,80,7,0.0875,2007,5.3,1997,22.851502519330914,0.462930866661742,2792,1476,0,2,0.0,1.3550135501355014
1998,JAM,0.0,0.0,0.0,0.0,0.0,0.0,56,7,0.125,2008,5.9,1998,22.89656145587305,0.461574944980322,3047,1634,0,2,0.0,1.2239902080783354
1999,JAM,0.0,0.0,0.0,0.0,0.0,0.0,68,3,0.0441176470588235,2009,7.4,1999,22.907861906282506,0.457003843293643,3005,1574,0,2,0.0,1.2706480304955527
2000,JAM,0.0,0.0,0.0,0.0,0.0,0.0,57,3,0.0526315789473684,2010,8.9,2000,22.921052975459855,0.457209360906542,2300,1319,0,1,0.0,0.7581501137225171
2001,JAM,0.0,0.0,0.0,0.0,0.0,0.0,58,2,0.0344827586206896,2011,9.8,2001,22.941896094890883,0.455871418885844,2459,1235,0,0,0.0,0.0
2002,JAM,0.0,0.0,0.0,0.0,0.0,0.0,55,4,0.0727272727272727,2012,12.2,2002,22.99734955331333,0.453484104563472,2148,1144,0,2,0.0,1.7482517482517483
2003,JAM,0.0,0.0,0.0,0.0,0.0,0.0,72,0,0.0,2013,11.4,2003,22.967186838053664,0.453027787604726,2600,1359,0,0,0.0,0.0
2004,JAM,0.0,0.0,0.0,0.0,0.0,0.0,62,1,0.0161290322580645,2014,11.9,2004,23.04316662955078,0.453059977968316,2066,1070,0,3,0.0,2.803738317757009
2005,JAM,0.0,0.0,0.0,0.0,0.0,0.0,61,13,0.2131147540983606,2015,12.1,2005,23.143088553597863,0.45245863972578,2156,1232,0,6,0.0,4.87012987012987
2006,JAM,0.0,0.0,0.0,0.0,0.0,0.0,113,7,0.0619469026548672,2016,11.1,2006,23.20233709163583,0.451786859019982,2809,1530,0,0,0.0,0.0
2007,JAM,0.0,0.0,0.0,0.0,0.0,0.0,103,9,0.087378640776699,2017,11.0,2007,23.27267976324325,0.449437551500426,2880,1561,0,8,0.0,5.124919923126201
2008,JAM,0.0,0.0,0.0,0.0,0.0,0.0,98,11,0.1122448979591836,2018,8.9,2008,23.341347671216013,0.448079687270622,2137,1156,0,5,0.0,4.325259515570934
2009,JAM,0.0,0.0,0.0,0.0,0.0,0.0,100,16,0.16,2019,9.2,2009,23.218160617285704,0.45168942779444,2295,1268,0,17,0.0,13.406940063091483
2010,JAM,0.0,0.0,0.0,0.0,0.0,0.0,105,16,0.1523809523809524,2020,11.7,2010,23.305038263394557,0.450537578186956,2671,1368,0,8,0.0,5.847953216374268
2011,JAM,0.0,0.0,0.0,0.0,0.0,0.0,153,30,0.196078431372549,2021,10.5,2011,23.39359073604519,0.447590613359534,3985,2234,0,12,0.0,5.371530886302597
1995,JOR,0.0,0.0,0.0,0.0,0.0,0.0,48,1,0.0208333333333333,2005,1.7,1995,22.629483863649728,0.452950254854735,3167,1664,0,0,0.0,0.0
1996,JOR,0.0,0.0,0.0,0.0,0.0,0.0,70,1,0.0142857142857142,2006,2.3,1996,22.658765343687204,0.45418063855285,3392,1811,0,0,0.0,0.0
1997,JOR,0.0,0.0,0.0,0.0,0.0,0.0,74,1,0.0135135135135135,2007,2.3,1997,22.7036932389992,0.45313657935294,3847,2080,0,0,0.0,0.0
1998,JOR,0.0,0.0,0.0,0.0,0.0,0.0,69,1,0.0144927536231884,2008,2.7,1998,22.791680657678057,0.453353111083203,3152,1672,0,0,0.0,0.0
1999,JOR,0.0,0.0,0.0,0.0,0.0,0.0,70,4,0.0571428571428571,2009,2.8,1999,22.82127511115561,0.451296865190933,3456,1823,0,1,0.0,0.5485463521667581
2000,JOR,0.0,0.0,0.0,0.0,0.0,0.0,56,0,0.0,2010,3.0,2000,22.8587083684997,0.44775297690984,2751,1455,0,0,0.0,0.0
2001,JOR,0.0,0.0,0.0,0.0,0.0,0.0,47,0,0.0,2011,3.0,2001,22.9177992907892,0.445034427573352,2057,1106,0,0,0.0,0.0
2002,JOR,0.0,0.0,0.0,0.0,0.0,0.0,49,0,0.0,2012,2.9,2002,22.98320569422148,0.445353423631596,1903,1039,0,0,0.0,0.0
2003,JOR,0.0,0.0,0.0,0.0,0.0,0.0,55,1,0.0181818181818181,2013,3.1,2003,23.045224803079805,0.44640563645431,2749,1465,0,0,0.0,0.0
2004,JOR,0.0,0.0,0.0,0.0,0.0,0.0,53,1,0.0188679245283018,2014,3.1,2004,23.157905562729237,0.45958077288547,2812,1541,0,1,0.0,0.6489292667099286
2005,JOR,0.0,0.0,0.0,0.0,0.0,0.0,44,1,0.0227272727272727,2015,3.2,2005,23.256089141727987,0.445420261312335,2103,1128,0,0,0.0,0.0
2006,JOR,0.0,0.0,0.0,0.0,0.0,0.0,33,0,0.0,2016,4.7,2006,23.43510761851411,0.446940778478006,570,313,0,0,0.0,0.0
2007,JOR,0.0,0.0,0.0,0.0,0.0,0.0,47,1,0.0212765957446808,2017,5.3,2007,23.56295480803395,0.44389447906104,1492,825,0,1,0.0,1.2121212121212122
2008,JOR,0.0,0.0,0.0,0.0,0.0,0.0,75,3,0.04,2018,7.2,2008,23.843811060835307,0.440670869929752,2215,1203,1,1,0.8312551953449709,0.8312551953449709
2009,JOR,0.0,0.0,0.0,0.0,0.0,0.0,73,3,0.0410958904109589,2019,8.5,2009,23.923483722198235,0.44205110745209,2123,1154,0,1,0.0,0.8665511265164644
2010,JOR,0.0,0.0,0.0,0.0,0.0,0.0,33,0,0.0,2020,10.7,2010,24.024046175865934,0.440225906548628,566,305,0,0,0.0,0.0
2011,JOR,0.0,0.0,0.0,0.0,0.0,0.0,50,2,0.04,2021,11.5,2011,24.10847438083305,0.438701284031506,1014,554,0,0,0.0,0.0
1995,JPN,0.0,0.0,0.0,0.0,0.0,0.0,66,4,0.0606060606060606,2005,4.0,1995,29.34401960569553,0.358282009323445,3082,1654,0,1,0.0,0.6045949214026601
1996,JPN,0.0,0.0,0.0,0.0,0.0,0.0,82,6,0.073170731707317,2006,4.4,1996,29.2250191434594,0.358380302545902,3501,1889,0,2,0.0,1.0587612493382743
1997,JPN,0.0,0.0,1.0,0.0,0.0,0.0,61,3,0.0491803278688524,2007,4.3,1997,29.133419325443576,0.357745604755408,2300,1233,0,3,0.0,2.4330900243309004
1998,JPN,0.0,0.0,0.0,0.0,0.0,0.0,87,3,0.0344827586206896,2008,4.4,1998,29.04160866565016,0.357704245193245,2813,1547,0,0,0.0,0.0
1999,JPN,0.0,0.0,0.0,0.0,0.0,0.0,82,7,0.0853658536585365,2009,4.5,1999,29.16486916317701,0.357659075806339,3610,2008,0,5,0.0,2.49003984063745
2000,JPN,0.0,0.0,0.0,0.0,0.0,0.0,74,11,0.1486486486486486,2010,4.7,2000,29.234110751182605,0.356614768335364,3299,1857,0,2,0.0,1.0770059235325795
2001,JPN,0.0,0.0,0.0,0.0,0.0,0.0,23,0,0.0,2011,4.8,2001,29.106861344219748,0.356117679050833,1029,561,0,0,0.0,0.0
2002,JPN,0.0,0.0,0.0,0.0,0.0,0.0,51,4,0.0784313725490196,2012,4.7,2002,29.062012850136693,0.356848621485991,1513,830,0,0,0.0,0.0
2003,JPN,0.0,0.0,0.0,0.0,0.0,0.0,68,4,0.0588235294117647,2013,5.0,2003,29.139436433016456,0.356668343711699,2796,1547,0,2,0.0,1.292824822236587
2004,JPN,0.0,0.0,0.0,0.0,0.0,0.0,62,5,0.0806451612903225,2014,5.6,2004,29.21885043644765,0.355870847072483,1624,943,0,1,0.0,1.0604453870625663
2005,JPN,0.0,0.0,0.0,0.0,0.0,0.0,42,2,0.0476190476190476,2015,6.2,2005,29.20617116565971,0.35542663753112,1714,956,0,0,0.0,0.0
2006,JPN,0.0,0.0,0.0,0.0,0.0,0.0,87,2,0.0229885057471264,2016,6.4,2006,29.157438802166983,0.354721860540146,2295,1266,0,0,0.0,0.0
2007,JPN,0.0,0.0,0.0,0.0,0.0,1.0,100,18,0.18,2017,6.9,2007,29.15266548068126,0.354492414110852,2168,1243,0,10,0.0,8.045052292839904
2008,JPN,0.0,0.0,0.0,0.0,0.0,0.0,106,14,0.1320754716981132,2018,7.3,2008,29.261570487615067,0.356334319608947,2305,1235,0,2,0.0,1.6194331983805668
2009,JPN,0.0,0.0,0.0,0.0,0.0,0.0,101,12,0.1188118811881188,2019,7.8,2009,29.296743654931664,0.356286947399023,2320,1292,1,6,0.7739938080495357,4.643962848297213
2010,JPN,0.0,0.0,0.0,0.0,0.0,0.0,101,20,0.198019801980198,2020,8.5,2010,29.381797426437075,0.353936988117822,2437,1368,0,4,0.0,2.923976608187134
2011,JPN,0.0,0.0,0.0,0.0,0.0,0.0,129,19,0.1472868217054263,2021,8.8,2011,29.46090248527516,0.357183089966835,2844,1585,1,3,0.6309148264984228,1.8927444794952681
1995,KAZ,0.0,0.0,0.0,0.0,0.0,0.0,47,4,0.0851063829787234,2005,2.1,1995,23.737540269818915,0.394248209426149,1993,1065,0,0,0.0,0.0
1996,KAZ,0.0,0.0,0.0,0.0,0.0,0.0,75,8,0.1066666666666666,2006,2.1,1996,23.76947056515868,0.392163666078947,2252,1205,0,0,0.0,0.0
1997,KAZ,0.0,0.0,0.0,0.0,0.0,0.0,56,12,0.2142857142857142,2007,1.8,1997,23.82182235537593,0.391258869631399,2043,1086,0,0,0.0,0.0
1998,KAZ,0.0,0.0,0.0,0.0,0.0,0.0,52,8,0.1538461538461538,2008,1.1,1998,23.82043699017093,0.386173536260602,2115,1140,0,0,0.0,0.0
1999,KAZ,0.0,0.0,0.0,0.0,0.0,0.0,53,7,0.1320754716981132,2009,1.3,1999,23.548851169497816,0.38460117302318,2146,1174,0,2,0.0,1.7035775127768313
2000,KAZ,0.0,0.0,0.0,0.0,0.0,0.0,69,12,0.1739130434782608,2010,1.4,2000,23.62972912989494,0.379313652826586,2327,1204,0,2,0.0,1.6611295681063123
2001,KAZ,0.0,0.0,0.0,0.0,0.0,0.0,26,3,0.1153846153846153,2011,1.4,2001,23.82122473148612,0.377101433230384,1442,794,0,0,0.0,0.0
2002,KAZ,0.0,0.0,0.0,0.0,0.0,0.0,49,6,0.1224489795918367,2012,1.3,2002,23.927498921480424,0.375957213537623,2263,1256,0,0,0.0,0.0
2003,KAZ,0.0,0.0,0.0,0.0,0.0,0.0,45,7,0.1555555555555555,2013,1.2,2003,24.15187385211249,0.374375799329536,1797,1033,0,1,0.0,0.968054211035818
2004,KAZ,0.0,0.0,0.0,0.0,0.0,0.0,57,6,0.1052631578947368,2014,1.3,2004,24.487986422994236,0.373473286130197,2640,1435,0,0,0.0,0.0
2005,KAZ,0.0,0.0,0.0,0.0,0.0,0.0,86,11,0.127906976744186,2015,1.7,2005,24.768484433969224,0.370514612573148,1883,1034,0,0,0.0,0.0
2006,KAZ,0.0,0.0,0.0,0.0,0.0,0.0,93,10,0.1075268817204301,2016,2.1,2006,25.117762705492872,0.367772020350118,2179,1191,1,0,0.8396305625524769,0.0
2007,KAZ,0.0,0.0,0.0,0.0,0.0,0.0,89,22,0.247191011235955,2017,2.0,2007,25.375795786892965,0.366716177137316,1884,1034,1,2,0.9671179883945842,1.9342359767891684
2008,KAZ,0.0,0.0,0.0,0.0,0.0,0.0,55,12,0.2181818181818181,2018,1.9,2008,25.61693013475805,0.363587938540683,1376,764,1,1,1.3089005235602096,1.3089005235602096
2009,KAZ,0.0,0.0,0.0,0.0,0.0,0.0,72,8,0.1111111111111111,2019,1.9,2009,25.470878605719697,0.361307884245543,1752,966,0,0,0.0,0.0
2010,KAZ,0.0,0.0,0.0,0.0,0.0,0.0,76,19,0.25,2020,1.8,2010,25.72079798009416,0.357421332654306,2064,1137,0,0,0.0,0.0
2011,KAZ,0.0,0.0,0.0,0.0,0.0,0.0,86,14,0.1627906976744186,2021,2.0,2011,25.98401873174664,0.356126168863292,1710,956,0,0,0.0,0.0
1995,KEN,0.0,0.0,0.0,0.0,0.0,0.0,73,2,0.0273972602739726,2005,79.2,1995,22.925623903904476,0.524346926086469,2998,1631,0,0,0.0,0.0
1996,KEN,0.0,0.0,0.0,0.0,0.0,0.0,68,10,0.1470588235294117,2006,77.6,1996,23.21198732315093,0.524326164906663,2500,1375,0,1,0.0,0.7272727272727272
1997,KEN,0.0,0.0,0.0,0.0,0.0,0.0,95,4,0.0421052631578947,2007,78.2,1997,23.29708073549,0.525665220949702,3213,1762,0,1,0.0,0.5675368898978433
1998,KEN,0.0,0.0,0.0,0.0,0.0,0.0,80,7,0.0875,2008,78.2,1998,23.36901492983052,0.523247935520913,3035,1716,0,0,0.0,0.0
1999,KEN,0.0,0.0,0.0,0.0,0.0,0.0,100,0,0.0,2009,75.6,1999,23.28018383846717,0.521538126559068,3828,2071,0,0,0.0,0.0
2000,KEN,0.0,0.0,0.0,0.0,0.0,0.0,79,7,0.0886075949367088,2010,74.0,2000,23.265289013590632,0.521138234666319,2639,1482,0,0,0.0,0.0
2001,KEN,0.0,0.0,0.0,0.0,0.0,0.0,42,1,0.0238095238095238,2011,74.7,2001,23.287138262879147,0.517193967561198,1209,655,0,0,0.0,0.0
2002,KEN,0.0,0.0,0.0,0.0,0.0,0.0,59,3,0.0508474576271186,2012,76.2,2002,23.299515486007333,0.513933788855121,1894,1065,0,0,0.0,0.0
2003,KEN,0.0,0.0,0.0,0.0,0.0,0.0,62,2,0.032258064516129,2013,74.3,2003,23.424930201929183,0.513309101776194,2073,1116,0,0,0.0,0.0
2004,KEN,0.0,0.0,0.0,0.0,0.0,0.0,53,1,0.0188679245283018,2014,71.8,2004,23.50179544549774,0.513718421995116,1946,1077,1,0,0.9285051067780873,0.0
2005,KEN,0.0,0.0,0.0,0.0,0.0,0.0,46,4,0.0869565217391304,2015,69.2,2005,23.65381380227389,0.509815148452312,1499,844,0,0,0.0,0.0
2006,KEN,0.0,0.0,0.0,0.0,0.0,0.0,82,2,0.024390243902439,2016,68.3,2006,23.97462868827038,0.518566355624356,1869,989,0,0,0.0,0.0
2007,KEN,0.0,0.0,0.0,0.0,0.0,0.0,111,5,0.045045045045045,2017,68.1,2007,24.18769448509849,0.518470768335798,2460,1266,0,2,0.0,1.5797788309636651
2008,KEN,0.0,0.0,0.0,0.0,0.0,0.0,59,9,0.1525423728813559,2018,68.7,2008,24.30386811853559,0.518335445585704,1367,766,1,2,1.3054830287206267,2.6109660574412534
2009,KEN,1.0,0.0,1.0,0.0,0.0,0.0,76,21,0.2763157894736842,2019,68.1,2009,24.46916856315934,0.522370816549172,1875,994,0,5,0.0,5.030181086519114
2010,KEN,0.0,0.0,1.0,0.0,0.0,0.0,45,10,0.2222222222222222,2020,69.0,2010,24.53890161789179,0.520358046070005,1183,648,0,4,0.0,6.172839506172839
2011,KEN,0.0,0.0,0.0,0.0,0.0,0.0,39,10,0.2564102564102564,2021,67.7,2011,24.57063240849355,0.51377317638541,860,471,0,3,0.0,6.369426751592357
1995,KGZ,0.0,0.0,0.0,0.0,0.0,0.0,50,4,0.08,2005,28.0,1995,21.230696816823063,0.399648825140872,1827,996,0,2,0.0,2.008032128514056
1996,KGZ,0.0,0.0,0.0,0.0,0.0,0.0,47,2,0.0425531914893617,2006,27.8,1996,21.32625337319251,0.402527490618811,1839,1028,0,0,0.0,0.0
1997,KGZ,0.0,0.0,0.0,0.0,0.0,0.0,49,9,0.1836734693877551,2007,24.5,1997,21.293037895489764,0.397126584171765,2113,1129,0,0,0.0,0.0
1998,KGZ,0.0,0.0,0.0,0.0,0.0,0.0,38,4,0.1052631578947368,2008,22.0,1998,21.22159191587251,0.401024118839594,1388,768,0,0,0.0,0.0
1999,KGZ,0.0,0.0,0.0,0.0,0.0,0.0,39,0,0.0,2009,24.7,1999,20.94565829586133,0.394377880609311,1968,1080,0,1,0.0,0.9259259259259259
2000,KGZ,0.0,0.0,0.0,0.0,0.0,0.0,42,3,0.0714285714285714,2010,25.6,2000,21.037849177210493,0.393745901069634,1923,1033,0,2,0.0,1.936108422071636
2001,KGZ,0.0,0.0,0.0,0.0,0.0,0.0,35,6,0.1714285714285714,2011,26.0,2001,21.145336552291184,0.389186824127052,1422,755,0,0,0.0,0.0
2002,KGZ,0.0,0.0,0.0,0.0,0.0,0.0,60,1,0.0166666666666666,2012,22.4,2002,21.19679020174772,0.393504537987876,1854,958,0,0,0.0,0.0
2003,KGZ,0.0,0.0,0.0,0.0,0.0,0.0,48,4,0.0833333333333333,2013,24.8,2003,21.37507426970045,0.395999514591111,1572,840,0,0,0.0,0.0
2004,KGZ,0.0,0.0,0.0,0.0,0.0,0.0,52,3,0.0576923076923076,2014,26.6,2004,21.516952493857133,0.398259415442138,1723,914,0,0,0.0,0.0
2005,KGZ,0.0,0.0,0.0,0.0,0.0,0.0,48,6,0.125,2015,23.5,2005,21.623527505435845,0.387994958985525,1843,1030,0,6,0.0,5.825242718446602
2006,KGZ,0.0,0.0,0.0,0.0,0.0,0.0,79,21,0.2658227848101265,2016,22.2,2006,21.76501457171087,0.393104701537833,1754,959,0,1,0.0,1.0427528675703859
2007,KGZ,0.0,0.0,0.0,0.0,0.0,0.0,48,7,0.1458333333333333,2017,24.7,2007,22.058943141294336,0.39394675145782,1129,619,0,1,0.0,1.6155088852988693
2008,KGZ,0.0,0.0,0.0,0.0,0.0,0.0,35,8,0.2285714285714285,2018,23.4,2008,22.3603109311676,0.390548246187277,995,552,1,1,1.8115942028985508,1.8115942028985508
2009,KGZ,0.0,0.0,0.0,0.0,0.0,0.0,61,22,0.360655737704918,2019,28.3,2009,22.2687114990632,0.391851237132128,1659,946,0,1,0.0,1.0570824524312896
2010,KGZ,0.0,0.0,0.0,0.0,0.0,0.0,73,15,0.2054794520547945,2020,30.0,2010,22.29070644382775,0.385733484804485,1930,1103,1,2,0.9066183136899365,1.813236627379873
2011,KGZ,0.0,0.0,0.0,0.0,0.0,0.0,62,3,0.0483870967741935,2021,27.6,2011,22.547454732126823,0.374876704527037,1402,750,0,2,0.0,2.6666666666666665
1995,KHM,0.0,0.0,0.0,0.0,0.0,0.0,52,1,0.0192307692307692,2005,79.2,1995,21.959087739074857,0.534614414593135,2177,1189,0,1,0.0,0.8410428931875525
1996,KHM,0.0,0.0,0.0,0.0,0.0,0.0,73,4,0.0547945205479452,2006,78.0,1996,21.977940040724647,0.534581460415812,3426,1925,0,0,0.0,0.0
1999,KHM,0.0,0.0,0.0,0.0,0.0,0.0,71,4,0.056338028169014,2009,68.0,1999,21.9809431323324,0.539468243800337,2694,1437,0,1,0.0,0.6958942240779402
2000,KHM,0.0,0.0,0.0,0.0,0.0,0.0,23,0,0.0,2010,64.8,2000,22.019096974667512,0.537456952454558,1186,631,0,0,0.0,0.0
2001,KHM,0.0,0.0,0.0,0.0,0.0,0.0,40,0,0.0,2011,64.0,2001,22.10555230643783,0.54127686588839,1676,883,0,0,0.0,0.0
2002,KHM,0.0,0.0,0.0,0.0,0.0,0.0,36,4,0.1111111111111111,2012,64.4,2002,22.178159638202622,0.536854855880151,1488,804,0,6,0.0,7.462686567164179
2003,KHM,0.0,0.0,0.0,0.0,0.0,0.0,51,2,0.0392156862745098,2013,65.0,2003,22.261905016449724,0.533067332905037,1869,1052,0,0,0.0,0.0
2004,KHM,0.0,0.0,0.0,0.0,0.0,0.0,24,1,0.0416666666666666,2014,63.7,2004,22.39808564877464,0.535917328138504,925,474,0,0,0.0,0.0
2005,KHM,0.0,0.0,0.0,0.0,0.0,0.0,47,5,0.1063829787234042,2015,60.6,2005,22.562711076916397,0.528544484775238,1803,999,0,0,0.0,0.0
2006,KHM,0.0,0.0,0.0,0.0,0.0,0.0,43,5,0.1162790697674418,2016,58.0,2006,22.707654075538773,0.529437475997333,1232,658,0,0,0.0,0.0
2007,KHM,0.0,0.0,1.0,0.0,0.0,0.0,64,15,0.234375,2017,56.3,2007,22.879579979856317,0.538985329016001,1701,925,0,9,0.0,9.72972972972973
2008,KHM,1.0,0.0,0.0,0.0,0.0,0.0,62,19,0.3064516129032258,2018,58.1,2008,23.06043728429192,0.524053371621738,1703,953,0,21,0.0,22.035676810073454
2009,KHM,1.0,0.0,1.0,0.0,0.0,0.0,72,31,0.4305555555555556,2019,53.0,2009,23.065249681763145,0.525874331512209,1870,1062,2,22,1.8832391713747645,20.715630885122412
2010,KHM,0.0,0.0,1.0,0.0,0.0,0.0,59,18,0.3050847457627119,2020,51.4,2010,23.14294708877318,0.52196061074025,1617,941,1,9,1.0626992561105206,9.564293304994687
2011,KHM,0.0,0.0,1.0,0.0,0.0,0.0,86,31,0.3604651162790697,2021,52.4,2011,23.275016250398146,0.514602300125706,1935,1156,3,17,2.5951557093425603,14.705882352941176
2003,KIR,0.0,0.0,0.0,0.0,0.0,0.0,40,4,0.1,2013,46.2,2003,18.317883914574104,0.586747700161951,1315,719,0,5,0.0,6.954102920723227
2004,KIR,0.0,0.0,0.0,0.0,0.0,0.0,51,6,0.1176470588235294,2014,48.0,2004,18.444110268451013,0.581736032894809,2122,1122,0,5,0.0,4.45632798573975
2005,KIR,0.0,0.0,0.0,0.0,0.0,0.0,26,5,0.1923076923076923,2015,47.5,2005,18.535225009784764,0.581491378872952,1089,584,1,3,1.7123287671232876,5.136986301369863
2006,KIR,0.0,0.0,0.0,0.0,0.0,0.0,69,13,0.1884057971014492,2016,48.1,2006,18.51814446231795,0.600976918085883,1394,733,0,3,0.0,4.092769440654843
2007,KIR,0.0,0.0,0.0,0.0,0.0,0.0,51,13,0.2549019607843137,2017,42.5,2007,18.70341154833147,0.604821940012152,1288,684,0,5,0.0,7.309941520467836
2008,KIR,0.0,0.0,0.0,0.0,0.0,0.0,113,53,0.4690265486725664,2018,42.3,2008,18.764590777173527,0.612128898024402,2651,1399,0,30,0.0,21.443888491779845
2009,KIR,0.0,0.0,0.0,0.0,0.0,0.0,65,28,0.4307692307692308,2019,42.2,2009,18.70149724395521,0.62505353640564,1639,846,1,18,1.1820330969267139,21.27659574468085
2010,KIR,0.0,0.0,0.0,0.0,0.0,0.0,71,39,0.5492957746478874,2020,42.2,2010,18.860904914657496,0.589388063941521,1840,949,0,20,0.0,21.07481559536354
2011,KIR,0.0,0.0,0.0,0.0,0.0,0.0,49,26,0.5306122448979592,2021,42.2,2011,19.012197470184702,0.579638042127617,1234,617,0,14,0.0,22.690437601296598
2012,KIR,0.0,0.0,0.0,0.0,0.0,0.0,75,27,0.36,2022,41.9,2012,19.060585093117083,0.577214052120918,2222,1083,0,14,0.0,12.927054478301015
1995,KNA,0.0,0.0,0.0,0.0,0.0,0.0,78,8,0.1025641025641025,2005,25.3,1995,19.563262660780293,0.519715397957552,2724,1459,0,1,0.0,0.6854009595613434
1996,KNA,0.0,0.0,0.0,0.0,0.0,0.0,78,7,0.0897435897435897,2006,0.0,1996,19.62648520297418,0.51517941121368,2569,1382,0,2,0.0,1.447178002894356
1997,KNA,0.0,0.0,0.0,0.0,0.0,0.0,90,3,0.0333333333333333,2007,0.0,1997,19.741479614185163,0.512342900123925,3061,1633,0,0,0.0,0.0
1998,KNA,0.0,0.0,0.0,0.0,0.0,0.0,67,10,0.1492537313432835,2008,0.0,1998,19.76421720508313,0.51059397818354,2687,1476,0,0,0.0,0.0
1999,KNA,0.0,0.0,0.0,0.0,0.0,0.0,79,3,0.0379746835443038,2009,0.0,1999,19.82332935334181,0.509721383203403,3748,1920,0,0,0.0,0.0
2000,KNA,0.0,0.0,0.0,0.0,0.0,0.0,62,4,0.064516129032258,2010,1.0,2000,19.8597946873646,0.509837914786939,2008,1118,0,0,0.0,0.0
2001,KNA,0.0,0.0,0.0,0.0,0.0,0.0,45,1,0.0222222222222222,2011,0.9,2001,19.9437844951254,0.504495117868438,1715,957,0,0,0.0,0.0
2002,KNA,0.0,0.0,0.0,0.0,0.0,0.0,47,0,0.0,2012,1.3,2002,19.9915386752166,0.503247573009232,1600,857,0,0,0.0,0.0
2003,KNA,0.0,0.0,0.0,0.0,0.0,0.0,50,3,0.06,2013,1.4,2003,19.967966341778904,0.500783852565003,1777,972,0,0,0.0,0.0
2004,KNA,0.0,0.0,0.0,0.0,0.0,0.0,48,6,0.125,2014,1.6,2004,20.043824303442577,0.501966758875411,1677,940,0,1,0.0,1.0638297872340425
2005,KNA,0.0,0.0,0.0,0.0,0.0,0.0,47,8,0.1702127659574468,2015,1.6,2005,20.12033169270731,0.495536029147385,1942,1088,0,2,0.0,1.838235294117647
2006,KNA,0.0,0.0,0.0,0.0,0.0,0.0,82,5,0.0609756097560975,2016,1.7,2006,20.283853199071107,0.476053372902023,1832,952,2,2,2.100840336134454,2.100840336134454
2007,KNA,0.0,0.0,0.0,0.0,0.0,0.0,81,15,0.1851851851851851,2017,1.3,2007,20.35116565509626,0.477025321313885,1748,917,0,6,0.0,6.543075245365322
2008,KNA,0.0,0.0,1.0,0.0,0.0,0.0,91,15,0.1648351648351648,2018,1.3,2008,20.471840259588674,0.482488312791464,2733,1465,2,5,1.3651877133105803,3.4129692832764507
2009,KNA,0.0,0.0,1.0,0.0,0.0,0.0,104,20,0.1923076923076923,2019,1.3,2009,20.467435226033057,0.482373828285155,2689,1447,0,9,0.0,6.2197650310988255
2010,KNA,0.0,0.0,0.0,0.0,0.0,0.0,73,10,0.136986301369863,2020,1.6,2010,20.47316020156661,0.478870361607958,1779,993,0,3,0.0,3.0211480362537766
2011,KNA,0.0,0.0,0.0,0.0,0.0,0.0,78,12,0.1538461538461538,2021,1.6,2011,20.54424992161447,0.480290802254774,1934,1075,0,4,0.0,3.72093023255814
2012,KNA,0.0,0.0,0.0,0.0,0.0,0.0,67,9,0.1343283582089552,2022,1.5,2012,20.53135623924236,0.47752107525966,3003,1617,3,4,1.8552875695732838,2.473716759431045
1995,KOR,0.0,0.0,0.0,0.0,0.0,0.0,62,3,0.0483870967741935,2005,0.9,1995,27.062890174592784,0.390973325670151,2743,1499,0,0,0.0,0.0
1996,KOR,0.0,0.0,0.0,0.0,0.0,0.0,79,4,0.050632911392405,2006,0.9,1996,27.137002717522268,0.391511977575753,3170,1795,0,1,0.0,0.5571030640668524
1997,KOR,0.0,0.0,0.0,0.0,0.0,0.0,59,7,0.1186440677966101,2007,1.0,1997,27.068471480169848,0.388343534012967,2740,1501,0,1,0.0,0.6662225183211192
1998,KOR,0.0,0.0,0.0,0.0,0.0,0.0,82,5,0.0609756097560975,2008,1.1,1998,26.672164502769004,0.385327078290445,2864,1630,0,2,0.0,1.2269938650306749
1999,KOR,0.0,0.0,0.0,0.0,0.0,0.0,88,2,0.0227272727272727,2009,1.2,1999,26.932886839677582,0.383353390683401,2850,1593,0,0,0.0,0.0
2000,KOR,0.0,0.0,0.0,0.0,0.0,0.0,52,0,0.0,2010,1.3,2000,27.07968267582791,0.380348433411389,1894,1026,0,0,0.0,0.0
2001,KOR,0.0,0.0,0.0,0.0,0.0,0.0,53,3,0.0566037735849056,2011,1.4,2001,27.028917263786727,0.37898706819439,2218,1218,0,0,0.0,0.0
2002,KOR,0.0,0.0,0.0,0.0,0.0,0.0,44,2,0.0454545454545454,2012,1.6,2002,27.1646047749307,0.377320267719372,1500,843,0,0,0.0,0.0
2003,KOR,0.0,0.0,0.0,0.0,0.0,0.0,39,3,0.0769230769230769,2013,1.9,2003,27.278220559722985,0.37721507846411,1998,1117,0,0,0.0,0.0
2004,KOR,0.0,0.0,0.0,0.0,0.0,0.0,60,2,0.0333333333333333,2014,2.9,2004,27.399309725100203,0.375880138717314,2225,1200,0,1,0.0,0.8333333333333334
2005,KOR,0.0,0.0,0.0,0.0,0.0,0.0,86,6,0.0697674418604651,2015,2.7,2005,27.56370658712411,0.372162419278656,2807,1540,0,2,0.0,1.2987012987012987
2006,KOR,0.0,0.0,0.0,0.0,0.0,0.0,87,6,0.0689655172413793,2016,2.6,2006,27.682870303579705,0.372199764273099,2040,1140,0,0,0.0,0.0
2007,KOR,0.0,0.0,0.0,0.0,0.0,0.0,94,9,0.0957446808510638,2017,2.8,2007,27.790256675737837,0.371170193237846,1920,1044,1,2,0.9578544061302682,1.9157088122605364
2008,KOR,0.0,0.0,0.0,1.0,0.0,0.0,87,16,0.1839080459770115,2018,3.2,2008,27.67727381765572,0.369205215402791,2101,1159,1,10,0.8628127696289906,8.628127696289905
2009,KOR,0.0,0.0,0.0,0.0,0.0,2.0,89,36,0.4044943820224719,2019,3.2,2009,27.573330429394385,0.368525573816319,2039,1141,0,10,0.0,8.76424189307625
2010,KOR,0.0,0.0,0.0,0.0,0.0,0.0,89,9,0.1011235955056179,2020,3.6,2010,27.76561054329536,0.367780291676194,1914,1121,0,2,0.0,1.784121320249777
2011,KOR,0.0,0.0,0.0,0.0,0.0,0.0,102,17,0.1666666666666666,2021,3.6,2011,27.856739784555504,0.366577573413687,2402,1352,1,3,0.7396449704142012,2.2189349112426036
1995,KWT,0.0,0.0,0.0,0.0,0.0,0.0,89,1,0.0112359550561797,2005,0.0,1995,24.02600497834753,0.46377864162585,3557,1897,0,0,0.0,0.0
1996,KWT,0.0,0.0,0.0,0.0,0.0,0.0,60,1,0.0166666666666666,2006,0.0,1996,24.17301269470384,0.464066783873799,2905,1598,0,1,0.0,0.6257822277847309
1997,KWT,0.0,0.0,0.0,0.0,0.0,0.0,96,3,0.03125,2007,0.0,1997,24.13606918187507,0.46243633693683,3330,1819,0,0,0.0,0.0
1998,KWT,0.0,0.0,0.0,0.0,0.0,0.0,67,1,0.0149253731343283,2008,0.0,1998,23.979196046749344,0.461637808034312,3508,1879,1,1,0.532197977647685,0.532197977647685
1999,KWT,0.0,0.0,0.0,0.0,0.0,0.0,96,5,0.0520833333333333,2009,0.0,1999,24.128534879236685,0.461996768828393,4361,2414,0,1,0.0,0.4142502071251035
2000,KWT,0.0,0.0,0.0,0.0,0.0,0.0,79,0,0.0,2010,0.0,2000,24.353424340701675,0.46020845993507,3952,2133,0,0,0.0,0.0
2001,KWT,0.0,0.0,0.0,0.0,0.0,0.0,59,4,0.0677966101694915,2011,0.0,2001,24.275454564162334,0.45896498916084,2487,1368,1,0,0.7309941520467835,0.0
2002,KWT,0.0,0.0,0.0,0.0,0.0,0.0,58,2,0.0344827586206896,2012,0.0,2002,24.364418178543733,0.457724774314981,2816,1514,0,0,0.0,0.0
2003,KWT,0.0,0.0,0.0,0.0,0.0,0.0,59,2,0.0338983050847457,2013,0.0,2003,24.591852165215613,0.457130370783435,2562,1400,0,0,0.0,0.0
2004,KWT,0.0,0.0,0.0,0.0,0.0,0.0,26,0,0.0,2014,0.0,2004,24.80821793779406,0.457020059905489,1404,761,0,0,0.0,0.0
2005,KWT,0.0,0.0,0.0,0.0,0.0,0.0,34,2,0.0588235294117647,2015,0.0,2005,25.115225848579744,0.456903716250402,1790,998,0,0,0.0,0.0
2006,KWT,0.0,0.0,0.0,0.0,0.0,0.0,45,0,0.0,2016,0.0,2006,25.343888535293534,0.457559353744319,1650,897,0,0,0.0,0.0
2007,KWT,0.0,0.0,0.0,0.0,0.0,0.0,53,4,0.0754716981132075,2017,0.0,2007,25.46501080620529,0.456514729470976,1645,912,0,2,0.0,2.1929824561403506
2008,KWT,0.0,0.0,0.0,0.0,0.0,0.0,53,7,0.1320754716981132,2018,0.0,2008,25.71627697539471,0.454102204740361,1661,914,0,2,0.0,2.1881838074398248
2009,KWT,0.0,0.0,0.0,0.0,0.0,0.0,73,6,0.0821917808219178,2019,0.1,2009,25.38640808021017,0.451899265997575,2498,1403,0,3,0.0,2.138275124732716
2010,KWT,0.0,0.0,0.0,0.0,0.0,0.0,59,6,0.1016949152542373,2020,0.1,2010,25.47181528733052,0.446969816553735,2010,1070,0,4,0.0,3.7383177570093458
2011,KWT,0.0,0.0,0.0,0.0,0.0,0.0,71,4,0.056338028169014,2021,0.1,2011,25.76073694403663,0.437698397501683,2069,1108,0,2,0.0,1.8050541516245489
1995,LAO,0.0,0.0,0.0,0.0,0.0,0.0,34,1,0.0294117647058823,2005,73.9,1995,21.29058689432952,0.560551934439153,1622,873,0,0,0.0,0.0
1996,LAO,0.0,0.0,0.0,0.0,0.0,0.0,52,5,0.0961538461538461,2006,69.8,1996,21.351165738592652,0.557440654935481,1910,1057,0,1,0.0,0.9460737937559129
1997,LAO,0.0,0.0,1.0,0.0,0.0,0.0,45,3,0.0666666666666666,2007,70.7,1997,21.281172655138835,0.556027866877176,1898,1036,0,1,0.0,0.9652509652509653
1998,LAO,0.0,0.0,0.0,0.0,0.0,0.0,35,1,0.0285714285714285,2008,69.3,1998,20.970264841945877,0.555178668355182,1555,837,0,0,0.0,0.0
1999,LAO,0.0,0.0,0.0,0.0,0.0,0.0,36,1,0.0277777777777777,2009,66.4,1999,21.0978803496474,0.553821735480123,1726,927,0,0,0.0,0.0
2000,LAO,0.0,0.0,0.0,0.0,0.0,0.0,36,0,0.0,2010,64.8,2000,21.27207950405571,0.55206427809606,1607,869,0,0,0.0,0.0
2001,LAO,0.0,0.0,0.0,0.0,0.0,0.0,34,1,0.0294117647058823,2011,63.6,2001,21.293464885802685,0.558330245405753,1681,951,0,0,0.0,0.0
2002,LAO,0.0,0.0,0.0,0.0,0.0,0.0,18,0,0.0,2012,62.4,2002,21.28754311637156,0.550047957256199,1143,620,0,0,0.0,0.0
2003,LAO,0.0,0.0,0.0,0.0,0.0,0.0,38,3,0.0789473684210526,2013,58.6,2003,21.428007741643107,0.545805424857131,1403,769,0,2,0.0,2.6007802340702213
2004,LAO,0.0,0.0,0.0,0.0,0.0,0.0,32,2,0.0625,2014,58.2,2004,21.58463485546478,0.547734997238422,1444,833,0,1,0.0,1.2004801920768307
2005,LAO,0.0,0.0,0.0,0.0,0.0,0.0,36,0,0.0,2015,53.3,2005,21.729601542632277,0.53998587399366,1756,979,0,0,0.0,0.0
2006,LAO,0.0,0.0,0.0,0.0,0.0,0.0,31,3,0.0967741935483871,2016,51.7,2006,21.963097396295385,0.547065285316775,1071,610,0,0,0.0,0.0
2007,LAO,0.0,0.0,0.0,0.0,0.0,0.0,52,7,0.1346153846153846,2017,50.6,2007,22.163847657477117,0.542995132458149,1288,740,1,7,1.3513513513513513,9.45945945945946
2008,LAO,0.0,0.0,0.0,0.0,0.0,0.0,51,12,0.2352941176470588,2018,50.2,2008,22.41822692541489,0.534119551589088,1349,777,0,4,0.0,5.148005148005148
2009,LAO,0.0,0.0,0.0,0.0,0.0,0.0,55,8,0.1454545454545454,2019,50.5,2009,22.48733513542145,0.530354953683337,1748,993,1,7,1.0070493454179255,7.049345417925478
2010,LAO,0.0,0.0,0.0,0.0,0.0,0.0,64,7,0.109375,2020,50.6,2010,22.687825796819364,0.518105072777695,1627,903,0,1,0.0,1.1074197120708749
2011,LAO,0.0,0.0,0.0,0.0,0.0,0.0,56,2,0.0357142857142857,2021,51.5,2011,22.89233181175489,0.517956272008565,1556,891,0,1,0.0,1.122334455667789
2012,LAO,0.0,0.0,0.0,0.0,0.0,0.0,26,3,0.1153846153846153,2022,49.2,2012,23.044952225674862,0.510260155693205,1192,693,0,3,0.0,4.329004329004329
1995,LBN,0.0,0.0,0.0,0.0,0.0,0.0,42,2,0.0476190476190476,2005,6.4,1995,23.18445984516555,0.503290732715196,2302,1147,0,0,0.0,0.0
1996,LBN,0.0,0.0,0.0,0.0,0.0,0.0,73,1,0.0136986301369863,2006,6.4,1996,23.339947351431203,0.501598596885602,2769,1403,0,1,0.0,0.7127583749109052
1997,LBN,0.0,0.0,0.0,0.0,0.0,0.0,62,2,0.032258064516129,2007,7.3,1997,23.48022476591926,0.500204463437228,2463,1258,0,0,0.0,0.0
1998,LBN,0.0,0.0,0.0,0.0,0.0,0.0,81,0,0.0,2008,5.1,1998,23.570914431166276,0.501157091186261,3085,1584,0,0,0.0,0.0
1999,LBN,0.0,0.0,0.0,0.0,0.0,0.0,92,3,0.0326086956521739,2009,4.3,1999,23.579221909241085,0.496016185884775,3125,1598,0,0,0.0,0.0
2000,LBN,0.0,0.0,0.0,0.0,0.0,0.0,87,5,0.057471264367816,2010,5.7,2000,23.57167866038524,0.494370320992003,2893,1547,0,0,0.0,0.0
2001,LBN,0.0,0.0,0.0,0.0,0.0,0.0,67,1,0.0149253731343283,2011,6.2,2001,23.593987526402035,0.492992751631874,2679,1381,0,0,0.0,0.0
2002,LBN,0.0,0.0,0.0,0.0,0.0,0.0,67,0,0.0,2012,5.6,2002,23.675685454669253,0.493375172131402,2981,1584,0,0,0.0,0.0
2003,LBN,0.0,0.0,0.0,0.0,0.0,0.0,37,0,0.0,2013,5.9,2003,23.72313547678453,0.492599340579996,2131,1086,0,1,0.0,0.9208103130755064
2004,LBN,0.0,0.0,0.0,0.0,0.0,0.0,41,0,0.0,2014,4.2,2004,23.77537031498097,0.490909848273657,1329,683,0,0,0.0,0.0
2005,LBN,0.0,0.0,0.0,0.0,0.0,0.0,30,0,0.0,2015,4.2,2005,23.79119488063836,0.491014516415249,1899,1005,0,0,0.0,0.0
2006,LBN,0.0,0.0,0.0,0.0,0.0,0.0,51,0,0.0,2016,4.0,2006,23.81534002388455,0.49292398224768,1953,1025,0,0,0.0,0.0
2007,LBN,0.0,0.0,0.0,0.0,0.0,0.0,52,0,0.0,2017,4.0,2007,23.935211907030848,0.48769971468389,1589,827,0,0,0.0,0.0
2008,LBN,0.0,0.0,0.0,0.0,0.0,0.0,72,4,0.0555555555555555,2018,4.7,2008,24.09465383794754,0.482125730268236,2055,1106,0,3,0.0,2.7124773960216997
2009,LBN,0.0,0.0,0.0,0.0,0.0,0.0,54,2,0.037037037037037,2019,5.1,2009,24.28996587535007,0.474465178894048,1801,954,0,0,0.0,0.0
2010,LBN,0.0,0.0,0.0,0.0,0.0,0.0,40,1,0.025,2020,6.3,2010,24.372466055893916,0.465630230879096,1470,798,0,0,0.0,0.0
2011,LBN,0.0,0.0,0.0,0.0,0.0,0.0,57,2,0.0350877192982456,2021,6.8,2011,24.41032177849644,0.463544353467787,1788,958,0,2,0.0,2.08768267223382
2000,LBR,0.0,0.0,0.0,0.0,0.0,0.0,68,5,0.0735294117647058,2010,88.6,2000,20.58859093361981,0.575804097950097,3582,1976,0,0,0.0,0.0
2001,LBR,0.0,0.0,0.0,0.0,0.0,0.0,78,2,0.0256410256410256,2011,87.1,2001,20.624549864007253,0.587459854533792,2479,1330,0,0,0.0,0.0
2002,LBR,0.0,0.0,0.0,0.0,0.0,0.0,72,0,0.0,2012,86.2,2002,20.647464123530128,0.590313066807447,3344,1804,0,0,0.0,0.0
2003,LBR,0.0,0.0,0.0,0.0,0.0,0.0,56,2,0.0357142857142857,2013,87.5,2003,20.432913535938752,0.596691109966754,1954,1048,0,1,0.0,0.9541984732824427
2004,LBR,0.0,0.0,0.0,0.0,0.0,0.0,51,3,0.0588235294117647,2014,91.2,2004,20.61456642002307,0.591624114667052,1720,953,0,0,0.0,0.0
2006,LBR,0.0,0.0,0.0,0.0,0.0,0.0,93,7,0.075268817204301,2016,92.8,2006,20.8357012662762,0.602420236241932,2460,1305,0,0,0.0,0.0
2007,LBR,0.0,0.0,0.0,0.0,0.0,0.0,82,10,0.1219512195121951,2017,93.6,2007,21.040263963732244,0.608467362653783,1944,1086,0,2,0.0,1.8416206261510129
2008,LBR,0.0,0.0,0.0,0.0,0.0,0.0,89,6,0.0674157303370786,2018,94.4,2008,21.269072429607647,0.605260000959198,2293,1214,1,1,0.8237232289950577,0.8237232289950577
2009,LBR,0.0,0.0,0.0,0.0,0.0,0.0,90,8,0.0888888888888888,2019,89.7,2009,21.293114801161863,0.604301552020485,2423,1369,0,5,0.0,3.652300949598247
2010,LBR,0.0,0.0,0.0,0.0,0.0,0.0,72,8,0.1111111111111111,2020,93.0,2010,21.41541251717277,0.603083955259129,1818,970,0,1,0.0,1.0309278350515465
2011,LBR,0.0,0.0,0.0,0.0,0.0,0.0,82,4,0.048780487804878,2021,93.2,2011,21.59790089355173,0.602523438106176,1714,973,0,0,0.0,0.0
2012,LBR,0.0,0.0,0.0,0.0,0.0,0.0,54,5,0.0925925925925925,2022,92.8,2012,21.74988576013983,0.59898379311189,1880,1046,0,0,0.0,0.0
1995,LBY,0.0,0.0,0.0,0.0,0.0,0.0,114,4,0.0350877192982456,2005,2.7,1995,23.96356584415009,0.486162661647136,5073,2559,0,0,0.0,0.0
1996,LBY,0.0,0.0,0.0,0.0,0.0,0.0,120,7,0.0583333333333333,2006,2.9,1996,24.05134148214912,0.486006926573675,4648,2393,0,1,0.0,0.41788549937317176
1997,LBY,0.0,0.0,0.0,0.0,0.0,0.0,157,3,0.019108280254777,2007,3.1,1997,24.14755748763383,0.485896772125413,5976,2893,0,1,0.0,0.3456619426201175
1998,LBY,0.0,0.0,0.0,0.0,0.0,0.0,145,1,0.0068965517241379,2008,2.9,1998,24.028366179087985,0.485827508481918,5814,2854,0,0,0.0,0.0
1999,LBY,0.0,0.0,0.0,0.0,0.0,0.0,115,0,0.0,2009,2.6,1999,24.30611451760772,0.485595116712628,4602,2355,0,0,0.0,0.0
2000,LBY,0.0,0.0,0.0,0.0,0.0,0.0,72,3,0.0416666666666666,2010,2.5,2000,24.367957822806147,0.485607298236116,3530,1785,0,0,0.0,0.0
2001,LBY,0.0,0.0,0.0,0.0,0.0,0.0,95,1,0.0105263157894736,2011,3.2,2001,24.252917399826888,0.487781338697364,4103,2091,0,0,0.0,0.0
2004,LBY,0.0,0.0,0.0,0.0,0.0,0.0,21,0,0.0,2014,2.3,2004,24.223472840726984,0.488242573148523,902,482,0,0,0.0,0.0
2005,LBY,0.0,0.0,0.0,0.0,0.0,0.0,43,1,0.0232558139534883,2015,2.9,2005,24.580509428252928,0.488151440243977,2055,1103,0,0,0.0,0.0
2006,LBY,0.0,0.0,0.0,0.0,0.0,0.0,64,1,0.015625,2016,2.8,2006,24.81917997959909,0.488436247925873,1740,921,0,0,0.0,0.0
2007,LBY,0.0,0.0,0.0,0.0,0.0,0.0,66,3,0.0454545454545454,2017,2.9,2007,24.943258505685147,0.488879482498691,2227,1244,0,0,0.0,0.0
2008,LBY,0.0,0.0,1.0,0.0,0.0,0.0,74,14,0.1891891891891892,2018,2.9,2008,25.185843583130847,0.488450661471296,2184,1209,0,4,0.0,3.3085194375516958
2009,LBY,0.0,0.0,0.0,0.0,0.0,0.0,543,17,0.0313075506445672,2019,3.0,2009,24.830996049117942,0.485668716776612,10283,4801,0,1,0.0,0.20828993959591752
2010,LBY,0.0,0.0,0.0,0.0,0.0,0.0,49,3,0.0612244897959183,2020,3.2,2010,25.04581844643236,0.486590145052944,1176,609,0,0,0.0,0.0
2011,LBY,0.0,0.0,0.0,0.0,0.0,0.0,111,4,0.036036036036036,2021,3.1,2011,24.597986559562067,0.491351911507904,2284,1154,0,0,0.0,0.0
1995,LCA,0.0,0.0,0.0,0.0,0.0,0.0,84,5,0.0595238095238095,2005,18.4,1995,20.45272004678616,0.368504889608739,3923,2085,0,4,0.0,1.9184652278177459
1996,LCA,0.0,0.0,0.0,0.0,0.0,0.0,40,3,0.075,2006,16.9,1996,20.486136043671547,0.366802157706837,2157,1104,0,2,0.0,1.8115942028985508
1997,LCA,0.0,0.0,0.0,0.0,0.0,0.0,80,6,0.075,2007,16.3,1997,20.507502392897656,0.366613929829623,3212,1676,0,1,0.0,0.5966587112171838
1998,LCA,0.0,0.0,0.0,1.0,0.0,0.0,68,9,0.1323529411764706,2008,15.5,1998,20.59248198910433,0.357070793010574,3161,1647,0,1,0.0,0.6071645415907712
1999,LCA,0.0,0.0,0.0,0.0,0.0,0.0,67,3,0.044776119402985,2009,15.1,1999,20.64189508737381,0.356012778258085,2326,1237,0,1,0.0,0.8084074373484236
2000,LCA,0.0,0.0,0.0,0.0,0.0,0.0,100,2,0.02,2010,13.2,2000,20.653478999566225,0.353221690427763,3823,2077,0,0,0.0,0.0
2001,LCA,0.0,0.0,0.0,0.0,0.0,0.0,54,3,0.0555555555555555,2011,12.9,2001,20.60964081144699,0.354658414886049,2089,1110,0,0,0.0,0.0
2002,LCA,0.0,0.0,0.0,0.0,0.0,0.0,45,4,0.0888888888888888,2012,12.4,2002,20.617905321288585,0.358018811329046,1649,904,0,1,0.0,1.1061946902654867
2003,LCA,0.0,0.0,0.0,0.0,0.0,0.0,59,2,0.0338983050847457,2013,12.1,2003,20.710593285685142,0.35191575365293,2333,1182,0,0,0.0,0.0
2004,LCA,0.0,0.0,0.0,0.0,0.0,0.0,58,2,0.0344827586206896,2014,11.7,2004,20.78780435839648,0.356407085856254,2397,1256,0,0,0.0,0.0
2005,LCA,0.0,0.0,0.0,1.0,0.0,0.0,35,7,0.2,2015,11.5,2005,20.85038784477714,0.356049031975703,2001,1056,0,2,0.0,1.893939393939394
2006,LCA,0.0,0.0,0.0,0.0,0.0,0.0,66,9,0.1363636363636363,2016,11.2,2006,20.9609583844706,0.356198774472055,1791,977,2,4,2.0470829068577276,4.094165813715455
2007,LCA,0.0,0.0,0.0,0.0,0.0,0.0,96,15,0.15625,2017,10.2,2007,21.01301238814469,0.357999702908717,2807,1526,0,10,0.0,6.55307994757536
2008,LCA,0.0,0.0,0.0,0.0,0.0,0.0,102,16,0.1568627450980392,2018,10.2,2008,21.08633209058277,0.358426076167679,2693,1462,2,8,1.3679890560875512,5.471956224350205
2009,LCA,0.0,0.0,1.0,1.0,0.0,0.0,109,25,0.2293577981651376,2019,10.0,2009,21.060814557522235,0.357527630822003,3012,1667,1,10,0.5998800239952009,5.99880023995201
2010,LCA,0.0,0.0,1.0,0.0,0.0,0.0,122,26,0.2131147540983606,2020,10.0,2010,21.116908244878136,0.352430420052529,3035,1661,1,15,0.6020469596628537,9.030704394942806
2011,LCA,0.0,0.0,0.0,0.0,0.0,0.0,76,34,0.4473684210526316,2021,9.7,2011,21.17330293633968,0.351647958987421,2117,1189,9,9,7.5693860386879726,7.5693860386879726
2012,LCA,0.0,0.0,0.0,0.0,0.0,0.0,80,7,0.0875,2022,9.7,2012,21.19215773720041,0.346165452809316,3229,1646,0,10,0.0,6.075334143377886
1995,LKA,0.0,0.0,0.0,0.0,0.0,0.0,110,3,0.0272727272727272,2005,60.1,1995,23.29049701683911,0.464880287501646,3775,2084,0,0,0.0,0.0
1996,LKA,0.0,0.0,0.0,0.0,0.0,0.0,103,3,0.029126213592233,2006,62.2,1996,23.35499195701033,0.46390209348077,3567,1921,0,0,0.0,0.0
1997,LKA,0.0,0.0,0.0,0.0,0.0,0.0,137,3,0.0218978102189781,2007,60.2,1997,23.43742493296276,0.462338954744964,4642,2473,0,0,0.0,0.0
1998,LKA,0.0,0.0,0.0,0.0,0.0,0.0,125,5,0.04,2008,61.6,1998,23.482957552110665,0.460248449066796,4154,2217,0,0,0.0,0.0
1999,LKA,0.0,0.0,0.0,0.0,0.0,0.0,126,0,0.0,2009,63.5,1999,23.474141008313,0.45784470958806,4711,2469,0,0,0.0,0.0
2000,LKA,0.0,0.0,0.0,0.0,0.0,0.0,76,0,0.0,2010,61.9,2000,23.51631960061611,0.456520208904575,4552,2356,0,0,0.0,0.0
2001,LKA,0.0,0.0,0.0,0.0,0.0,0.0,43,3,0.0697674418604651,2011,56.4,2001,23.48009057066731,0.457426146631655,2279,1181,0,0,0.0,0.0
2002,LKA,0.0,0.0,0.0,0.0,0.0,0.0,69,3,0.0434782608695652,2012,52.9,2002,23.528838051580635,0.449356754234651,2019,1096,0,0,0.0,0.0
2003,LKA,0.0,0.0,0.0,0.0,0.0,0.0,53,1,0.0188679245283018,2013,56.9,2003,23.66146250160781,0.452899753975679,1894,989,0,0,0.0,0.0
2004,LKA,0.0,0.0,0.0,0.0,0.0,0.0,57,1,0.0175438596491228,2014,54.2,2004,23.75158755555556,0.451704609212177,2069,1122,0,0,0.0,0.0
2005,LKA,0.0,0.0,0.0,0.0,0.0,0.0,57,4,0.0701754385964912,2015,51.3,2005,23.91808627899522,0.454273713539422,2027,1100,0,1,0.0,0.9090909090909091
2006,LKA,0.0,0.0,0.0,0.0,0.0,0.0,86,1,0.0116279069767441,2016,45.1,2006,24.065413692483624,0.45683259563052,1956,1060,0,0,0.0,0.0
2007,LKA,0.0,0.0,0.0,0.0,0.0,0.0,77,6,0.0779220779220779,2017,45.8,2007,24.19988723539316,0.458332724334447,1618,907,0,2,0.0,2.205071664829107
2008,LKA,0.0,0.0,0.0,0.0,0.0,0.0,93,16,0.1720430107526881,2018,47.9,2008,24.42983358475223,0.458115647250938,2275,1221,3,4,2.457002457002457,3.276003276003276
2009,LKA,0.0,0.0,0.0,0.0,0.0,0.0,108,6,0.0555555555555555,2019,46.1,2009,24.46251097466126,0.458284986632674,2710,1534,0,3,0.0,1.955671447196871
2010,LKA,0.0,0.0,0.0,0.0,0.0,0.0,81,5,0.0617283950617283,2020,49.3,2010,24.794617422548686,0.464761506184923,1816,943,0,3,0.0,3.181336161187699
2011,LKA,0.0,0.0,0.0,0.0,0.0,0.0,69,2,0.0289855072463768,2021,48.8,2011,24.93913876984872,0.465307189898856,1672,855,0,2,0.0,2.3391812865497075
1995,LSO,0.0,0.0,0.0,0.0,0.0,0.0,79,3,0.0379746835443038,2005,55.3,1995,20.72515804558994,0.53105813902412,3572,1905,0,1,0.0,0.5249343832020997
1996,LSO,0.0,0.0,0.0,0.0,0.0,0.0,54,2,0.037037037037037,2006,55.5,1996,20.66787199542671,0.530989367435706,3164,1644,0,0,0.0,0.0
1997,LSO,0.0,0.0,0.0,0.0,0.0,0.0,51,3,0.0588235294117647,2007,55.3,1997,20.72126817384548,0.5227506267193,2423,1275,0,0,0.0,0.0
1998,LSO,0.0,0.0,0.0,0.0,0.0,0.0,72,1,0.0138888888888888,2008,55.0,1998,20.649038789349643,0.521713901350876,2699,1446,0,0,0.0,0.0
1999,LSO,0.0,0.0,0.0,0.0,0.0,0.0,70,0,0.0,2009,54.0,1999,20.63199849566622,0.520957783857504,3165,1649,0,0,0.0,0.0
2000,LSO,0.0,0.0,0.0,0.0,0.0,0.0,52,6,0.1153846153846153,2010,53.0,2000,20.60368428589287,0.520605648336655,2558,1393,0,1,0.0,0.7178750897343863
2001,LSO,0.0,0.0,0.0,0.0,0.0,0.0,55,2,0.0363636363636363,2011,42.3,2001,20.531750500017008,0.527057672477563,2848,1554,0,2,0.0,1.287001287001287
2002,LSO,0.0,0.0,0.0,0.0,0.0,0.0,35,1,0.0285714285714285,2012,40.8,2002,20.46937600485827,0.524128762227019,1485,766,0,0,0.0,0.0
2003,LSO,0.0,0.0,0.0,0.0,0.0,0.0,56,0,0.0,2013,46.1,2003,20.86980943530031,0.520472335391322,2160,1147,0,1,0.0,0.8718395815170009
2004,LSO,0.0,0.0,0.0,0.0,0.0,0.0,51,0,0.0,2014,43.2,2004,21.13619413007762,0.519064326160524,2094,1103,0,0,0.0,0.0
2005,LSO,0.0,0.0,0.0,0.0,0.0,0.0,29,0,0.0,2015,46.0,2005,21.2434535625532,0.524740902328046,1261,716,0,0,0.0,0.0
2006,LSO,0.0,0.0,0.0,0.0,0.0,0.0,78,3,0.0384615384615384,2016,45.1,2006,21.311103899972068,0.519840937868946,1923,1051,0,1,0.0,0.9514747859181732
2007,LSO,0.0,0.0,0.0,0.0,0.0,0.0,84,15,0.1785714285714285,2017,41.5,2007,21.24326444178473,0.517377851292952,1746,932,0,14,0.0,15.021459227467812
2008,LSO,0.0,0.0,1.0,0.0,0.0,0.0,61,8,0.1311475409836065,2018,42.5,2008,21.292447396370125,0.52527295858464,1746,901,0,2,0.0,2.2197558268590454
2009,LSO,0.0,0.0,0.0,0.0,0.0,0.0,97,10,0.1030927835051546,2019,41.6,2009,21.277631191160523,0.530416265378577,1983,1019,0,8,0.0,7.850834151128557
2010,LSO,0.0,0.0,0.0,0.0,0.0,0.0,71,10,0.1408450704225352,2020,43.2,2010,21.527387135673056,0.519757582077223,1391,740,0,5,0.0,6.756756756756757
2011,LSO,0.0,0.0,0.0,0.0,0.0,0.0,88,4,0.0454545454545454,2021,33.6,2011,21.670831058040783,0.523689193646272,1801,940,0,1,0.0,1.0638297872340425
2012,LSO,0.0,0.0,0.0,0.0,0.0,0.0,69,9,0.1304347826086956,2022,34.9,2012,21.63059745675969,0.520636663109874,2019,1074,0,2,0.0,1.86219739292365
1995,LTU,0.0,0.0,0.0,0.0,0.0,0.0,64,1,0.015625,2005,17.5,1995,22.78596047820012,0.409789000060204,2107,1180,1,0,0.847457627118644,0.0
1996,LTU,0.0,0.0,0.0,0.0,0.0,0.0,57,3,0.0526315789473684,2006,17.5,1996,22.849414378920464,0.405639034635775,1961,1101,0,0,0.0,0.0
1997,LTU,0.0,0.0,0.0,0.0,0.0,0.0,55,1,0.0181818181818181,2007,17.1,1997,23.03764429917628,0.405141463363605,1923,1051,0,2,0.0,1.9029495718363465
1998,LTU,0.0,0.0,0.0,0.0,0.0,0.0,55,10,0.1818181818181818,2008,18.3,1998,23.14270443958803,0.402183989962002,2037,1134,0,5,0.0,4.409171075837742
1999,LTU,0.0,0.0,0.0,0.0,0.0,0.0,50,1,0.02,2009,20.1,1999,23.118574489598096,0.403405219996034,1628,884,0,0,0.0,0.0
2000,LTU,0.0,0.0,0.0,0.0,0.0,0.0,66,1,0.0151515151515151,2010,21.5,2000,23.16776506486079,0.404292498051851,2100,1192,0,0,0.0,0.0
2001,LTU,0.0,0.0,0.0,0.0,0.0,0.0,55,4,0.0727272727272727,2011,22.7,2001,23.227761692728475,0.399152119977232,1954,1086,1,0,0.9208103130755064,0.0
2002,LTU,0.0,0.0,0.0,0.0,0.0,0.0,25,1,0.04,2012,23.9,2002,23.380708905321114,0.396094555393471,767,426,0,0,0.0,0.0
2003,LTU,0.0,0.0,0.0,0.0,0.0,0.0,40,1,0.025,2013,26.3,2003,23.656149966589897,0.395654720942203,999,572,0,0,0.0,0.0
2004,LTU,0.0,0.0,0.0,0.0,0.0,0.0,31,1,0.032258064516129,2014,27.7,2004,23.84243214699932,0.392623124771086,1087,596,0,0,0.0,0.0
2005,LTU,0.0,0.0,0.0,0.0,0.0,0.0,29,4,0.1379310344827586,2015,29.0,2005,23.985112165400224,0.393637404964003,1115,611,0,2,0.0,3.273322422258593
2006,LTU,0.0,0.0,0.0,0.0,0.0,0.0,54,4,0.074074074074074,2016,31.5,2006,24.13056374264743,0.39434598555477,1277,698,0,1,0.0,1.4326647564469914
2007,LTU,0.0,0.0,0.0,0.0,0.0,0.0,72,18,0.25,2017,33.8,2007,24.404563908669733,0.392315014330085,1483,787,2,7,2.5412960609911055,8.89453621346887
2008,LTU,0.0,0.0,0.0,0.0,0.0,0.0,56,6,0.1071428571428571,2018,33.7,2008,24.59024025312356,0.389383707054358,1422,737,0,0,0.0,0.0
2009,LTU,0.0,0.0,0.0,0.0,0.0,0.0,41,4,0.0975609756097561,2019,33.5,2009,24.344618898570825,0.386280505192095,900,502,0,5,0.0,9.9601593625498
2010,LTU,0.0,0.0,0.0,0.0,0.0,0.0,43,9,0.2093023255813953,2020,31.7,2010,24.337655931556945,0.389921776900804,770,420,0,1,0.0,2.3809523809523814
2011,LTU,0.0,0.0,0.0,0.0,0.0,0.0,37,14,0.3783783783783784,2021,33.2,2011,24.496832231769076,0.390609306824897,855,479,0,1,0.0,2.08768267223382
1995,LUX,0.0,0.0,0.0,0.0,0.0,0.0,69,3,0.0434782608695652,2005,1.9,1995,23.76076816123331,0.352033814041925,2644,1388,0,1,0.0,0.7204610951008645
1996,LUX,0.0,0.0,0.0,0.0,0.0,0.0,67,2,0.0298507462686567,2006,2.1,1996,23.76279079174224,0.351769581719529,2759,1485,0,0,0.0,0.0
1997,LUX,0.0,0.0,0.0,0.0,0.0,0.0,99,5,0.0505050505050505,2007,3.6,1997,23.69694861038997,0.351611179065323,4813,2499,0,3,0.0,1.2004801920768307
1998,LUX,0.0,0.0,0.0,0.0,0.0,0.0,65,5,0.0769230769230769,2008,4.0,1998,23.72647277273014,0.351177590634537,2798,1462,0,3,0.0,2.0519835841313268
1999,LUX,0.0,0.0,0.0,0.0,0.0,0.0,79,2,0.0253164556962025,2009,3.7,1999,23.809721313420376,0.346342685127026,2909,1487,0,0,0.0,0.0
2000,LUX,0.0,0.0,0.0,0.0,0.0,0.0,84,3,0.0357142857142857,2010,3.7,2000,23.778689731983828,0.346089485764523,2795,1424,0,1,0.0,0.7022471910112359
2001,LUX,0.0,0.0,0.0,0.0,0.0,0.0,41,0,0.0,2011,3.8,2001,23.78607405199048,0.345544808179205,1928,984,0,1,0.0,1.016260162601626
2002,LUX,0.0,0.0,0.0,0.0,0.0,0.0,66,1,0.0151515151515151,2012,4.2,2002,23.886621904586796,0.345607872109342,2262,1196,0,0,0.0,0.0
2003,LUX,0.0,0.0,0.0,0.0,0.0,0.0,63,2,0.0317460317460317,2013,5.7,2003,24.11331019582732,0.344533965968187,2584,1376,0,0,0.0,0.0
2004,LUX,0.0,0.0,0.0,0.0,0.0,0.0,52,1,0.0192307692307692,2014,6.8,2004,24.28046486414139,0.341263883067089,2750,1451,0,0,0.0,0.0
2005,LUX,0.0,0.0,0.0,0.0,0.0,0.0,35,3,0.0857142857142857,2015,9.1,2005,24.352190385621327,0.340365746329444,2098,1087,0,0,0.0,0.0
2006,LUX,0.0,0.0,0.0,0.0,0.0,0.0,79,0,0.0,2016,13.5,2006,24.48237414531248,0.339983406277415,2417,1271,0,0,0.0,0.0
2007,LUX,0.0,0.0,0.0,0.0,0.0,0.0,74,11,0.1486486486486486,2017,15.3,2007,24.666543321017716,0.340622298333812,2396,1253,0,5,0.0,3.9904229848363926
2008,LUX,0.0,0.0,0.0,0.0,0.0,0.0,78,11,0.141025641025641,2018,16.0,2008,24.798160430614928,0.339883940220865,2269,1167,0,5,0.0,4.284490145672665
2009,LUX,0.0,0.0,0.0,0.0,0.0,0.0,83,10,0.1204819277108433,2019,16.4,2009,24.72086617307448,0.34015813335938,2575,1341,2,10,1.4914243102162563,7.457121551081283
2010,LUX,0.0,0.0,0.0,0.0,0.0,0.0,102,3,0.0294117647058823,2020,20.8,2010,24.752431423863943,0.338960041514318,2505,1349,0,1,0.0,0.7412898443291327
2011,LUX,0.0,0.0,0.0,0.0,0.0,0.0,90,11,0.1222222222222222,2021,20.5,2011,24.84548949579832,0.337250559827474,2257,1193,0,8,0.0,6.705783738474434
1995,LVA,0.0,0.0,0.0,0.0,0.0,0.0,43,2,0.0465116279069767,2005,36.3,1995,22.479247622732657,0.421408432667195,1932,1063,0,0,0.0,0.0
1996,LVA,0.0,0.0,0.0,0.0,0.0,0.0,47,1,0.0212765957446808,2006,34.0,1996,22.51089158259963,0.423064031116834,1579,877,0,0,0.0,0.0
1997,LVA,0.0,0.0,0.0,0.0,0.0,0.0,49,0,0.0,2007,33.1,1997,22.599355187081503,0.410946633443783,1828,1020,0,0,0.0,0.0
1998,LVA,0.0,0.0,0.0,0.0,0.0,0.0,45,1,0.0222222222222222,2008,33.7,1998,22.69265189606159,0.409157451926595,1299,720,0,0,0.0,0.0
1999,LVA,0.0,0.0,0.0,0.0,0.0,0.0,44,1,0.0227272727272727,2009,38.4,1999,22.742663824504152,0.405695670886175,1742,922,0,0,0.0,0.0
2000,LVA,0.0,0.0,0.0,0.0,0.0,0.0,30,1,0.0333333333333333,2010,33.1,2000,22.79755071071352,0.406945161533218,936,488,0,0,0.0,0.0
2001,LVA,0.0,0.0,0.0,0.0,0.0,0.0,39,0,0.0,2011,35.5,2001,22.84701114896416,0.406278382142699,1293,712,0,0,0.0,0.0
2002,LVA,0.0,0.0,0.0,0.0,0.0,0.0,34,7,0.2058823529411764,2012,40.4,2002,22.98054301422509,0.404419301588542,1951,1077,0,3,0.0,2.785515320334262
2003,LVA,0.0,0.0,0.0,0.0,0.0,0.0,39,7,0.1794871794871795,2013,39.6,2003,23.188987556968826,0.40393718278892,1684,943,0,3,0.0,3.181336161187699
2004,LVA,0.0,0.0,0.0,0.0,0.0,0.0,34,2,0.0588235294117647,2014,40.2,2004,23.392970179053485,0.40251135406477,1366,750,0,0,0.0,0.0
2005,LVA,0.0,0.0,0.0,0.0,0.0,0.0,56,6,0.1071428571428571,2015,38.1,2005,23.556682681647903,0.399524459082501,1800,977,0,6,0.0,6.1412487205731825
2006,LVA,0.0,0.0,0.0,0.0,0.0,0.0,106,5,0.0471698113207547,2016,38.5,2006,23.79457284388732,0.398923704327838,2542,1324,0,0,0.0,0.0
2007,LVA,0.0,0.0,0.0,0.0,0.0,0.0,88,6,0.0681818181818181,2017,42.6,2007,24.15900476362481,0.396926449241482,1501,801,0,1,0.0,1.2484394506866416
2008,LVA,0.0,0.0,0.0,0.0,1.0,0.0,94,14,0.1489361702127659,2018,41.0,2008,24.30272862224091,0.395914586670468,1784,975,2,6,2.051282051282051,6.153846153846154
2009,LVA,0.0,0.0,0.0,0.0,0.0,0.0,102,9,0.088235294117647,2019,41.5,2009,23.99704298488945,0.399249006394064,1791,979,0,2,0.0,2.042900919305414
2010,LVA,0.0,0.0,0.0,0.0,0.0,0.0,100,15,0.15,2020,43.8,2010,23.899491458680608,0.390962380166611,1956,1086,0,5,0.0,4.6040515653775325
2011,LVA,0.0,0.0,0.0,0.0,0.0,0.0,75,6,0.08,2021,44.0,2011,24.03651979161343,0.397027314827344,1485,825,0,4,0.0,4.848484848484849
1995,MAR,0.0,0.0,0.0,0.0,0.0,0.0,33,0,0.0,2005,20.0,1995,24.38760373217829,0.518064818639661,2991,1518,0,0,0.0,0.0
1996,MAR,0.0,0.0,0.0,0.0,0.0,0.0,51,1,0.0196078431372549,2006,18.2,1996,24.48821640746516,0.514270855616306,3353,1775,0,0,0.0,0.0
1997,MAR,0.0,0.0,0.0,0.0,0.0,0.0,25,0,0.0,2007,16.6,1997,24.39061120106039,0.513724755592962,2103,1072,0,0,0.0,0.0
1998,MAR,0.0,0.0,0.0,0.0,0.0,0.0,24,0,0.0,2008,14.4,1998,24.562666740390338,0.51353493952894,1933,1029,0,0,0.0,0.0
1999,MAR,0.0,0.0,0.0,0.0,0.0,0.0,44,0,0.0,2009,14.2,1999,24.55768243487515,0.512404018095439,2504,1335,0,0,0.0,0.0
2000,MAR,0.0,0.0,0.0,0.0,0.0,0.0,47,1,0.0212765957446808,2010,13.9,2000,24.48487180982694,0.514126908740148,3227,1662,0,0,0.0,0.0
2001,MAR,0.0,0.0,0.0,0.0,0.0,0.0,47,2,0.0425531914893617,2011,11.8,2001,24.50361812233324,0.515830831183669,2045,1059,0,2,0.0,1.8885741265344667
2002,MAR,0.0,0.0,0.0,0.0,0.0,0.0,37,1,0.027027027027027,2012,10.9,2002,24.57505447830766,0.514312816997733,2437,1336,0,1,0.0,0.7485029940119761
2003,MAR,0.0,0.0,0.0,0.0,0.0,0.0,22,1,0.0454545454545454,2013,11.6,2003,24.78421494938442,0.513335667097146,1291,681,0,0,0.0,0.0
2004,MAR,0.0,0.0,0.0,0.0,0.0,0.0,22,1,0.0454545454545454,2014,11.1,2004,24.91464859920672,0.506471060645675,1268,700,0,0,0.0,0.0
2005,MAR,0.0,0.0,0.0,0.0,0.0,0.0,21,0,0.0,2015,11.2,2005,24.95523463044049,0.502040435980265,1789,974,0,0,0.0,0.0
2006,MAR,0.0,0.0,0.0,0.0,0.0,0.0,59,1,0.0169491525423728,2016,11.1,2006,25.05246932897985,0.493198184681349,2121,1174,0,0,0.0,0.0
2007,MAR,0.0,0.0,0.0,0.0,0.0,0.0,53,3,0.0566037735849056,2017,10.4,2007,25.188575037722263,0.49784811951361,2132,1169,0,2,0.0,1.7108639863130881
2008,MAR,0.0,0.0,0.0,0.0,0.0,0.0,45,2,0.0444444444444444,2018,10.9,2008,25.346500934865745,0.491968079348376,1458,851,1,1,1.1750881316098707,1.1750881316098707
2009,MAR,0.0,0.0,0.0,0.0,0.0,0.0,63,12,0.1904761904761904,2019,10.7,2009,25.339919358758628,0.486814089617955,2160,1200,2,4,1.6666666666666667,3.3333333333333335
2010,MAR,0.0,0.0,0.0,0.0,0.0,0.0,41,3,0.073170731707317,2020,11.1,2010,25.33705205293477,0.479896767802433,1278,708,0,2,0.0,2.824858757062147
2011,MAR,0.0,0.0,0.0,0.0,0.0,0.0,88,2,0.0227272727272727,2021,10.9,2011,25.424478946307584,0.477013813551431,2876,1607,0,2,0.0,1.2445550715619167
1995,MDA,0.0,0.0,0.0,0.0,0.0,0.0,57,1,0.0175438596491228,2005,4.3,1995,21.284582991593474,0.501607293163321,2845,1439,0,0,0.0,0.0
1996,MDA,0.0,0.0,0.0,0.0,0.0,0.0,38,0,0.0,2006,5.0,1996,21.2510206542373,0.507548595792625,1921,973,1,0,1.027749229188078,0.0
1997,MDA,0.0,0.0,0.0,0.0,0.0,0.0,59,1,0.0169491525423728,2007,4.4,1997,21.38082789545554,0.504855953557939,2233,1140,0,0,0.0,0.0
1998,MDA,0.0,0.0,0.0,0.0,0.0,0.0,39,0,0.0,2008,4.9,1998,21.253139394475514,0.499319932222663,2193,1140,0,0,0.0,0.0
1999,MDA,0.0,0.0,0.0,0.0,0.0,0.0,53,0,0.0,2009,4.8,1999,20.880938555962697,0.498805881699537,2281,1203,0,0,0.0,0.0
2000,MDA,0.0,0.0,0.0,0.0,0.0,0.0,43,2,0.0465116279069767,2010,20.0,2000,20.976689787952168,0.507243256881665,2008,1124,0,0,0.0,0.0
2001,MDA,0.0,0.0,0.0,0.0,0.0,0.0,51,1,0.0196078431372549,2011,20.4,2001,21.11576295226278,0.49329751957377,2059,1108,0,0,0.0,0.0
2002,MDA,0.0,0.0,0.0,0.0,0.0,0.0,41,1,0.024390243902439,2012,22.1,2002,21.231178121858942,0.490763099436434,1698,965,0,0,0.0,0.0
2003,MDA,0.0,0.0,0.0,0.0,0.0,0.0,31,0,0.0,2013,23.8,2003,21.406820877170304,0.485797743504903,1335,680,0,0,0.0,0.0
2004,MDA,0.0,0.0,0.0,0.0,0.0,0.0,49,3,0.0612244897959183,2014,24.3,2004,21.678103807548545,0.477373516891612,1796,975,0,0,0.0,0.0
2005,MDA,0.0,0.0,0.0,0.0,0.0,0.0,43,1,0.0232558139534883,2015,24.7,2005,21.817984859011247,0.474760090516817,2164,1161,0,0,0.0,0.0
2006,MDA,0.0,0.0,0.0,0.0,0.0,0.0,68,0,0.0,2016,25.3,2006,21.949466373857486,0.472227391008798,1756,937,0,0,0.0,0.0
2007,MDA,0.0,0.0,0.0,0.0,0.0,0.0,38,4,0.1052631578947368,2017,26.1,2007,22.205136970059044,0.470033594811936,1138,622,0,2,0.0,3.215434083601286
2008,MDA,0.0,0.0,0.0,0.0,0.0,0.0,32,6,0.1875,2018,25.3,2008,22.52412121815537,0.466642941118127,1305,727,1,3,1.375515818431912,4.126547455295736
2009,MDA,0.0,0.0,0.0,0.0,0.0,0.0,76,16,0.2105263157894736,2019,22.0,2009,22.416940859130367,0.474439040315034,2399,1354,1,8,0.7385524372230429,5.908419497784343
2010,MDA,0.0,0.0,0.0,0.0,0.0,0.0,86,9,0.1046511627906976,2020,22.3,2010,22.66559564006284,0.46829137694214,2280,1260,0,4,0.0,3.1746031746031744
2011,MDA,0.0,0.0,0.0,0.0,0.0,0.0,92,3,0.0326086956521739,2021,21.4,2011,22.853204617295503,0.458629489511671,2421,1315,0,1,0.0,0.7604562737642585
1995,MDG,0.0,0.0,0.0,0.0,0.0,0.0,33,2,0.0606060606060606,2005,84.9,1995,22.06824352444168,0.557786098309015,2245,1190,0,3,0.0,2.521008403361345
1996,MDG,0.0,0.0,0.0,0.0,0.0,0.0,35,4,0.1142857142857142,2006,85.9,1996,22.31898224606081,0.555336363893139,2016,1076,0,0,0.0,0.0
1997,MDG,0.0,0.0,0.0,0.0,0.0,0.0,50,4,0.08,2007,86.2,1997,22.173230863272707,0.556000931113742,3644,1923,0,5,0.0,2.6001040041601664
1998,MDG,0.0,0.0,0.0,0.0,0.0,0.0,37,1,0.027027027027027,2008,86.4,1998,22.205317467456634,0.556401495238638,1823,969,0,0,0.0,0.0
1999,MDG,0.0,0.0,0.0,0.0,0.0,0.0,69,4,0.0579710144927536,2009,87.2,1999,22.176728955535072,0.555435540350281,3153,1685,0,1,0.0,0.5934718100890207
2000,MDG,0.0,0.0,0.0,0.0,0.0,0.0,43,0,0.0,2010,86.7,2000,22.255660101112507,0.554302277607617,1890,999,0,0,0.0,0.0
2001,MDG,0.0,0.0,0.0,0.0,0.0,0.0,60,4,0.0666666666666666,2011,84.5,2001,22.41673834366222,0.561716464609683,2142,1144,0,0,0.0,0.0
2002,MDG,0.0,0.0,0.0,0.0,0.0,0.0,39,3,0.0769230769230769,2012,83.3,2002,22.40068041550565,0.573303651878779,1564,833,0,1,0.0,1.2004801920768307
2003,MDG,0.0,0.0,0.0,0.0,0.0,0.0,44,0,0.0,2013,81.4,2003,22.5752575201855,0.562041350686195,1410,743,0,0,0.0,0.0
2004,MDG,1.0,0.0,0.0,0.0,0.0,0.0,69,11,0.1594202898550724,2014,82.2,2004,22.345567184507384,0.573544523388881,1375,723,0,1,0.0,1.3831258644536653
2005,MDG,0.0,0.0,1.0,0.0,0.0,0.0,54,11,0.2037037037037037,2015,83.9,2005,22.49129081707049,0.57309880273567,1601,849,0,2,0.0,2.3557126030624262
2006,MDG,0.0,0.0,0.0,0.0,0.0,0.0,103,9,0.087378640776699,2016,83.8,2006,22.57889367968827,0.57078173334561,1673,842,0,0,0.0,0.0
2007,MDG,0.0,0.0,0.0,0.0,0.0,0.0,91,41,0.4505494505494505,2017,81.9,2007,22.86622438886323,0.56078321920604,1407,719,1,11,1.3908205841446453,15.2990264255911
2008,MDG,1.0,0.0,0.0,0.0,0.0,0.0,86,24,0.2790697674418604,2018,84.2,2008,23.095856142890167,0.55850419560832,1786,954,0,5,0.0,5.241090146750524
2009,MDG,0.0,0.0,0.0,0.0,0.0,0.0,55,4,0.0727272727272727,2019,82.5,2009,22.986785663136764,0.558902491626408,1427,748,0,3,0.0,4.010695187165775
2011,MDG,0.0,0.0,0.0,0.0,0.0,0.0,42,0,0.0,2021,83.6,2011,23.170108804189653,0.559635867503366,1180,612,0,0,0.0,0.0
2012,MDG,0.0,0.0,0.0,0.0,0.0,0.0,49,2,0.0408163265306122,2022,83.1,2012,23.17245679602038,0.55328065876784,1556,843,0,0,0.0,0.0
1995,MDV,0.0,0.0,0.0,0.0,0.0,0.0,43,4,0.0930232558139534,2005,2.0,1995,19.80444429276673,0.610027599466997,2130,1108,0,0,0.0,0.0
1996,MDV,0.0,0.0,0.0,0.0,0.0,0.0,67,7,0.1044776119402985,2006,1.6,1996,19.925607397785534,0.612017444389671,2728,1430,0,1,0.0,0.6993006993006993
1997,MDV,0.0,0.0,0.0,0.0,0.0,1.0,52,16,0.3076923076923077,2007,1.5,1997,20.046432070904515,0.604224200850785,2860,1520,0,10,0.0,6.578947368421052
1998,MDV,0.0,0.0,0.0,0.0,0.0,0.0,67,21,0.3134328358208955,2008,1.5,1998,20.10725819566493,0.600664740628267,2429,1307,0,10,0.0,7.651109410864575
1999,MDV,0.0,0.0,0.0,0.0,1.0,0.0,88,11,0.125,2009,1.5,1999,20.19434371074515,0.596187671311624,1990,1092,0,2,0.0,1.8315018315018314
2000,MDV,0.0,0.0,0.0,0.0,0.0,0.0,76,10,0.131578947368421,2010,1.4,2000,20.252201077380985,0.595228907506608,2136,1161,0,1,0.0,0.8613264427217916
2001,MDV,0.0,0.0,0.0,0.0,0.0,0.0,57,10,0.175438596491228,2011,1.3,2001,20.584040151824627,0.589988505484841,2173,1203,0,3,0.0,2.493765586034913
2002,MDV,0.0,0.0,0.0,0.0,0.0,0.0,48,7,0.1458333333333333,2012,1.2,2002,20.614601257766285,0.593948952438084,1510,821,0,1,0.0,1.2180267965895248
2003,MDV,0.0,0.0,0.0,0.0,0.0,0.0,43,4,0.0930232558139534,2013,1.3,2003,20.774074015934517,0.590077671159439,1878,1022,0,0,0.0,0.0
2004,MDV,0.0,0.0,0.0,0.0,0.0,0.0,37,4,0.1081081081081081,2014,1.2,2004,20.927699087566456,0.582361118884792,1690,924,0,3,0.0,3.246753246753247
2005,MDV,0.0,0.0,0.0,0.0,0.0,0.0,42,5,0.119047619047619,2015,1.5,2005,20.874580302517792,0.570838604574915,1664,878,0,3,0.0,3.416856492027335
2006,MDV,0.0,0.0,0.0,0.0,0.0,0.0,87,13,0.1494252873563218,2016,1.2,2006,21.177648333511605,0.566943661748686,1598,870,0,5,0.0,5.747126436781609
2007,MDV,0.0,0.0,0.0,0.0,0.0,0.0,77,13,0.1688311688311688,2017,1.3,2007,21.348339434594152,0.55732362031029,1785,991,0,12,0.0,12.108980827447022
2008,MDV,0.0,0.0,0.0,0.0,0.0,0.0,78,19,0.2435897435897435,2018,1.3,2008,21.543770598565917,0.559809010029083,1912,1040,2,15,1.9230769230769231,14.423076923076923
2009,MDV,0.0,0.0,0.0,0.0,0.0,1.0,67,9,0.1343283582089552,2019,1.3,2009,21.575676977207912,0.556708024884147,1576,857,0,5,0.0,5.834305717619603
2010,MDV,0.0,0.0,0.0,0.0,0.0,2.0,90,17,0.1888888888888888,2020,1.6,2010,21.674219238705614,0.554901779822151,2301,1268,1,5,0.7886435331230284,3.943217665615142
2011,MDV,0.0,0.0,0.0,0.0,0.0,0.0,85,17,0.2,2021,1.4,2011,21.743682381225952,0.553394502205101,1683,897,2,6,2.229654403567447,6.688963210702341
2012,MDV,0.0,0.0,0.0,0.0,0.0,0.0,65,16,0.2461538461538461,2022,1.2,2012,21.783194100258576,0.544644381859448,1747,953,4,8,4.197271773347325,8.39454354669465
1995,MEX,0.0,0.0,0.0,0.0,0.0,0.0,38,1,0.0263157894736842,2005,10.3,1995,26.609571256341653,0.428354082646909,2402,1262,0,0,0.0,0.0
1996,MEX,0.0,0.0,0.0,0.0,0.0,0.0,47,2,0.0425531914893617,2006,9.8,1996,26.74179329977497,0.428894621510287,2777,1436,0,0,0.0,0.0
1997,MEX,0.0,0.0,0.0,0.0,0.0,0.0,47,1,0.0212765957446808,2007,9.5,1997,26.93870561131427,0.42828912991338,2617,1326,0,0,0.0,0.0
1998,MEX,0.0,0.0,0.0,0.0,0.0,0.0,64,5,0.078125,2008,9.8,1998,26.989516643092003,0.426135835403028,2324,1204,0,0,0.0,0.0
1999,MEX,0.0,0.0,0.0,0.0,0.0,0.0,58,4,0.0689655172413793,2009,9.2,1999,27.120583801762294,0.425813778861119,2394,1256,0,8,0.0,6.369426751592357
2000,MEX,0.0,0.0,0.0,0.0,0.0,0.0,27,0,0.0,2010,9.4,2000,27.285582611832044,0.421984223394686,1770,871,0,0,0.0,0.0
2001,MEX,0.0,0.0,0.0,0.0,0.0,0.0,30,1,0.0333333333333333,2011,9.1,2001,27.352236577025035,0.423017076721912,1665,877,0,0,0.0,0.0
2002,MEX,0.0,0.0,0.0,0.0,0.0,0.0,50,1,0.02,2012,9.0,2002,27.37239248914233,0.418481413591071,2443,1341,0,0,0.0,0.0
2003,MEX,0.0,0.0,0.0,0.0,0.0,0.0,51,0,0.0,2013,9.2,2003,27.31539902993403,0.420607927022312,1871,1012,0,0,0.0,0.0
2004,MEX,0.0,0.0,0.0,0.0,0.0,0.0,47,2,0.0425531914893617,2014,9.8,2004,27.38543115885736,0.419140334857545,2195,1125,0,0,0.0,0.0
2005,MEX,0.0,0.0,0.0,0.0,0.0,0.0,38,1,0.0263157894736842,2015,9.2,2005,27.50031645845252,0.416454388660573,1451,777,0,0,0.0,0.0
2006,MEX,0.0,0.0,0.0,0.0,0.0,0.0,71,4,0.056338028169014,2016,9.2,2006,27.60609646440505,0.41515110198125,1586,809,0,0,0.0,0.0
2007,MEX,0.0,0.0,0.0,0.0,0.0,0.0,87,16,0.1839080459770115,2017,10.1,2007,27.682376639145044,0.413608141888933,2326,1269,0,9,0.0,7.092198581560283
2008,MEX,0.0,0.0,0.0,0.0,0.0,0.0,71,10,0.1408450704225352,2018,10.3,2008,27.73536978108568,0.411201398880929,1700,890,0,3,0.0,3.370786516853933
2009,MEX,0.0,0.0,0.0,0.0,0.0,0.0,51,11,0.2156862745098039,2019,10.3,2009,27.525712838615163,0.408728915843993,1406,785,0,6,0.0,7.643312101910828
2010,MEX,0.0,0.0,0.0,0.0,0.0,0.0,99,9,0.0909090909090909,2020,12.3,2010,27.687212960877808,0.406566294199234,2502,1356,0,4,0.0,2.949852507374631
2011,MEX,0.0,0.0,0.0,0.0,0.0,0.0,97,22,0.2268041237113402,2021,13.0,2011,27.796948372919577,0.40242607871098,2309,1203,0,12,0.0,9.975062344139651
1995,MHL,0.0,0.0,0.0,0.0,0.0,0.0,81,17,0.2098765432098765,2005,18.4,1995,18.60491713295109,0.548028284712874,3355,1750,0,2,0.0,1.142857142857143
1996,MHL,0.0,0.0,0.0,0.0,0.0,0.0,62,19,0.3064516129032258,2006,17.0,1996,18.52376066102105,0.546411998861083,2721,1456,0,8,0.0,5.4945054945054945
1997,MHL,0.0,0.0,0.0,0.0,0.0,2.0,74,21,0.2837837837837837,2007,15.2,1997,18.522384983571914,0.544742395489454,2149,1093,0,10,0.0,9.149130832570906
1999,MHL,0.0,0.0,0.0,0.0,0.0,0.0,67,20,0.2985074626865671,2009,14.0,1999,18.55456719853493,0.541553277480682,2084,1078,1,7,0.9276437847866419,6.493506493506494
2000,MHL,0.0,0.0,0.0,0.0,0.0,0.0,48,6,0.125,2010,13.7,2000,18.56345986918055,0.540190051151843,1939,1018,0,3,0.0,2.9469548133595285
2001,MHL,0.0,0.0,0.0,0.0,0.0,0.0,30,5,0.1666666666666666,2011,12.3,2001,18.62626299432087,0.538085415967823,1253,665,0,2,0.0,3.0075187969924815
2002,MHL,0.0,0.0,0.0,0.0,0.0,0.0,34,9,0.2647058823529412,2012,12.0,2002,18.696327177807326,0.536074381839034,1768,921,0,3,0.0,3.257328990228013
2003,MHL,0.0,0.0,0.0,0.0,0.0,0.0,38,12,0.3157894736842105,2013,12.4,2003,18.693745248424516,0.534157991802616,1394,764,1,3,1.3089005235602096,3.926701570680628
2004,MHL,0.0,0.0,0.0,0.0,0.0,0.0,44,13,0.2954545454545454,2014,12.2,2004,18.705367835924207,0.532396368694344,1579,902,1,7,1.1086474501108647,7.760532150776053
2005,MHL,0.0,0.0,0.0,0.0,0.0,0.0,44,10,0.2272727272727272,2015,11.7,2005,18.740343198815392,0.530845134357923,2049,1144,2,7,1.7482517482517483,6.118881118881119
2006,MHL,0.0,0.0,0.0,0.0,0.0,0.0,62,15,0.2419354838709677,2016,12.1,2006,18.77657178071614,0.529588065419909,1814,993,0,3,0.0,3.0211480362537766
2007,MHL,0.0,0.0,0.0,0.0,0.0,0.0,68,21,0.3088235294117647,2017,12.0,2007,18.825278809621175,0.531365660466924,2024,1099,0,7,0.0,6.369426751592357
2008,MHL,0.0,0.0,0.0,0.0,0.0,0.0,64,18,0.28125,2018,12.0,2008,18.79890551343728,0.526532214997732,1588,848,3,10,3.5377358490566038,11.79245283018868
2009,MHL,0.0,0.0,0.0,0.0,0.0,0.0,74,20,0.2702702702702703,2019,12.1,2009,18.83030319830856,0.525835740806517,1678,854,0,6,0.0,7.02576112412178
2010,MHL,0.0,0.0,0.0,0.0,0.0,0.0,47,25,0.5319148936170213,2020,12.0,2010,18.89267301952958,0.523241550545227,1272,745,1,9,1.3422818791946307,12.080536912751677
2011,MHL,0.0,0.0,0.0,0.0,0.0,0.0,66,27,0.4090909090909091,2021,12.1,2011,18.960485001694835,0.520703875343728,1644,952,0,7,0.0,7.352941176470588
2012,MHL,0.0,0.0,0.0,0.0,0.0,2.0,55,16,0.2909090909090909,2022,12.2,2012,19.007665976682382,0.520453648790141,1801,995,0,3,0.0,3.015075376884422
1995,MKD,0.0,0.0,0.0,0.0,0.0,0.0,57,0,0.0,2005,19.0,1995,22.27232536796942,0.420497966767398,2245,1125,0,0,0.0,0.0
1996,MKD,0.0,0.0,0.0,0.0,0.0,0.0,26,1,0.0384615384615384,2006,19.8,1996,22.258415723848923,0.42062356779061,1233,631,0,0,0.0,0.0
1997,MKD,0.0,0.0,0.0,0.0,0.0,0.0,44,1,0.0227272727272727,2007,15.7,1997,22.08756662560665,0.419978944260776,1453,721,0,0,0.0,0.0
1998,MKD,0.0,0.0,0.0,0.0,0.0,0.0,45,1,0.0222222222222222,2008,15.6,1998,22.04921155378956,0.417814719728565,2518,1280,0,0,0.0,0.0
1999,MKD,0.0,0.0,0.0,0.0,0.0,0.0,65,0,0.0,2009,18.4,1999,22.074870213762733,0.413823186525046,2983,1545,0,1,0.0,0.6472491909385113
2000,MKD,0.0,0.0,0.0,0.0,0.0,0.0,66,3,0.0454545454545454,2010,22.3,2000,22.051098920485508,0.415887630300883,2981,1515,0,0,0.0,0.0
2001,MKD,0.0,0.0,0.0,0.0,0.0,0.0,46,3,0.0652173913043478,2011,18.6,2001,22.03419959877961,0.414454368117436,1622,851,0,0,0.0,0.0
2002,MKD,0.0,0.0,0.0,0.0,0.0,0.0,37,1,0.027027027027027,2012,18.3,2002,22.114141131550365,0.41853028390852,1811,965,0,0,0.0,0.0
2003,MKD,0.0,0.0,0.0,0.0,0.0,0.0,30,0,0.0,2013,21.2,2003,22.32190496563096,0.410026585960393,1591,856,0,0,0.0,0.0
2004,MKD,0.0,0.0,0.0,0.0,0.0,0.0,44,1,0.0227272727272727,2014,21.2,2004,22.4607071666398,0.410471706061887,1773,932,0,0,0.0,0.0
2005,MKD,0.0,0.0,0.0,0.0,0.0,0.0,56,2,0.0357142857142857,2015,23.9,2005,22.55722280705196,0.408701578481467,1635,861,0,0,0.0,0.0
2006,MKD,0.0,0.0,0.0,0.0,0.0,0.0,54,0,0.0,2016,21.4,2006,22.64915212828733,0.407508418973392,1209,643,0,0,0.0,0.0
2007,MKD,0.0,0.0,0.0,0.0,0.0,0.0,64,10,0.15625,2017,19.0,2007,22.84390630641823,0.405961375340954,1394,765,0,5,0.0,6.5359477124183005
2008,MKD,0.0,0.0,0.0,0.0,0.0,0.0,53,3,0.0566037735849056,2018,20.9,2008,23.016765013329625,0.407506134903315,1463,747,0,1,0.0,1.3386880856760375
2009,MKD,0.0,0.0,0.0,0.0,0.0,0.0,71,6,0.0845070422535211,2019,17.0,2009,22.96416027777177,0.406556933299039,1788,916,0,6,0.0,6.550218340611353
2010,MKD,0.0,0.0,0.0,0.0,0.0,0.0,68,11,0.1617647058823529,2020,20.0,2010,22.964738042773146,0.402205536027931,1603,852,1,4,1.1737089201877935,4.694835680751174
2011,MKD,0.0,0.0,0.0,0.0,0.0,0.0,86,8,0.0930232558139534,2021,19.5,2011,23.074129226747186,0.401819425448155,2129,1015,0,3,0.0,2.9556650246305423
1995,MLI,0.0,0.0,0.0,0.0,0.0,0.0,81,3,0.037037037037037,2005,82.3,1995,21.71889447113099,0.628766442322375,4080,2236,0,1,0.0,0.4472271914132379
1996,MLI,0.0,0.0,0.0,0.0,0.0,0.0,67,5,0.0746268656716417,2006,81.7,1996,21.74586856895344,0.629653058177471,2987,1671,0,0,0.0,0.0
1997,MLI,0.0,0.0,0.0,0.0,0.0,0.0,41,3,0.073170731707317,2007,78.9,1997,21.715445117264174,0.626881820243947,2668,1374,0,0,0.0,0.0
1998,MLI,0.0,0.0,0.0,0.0,0.0,0.0,57,0,0.0,2008,75.0,1998,21.794972292599343,0.626795825668988,2631,1417,0,0,0.0,0.0
1999,MLI,0.0,0.0,0.0,0.0,0.0,0.0,47,1,0.0212765957446808,2009,78.7,1999,21.958947957073946,0.622192738613231,2536,1329,0,0,0.0,0.0
2000,MLI,0.0,0.0,0.0,0.0,0.0,0.0,65,1,0.0153846153846153,2010,84.0,2000,21.808956653134874,0.616471339476267,2243,1203,0,0,0.0,0.0
2001,MLI,0.0,0.0,0.0,0.0,0.0,0.0,54,0,0.0,2011,83.6,2001,21.96694133661893,0.611413525578572,2346,1228,0,0,0.0,0.0
2002,MLI,0.0,0.0,0.0,0.0,0.0,0.0,35,1,0.0285714285714285,2012,81.2,2002,22.0863226120986,0.617911919062552,1969,1069,0,1,0.0,0.9354536950420954
2003,MLI,0.0,0.0,0.0,0.0,0.0,0.0,54,2,0.037037037037037,2013,84.8,2003,22.27381791032978,0.608715032119863,2349,1225,0,0,0.0,0.0
2004,MLI,0.0,0.0,0.0,0.0,0.0,0.0,42,0,0.0,2014,84.6,2004,22.41966079744435,0.604314822658038,1946,1050,1,0,0.9523809523809523,0.0
2006,MLI,0.0,0.0,0.0,0.0,0.0,0.0,83,1,0.0120481927710843,2016,77.9,2006,22.655646910673365,0.610284668703254,2438,1310,0,0,0.0,0.0
2008,MLI,0.0,0.0,0.0,0.0,0.0,0.0,53,10,0.1886792452830188,2018,77.2,2008,23.009559247340533,0.602836572718554,1465,792,1,5,1.2626262626262628,6.313131313131313
2009,MLI,0.0,0.0,0.0,0.0,0.0,0.0,38,9,0.2368421052631578,2019,74.9,2009,23.048782224808846,0.602712337758855,1155,629,0,2,0.0,3.179650238473768
2010,MLI,0.0,0.0,0.0,0.0,0.0,0.0,50,7,0.14,2020,72.8,2010,23.092496730236125,0.603740001572845,1612,846,0,4,0.0,4.7281323877068555
2011,MLI,0.0,0.0,0.0,0.0,0.0,0.0,57,5,0.087719298245614,2021,71.2,2011,23.287839177414725,0.608530013274643,1618,896,0,1,0.0,1.1160714285714286
2012,MLI,0.0,0.0,0.0,0.0,0.0,0.0,39,2,0.0512820512820512,2022,71.1,2012,23.24434652245009,0.60882495101277,1953,1006,0,2,0.0,1.9880715705765406
1995,MLT,0.0,0.0,0.0,0.0,0.0,0.0,70,0,0.0,2005,0.1,1995,21.96491952093262,0.414030962001586,3094,1634,0,0,0.0,0.0
1996,MLT,0.0,0.0,0.0,0.0,0.0,0.0,102,8,0.0784313725490196,2006,0.2,1996,22.000234922290684,0.407582670343653,3026,1714,0,0,0.0,0.0
1997,MLT,0.0,0.0,0.0,0.0,0.0,0.0,78,12,0.1538461538461538,2007,0.2,1997,22.037631518451708,0.405471083264575,3378,1803,0,2,0.0,1.1092623405435387
1998,MLT,0.0,0.0,0.0,0.0,0.0,0.0,155,9,0.0580645161290322,2008,0.2,1998,22.099062142809505,0.400875766541664,4190,2278,0,0,0.0,0.0
1999,MLT,0.0,0.0,0.0,0.0,0.0,0.0,76,2,0.0263157894736842,2009,0.3,1999,22.147623332349,0.406370202306636,2794,1490,0,1,0.0,0.6711409395973154
2000,MLT,0.0,0.0,0.0,0.0,0.0,0.0,55,7,0.1272727272727272,2010,1.2,2000,22.18729390635901,0.402135827125098,2151,1111,0,2,0.0,1.8001800180018002
2001,MLT,0.0,0.0,0.0,0.0,0.0,0.0,58,10,0.1724137931034483,2011,2.0,2001,22.19462406964775,0.40136106315358,2370,1251,0,4,0.0,3.1974420463629096
2002,MLT,0.0,0.0,0.0,0.0,0.0,0.0,48,2,0.0416666666666666,2012,2.7,2002,22.26944349208883,0.397034869271972,2213,1131,0,1,0.0,0.8841732979664013
2003,MLT,0.0,0.0,0.0,0.0,0.0,0.0,65,0,0.0,2013,3.2,2003,22.42607737909973,0.395187769631753,2191,1167,0,0,0.0,0.0
2004,MLT,0.0,0.0,0.0,0.0,0.0,0.0,57,2,0.0350877192982456,2014,4.5,2004,22.534270903848643,0.391221318087136,2667,1424,0,1,0.0,0.7022471910112359
2005,MLT,0.0,0.0,0.0,0.0,0.0,0.0,60,4,0.0666666666666666,2015,6.0,2005,22.58070187495884,0.387831533031311,2717,1453,0,2,0.0,1.3764624913971093
2006,MLT,0.0,0.0,0.0,0.0,0.0,0.0,100,18,0.18,2016,9.2,2006,22.636995329337445,0.38238164095828,2611,1426,0,5,0.0,3.506311360448808
2007,MLT,0.0,0.0,0.0,0.0,0.0,0.0,69,11,0.1594202898550724,2017,7.3,2007,22.793339105317216,0.38268522494663,2065,1145,0,12,0.0,10.480349344978166
2008,MLT,0.0,0.0,0.0,0.0,0.0,0.0,58,13,0.2241379310344827,2018,7.6,2008,22.930482157479616,0.381544779649165,1817,994,0,9,0.0,9.054325955734408
2009,MLT,0.0,0.0,0.0,0.0,0.0,0.0,68,10,0.1470588235294117,2019,7.4,2009,22.886164005586377,0.378428993034581,2066,1057,0,6,0.0,5.676442762535478
2010,MLT,0.0,0.0,0.0,0.0,0.0,0.0,77,6,0.0779220779220779,2020,9.2,2010,22.924462477075,0.378788687807003,2357,1275,0,4,0.0,3.1372549019607843
2011,MLT,0.0,0.0,0.0,0.0,0.0,0.0,80,7,0.0875,2021,8.6,2011,22.98905554108505,0.375131498810675,2033,1091,0,2,0.0,1.8331805682859763
1995,MMR,0.0,0.0,0.0,0.0,0.0,0.0,61,1,0.0163934426229508,2005,79.6,1995,22.308258964918213,0.553218798795718,2237,1170,0,0,0.0,0.0
1996,MMR,0.0,0.0,0.0,0.0,0.0,0.0,72,10,0.1388888888888889,2006,81.3,1996,22.47413816057359,0.552446019873857,2462,1334,0,0,0.0,0.0
1997,MMR,0.0,0.0,0.0,0.0,0.0,0.0,75,2,0.0266666666666666,2007,80.5,1997,22.45192053059901,0.552810528170959,2644,1434,0,0,0.0,0.0
1998,MMR,0.0,0.0,0.0,0.0,0.0,0.0,78,0,0.0,2008,85.6,1998,22.25215973999293,0.550829242685582,2581,1319,0,0,0.0,0.0
1999,MMR,0.0,0.0,0.0,0.0,0.0,0.0,82,3,0.0365853658536585,2009,85.8,1999,22.45382674586392,0.550243200997565,3073,1610,0,0,0.0,0.0
2000,MMR,0.0,0.0,0.0,0.0,0.0,0.0,95,3,0.031578947368421,2010,84.6,2000,22.64741545453575,0.548293419799918,2628,1375,0,0,0.0,0.0
2001,MMR,0.0,0.0,0.0,0.0,0.0,0.0,59,2,0.0338983050847457,2011,83.8,2001,22.55107925271881,0.547538956205808,1944,1032,0,0,0.0,0.0
2002,MMR,0.0,0.0,0.0,0.0,0.0,0.0,71,6,0.0845070422535211,2012,78.1,2002,22.53329618218022,0.545038567836916,1846,976,0,0,0.0,0.0
2003,MMR,0.0,0.0,0.0,0.0,0.0,0.0,53,1,0.0188679245283018,2013,75.6,2003,22.77155816871161,0.546311175821387,1645,876,0,0,0.0,0.0
2004,MMR,0.0,0.0,0.0,0.0,0.0,0.0,78,1,0.0128205128205128,2014,72.0,2004,22.96300221206749,0.544695267014397,2024,1113,0,0,0.0,0.0
2005,MMR,0.0,0.0,0.0,0.0,0.0,0.0,45,1,0.0222222222222222,2015,70.0,2005,23.08302802234485,0.5413407375382,1530,862,0,0,0.0,0.0
2006,MMR,0.0,0.0,0.0,0.0,0.0,0.0,59,3,0.0508474576271186,2016,68.8,2006,23.19669152490893,0.542216073479737,1394,752,0,0,0.0,0.0
2007,MMR,2.0,0.0,0.0,0.0,0.0,0.0,102,25,0.2450980392156862,2017,59.5,2007,23.46997136992967,0.536170406161149,1891,1076,0,20,0.0,18.58736059479554
2008,MMR,0.0,0.0,1.0,0.0,0.0,0.0,97,14,0.1443298969072164,2018,59.4,2008,23.859325798550422,0.536175653820754,1750,958,0,3,0.0,3.131524008350731
2009,MMR,0.0,0.0,0.0,0.0,0.0,0.0,94,16,0.1702127659574468,2019,58.5,2009,24.10613513386997,0.534432346021,1710,962,0,10,0.0,10.395010395010395
2010,MMR,0.0,0.0,0.0,0.0,0.0,0.0,57,15,0.2631578947368421,2020,59.2,2010,24.35547051451667,0.530545364638371,1463,847,0,13,0.0,15.348288075560802
2011,MMR,0.0,0.0,0.0,0.0,0.0,0.0,83,13,0.1566265060240964,2021,62.9,2011,24.714443807967825,0.52799806947601,1807,1027,0,6,0.0,5.8422590068159685
2006,MNE,0.0,0.0,0.0,0.0,0.0,0.0,29,3,0.1034482758620689,2016,43.9,2006,21.72459715971975,0.453662344929291,992,494,0,0,0.0,0.0
2007,MNE,0.0,0.0,0.0,0.0,0.0,0.0,72,13,0.1805555555555555,2017,37.8,2007,22.02637197912185,0.454766152678433,1791,963,0,8,0.0,8.307372793354102
2008,MNE,0.0,0.0,0.0,0.0,0.0,0.0,53,7,0.1320754716981132,2018,40.6,2008,22.23744196456513,0.451711790472422,1212,686,1,3,1.4577259475218658,4.373177842565598
2009,MNE,0.0,0.0,0.0,0.0,0.0,2.0,55,12,0.2181818181818181,2019,38.7,2009,22.148619929512723,0.45087181005926,2026,1156,3,9,2.5951557093425603,7.7854671280276815
2010,MNE,0.0,0.0,0.0,0.0,0.0,0.0,41,9,0.2195121951219512,2020,39.6,2010,22.14468211347849,0.443836224362778,1231,694,0,6,0.0,8.645533141210375
2011,MNE,0.0,0.0,0.0,0.0,0.0,0.0,68,15,0.2205882352941176,2021,39.6,2011,22.23716793798329,0.446434463303981,2069,1137,0,7,0.0,6.156552330694811
1995,MNG,0.0,0.0,0.0,0.0,0.0,0.0,32,2,0.0625,2005,5.3,1995,21.096321386699664,0.478342741506318,2012,1089,0,0,0.0,0.0
1996,MNG,0.0,0.0,0.0,0.0,0.0,0.0,48,4,0.0833333333333333,2006,4.5,1996,21.02019463039976,0.474696114921599,1752,986,0,2,0.0,2.028397565922921
1997,MNG,0.0,0.0,0.0,0.0,0.0,0.0,39,6,0.1538461538461538,2007,4.7,1997,20.88957165965449,0.474942647427955,1864,1056,0,1,0.0,0.946969696969697
1998,MNG,0.0,0.0,0.0,0.0,0.0,0.0,49,6,0.1224489795918367,2008,4.7,1998,20.84055115231616,0.473944833215302,2127,1187,0,1,0.0,0.8424599831508003
1999,MNG,0.0,0.0,0.0,0.0,0.0,0.0,66,4,0.0606060606060606,2009,4.4,1999,20.77908702448656,0.470646417190715,2880,1627,0,0,0.0,0.0
2000,MNG,0.0,0.0,0.0,0.0,0.0,0.0,75,10,0.1333333333333333,2010,4.5,2000,20.851567687822698,0.474516270220229,3368,1907,0,2,0.0,1.048767697954903
2001,MNG,0.0,0.0,0.0,0.0,0.0,0.0,57,3,0.0526315789473684,2011,4.0,2001,20.96070506362258,0.472130376573232,2406,1331,0,1,0.0,0.7513148009015778
2002,MNG,0.0,0.0,0.0,0.0,0.0,0.0,43,5,0.1162790697674418,2012,3.0,2002,21.057274842302903,0.46665123174397,2044,1138,0,3,0.0,2.6362038664323375
2003,MNG,0.0,0.0,0.0,0.0,0.0,0.0,26,2,0.0769230769230769,2013,3.0,2003,21.19032598590133,0.458213846790796,1836,1067,0,3,0.0,2.8116213683223994
2004,MNG,0.0,0.0,0.0,0.0,0.0,0.0,41,3,0.073170731707317,2014,3.3,2004,21.412438533699035,0.455647746216179,2237,1272,0,1,0.0,0.7861635220125787
2005,MNG,0.0,0.0,0.0,0.0,0.0,0.0,47,6,0.1276595744680851,2015,3.5,2005,21.6489014102634,0.438542875308806,1896,1105,0,1,0.0,0.9049773755656109
2006,MNG,0.0,0.0,0.0,0.0,0.0,0.0,78,8,0.1025641025641025,2016,3.4,2006,21.951166765520835,0.439526176003401,2046,1159,0,0,0.0,0.0
2007,MNG,0.0,0.0,0.0,0.0,0.0,2.0,101,36,0.3564356435643564,2017,1.8,2007,22.166649094920555,0.435654832138572,2532,1444,0,26,0.0,18.005540166204987
2008,MNG,0.0,0.0,0.0,0.0,0.0,0.0,45,20,0.4444444444444444,2018,2.1,2008,22.450169687655723,0.435837464214751,1209,686,3,1,4.373177842565598,1.4577259475218658
2009,MNG,0.0,0.0,0.0,0.0,0.0,0.0,72,9,0.125,2019,2.3,2009,22.245805173592224,0.43362251704466,1655,954,0,7,0.0,7.337526205450734
2010,MNG,0.0,0.0,0.0,0.0,0.0,0.0,93,23,0.2473118279569892,2020,2.9,2010,22.69588496171687,0.43067602840041,2473,1399,0,7,0.0,5.003573981415297
2011,MNG,0.0,0.0,0.0,0.0,0.0,0.0,117,24,0.2051282051282051,2021,3.0,2011,23.0660132549266,0.431002743235673,2661,1496,0,10,0.0,6.684491978609626
1995,MOZ,0.0,0.0,0.0,0.0,0.0,0.0,82,4,0.048780487804878,2005,93.7,1995,21.787946273479783,0.532315433749514,3468,1848,0,0,0.0,0.0
1996,MOZ,0.0,0.0,0.0,0.0,0.0,0.0,67,2,0.0298507462686567,2006,93.1,1996,22.073103620607647,0.531689368801365,2861,1550,0,0,0.0,0.0
1997,MOZ,0.0,0.0,0.0,0.0,0.0,0.0,69,1,0.0144927536231884,2007,87.5,1997,22.25988332558055,0.53192266136956,3150,1647,0,0,0.0,0.0
1998,MOZ,0.0,0.0,0.0,0.0,0.0,0.0,64,0,0.0,2008,88.1,1998,22.38413516674865,0.528092062037599,2928,1583,0,0,0.0,0.0
1999,MOZ,0.0,0.0,1.0,0.0,0.0,0.0,82,4,0.048780487804878,2009,86.1,1999,22.51108464964307,0.523653401843084,3579,1901,0,0,0.0,0.0
2001,MOZ,0.0,0.0,0.0,0.0,0.0,0.0,49,3,0.0612244897959183,2011,85.4,2001,22.40939769855446,0.529983430224591,2937,1583,0,0,0.0,0.0
2002,MOZ,0.0,0.0,0.0,0.0,0.0,0.0,48,4,0.0833333333333333,2012,84.5,2002,22.459691161871945,0.526590334609137,2089,1088,0,2,0.0,1.838235294117647
2003,MOZ,0.0,0.0,0.0,0.0,0.0,0.0,50,2,0.04,2013,83.1,2003,22.564354968915357,0.524665644853135,2267,1211,0,2,0.0,1.6515276630883566
2004,MOZ,0.0,0.0,0.0,0.0,0.0,0.0,45,4,0.0888888888888888,2014,81.2,2004,22.755498648274667,0.518333711616839,2022,1087,0,1,0.0,0.9199632014719411
2005,MOZ,0.0,0.0,0.0,0.0,0.0,0.0,38,2,0.0526315789473684,2015,80.1,2005,22.868270734675452,0.515007084663123,1762,976,0,0,0.0,0.0
2006,MOZ,0.0,0.0,0.0,0.0,0.0,0.0,68,6,0.088235294117647,2016,77.4,2006,22.93995492309422,0.513280657265459,1703,898,0,1,0.0,1.1135857461024499
2007,MOZ,0.0,0.0,0.0,0.0,0.0,0.0,51,34,0.6666666666666666,2017,78.2,2007,23.06994690572233,0.514557242677498,1670,875,0,24,0.0,27.428571428571427
2008,MOZ,0.0,0.0,0.0,0.0,0.0,0.0,53,12,0.2264150943396226,2018,79.0,2008,23.253478273457564,0.511853636018822,1317,719,0,4,0.0,5.563282336578581
2009,MOZ,0.0,0.0,0.0,0.0,0.0,0.0,38,7,0.1842105263157894,2019,77.5,2009,23.201019591750512,0.512437334913734,1258,691,0,5,0.0,7.23589001447178
2010,MOZ,0.0,0.0,0.0,0.0,0.0,0.0,62,12,0.1935483870967742,2020,80.2,2010,23.13062969226262,0.50907980910326,1843,998,1,11,1.002004008016032,11.022044088176353
2011,MOZ,0.0,0.0,0.0,0.0,0.0,0.0,59,1,0.0169491525423728,2021,76.9,2011,23.389212143565025,0.509049136445553,1557,831,0,1,0.0,1.203369434416366
1995,MRT,0.0,0.0,1.0,0.0,0.0,0.0,27,2,0.074074074074074,2005,38.8,1995,21.461255422375245,0.646397405260766,2142,1108,0,0,0.0,0.0
1996,MRT,0.0,0.0,1.0,0.0,0.0,0.0,34,3,0.088235294117647,2006,39.1,1996,21.48036717778212,0.646673003138995,2508,1310,0,0,0.0,0.0
1997,MRT,0.0,0.0,0.0,0.0,0.0,0.0,29,1,0.0344827586206896,2007,35.6,1997,21.451778481322933,0.648022246396775,2395,1232,0,0,0.0,0.0
1998,MRT,0.0,0.0,0.0,0.0,0.0,0.0,36,0,0.0,2008,35.8,1998,21.43245742929438,0.649579845114511,2102,1118,0,0,0.0,0.0
1999,MRT,0.0,0.0,0.0,0.0,0.0,0.0,36,0,0.0,2009,33.4,1999,21.40934953323393,0.651919685482366,1973,1012,0,0,0.0,0.0
2000,MRT,0.0,0.0,0.0,0.0,0.0,0.0,26,0,0.0,2010,34.0,2000,21.299609986363645,0.65395307955623,1569,797,0,0,0.0,0.0
2001,MRT,0.0,0.0,0.0,0.0,0.0,0.0,25,1,0.04,2011,33.3,2001,21.28062970836291,0.65126872759505,1093,570,0,0,0.0,0.0
2002,MRT,0.0,0.0,0.0,0.0,0.0,0.0,31,0,0.0,2012,31.9,2002,21.298224745190183,0.652916568937187,1128,608,0,0,0.0,0.0
2003,MRT,0.0,0.0,0.0,0.0,0.0,0.0,25,2,0.08,2013,35.1,2003,21.441665281755203,0.657898699700711,1436,800,0,0,0.0,0.0
2004,MRT,0.0,0.0,0.0,0.0,0.0,0.0,23,1,0.0434782608695652,2014,31.0,2004,21.58298665034795,0.648314952988736,1562,846,0,0,0.0,0.0
2005,MRT,0.0,0.0,0.0,0.0,0.0,0.0,27,0,0.0,2015,28.3,2005,21.800320598221525,0.648996580384009,1386,722,0,0,0.0,0.0
2006,MRT,0.0,0.0,0.0,0.0,0.0,0.0,37,0,0.0,2016,31.7,2006,22.089249649730068,0.627361397509192,1092,587,0,0,0.0,0.0
2007,MRT,0.0,0.0,0.0,0.0,0.0,0.0,51,3,0.0588235294117647,2017,25.5,2007,22.192570592643825,0.626121494785503,1444,772,0,1,0.0,1.2953367875647668
2008,MRT,0.0,0.0,0.0,0.0,0.0,0.0,71,8,0.1126760563380281,2018,21.6,2008,22.373161604842185,0.624248163176773,1977,1058,0,4,0.0,3.780718336483932
2009,MRT,0.0,0.0,0.0,0.0,0.0,0.0,38,6,0.1578947368421052,2019,21.2,2009,22.273928956774554,0.638030123331784,1263,673,0,7,0.0,10.401188707280832
2010,MRT,0.0,0.0,0.0,0.0,0.0,0.0,39,0,0.0,2020,20.9,2010,22.451176123566267,0.626234735600231,1197,632,0,0,0.0,0.0
2011,MRT,0.0,0.0,0.0,0.0,0.0,0.0,81,4,0.0493827160493827,2021,22.1,2011,22.63497305876921,0.634788309787852,2345,1275,0,1,0.0,0.7843137254901961
2012,MRT,0.0,0.0,0.0,0.0,0.0,0.0,56,3,0.0535714285714285,2022,19.6,2012,22.629574798968864,0.626319846946018,3009,1612,0,3,0.0,1.8610421836228288
1995,MUS,0.0,0.0,0.0,0.0,0.0,0.0,76,0,0.0,2005,17.6,1995,22.11959519365214,0.493380238432962,3292,1753,0,0,0.0,0.0
1996,MUS,0.0,0.0,0.0,0.0,0.0,0.0,78,9,0.1153846153846153,2006,16.4,1996,22.20984709232169,0.49468059062966,3187,1618,0,1,0.0,0.6180469715698392
1997,MUS,0.0,0.0,0.0,0.0,0.0,0.0,84,4,0.0476190476190476,2007,15.7,1997,22.15534009473298,0.492463914928945,2966,1621,0,3,0.0,1.8507094386181369
1998,MUS,0.0,0.0,0.0,0.0,0.0,0.0,56,5,0.0892857142857142,2008,12.7,1998,22.151103446420464,0.497718781571576,2215,1190,0,3,0.0,2.521008403361345
1999,MUS,0.0,0.0,0.0,0.0,0.0,0.0,91,5,0.0549450549450549,2009,12.8,1999,22.191994404441235,0.499512492738463,3728,2004,0,0,0.0,0.0
2000,MUS,0.0,0.0,0.0,0.0,0.0,0.0,82,4,0.048780487804878,2010,12.8,2000,22.262993696923616,0.498301906046979,3650,1913,0,1,0.0,0.5227391531625718
2001,MUS,0.0,0.0,0.0,0.0,0.0,0.0,51,1,0.0196078431372549,2011,12.0,2001,22.252282368119182,0.500261617824678,1957,1015,0,1,0.0,0.9852216748768472
2002,MUS,0.0,0.0,0.0,0.0,0.0,0.0,42,4,0.0952380952380952,2012,11.4,2002,22.30045123178321,0.495605865004433,1813,959,0,0,0.0,0.0
2003,MUS,0.0,0.0,0.0,0.0,0.0,0.0,48,0,0.0,2013,11.4,2003,22.483974693431765,0.491689975466285,2496,1307,0,0,0.0,0.0
2004,MUS,0.0,0.0,0.0,0.0,0.0,0.0,64,5,0.078125,2014,10.6,2004,22.607124350798333,0.488553332331573,2783,1520,0,5,0.0,3.289473684210526
2005,MUS,0.0,0.0,0.0,0.0,0.0,0.0,58,1,0.0172413793103448,2015,11.5,2005,22.59333468480848,0.485886827517126,2185,1180,0,0,0.0,0.0
2006,MUS,0.0,0.0,0.0,0.0,0.0,0.0,103,9,0.087378640776699,2016,10.3,2006,22.673283361317782,0.48604565610241,2358,1260,0,4,0.0,3.1746031746031744
2007,MUS,0.0,0.0,0.0,0.0,0.0,0.0,126,16,0.1269841269841269,2017,9.4,2007,22.82130218660617,0.487746908338989,3009,1628,0,14,0.0,8.5995085995086
2008,MUS,0.0,0.0,0.0,0.0,0.0,0.0,134,33,0.2462686567164179,2018,9.2,2008,23.024886149589527,0.490944292758983,2892,1610,4,10,2.4844720496894412,6.211180124223602
2009,MUS,0.0,0.0,0.0,0.0,0.0,0.0,212,30,0.1415094339622641,2019,8.9,2009,22.934704810381017,0.489864409580033,4131,2207,4,7,1.8124150430448573,3.1717263253285
2010,MUS,0.0,0.0,0.0,0.0,0.0,0.0,82,11,0.1341463414634146,2020,9.4,2010,23.026217931587112,0.488351307864431,2353,1309,1,7,0.7639419404125286,5.347593582887701
2011,MUS,0.0,0.0,0.0,0.0,0.0,0.0,156,36,0.2307692307692307,2021,8.6,2011,23.167212759639185,0.480109632787919,3634,2009,1,15,0.49776007964161273,7.466401194624191
1995,MWI,0.0,0.0,0.0,0.0,0.0,0.0,66,3,0.0454545454545454,2005,83.2,1995,21.433123389292945,0.630091925617413,3216,1654,0,0,0.0,0.0
1996,MWI,0.0,0.0,0.0,0.0,0.0,0.0,86,1,0.0116279069767441,2006,82.8,1996,21.923102244767605,0.628544216654939,2545,1306,0,0,0.0,0.0
1997,MWI,0.0,0.0,0.0,0.0,0.0,0.0,94,7,0.0744680851063829,2007,82.2,1997,22.07801428254474,0.628610701882937,2756,1490,0,0,0.0,0.0
1998,MWI,0.0,0.0,0.0,0.0,0.0,0.0,82,6,0.073170731707317,2008,80.4,1998,21.65842133018344,0.628132233515838,2668,1447,0,2,0.0,1.38217000691085
1999,MWI,0.0,0.0,0.0,0.0,0.0,0.0,92,4,0.0434782608695652,2009,80.0,1999,21.672789755536808,0.626621951942524,3097,1713,0,0,0.0,0.0
2000,MWI,0.0,0.0,0.0,0.0,0.0,0.0,85,3,0.0352941176470588,2010,81.2,2000,21.654369342379503,0.624087310931451,2637,1464,0,0,0.0,0.0
2001,MWI,0.0,0.0,0.0,0.0,0.0,0.0,48,1,0.0208333333333333,2011,80.2,2001,21.638759712614974,0.623966968906882,2494,1374,0,0,0.0,0.0
2002,MWI,0.0,0.0,0.0,0.0,0.0,0.0,49,3,0.0612244897959183,2012,80.2,2002,22.350018664886075,0.62672827840557,2406,1351,0,1,0.0,0.7401924500370096
2003,MWI,0.0,0.0,0.0,0.0,0.0,0.0,40,1,0.025,2013,79.8,2003,22.26437978983636,0.620401576595151,1705,931,0,0,0.0,0.0
2004,MWI,0.0,0.0,0.0,0.0,0.0,0.0,55,2,0.0363636363636363,2014,82.8,2004,22.34438057907547,0.617216014918906,1863,1011,0,1,0.0,0.9891196834817012
2005,MWI,0.0,0.0,0.0,0.0,0.0,0.0,57,4,0.0701754385964912,2015,81.0,2005,22.39481613940313,0.612353371692302,2007,1100,0,0,0.0,0.0
2006,MWI,0.0,0.0,0.0,0.0,0.0,0.0,63,8,0.1269841269841269,2016,78.9,2006,22.484270477506712,0.607880308720763,1418,770,0,1,0.0,1.2987012987012987
2007,MWI,1.0,0.0,0.0,0.0,0.0,0.0,82,16,0.1951219512195122,2017,76.9,2007,22.587533581006337,0.602899535421429,1748,980,0,3,0.0,3.061224489795918
2008,MWI,0.0,0.0,0.0,0.0,0.0,0.0,47,17,0.3617021276595745,2018,73.2,2008,22.77013477350978,0.60059724731624,1161,686,0,4,0.0,5.830903790087463
2009,MWI,0.0,0.0,0.0,0.0,0.0,0.0,34,9,0.2647058823529412,2019,70.9,2009,22.92158847197434,0.596540378902071,755,435,1,4,2.2988505747126435,9.195402298850574
2010,MWI,0.0,0.0,0.0,0.0,0.0,0.0,101,16,0.1584158415841584,2020,71.5,2010,23.03860159471091,0.597560127781073,2392,1340,0,16,0.0,11.940298507462687
2011,MWI,0.0,0.0,0.0,0.0,0.0,0.0,63,10,0.1587301587301587,2021,71.1,2011,23.17841260150537,0.594048645496475,1286,678,0,7,0.0,10.32448377581121
2012,MWI,0.0,0.0,0.0,0.0,0.0,0.0,49,4,0.0816326530612244,2022,62.9,2012,22.894967819291026,0.587391473768097,1822,935,1,1,1.0695187165775402,1.0695187165775402
1995,MYS,0.0,0.0,0.0,0.0,0.0,0.0,108,11,0.1018518518518518,2005,3.0,1995,25.208585960107374,0.415384665786349,3392,1767,1,1,0.5659309564233164,0.5659309564233164
1996,MYS,0.0,0.0,0.0,0.0,0.0,0.0,95,4,0.0421052631578947,2006,3.1,1996,25.33695358439829,0.41588988482299,3602,1970,0,1,0.0,0.5076142131979696
1997,MYS,0.0,0.0,0.0,0.0,0.0,0.0,74,3,0.0405405405405405,2007,2.8,1997,25.32848925453768,0.414685468484381,3396,1800,0,1,0.0,0.5555555555555556
1998,MYS,0.0,0.0,0.0,0.0,0.0,0.0,98,2,0.0204081632653061,2008,3.0,1998,25.00225562887836,0.414522519781606,3187,1692,0,0,0.0,0.0
1999,MYS,0.0,0.0,0.0,0.0,0.0,0.0,147,3,0.0204081632653061,2009,2.3,1999,25.094590674281022,0.413741437225224,3612,1828,0,0,0.0,0.0
2000,MYS,0.0,0.0,0.0,0.0,0.0,0.0,60,1,0.0166666666666666,2010,2.0,2000,25.264321271641805,0.412367322003575,2645,1383,0,0,0.0,0.0
2001,MYS,0.0,0.0,0.0,0.0,0.0,0.0,98,2,0.0204081632653061,2011,2.2,2001,25.25353948082736,0.410970795504341,3439,1783,0,0,0.0,0.0
2002,MYS,0.0,0.0,0.0,0.0,0.0,0.0,46,0,0.0,2012,2.5,2002,25.33685574058085,0.409120786916032,2121,1100,0,0,0.0,0.0
2003,MYS,0.0,0.0,0.0,0.0,0.0,0.0,45,1,0.0222222222222222,2013,2.8,2003,25.425584225457868,0.407863754385174,1414,714,0,0,0.0,0.0
2004,MYS,0.0,0.0,0.0,0.0,0.0,0.0,68,1,0.0147058823529411,2014,3.0,2004,25.549573352603208,0.40693056084674,2352,1257,0,0,0.0,0.0
2005,MYS,0.0,0.0,0.0,0.0,0.0,0.0,61,1,0.0163934426229508,2015,3.4,2005,25.689840693226436,0.404510581935384,2126,1176,0,1,0.0,0.8503401360544217
2006,MYS,0.0,0.0,0.0,0.0,0.0,0.0,80,0,0.0,2016,4.4,2006,25.81512627877372,0.403037889620786,1782,911,0,0,0.0,0.0
2007,MYS,0.0,0.0,0.0,0.0,0.0,0.0,86,17,0.1976744186046511,2017,5.2,2007,25.98879937842097,0.403844588783794,1839,955,0,10,0.0,10.471204188481677
2008,MYS,0.0,0.0,0.0,0.0,0.0,0.0,88,15,0.1704545454545454,2018,5.3,2008,26.164867592619952,0.398979121405667,1839,1001,2,3,1.998001998001998,2.997002997002997
2009,MYS,0.0,0.0,0.0,0.0,0.0,0.0,96,16,0.1666666666666666,2019,5.7,2009,26.03280726815567,0.397059132140073,1861,983,2,9,2.0345879959308237,9.155645981688709
2010,MYS,0.0,0.0,0.0,0.0,0.0,0.0,69,4,0.0579710144927536,2020,7.0,2010,26.26459857660104,0.394712169345747,1559,823,0,2,0.0,2.430133657351154
2011,MYS,0.0,0.0,0.0,0.0,0.0,0.0,75,11,0.1466666666666666,2021,7.5,2011,26.42019712120378,0.39369077233538,1544,820,0,2,0.0,2.4390243902439024
1995,NAM,0.0,0.0,0.0,0.0,0.0,0.0,70,3,0.0428571428571428,2005,34.6,1995,22.10417427146796,0.573261985674917,2993,1678,0,0,0.0,0.0
1996,NAM,0.0,0.0,0.0,0.0,0.0,0.0,60,1,0.0166666666666666,2006,35.8,1996,22.106847281934883,0.57288076944286,2651,1467,0,0,0.0,0.0
1997,NAM,0.0,0.0,0.0,0.0,0.0,0.0,108,4,0.037037037037037,2007,36.5,1997,22.147575918921348,0.571525951106723,3353,1788,0,0,0.0,0.0
1998,NAM,0.0,0.0,0.0,0.0,0.0,0.0,92,1,0.0108695652173913,2008,32.5,1998,22.077323574025645,0.567767168353789,3471,1834,0,0,0.0,0.0
1999,NAM,0.0,0.0,0.0,0.0,0.0,0.0,94,3,0.0319148936170212,2009,33.4,1999,22.07614601683049,0.56609696774205,2726,1437,0,1,0.0,0.6958942240779402
2000,NAM,0.0,0.0,0.0,0.0,0.0,0.0,138,2,0.0144927536231884,2010,31.2,2000,22.089926710345217,0.563380044072627,4780,2468,0,0,0.0,0.0
2001,NAM,0.0,0.0,0.0,0.0,0.0,0.0,71,2,0.028169014084507,2011,31.6,2001,21.992279272456567,0.561224277645798,2434,1319,0,1,0.0,0.7581501137225171
2002,NAM,0.0,0.0,0.0,0.0,0.0,0.0,48,1,0.0208333333333333,2012,31.9,2002,21.93197837058794,0.558336921302648,1960,1026,0,1,0.0,0.9746588693957114
2003,NAM,0.0,0.0,0.0,0.0,0.0,0.0,37,1,0.027027027027027,2013,30.7,2003,22.31788230745577,0.556170890758586,1638,852,0,0,0.0,0.0
2004,NAM,0.0,0.0,0.0,0.0,0.0,0.0,73,3,0.0410958904109589,2014,30.2,2004,22.611729439126027,0.563514284989602,2891,1635,0,0,0.0,0.0
2005,NAM,0.0,0.0,0.0,0.0,0.0,0.0,29,0,0.0,2015,29.3,2005,22.704043172697045,0.566572628265029,1274,677,0,0,0.0,0.0
2006,NAM,0.0,0.0,0.0,0.0,0.0,0.0,68,1,0.0147058823529411,2016,29.2,2006,22.80292979776428,0.56658696476052,1576,846,0,0,0.0,0.0
2007,NAM,0.0,0.0,0.0,0.0,0.0,0.0,61,14,0.2295081967213114,2017,30.2,2007,22.902500324667127,0.559494236957507,1365,738,2,8,2.710027100271003,10.840108401084011
2008,NAM,0.0,0.0,0.0,0.0,0.0,0.0,64,11,0.171875,2018,30.9,2008,22.87589183505092,0.55872550986423,1312,725,1,4,1.379310344827586,5.517241379310344
2009,NAM,0.0,0.0,0.0,0.0,0.0,0.0,55,12,0.2181818181818181,2019,30.2,2009,22.91367248761828,0.556392226744915,1367,743,2,8,2.6917900403768504,10.767160161507402
2010,NAM,0.0,0.0,0.0,0.0,0.0,0.0,63,9,0.1428571428571428,2020,31.2,2010,23.15963087850989,0.552275431805338,1375,776,0,8,0.0,10.309278350515465
2011,NAM,0.0,0.0,0.0,0.0,0.0,0.0,38,5,0.131578947368421,2021,30.0,2011,23.25086149258386,0.544861035373523,838,458,0,2,0.0,4.366812227074235
1995,NER,0.0,0.0,0.0,0.0,0.0,0.0,59,3,0.0508474576271186,2005,87.5,1995,21.55727763996718,0.611589718589451,3410,1786,0,0,0.0,0.0
1996,NER,0.0,0.0,0.0,0.0,0.0,0.0,62,3,0.0483870967741935,2006,87.4,1996,21.60110132924162,0.61696952053971,2269,1169,0,0,0.0,0.0
1997,NER,0.0,0.0,0.0,0.0,0.0,0.0,41,6,0.1463414634146341,2007,86.2,1997,21.551956906388614,0.615047663488023,2390,1276,0,1,0.0,0.7836990595611285
1998,NER,0.0,0.0,0.0,0.0,0.0,0.0,32,0,0.0,2008,86.1,1998,21.69531800416249,0.615346773731868,2257,1202,0,0,0.0,0.0
1999,NER,0.0,0.0,0.0,0.0,0.0,0.0,41,0,0.0,2009,83.2,1999,21.654559389176587,0.609515636104047,2597,1403,0,0,0.0,0.0
2000,NER,0.0,0.0,0.0,0.0,0.0,0.0,39,1,0.0256410256410256,2010,80.7,2000,21.530524072129083,0.611052270053832,2435,1306,0,0,0.0,0.0
2001,NER,0.0,0.0,0.0,0.0,0.0,0.0,49,4,0.0816326530612244,2011,77.2,2001,21.61882911282613,0.610202074615591,2567,1370,0,0,0.0,0.0
2002,NER,0.0,0.0,0.0,0.0,0.0,0.0,38,2,0.0526315789473684,2012,72.7,2002,21.746505259820022,0.604679238659311,1988,1075,0,0,0.0,0.0
2003,NER,0.0,0.0,0.0,0.0,0.0,0.0,37,0,0.0,2013,78.7,2003,21.94529996838495,0.601249387429465,2161,1139,0,0,0.0,0.0
2004,NER,0.0,0.0,0.0,0.0,0.0,0.0,33,0,0.0,2014,78.1,2004,22.047802802012697,0.598297736755326,2057,1111,0,0,0.0,0.0
2005,NER,0.0,0.0,0.0,0.0,0.0,0.0,32,0,0.0,2015,78.9,2005,22.201071344993085,0.598020954142146,1502,812,0,0,0.0,0.0
2006,NER,0.0,0.0,0.0,0.0,0.0,0.0,45,4,0.0888888888888888,2016,80.2,2006,22.28274877020741,0.593821135611043,1338,709,0,0,0.0,0.0
2007,NER,0.0,0.0,0.0,0.0,0.0,0.0,67,11,0.1641791044776119,2017,82.0,2007,22.46924050442582,0.596284773858344,2022,1116,0,4,0.0,3.5842293906810037
2008,NER,0.0,0.0,0.0,0.0,0.0,0.0,79,6,0.0759493670886076,2018,82.0,2008,22.71081139393157,0.59567643739785,2281,1241,1,2,0.8058017727639001,1.6116035455278002
2009,NER,0.0,0.0,0.0,0.0,0.0,0.0,67,6,0.0895522388059701,2019,80.7,2009,22.718256081470347,0.588850877027258,2164,1105,0,2,0.0,1.8099547511312217
2010,NER,0.0,0.0,0.0,1.0,0.0,0.0,79,5,0.0632911392405063,2020,81.9,2010,22.7839312679041,0.591609784908936,2508,1303,0,2,0.0,1.5349194167306217
2011,NER,0.0,0.0,0.0,0.0,0.0,0.0,105,12,0.1142857142857142,2021,79.6,2011,22.89493905002335,0.587436932465023,2724,1406,0,5,0.0,3.5561877667140824
1995,NGA,0.0,0.0,0.0,0.0,0.0,0.0,71,1,0.0140845070422535,2005,83.9,1995,24.508874132678876,0.537788713227158,2690,1412,0,0,0.0,0.0
1996,NGA,0.0,0.0,0.0,0.0,0.0,0.0,99,1,0.0101010101010101,2006,85.8,1996,24.656576936269698,0.537156349809124,3414,1805,0,0,0.0,0.0
1997,NGA,0.0,0.0,0.0,0.0,0.0,0.0,92,4,0.0434782608695652,2007,87.1,1997,24.72069258052675,0.536626669966044,3311,1719,0,0,0.0,0.0
1998,NGA,0.0,0.0,0.0,0.0,0.0,0.0,65,1,0.0153846153846153,2008,85.7,1998,24.72337389584725,0.536281938445224,2378,1244,0,0,0.0,0.0
1999,NGA,0.0,0.0,0.0,0.0,0.0,0.0,71,1,0.0140845070422535,2009,88.1,1999,24.807100015303764,0.537594379053895,2804,1531,0,0,0.0,0.0
2000,NGA,0.0,0.0,0.0,0.0,0.0,0.0,33,0,0.0,2010,86.0,2000,24.96385797098844,0.534541082039849,1537,788,0,2,0.0,2.5380710659898473
2001,NGA,0.0,0.0,0.0,0.0,0.0,0.0,46,0,0.0,2011,84.1,2001,25.027743848536694,0.5226425040283,1636,888,0,0,0.0,0.0
2002,NGA,0.0,0.0,0.0,0.0,0.0,0.0,49,0,0.0,2012,83.9,2002,25.27771198391142,0.518909323489326,1641,845,1,0,1.183431952662722,0.0
2003,NGA,0.0,0.0,0.0,0.0,0.0,0.0,65,0,0.0,2013,81.4,2003,25.37473718884945,0.509946444948939,2381,1239,0,0,0.0,0.0
2004,NGA,0.0,0.0,0.0,0.0,0.0,0.0,57,2,0.0350877192982456,2014,79.9,2004,25.634189190438025,0.509622088399267,2243,1238,0,0,0.0,0.0
2005,NGA,0.0,0.0,0.0,0.0,0.0,0.0,73,3,0.0410958904109589,2015,81.3,2005,25.891876126563723,0.505803364024359,2804,1518,0,0,0.0,0.0
2006,NGA,0.0,0.0,0.0,0.0,0.0,0.0,89,6,0.0674157303370786,2016,81.1,2006,26.197446249904424,0.505155595203069,2113,1136,1,0,0.8802816901408451,0.0
2007,NGA,0.0,0.0,0.0,0.0,0.0,0.0,48,6,0.125,2017,81.6,2007,26.351824672137344,0.505159756165401,1176,660,0,5,0.0,7.575757575757576
2008,NGA,0.0,0.0,0.0,0.0,0.0,0.0,67,7,0.1044776119402985,2018,80.8,2008,26.55066972459563,0.498906208914516,1661,887,1,1,1.1273957158962795,1.1273957158962795
2009,NGA,0.0,0.0,0.0,0.0,0.0,0.0,86,13,0.1511627906976744,2019,80.1,2009,26.41027091248868,0.499271579998394,2381,1261,0,4,0.0,3.1720856463124503
2010,NGA,0.0,0.0,0.0,0.0,0.0,0.0,72,6,0.0833333333333333,2020,81.8,2010,26.62860187568427,0.497469022623886,1783,957,0,0,0.0,0.0
2011,NGA,0.0,0.0,0.0,0.0,0.0,0.0,91,2,0.0219780219780219,2021,80.3,2011,26.75025808639868,0.505329166646728,2406,1295,0,1,0.0,0.7722007722007722
1995,NIC,0.0,0.0,0.0,0.0,0.0,0.0,48,1,0.0208333333333333,2005,52.8,1995,22.14407514491003,0.487535313827682,2447,1263,0,0,0.0,0.0
1996,NIC,0.0,0.0,0.0,0.0,0.0,0.0,54,2,0.037037037037037,2006,53.3,1996,22.183821278837588,0.4852434631678,2137,1123,0,0,0.0,0.0
1997,NIC,0.0,0.0,0.0,0.0,0.0,0.0,24,0,0.0,2007,52.6,1997,22.202588989983152,0.479944051459112,1195,617,0,0,0.0,0.0
1998,NIC,0.0,0.0,0.0,0.0,0.0,0.0,34,4,0.1176470588235294,2008,53.8,1998,22.256959688024,0.481123244297088,1681,887,0,2,0.0,2.254791431792559
1999,NIC,0.0,0.0,0.0,0.0,0.0,0.0,24,3,0.125,2009,54.6,1999,22.303422790786847,0.472048269189948,1837,1008,0,3,0.0,2.976190476190476
2000,NIC,0.0,0.0,0.0,0.0,0.0,0.0,45,1,0.0222222222222222,2010,54.4,2000,22.353942405289946,0.468164933249446,2241,1196,0,3,0.0,2.508361204013378
2001,NIC,0.0,0.0,0.0,0.0,0.0,0.0,21,5,0.238095238095238,2011,53.3,2001,22.395330425231005,0.469355822539177,1377,737,0,2,0.0,2.7137042062415193
2002,NIC,0.0,0.0,0.0,0.0,0.0,0.0,40,3,0.075,2012,53.3,2002,22.376570004888578,0.462318922680772,1847,1018,0,0,0.0,0.0
2003,NIC,0.0,0.0,0.0,0.0,0.0,0.0,41,0,0.0,2013,54.3,2003,22.39520048611925,0.467340355660412,1598,861,0,0,0.0,0.0
2004,NIC,0.0,0.0,0.0,0.0,0.0,0.0,31,2,0.064516129032258,2014,53.0,2004,22.480359359837404,0.468636410259681,1434,736,0,1,0.0,1.358695652173913
2005,NIC,0.0,0.0,0.0,0.0,0.0,0.0,32,0,0.0,2015,50.0,2005,22.56719458881392,0.467626131535189,1635,875,1,0,1.142857142857143,0.0
2006,NIC,0.0,0.0,0.0,0.0,0.0,0.0,75,7,0.0933333333333333,2016,49.5,2006,22.634794316033517,0.458036649209208,2085,1110,0,0,0.0,0.0
2007,NIC,0.0,0.0,0.0,0.0,0.0,0.0,98,5,0.0510204081632653,2017,48.9,2007,22.727898332412146,0.460048061250239,2801,1352,0,1,0.0,0.7396449704142012
2008,NIC,0.0,0.0,0.0,0.0,0.0,0.0,86,10,0.1162790697674418,2018,51.3,2008,22.862972898796933,0.45781093168274,2417,1225,1,4,0.8163265306122449,3.2653061224489797
2009,NIC,0.0,0.0,1.0,0.0,0.0,0.0,81,14,0.1728395061728395,2019,50.5,2009,22.839369107750795,0.455664060752717,2100,1075,2,4,1.86046511627907,3.72093023255814
2010,NIC,0.0,0.0,0.0,0.0,0.0,0.0,93,10,0.1075268817204301,2020,52.2,2010,22.893304096021765,0.45667230180558,2458,1302,0,6,0.0,4.608294930875576
2011,NIC,0.0,0.0,0.0,0.0,0.0,0.0,124,13,0.1048387096774193,2021,50.4,2011,23.00302438991316,0.447126516659582,3387,1825,0,4,0.0,2.191780821917808
1995,NLD,0.0,0.0,0.0,0.0,0.0,0.0,71,4,0.056338028169014,2005,2.7,1995,26.83761521548836,0.366996683961754,2552,1342,0,0,0.0,0.0
1996,NLD,0.0,0.0,0.0,0.0,0.0,0.0,87,4,0.0459770114942528,2006,3.1,1996,26.833602151445017,0.366101830984666,2720,1413,0,0,0.0,0.0
1997,NLD,0.0,0.0,0.0,0.0,0.0,0.0,93,1,0.010752688172043,2007,3.7,1997,26.75590289314924,0.369751325932224,2815,1443,0,0,0.0,0.0
1998,NLD,0.0,0.0,0.0,0.0,0.0,0.0,78,2,0.0256410256410256,2008,3.9,1998,26.805503515171853,0.369683538238132,2064,1070,0,0,0.0,0.0
1999,NLD,0.0,0.0,0.0,0.0,0.0,0.0,70,3,0.0428571428571428,2009,4.4,1999,26.82593521524427,0.373392622015282,1903,958,0,0,0.0,0.0
2000,NLD,0.0,0.0,0.0,0.0,0.0,0.0,86,6,0.0697674418604651,2010,3.9,2000,26.757500888862893,0.364542592824086,2116,1083,0,1,0.0,0.9233610341643582
2001,NLD,0.0,0.0,0.0,0.0,0.0,0.0,98,5,0.0510204081632653,2011,4.7,2001,26.790734607331643,0.366131918762532,2128,1059,0,0,0.0,0.0
2002,NLD,0.0,0.0,0.0,0.0,0.0,0.0,54,1,0.0185185185185185,2012,4.9,2002,26.884181934955176,0.370018620901386,1563,806,0,1,0.0,1.2406947890818858
2003,NLD,0.0,0.0,0.0,0.0,0.0,0.0,54,2,0.037037037037037,2013,5.0,2003,27.0864152446844,0.373377528685297,1654,884,0,0,0.0,0.0
2004,NLD,0.0,0.0,0.0,0.0,0.0,0.0,77,2,0.0259740259740259,2014,5.6,2004,27.213048233034208,0.370491194067479,2260,1278,0,1,0.0,0.7824726134585289
2005,NLD,0.0,0.0,0.0,0.0,0.0,0.0,37,1,0.027027027027027,2015,5.8,2005,27.253192840254847,0.37336528417593,1291,639,0,0,0.0,0.0
2006,NLD,0.0,0.0,0.0,0.0,0.0,0.0,87,2,0.0229885057471264,2016,5.6,2006,27.3217139235119,0.372613862937328,1657,880,0,0,0.0,0.0
2007,NLD,0.0,0.0,0.0,0.0,0.0,0.0,119,13,0.1092436974789916,2017,6.4,2007,27.46680532114649,0.37070250620002,1807,965,0,6,0.0,6.217616580310881
2008,NLD,0.0,0.0,0.0,0.0,0.0,0.0,83,8,0.0963855421686747,2018,7.4,2008,27.581694305547494,0.371300787985729,1574,834,0,0,0.0,0.0
2009,NLD,0.0,0.0,0.0,0.0,0.0,0.0,76,15,0.1973684210526315,2019,8.6,2009,27.493503087849923,0.371457914625613,1458,780,1,2,1.2820512820512822,2.5641025641025643
2010,NLD,0.0,0.0,0.0,0.0,0.0,0.0,89,8,0.0898876404494382,2020,10.7,2010,27.465416086987844,0.367233785492779,1955,1008,0,3,0.0,2.976190476190476
2011,NLD,0.0,0.0,0.0,0.0,0.0,0.0,91,1,0.0109890109890109,2021,12.2,2011,27.53149977056649,0.36571114050818,1508,826,0,0,0.0,0.0
1995,NOR,0.0,0.0,0.0,0.0,0.0,0.0,54,2,0.037037037037037,2005,58.6,1995,25.747347996856902,0.27275610992179,1810,1051,0,2,0.0,1.9029495718363465
1996,NOR,0.0,0.0,0.0,0.0,0.0,0.0,77,7,0.0909090909090909,2006,57.0,1996,25.82020051943856,0.273263297703691,1703,902,0,1,0.0,1.1086474501108647
1997,NOR,0.0,0.0,0.0,0.0,0.0,0.0,61,2,0.0327868852459016,2007,57.4,1997,25.80688273929,0.273093006280197,1826,1010,0,0,0.0,0.0
1998,NOR,0.0,0.0,0.0,0.0,0.0,0.0,74,6,0.081081081081081,2008,58.5,1998,25.7617130767744,0.272884202487867,2330,1331,0,0,0.0,0.0
1999,NOR,0.0,0.0,0.0,0.0,0.0,0.0,80,6,0.075,2009,56.7,1999,25.81323156011525,0.272868307468021,2037,1158,0,2,0.0,1.7271157167530224
2000,NOR,0.0,0.0,0.0,0.0,0.0,0.0,44,3,0.0681818181818181,2010,56.0,2000,25.86759478714676,0.272852886350737,1235,691,0,0,0.0,0.0
2001,NOR,0.0,0.0,0.0,0.0,0.0,0.0,43,0,0.0,2011,56.0,2001,25.883700886310308,0.27204854716931,1135,610,0,0,0.0,0.0
2002,NOR,0.0,0.0,0.0,0.0,0.0,0.0,62,4,0.064516129032258,2012,56.9,2002,26.000948627363588,0.271696707430961,1481,823,0,0,0.0,0.0
2003,NOR,0.0,0.0,0.0,0.0,0.0,0.0,60,3,0.05,2013,56.6,2003,26.158667343620493,0.270916767170641,1829,993,0,1,0.0,1.0070493454179255
2004,NOR,0.0,0.0,0.0,0.0,0.0,0.0,70,5,0.0714285714285714,2014,55.8,2004,26.30400402501749,0.269139549588338,1842,1019,0,3,0.0,2.944062806673209
2005,NOR,0.0,0.0,0.0,0.0,0.0,0.0,74,3,0.0405405405405405,2015,56.5,2005,26.459769034438253,0.268200627423909,1836,1015,0,0,0.0,0.0
2006,NOR,0.0,0.0,0.0,0.0,0.0,0.0,59,10,0.1694915254237288,2016,57.7,2006,26.572340895767415,0.266291494722297,1101,589,0,0,0.0,0.0
2007,NOR,0.0,0.0,0.0,0.0,0.0,0.0,66,23,0.3484848484848485,2017,58.9,2007,26.72132248380441,0.265684801529208,1255,702,0,5,0.0,7.122507122507122
2008,NOR,0.0,0.0,0.0,0.0,0.0,0.0,72,16,0.2222222222222222,2018,58.9,2008,26.865125921847792,0.264213356817931,1278,674,1,8,1.483679525222552,11.869436201780417
2009,NOR,0.0,0.0,0.0,0.0,0.0,0.0,46,11,0.2391304347826087,2019,59.8,2009,26.68420505073136,0.262749290683672,1075,611,0,2,0.0,3.273322422258593
2010,NOR,0.0,0.0,0.0,0.0,0.0,0.0,59,8,0.135593220338983,2020,60.9,2010,26.78949490335172,0.260903494354492,1345,723,0,2,0.0,2.7662517289073305
2011,NOR,0.0,0.0,0.0,0.0,0.0,0.0,98,17,0.173469387755102,2021,61.4,2011,26.94059133921814,0.261455396617028,1665,925,2,1,2.1621621621621623,1.0810810810810811
1995,NPL,0.0,0.0,0.0,0.0,0.0,0.0,91,4,0.0439560439560439,2005,89.5,1995,22.20512135046528,0.577886274555151,2871,1578,0,0,0.0,0.0
1996,NPL,0.0,0.0,0.0,0.0,0.0,0.0,69,7,0.1014492753623188,2006,91.2,1996,22.23212741149425,0.58526508817735,3109,1724,0,1,0.0,0.580046403712297
1997,NPL,0.0,0.0,0.0,0.0,0.0,0.0,75,2,0.0266666666666666,2007,91.3,1997,22.316308461572337,0.582966372051839,2633,1422,0,0,0.0,0.0
1998,NPL,0.0,0.0,0.0,0.0,0.0,0.0,69,3,0.0434782608695652,2008,90.5,1998,22.30353341074121,0.577806365126889,2106,1123,0,0,0.0,0.0
1999,NPL,0.0,0.0,0.0,0.0,0.0,0.0,55,4,0.0727272727272727,2009,88.9,1999,22.33940969100893,0.582135516761543,2258,1211,0,0,0.0,0.0
2000,NPL,0.0,0.0,0.0,0.0,0.0,0.0,77,5,0.0649350649350649,2010,87.3,2000,22.4269683296452,0.580472058031803,2698,1497,0,1,0.0,0.6680026720106881
2001,NPL,0.0,0.0,0.0,0.0,0.0,0.0,48,3,0.0625,2011,87.0,2001,22.516200455748983,0.585967547252411,2254,1236,0,0,0.0,0.0
2002,NPL,0.0,0.0,0.0,0.0,0.0,0.0,53,2,0.0377358490566037,2012,84.7,2002,22.52346885999983,0.574555613823895,1831,1042,0,0,0.0,0.0
2003,NPL,0.0,0.0,0.0,0.0,0.0,0.0,63,4,0.0634920634920634,2013,86.0,2003,22.568640809172244,0.573187502754064,2196,1229,0,0,0.0,0.0
2004,NPL,0.0,0.0,0.0,0.0,0.0,0.0,83,4,0.0481927710843373,2014,84.0,2004,22.707563703271788,0.573372612941757,2695,1526,0,0,0.0,0.0
2005,NPL,0.0,0.0,0.0,0.0,0.0,0.0,45,0,0.0,2015,85.2,2005,22.81885854536384,0.566553304372423,1907,1082,0,1,0.0,0.9242144177449169
2006,NPL,0.0,0.0,0.0,0.0,0.0,0.0,119,3,0.0252100840336134,2016,79.4,2006,22.925335917624917,0.565025116662655,2692,1497,0,1,0.0,0.6680026720106881
2007,NPL,0.0,0.0,0.0,0.0,0.0,0.0,126,15,0.119047619047619,2017,76.8,2007,23.057893830370222,0.552426766610293,2804,1586,0,12,0.0,7.566204287515763
2008,NPL,0.0,0.0,0.0,0.0,0.0,0.0,90,13,0.1444444444444444,2018,75.0,2008,23.252622978688496,0.551163037110277,2326,1244,0,3,0.0,2.411575562700965
2009,NPL,0.0,0.0,0.0,0.0,0.0,0.0,130,18,0.1384615384615384,2019,78.2,2009,23.276997546897388,0.548778894474354,3042,1702,0,11,0.0,6.462984723854289
2010,NPL,1.0,0.0,0.0,0.0,0.0,0.0,138,21,0.1521739130434782,2020,73.1,2010,23.496020572530213,0.540728167200516,2961,1693,0,8,0.0,4.725339633786178
2011,NPL,0.0,0.0,0.0,0.0,0.0,0.0,126,11,0.0873015873015873,2021,73.7,2011,23.794748802515013,0.534108956269752,2427,1321,0,2,0.0,1.514004542013626
2010,NRU,0.0,0.0,0.0,0.0,0.0,2.0,89,15,0.1685393258426966,2020,1.3,2010,17.677562391878272,0.541940565550377,1849,1010,0,7,0.0,6.930693069306931
2011,NRU,0.0,0.0,0.0,0.0,0.0,0.0,75,36,0.48,2021,1.6,2011,17.99100259553316,0.542453057079974,1768,975,0,17,0.0,17.435897435897434
2012,NRU,0.0,0.0,0.0,0.0,0.0,0.0,59,27,0.4576271186440678,2022,1.9,2012,18.43118259199889,0.541605595477408,1962,1060,1,19,0.9433962264150944,17.92452830188679
1995,NZL,0.0,0.0,0.0,0.0,0.0,0.0,74,9,0.1216216216216216,2005,26.8,1995,24.880849627590752,0.311455216105714,2256,1182,0,0,0.0,0.0
1996,NZL,0.0,0.0,0.0,0.0,0.0,0.0,59,10,0.1694915254237288,2006,27.0,1996,24.97377099061234,0.309188638384193,2251,1222,0,0,0.0,0.0
1997,NZL,0.0,0.0,0.0,0.0,0.0,0.0,68,2,0.0294117647058823,2007,27.0,1997,24.914027999162744,0.309605947098521,2115,1097,0,0,0.0,0.0
1998,NZL,0.0,0.0,0.0,0.0,0.0,0.0,94,5,0.0531914893617021,2008,26.1,1998,24.752654083673697,0.309930753585427,2729,1456,0,1,0.0,0.6868131868131868
1999,NZL,0.0,0.0,0.0,0.0,0.0,0.0,81,5,0.0617283950617283,2009,28.5,1999,24.79676565970402,0.308532670579064,3242,1742,0,2,0.0,1.1481056257175661
2000,NZL,0.0,0.0,0.0,0.0,0.0,0.0,59,8,0.135593220338983,2010,29.4,2000,24.686418260716163,0.307322602721405,2288,1246,0,1,0.0,0.8025682182985554
2001,NZL,0.0,0.0,0.0,0.0,0.0,0.0,50,1,0.02,2011,30.3,2001,24.709885302999783,0.304707864950488,1792,981,0,0,0.0,0.0
2002,NZL,0.0,0.0,0.0,0.0,0.0,0.0,52,5,0.0961538461538461,2012,28.8,2002,24.92238668386166,0.304269447877849,1521,802,0,2,0.0,2.493765586034913
2003,NZL,0.0,0.0,0.0,0.0,0.0,0.0,47,0,0.0,2013,28.3,2003,25.20344956727038,0.303519255528557,1735,960,0,0,0.0,0.0
2004,NZL,0.0,0.0,0.0,0.0,0.0,0.0,56,2,0.0357142857142857,2014,29.0,2004,25.366748907684325,0.302698184534138,1840,993,0,0,0.0,0.0
2005,NZL,0.0,0.0,0.0,0.0,0.0,0.0,33,1,0.0303030303030303,2015,29.3,2005,25.465761343068355,0.300800147363361,1538,827,0,0,0.0,0.0
2006,NZL,0.0,0.0,0.0,0.0,0.0,0.0,98,5,0.0510204081632653,2016,30.1,2006,25.437638445424938,0.30057682937364,1772,979,0,3,0.0,3.0643513789581203
2007,NZL,0.0,0.0,0.0,0.0,0.0,0.0,97,17,0.1752577319587628,2017,28.4,2007,25.64462498679172,0.298835499000001,1944,1127,0,9,0.0,7.985803016858917
2008,NZL,0.0,0.0,0.0,0.0,0.0,0.0,69,5,0.072463768115942,2018,28.9,2008,25.6146022215048,0.295347876568785,1528,887,1,1,1.1273957158962795,1.1273957158962795
2009,NZL,0.0,0.0,0.0,0.0,1.0,0.0,98,22,0.2244897959183673,2019,28.0,2009,25.52213924834433,0.2966183746884,2051,1103,0,9,0.0,8.159564823209429
2010,NZL,0.0,0.0,0.0,0.0,0.0,0.0,105,19,0.1809523809523809,2020,28.7,2010,25.71041099325976,0.294567981232552,1980,1083,0,6,0.0,5.54016620498615
2011,NZL,0.0,0.0,0.0,0.0,0.0,0.0,119,29,0.2436974789915966,2021,28.9,2011,25.84896258276628,0.294826059704435,2446,1345,0,7,0.0,5.204460966542751
1995,OMN,0.0,0.0,0.0,0.0,0.0,0.0,50,2,0.04,2005,0.0,1995,23.34812287367162,0.49178421939122,2941,1565,0,2,0.0,1.2779552715654952
1996,OMN,0.0,0.0,0.0,0.0,0.0,0.0,58,3,0.0517241379310344,2006,0.0,1996,23.44966423097819,0.487977566528343,2865,1541,0,0,0.0,0.0
1997,OMN,0.0,0.0,0.0,0.0,0.0,0.0,73,11,0.1506849315068493,2007,0.0,1997,23.48564330350448,0.486356639789608,3977,2074,0,2,0.0,0.9643201542912248
1998,OMN,0.0,0.0,0.0,0.0,0.0,0.0,67,3,0.044776119402985,2008,0.0,1998,23.36210276327465,0.485975220267561,3656,1920,0,1,0.0,0.5208333333333334
1999,OMN,0.0,0.0,0.0,0.0,0.0,0.0,67,7,0.1044776119402985,2009,0.0,1999,23.47011718736397,0.488412154419924,3182,1749,0,1,0.0,0.5717552887364208
2000,OMN,0.0,0.0,0.0,0.0,0.0,0.0,57,0,0.0,2010,0.0,2000,23.69406241083676,0.48760316775455,2423,1298,0,2,0.0,1.5408320493066257
2001,OMN,0.0,0.0,0.0,0.0,0.0,0.0,61,2,0.0327868852459016,2011,0.0,2001,23.69121575622042,0.486346824417091,2659,1361,0,0,0.0,0.0
2002,OMN,0.0,0.0,0.0,0.0,0.0,0.0,39,5,0.1282051282051282,2012,0.0,2002,23.72611055931341,0.484108598413618,1999,1087,0,0,0.0,0.0
2003,OMN,0.0,0.0,0.0,0.0,0.0,0.0,58,4,0.0689655172413793,2013,0.0,2003,23.79751849966565,0.474525871334691,2761,1493,0,1,0.0,0.6697923643670461
2004,OMN,0.0,0.0,0.0,0.0,0.0,0.0,40,4,0.1,2014,0.0,2004,23.932645228044176,0.476486280204385,1482,779,0,0,0.0,0.0
2006,OMN,0.0,0.0,0.0,0.0,0.0,0.0,49,5,0.1020408163265306,2016,0.0,2006,24.339998694144334,0.472757715732647,1245,669,0,1,0.0,1.4947683109118086
2007,OMN,0.0,0.0,0.0,0.0,0.0,0.0,42,5,0.119047619047619,2017,0.0,2007,24.46296623594093,0.4720651578687,1172,626,0,1,0.0,1.5974440894568689
2008,OMN,0.0,0.0,0.0,0.0,0.0,0.0,47,5,0.1063829787234042,2018,0.0,2008,24.83258854026529,0.471097885795011,1401,764,0,4,0.0,5.235602094240838
2009,OMN,0.0,0.0,0.0,0.0,0.0,0.0,29,2,0.0689655172413793,2019,0.0,2009,24.602525200048188,0.469672947511028,838,467,0,2,0.0,4.282655246252677
2010,OMN,0.0,0.0,0.0,0.0,0.0,0.0,30,4,0.1333333333333333,2020,0.1,2010,24.897553071823328,0.469052778130396,922,505,0,0,0.0,0.0
2011,OMN,0.0,0.0,0.0,0.0,0.0,0.0,31,3,0.0967741935483871,2021,0.1,2011,25.073511892268485,0.467875407999189,898,478,0,2,0.0,4.184100418410042
1995,PAK,0.0,0.0,0.0,0.0,0.0,0.0,170,1,0.0058823529411764,2005,48.0,1995,24.828155795245475,0.566422359660211,4954,2651,0,0,0.0,0.0
1996,PAK,0.0,0.0,0.0,0.0,0.0,0.0,63,0,0.0,2006,47.0,1996,24.871469758057952,0.566008353566223,2537,1367,0,0,0.0,0.0
1997,PAK,0.0,0.0,0.0,0.0,0.0,0.0,103,3,0.029126213592233,2007,44.9,1997,24.8573652720049,0.567409578019702,2781,1455,0,0,0.0,0.0
1998,PAK,0.0,0.0,0.0,0.0,0.0,0.0,112,6,0.0535714285714285,2008,46.6,1998,24.853491500578794,0.565386756476739,2632,1436,0,0,0.0,0.0
1999,PAK,0.0,0.0,0.0,0.0,0.0,0.0,94,8,0.0851063829787234,2009,46.4,1999,24.865985506483604,0.562929731673093,3141,1841,0,0,0.0,0.0
2000,PAK,0.0,0.0,0.0,0.0,0.0,0.0,108,4,0.037037037037037,2010,47.4,2000,25.130201443925163,0.560397271296518,3288,1787,0,1,0.0,0.5595970900951316
2001,PAK,0.0,0.0,0.0,0.0,0.0,0.0,74,6,0.081081081081081,2011,46.8,2001,25.098826663072305,0.557254968635657,2419,1258,0,0,0.0,0.0
2002,PAK,0.0,0.0,0.0,0.0,0.0,0.0,52,0,0.0,2012,47.2,2002,25.104104083078767,0.557493269376915,1485,849,0,0,0.0,0.0
2003,PAK,0.0,0.0,0.0,0.0,0.0,0.0,70,0,0.0,2013,48.1,2003,25.2424482267073,0.556424914840615,1800,992,0,0,0.0,0.0
2004,PAK,0.0,0.0,0.0,0.0,0.0,0.0,73,0,0.0,2014,47.2,2004,25.40316943533041,0.549213922719829,1950,1082,0,1,0.0,0.9242144177449169
2005,PAK,0.0,0.0,0.0,0.0,0.0,0.0,76,1,0.0131578947368421,2015,45.9,2005,25.51121824021645,0.547590771512852,2284,1264,0,0,0.0,0.0
2006,PAK,0.0,0.0,0.0,0.0,0.0,0.0,78,6,0.0769230769230769,2016,43.7,2006,25.64517236094827,0.545434903285035,1546,870,0,1,0.0,1.1494252873563218
2007,PAK,0.0,0.0,0.0,0.0,0.0,0.0,112,17,0.1517857142857142,2017,42.1,2007,25.749680750819618,0.544852536293974,2151,1193,0,3,0.0,2.5146689019279127
2008,PAK,0.0,0.0,0.0,0.0,0.0,0.0,150,2,0.0133333333333333,2018,43.4,2008,25.85952189930553,0.549718515229723,2712,1309,0,0,0.0,0.0
2009,PAK,0.0,0.0,0.0,0.0,0.0,0.0,88,2,0.0227272727272727,2019,45.9,2009,25.84813877980172,0.546089088582992,1234,664,0,0,0.0,0.0
2010,PAK,0.0,0.0,0.0,0.0,0.0,2.0,97,11,0.1134020618556701,2020,42.7,2010,25.90035043087009,0.545377008089123,2037,1136,0,9,0.0,7.922535211267605
2011,PAK,0.0,0.0,0.0,0.0,0.0,0.0,185,5,0.027027027027027,2021,41.6,2011,26.087312502193672,0.54550559681253,3465,1836,0,0,0.0,0.0
1995,PAN,0.0,0.0,0.0,0.0,0.0,0.0,35,0,0.0,2005,22.8,1995,22.982297468776075,0.444914925914958,2627,1322,0,0,0.0,0.0
1996,PAN,0.0,0.0,0.0,0.0,0.0,0.0,72,8,0.1111111111111111,2006,22.1,1996,23.01281573979787,0.443457281597018,3883,2035,0,1,0.0,0.4914004914004914
1997,PAN,0.0,0.0,0.0,0.0,0.0,0.0,39,0,0.0,2007,22.8,1997,23.09138452770003,0.443789562068988,2988,1469,0,0,0.0,0.0
1998,PAN,0.0,0.0,0.0,0.0,0.0,0.0,23,3,0.1304347826086956,2008,23.4,1998,23.172155457634094,0.443740874687481,2119,1111,0,0,0.0,0.0
1999,PAN,0.0,0.0,0.0,0.0,0.0,0.0,34,1,0.0294117647058823,2009,20.4,1999,23.218968351112448,0.440828369601573,2084,1038,0,1,0.0,0.9633911368015414
2000,PAN,0.0,0.0,0.0,0.0,0.0,0.0,57,5,0.087719298245614,2010,20.6,2000,23.233199596219983,0.439666443161962,2912,1548,0,1,0.0,0.6459948320413437
2001,PAN,0.0,0.0,0.0,0.0,0.0,0.0,34,3,0.088235294117647,2011,19.7,2001,23.249155540283965,0.437731426106842,2032,1068,0,1,0.0,0.9363295880149812
2002,PAN,0.0,0.0,0.0,0.0,0.0,0.0,14,0,0.0,2012,21.2,2002,23.28777743706772,0.437560334090022,1139,587,0,0,0.0,0.0
2003,PAN,0.0,0.0,0.0,0.0,0.0,0.0,26,0,0.0,2013,20.7,2003,23.34022224478031,0.434760251921588,1891,1000,0,0,0.0,0.0
2004,PAN,0.0,0.0,0.0,0.0,0.0,0.0,42,4,0.0952380952380952,2014,19.8,2004,23.432207753685365,0.434783017826494,1373,667,0,2,0.0,2.998500749625187
2005,PAN,0.0,0.0,0.0,0.0,0.0,0.0,37,3,0.081081081081081,2015,22.0,2005,23.51898460404224,0.43373718022286,1867,969,0,1,0.0,1.0319917440660473
2006,PAN,0.0,0.0,0.0,0.0,0.0,0.0,61,0,0.0,2016,22.1,2006,23.62147713518761,0.43109942831709,1631,794,0,0,0.0,0.0
2007,PAN,0.0,0.0,0.0,0.0,0.0,0.0,56,2,0.0357142857142857,2017,23.6,2007,23.781784356675526,0.429755757291926,1450,759,0,0,0.0,0.0
2008,PAN,0.0,0.0,0.0,0.0,0.0,0.0,51,15,0.2941176470588235,2018,24.5,2008,23.94835784525087,0.429439806897567,1723,829,0,4,0.0,4.8250904704463204
2009,PAN,0.0,0.0,0.0,0.0,0.0,0.0,121,14,0.1157024793388429,2019,19.0,2009,24.02341323627582,0.425973103632568,2059,1049,0,3,0.0,2.859866539561487
2010,PAN,0.0,0.0,0.0,0.0,0.0,0.0,80,5,0.0625,2020,28.5,2010,24.10562989978111,0.427386468395078,1673,894,0,2,0.0,2.237136465324385
2011,PAN,0.0,0.0,0.0,0.0,0.0,0.0,65,9,0.1384615384615384,2021,28.0,2011,24.26960845083984,0.421895753605882,2244,1212,0,6,0.0,4.9504950495049505
1995,PER,0.0,0.0,0.0,0.0,0.0,0.0,27,0,0.0,2005,38.4,1995,24.69944217096625,0.473918193853635,1428,756,0,0,0.0,0.0
1996,PER,0.0,0.0,0.0,0.0,0.0,0.0,35,1,0.0285714285714285,2006,38.7,1996,24.73517787105032,0.47417049271008,1493,784,0,0,0.0,0.0
1997,PER,0.0,0.0,0.0,0.0,0.0,0.0,61,7,0.1147540983606557,2007,36.0,1997,24.78624911006796,0.472424841121922,2786,1502,0,1,0.0,0.6657789613848203
1998,PER,0.0,0.0,0.0,0.0,0.0,0.0,45,2,0.0444444444444444,2008,33.7,1998,24.739675305583287,0.471780031157941,2029,1102,0,1,0.0,0.9074410163339383
1999,PER,0.0,0.0,0.0,0.0,0.0,0.0,14,0,0.0,2009,32.9,1999,24.63902833311553,0.469150991760674,791,418,0,0,0.0,0.0
2000,PER,0.0,0.0,0.0,0.0,0.0,0.0,45,2,0.0444444444444444,2010,32.2,2000,24.66958879791488,0.469777152705088,2296,1180,0,1,0.0,0.847457627118644
2001,PER,0.0,0.0,0.0,0.0,0.0,0.0,41,0,0.0,2011,30.6,2001,24.67508936384881,0.466713407433405,1374,701,0,0,0.0,0.0
2002,PER,0.0,0.0,0.0,0.0,0.0,0.0,35,2,0.0571428571428571,2012,30.8,2002,24.72654633959785,0.462696406876048,1854,946,0,1,0.0,1.0570824524312896
2003,PER,0.0,0.0,0.0,0.0,0.0,0.0,41,0,0.0,2013,28.4,2003,24.796234046289555,0.463547805361664,1389,742,0,0,0.0,0.0
2004,PER,0.0,0.0,0.0,0.0,0.0,0.0,32,1,0.03125,2014,28.6,2004,24.92450029719469,0.46003520142985,972,566,0,0,0.0,0.0
2005,PER,0.0,0.0,0.0,0.0,0.0,0.0,47,5,0.1063829787234042,2015,27.4,2005,25.05479630761094,0.455594180010306,1193,646,0,1,0.0,1.5479876160990713
2006,PER,0.0,0.0,0.0,0.0,0.0,0.0,61,4,0.0655737704918032,2016,27.2,2006,25.20788508210795,0.453457278229596,1668,916,0,0,0.0,0.0
2007,PER,0.0,0.0,0.0,0.0,0.0,0.0,72,8,0.1111111111111111,2017,27.6,2007,25.34991353255737,0.447371649795978,2156,1194,0,5,0.0,4.187604690117253
2008,PER,0.0,0.0,0.0,0.0,0.0,0.0,66,11,0.1666666666666666,2018,27.9,2008,25.51533541721447,0.443483528445517,1921,1047,0,2,0.0,1.9102196752626552
2009,PER,0.0,0.0,0.0,0.0,0.0,0.0,60,12,0.2,2019,27.1,2009,25.517592390114952,0.443822195241379,1922,1042,0,8,0.0,7.677543186180422
2010,PER,0.0,0.0,1.0,0.0,0.0,0.0,124,22,0.1774193548387097,2020,31.6,2010,25.71728132752753,0.435156238439534,3545,1886,0,8,0.0,4.241781548250265
2011,PER,1.0,0.0,0.0,0.0,0.0,0.0,103,10,0.0970873786407767,2021,30.6,2011,25.869374103687736,0.43509968626862,2209,1150,1,5,0.8695652173913044,4.3478260869565215
1995,PHL,0.0,0.0,0.0,0.0,0.0,0.0,52,1,0.0192307692307692,2005,31.3,1995,25.1617239595254,0.491028810517647,2578,1329,0,0,0.0,0.0
1996,PHL,0.0,0.0,0.0,0.0,0.0,0.0,54,10,0.1851851851851851,2006,33.3,1996,25.273431475928906,0.4907870105862,2979,1600,0,0,0.0,0.0
1997,PHL,0.0,0.0,0.0,0.0,0.0,0.0,69,5,0.072463768115942,2007,32.4,1997,25.26769100669408,0.490683346710387,2586,1387,0,1,0.0,0.7209805335255948
1998,PHL,0.0,0.0,0.0,0.0,0.0,0.0,87,5,0.057471264367816,2008,33.9,1998,25.033963162922355,0.490067522891618,2676,1474,0,1,0.0,0.6784260515603798
1999,PHL,0.0,0.0,0.0,0.0,0.0,0.0,80,1,0.0125,2009,34.1,1999,25.173420289397814,0.488094822538759,2676,1457,0,0,0.0,0.0
2000,PHL,0.0,0.0,0.0,0.0,0.0,0.0,58,2,0.0344827586206896,2010,32.7,2000,25.15014379653481,0.485882577336337,1689,922,0,1,0.0,1.0845986984815619
2001,PHL,0.0,0.0,0.0,0.0,0.0,0.0,40,0,0.0,2011,33.8,2001,25.091716159869016,0.484555081547601,1673,835,0,0,0.0,0.0
2002,PHL,0.0,0.0,0.0,0.0,0.0,0.0,47,4,0.0851063829787234,2012,34.1,2002,25.157734844444278,0.479055321644657,1549,850,0,0,0.0,0.0
2003,PHL,0.0,0.0,0.0,0.0,0.0,0.0,22,1,0.0454545454545454,2013,33.1,2003,25.189623193058047,0.476858336157558,1221,655,0,0,0.0,0.0
2004,PHL,0.0,0.0,0.0,0.0,0.0,0.0,62,0,0.0,2014,32.4,2004,25.277163783588453,0.474159063101065,2207,1197,0,0,0.0,0.0
2005,PHL,1.0,0.0,0.0,0.0,0.0,0.0,63,5,0.0793650793650793,2015,30.8,2005,25.400012016322236,0.473665810126429,2145,1200,1,0,0.8333333333333334,0.0
2006,PHL,0.0,0.0,0.0,0.0,0.0,0.0,57,5,0.087719298245614,2016,28.6,2006,25.57258091505168,0.472767171415598,1466,788,0,2,0.0,2.5380710659898473
2007,PHL,0.0,0.0,1.0,0.0,0.0,0.0,69,10,0.144927536231884,2017,27.8,2007,25.772996247033312,0.469374251414012,1450,796,0,5,0.0,6.28140703517588
2008,PHL,0.0,0.0,1.0,0.0,0.0,0.0,59,9,0.1525423728813559,2018,27.6,2008,25.925207910262152,0.468292400768801,1192,662,1,0,1.5105740181268883,0.0
2009,PHL,0.0,0.0,0.0,0.0,0.0,0.0,77,10,0.1298701298701298,2019,26.9,2009,25.893606379695772,0.465194758721814,1741,997,2,7,2.0060180541624875,7.021063189568706
2010,PHL,0.0,0.0,0.0,0.0,0.0,0.0,46,7,0.1521739130434782,2020,29.1,2010,26.062575866581195,0.467533206647933,1079,532,0,4,0.0,7.518796992481203
2011,PHL,0.0,0.0,0.0,0.0,0.0,0.0,69,4,0.0579710144927536,2021,28.0,2011,26.17951272323568,0.463126873650156,1614,889,0,0,0.0,0.0
2000,PLW,0.0,0.0,0.0,0.0,0.0,0.0,28,8,0.2857142857142857,2010,0.0,2000,18.801152777669365,0.50910528285656,1291,708,0,9,0.0,12.711864406779663
2001,PLW,0.0,0.0,0.0,0.0,0.0,0.0,36,4,0.1111111111111111,2011,0.0,2001,18.87116956697746,0.511451628367948,1536,779,0,2,0.0,2.567394094993581
2002,PLW,0.0,0.0,0.0,0.0,0.0,0.0,36,7,0.1944444444444444,2012,0.0,2002,18.91039447170382,0.504095364564783,1773,953,0,6,0.0,6.295907660020987
2003,PLW,0.0,0.0,0.0,0.0,0.0,0.0,31,7,0.2258064516129032,2013,0.0,2003,18.8522241707832,0.505105926436964,1125,645,0,4,0.0,6.2015503875969
2004,PLW,0.0,0.0,0.0,0.0,0.0,0.0,29,7,0.2413793103448276,2014,0.3,2004,18.92258388045294,0.51714480022086,1359,724,0,0,0.0,0.0
2005,PLW,0.0,0.0,0.0,0.0,0.0,0.0,46,8,0.1739130434782608,2015,0.4,2005,19.06491547786668,0.51733965602128,1574,828,0,3,0.0,3.6231884057971016
2006,PLW,0.0,0.0,0.0,0.0,0.0,0.0,77,16,0.2077922077922078,2016,0.6,2006,19.07499561592021,0.515042448457936,1327,750,0,4,0.0,5.333333333333333
2007,PLW,0.0,0.0,0.0,0.0,0.0,0.0,47,13,0.2765957446808511,2017,0.6,2007,19.108301180157543,0.515626509180848,1062,577,0,3,0.0,5.199306759098787
2008,PLW,0.0,0.0,0.0,0.0,0.0,0.0,56,18,0.3214285714285714,2018,0.6,2008,19.105210400077944,0.515519235089568,1222,685,2,6,2.9197080291970803,8.75912408759124
2009,PLW,0.0,0.0,0.0,0.0,0.0,0.0,62,19,0.3064516129032258,2019,0.9,2009,19.049410995982058,0.513070155267472,1414,766,2,6,2.6109660574412534,7.832898172323759
2010,PLW,0.0,0.0,0.0,0.0,0.0,0.0,80,22,0.275,2020,0.9,2010,19.040950733098683,0.517251480634287,1693,908,0,4,0.0,4.405286343612335
2011,PLW,0.0,0.0,0.0,0.0,0.0,0.0,106,42,0.3962264150943396,2021,0.9,2011,19.09826291581421,0.507410319221596,2107,1149,0,11,0.0,9.573542210617928
2012,PLW,0.0,0.0,0.0,0.0,0.0,2.0,67,30,0.4477611940298507,2022,0.9,2012,19.17397148946297,0.50647458878597,1985,1121,0,12,0.0,10.70472792149866
1995,PNG,0.0,0.0,0.0,0.0,0.0,0.0,83,6,0.072289156626506,2005,58.6,1995,22.257130160103756,0.541444363268504,3653,1901,0,4,0.0,2.1041557075223567
1996,PNG,0.0,0.0,0.0,0.0,0.0,0.0,71,7,0.0985915492957746,2006,58.9,1996,22.36329329730853,0.54554952473506,3016,1674,0,2,0.0,1.194743130227001
1997,PNG,0.0,0.0,0.0,0.0,0.0,0.0,60,6,0.1,2007,57.1,1997,22.31994577116964,0.548500508090692,3340,1826,0,7,0.0,3.8335158817086525
1998,PNG,0.0,0.0,0.0,0.0,0.0,0.0,63,18,0.2857142857142857,2008,56.9,1998,22.055484883499386,0.547953608768231,3305,1820,0,17,0.0,9.340659340659341
1999,PNG,0.0,0.0,0.0,0.0,0.0,0.0,66,10,0.1515151515151515,2009,56.0,1999,21.969446677544788,0.546760518375583,2892,1544,0,5,0.0,3.238341968911917
2000,PNG,0.0,0.0,0.0,0.0,0.0,0.0,57,2,0.0350877192982456,2010,55.2,2000,21.982107350454832,0.542393714667604,3531,1971,0,3,0.0,1.5220700152207
2001,PNG,0.0,0.0,0.0,0.0,0.0,0.0,58,12,0.2068965517241379,2011,54.7,2001,21.84852791501757,0.553442799710645,2525,1376,0,10,0.0,7.267441860465116
2002,PNG,0.0,0.0,0.0,0.0,0.0,0.0,44,11,0.25,2012,55.5,2002,21.821715125664085,0.561732193525368,2407,1364,0,9,0.0,6.5982404692082115
2003,PNG,0.0,0.0,0.0,0.0,0.0,0.0,54,11,0.2037037037037037,2013,58.3,2003,21.98637844100351,0.562790317759074,2315,1340,0,7,0.0,5.223880597014926
2004,PNG,0.0,0.0,0.0,0.0,0.0,0.0,44,7,0.1590909090909091,2014,56.9,2004,22.091181812141706,0.558823760922228,2128,1181,0,6,0.0,5.080440304826418
2005,PNG,0.0,0.0,0.0,0.0,0.0,0.0,76,17,0.2236842105263158,2015,55.3,2005,22.30551608599803,0.556710782658547,2678,1584,1,12,0.6313131313131314,7.575757575757576
2006,PNG,0.0,0.0,0.0,0.0,0.0,0.0,111,23,0.2072072072072072,2016,54.8,2006,22.846115421080253,0.558768410261401,2319,1309,0,9,0.0,6.875477463712758
2007,PNG,0.0,0.0,0.0,0.0,0.0,0.0,70,11,0.1571428571428571,2017,54.7,2007,22.979286382752143,0.55895030307606,1459,839,0,8,0.0,9.535160905840286
2008,PNG,0.0,0.0,0.0,0.0,0.0,0.0,93,37,0.3978494623655914,2018,53.4,2008,23.18036366079076,0.556417793801346,1985,1173,0,12,0.0,10.230179028132993
2009,PNG,0.0,0.0,0.0,0.0,0.0,1.0,104,30,0.2884615384615384,2019,53.2,2009,23.17594668907765,0.558369342178218,2436,1396,0,15,0.0,10.744985673352435
2010,PNG,0.0,0.0,1.0,0.0,0.0,0.0,79,26,0.3291139240506329,2020,53.6,2010,23.380077886070524,0.562001796701784,1763,981,0,9,0.0,9.174311926605505
2011,PNG,0.0,0.0,1.0,0.0,0.0,0.0,64,14,0.21875,2021,54.5,2011,23.612811612146103,0.558519893370653,1433,825,0,4,0.0,4.848484848484849
2012,PNG,0.0,0.0,0.0,0.0,0.0,0.0,55,6,0.109090909090909,2022,54.6,2012,23.781745898028056,0.556447181222718,1930,1059,0,3,0.0,2.8328611898017
1995,POL,0.0,0.0,0.0,0.0,0.0,0.0,128,1,0.0078125,2005,7.2,1995,25.681159500385476,0.328299052081639,4686,2479,0,0,0.0,0.0
1996,POL,0.0,0.0,0.0,0.0,0.0,0.0,80,1,0.0125,2006,7.2,1996,25.79964668648365,0.327930931400166,2789,1509,0,0,0.0,0.0
1997,POL,0.0,0.0,0.0,0.0,0.0,0.0,86,7,0.0813953488372093,2007,7.3,1997,25.79442030248058,0.326406235061374,3108,1650,0,4,0.0,2.4242424242424243
1998,POL,0.0,0.0,0.0,0.0,0.0,0.0,83,3,0.036144578313253,2008,8.0,1998,25.88625472029237,0.322888781964355,3020,1545,0,1,0.0,0.6472491909385113
1999,POL,0.0,0.0,0.0,0.0,0.0,0.0,76,2,0.0263157894736842,2009,8.8,1999,25.859244539206745,0.32272304172842,2561,1341,0,1,0.0,0.7457121551081282
2000,POL,0.0,0.0,0.0,0.0,0.0,0.0,89,5,0.0561797752808988,2010,9.5,2000,25.872041189524197,0.321973287334295,3952,2086,0,0,0.0,0.0
2001,POL,0.0,0.0,0.0,0.0,0.0,0.0,44,1,0.0227272727272727,2011,10.4,2001,25.975044344314878,0.320803071440902,1764,906,0,0,0.0,0.0
2002,POL,0.0,0.0,0.0,0.0,0.0,0.0,47,0,0.0,2012,10.9,2002,26.01692453086589,0.319375874267648,1671,853,0,0,0.0,0.0
2003,POL,0.0,0.0,0.0,0.0,0.0,0.0,35,1,0.0285714285714285,2013,11.4,2003,26.106974632254094,0.31779139770017,2020,1084,0,0,0.0,0.0
2004,POL,0.0,0.0,0.0,0.0,0.0,0.0,50,3,0.06,2014,11.6,2004,26.26494998151109,0.316858279930996,1614,834,0,0,0.0,0.0
2005,POL,0.0,0.0,0.0,0.0,0.0,0.0,65,0,0.0,2015,11.9,2005,26.447327666043734,0.316351317938226,1882,1010,0,1,0.0,0.9900990099009901
2006,POL,0.0,0.0,0.0,0.0,0.0,0.0,80,4,0.05,2016,11.3,2006,26.5657274372041,0.316251675255795,1705,892,1,0,1.1210762331838564,0.0
2007,POL,0.0,0.0,0.0,0.0,0.0,0.0,58,16,0.2758620689655172,2017,11.1,2007,26.78477113566681,0.317100597613549,1083,554,0,12,0.0,21.660649819494584
2008,POL,0.0,0.0,0.0,0.0,0.0,0.0,91,16,0.1758241758241758,2018,15.1,2008,27.00291205670333,0.316956446302895,2273,1171,3,8,2.5619128949615715,6.831767719897523
2009,POL,0.0,0.0,0.0,0.0,0.0,0.0,68,4,0.0588235294117647,2019,15.6,2009,26.80943045986721,0.316442153674066,1437,666,0,2,0.0,3.003003003003003
2010,POL,0.0,0.0,0.0,0.0,0.0,2.0,104,23,0.2211538461538461,2020,16.1,2010,26.888046122293307,0.315425580251939,2132,1191,1,5,0.8396305625524769,4.198152812762385
2011,POL,0.0,0.0,0.0,0.0,0.0,0.0,110,8,0.0727272727272727,2021,15.2,2011,26.9854714315408,0.31580320001859,2443,1277,0,1,0.0,0.7830853563038371
1995,PRT,0.0,0.0,0.0,0.0,0.0,0.0,55,4,0.0727272727272727,2005,18.1,1995,25.49498388851348,0.412101980627865,4165,2106,0,0,0.0,0.0
1996,PRT,0.0,0.0,0.0,0.0,0.0,0.0,68,5,0.0735294117647058,2006,22.3,1996,25.532438260025632,0.408581526338838,3942,2008,0,1,0.0,0.49800796812749004
1997,PRT,0.0,0.0,0.0,0.0,0.0,0.0,54,6,0.1111111111111111,2007,23.1,1997,25.48558108793805,0.408330160422905,3049,1617,0,1,0.0,0.6184291898577613
1998,PRT,0.0,0.0,0.0,0.0,0.0,0.0,31,2,0.064516129032258,2008,23.2,1998,25.543114469462346,0.405093517661421,2100,1073,0,0,0.0,0.0
1999,PRT,0.0,0.0,0.0,0.0,0.0,0.0,26,0,0.0,2009,24.9,1999,25.57114990442483,0.402794080735719,1854,925,0,0,0.0,0.0
2000,PRT,0.0,0.0,0.0,0.0,0.0,0.0,61,7,0.1147540983606557,2010,27.8,2000,25.499066107349147,0.402196023989406,2318,1191,1,1,0.8396305625524769,0.8396305625524769
2001,PRT,0.0,0.0,0.0,0.0,0.0,0.0,33,0,0.0,2011,27.2,2001,25.52403658193604,0.401902856938383,1680,869,0,0,0.0,0.0
2002,PRT,0.0,0.0,0.0,0.0,0.0,0.0,36,1,0.0277777777777777,2012,25.5,2002,25.627025138362743,0.397829229051598,1061,564,0,0,0.0,0.0
2003,PRT,0.0,0.0,0.0,0.0,0.0,0.0,56,2,0.0357142857142857,2013,30.2,2003,25.830581133042333,0.396812368742598,1933,966,0,0,0.0,0.0
2004,PRT,0.0,0.0,0.0,0.0,0.0,0.0,58,4,0.0689655172413793,2014,30.5,2004,25.96703262323281,0.394122600737295,2072,1026,0,1,0.0,0.9746588693957114
2005,PRT,0.0,0.0,0.0,0.0,0.0,0.0,38,3,0.0789473684210526,2015,27.2,2005,26.00775745024352,0.394624321445223,1752,935,0,3,0.0,3.2085561497326203
2006,PRT,0.0,0.0,0.0,0.0,0.0,0.0,69,2,0.0289855072463768,2016,29.0,2006,26.06443409493547,0.392259649005393,1584,778,0,0,0.0,0.0
2007,PRT,0.0,0.0,0.0,0.0,0.0,0.0,84,13,0.1547619047619047,2017,24.4,2007,26.20596990689198,0.389267147469956,1904,992,0,6,0.0,6.048387096774193
2008,PRT,0.0,0.0,0.0,0.0,0.0,0.0,73,9,0.1232876712328767,2018,27.5,2008,26.297001866626896,0.382819095449808,1548,842,0,3,0.0,3.5629453681710217
2009,PRT,0.0,0.0,0.0,0.0,0.0,0.0,89,21,0.2359550561797752,2019,28.2,2009,26.223167057138912,0.382505333323319,2281,1172,2,10,1.7064846416382253,8.532423208191126
2010,PRT,0.0,0.0,0.0,0.0,0.0,0.0,82,15,0.1829268292682926,2020,31.3,2010,26.19601120143437,0.378859944479589,1764,935,2,3,2.1390374331550803,3.2085561497326203
2011,PRT,0.0,0.0,0.0,0.0,0.0,0.0,95,3,0.031578947368421,2021,32.3,2011,26.225005524387026,0.378588447593406,2331,1218,0,0,0.0,0.0
1995,PRY,0.0,0.0,0.0,0.0,0.0,0.0,59,5,0.0847457627118644,2005,68.8,1995,22.927370191472782,0.441214761946657,3702,1879,0,0,0.0,0.0
1996,PRY,0.0,0.0,0.0,0.0,0.0,0.0,70,2,0.0285714285714285,2006,66.5,1996,23.00446300839109,0.439098463400724,2536,1344,0,0,0.0,0.0
1997,PRY,0.0,0.0,0.0,0.0,0.0,0.0,40,5,0.125,2007,68.4,1997,23.02236743741945,0.4375258555765,3061,1608,0,1,0.0,0.6218905472636815
1998,PRY,0.0,0.0,0.0,0.0,0.0,0.0,27,1,0.037037037037037,2008,65.8,1998,22.949021889867804,0.436704217865429,1721,884,0,0,0.0,0.0
1999,PRY,0.0,0.0,0.0,0.0,0.0,0.0,35,2,0.0571428571428571,2009,65.4,1999,22.90222123739683,0.434007970959183,2143,1102,0,2,0.0,1.8148820326678765
2000,PRY,0.0,0.0,0.0,0.0,0.0,0.0,56,3,0.0535714285714285,2010,63.6,2000,22.904327736857176,0.43301438354368,2804,1417,0,0,0.0,0.0
2001,PRY,0.0,0.0,0.0,0.0,0.0,0.0,31,0,0.0,2011,62.5,2001,22.862838517758952,0.417968528917,1923,972,0,0,0.0,0.0
2002,PRY,0.0,0.0,0.0,0.0,0.0,0.0,48,1,0.0208333333333333,2012,63.4,2002,22.696827374863396,0.415329664658291,2664,1352,0,0,0.0,0.0
2003,PRY,0.0,0.0,0.0,0.0,0.0,0.0,37,1,0.027027027027027,2013,62.5,2003,22.76336442923242,0.412430938907821,1390,740,1,0,1.3513513513513513,0.0
2004,PRY,0.0,0.0,0.0,0.0,0.0,0.0,21,1,0.0476190476190476,2014,62.5,2004,22.98757162047164,0.410451445798179,1335,731,0,0,0.0,0.0
2005,PRY,0.0,0.0,0.0,0.0,0.0,0.0,43,4,0.0930232558139534,2015,60.5,2005,23.09700814176552,0.407494145492613,1768,930,0,1,0.0,1.075268817204301
2006,PRY,0.0,0.0,0.0,0.0,0.0,0.0,78,2,0.0256410256410256,2016,62.5,2006,23.32071440801065,0.404722285621168,1821,961,0,1,0.0,1.040582726326743
2007,PRY,0.0,0.0,0.0,0.0,0.0,0.0,100,6,0.06,2017,60.1,2007,23.605627445472265,0.403888708106988,2294,1200,0,1,0.0,0.8333333333333334
2008,PRY,0.0,0.0,0.0,0.0,0.0,0.0,101,13,0.1287128712871287,2018,59.2,2008,23.926632722207977,0.40275827493412,2774,1424,0,3,0.0,2.106741573033708
2009,PRY,0.0,0.0,0.0,0.0,0.0,0.0,69,6,0.0869565217391304,2019,60.1,2009,23.83032260921293,0.402881033831728,1978,1050,0,4,0.0,3.8095238095238093
2010,PRY,0.0,0.0,0.0,0.0,0.0,0.0,55,5,0.0909090909090909,2020,61.5,2010,24.023880200218663,0.401305117582575,1657,879,0,5,0.0,5.688282138794084
2011,PRY,0.0,0.0,0.0,0.0,0.0,0.0,98,9,0.0918367346938775,2021,58.8,2011,24.241861991023065,0.400055252553031,3022,1576,2,1,1.2690355329949237,0.6345177664974618
1995,QAT,0.0,0.0,0.0,0.0,0.0,0.0,50,2,0.04,2005,0.0,1995,22.819799470296363,0.449060704434593,2914,1464,0,1,0.0,0.6830601092896175
1996,QAT,0.0,0.0,0.0,0.0,0.0,0.0,37,3,0.081081081081081,2006,0.1,1996,22.927062149163238,0.44879689740071,2328,1235,0,1,0.0,0.8097165991902834
1997,QAT,0.0,0.0,0.0,0.0,0.0,0.0,65,1,0.0153846153846153,2007,0.1,1997,23.14787404064918,0.447986509138812,2870,1524,0,0,0.0,0.0
1998,QAT,0.0,0.0,0.0,0.0,0.0,0.0,60,3,0.05,2008,0.1,1998,23.05107949907558,0.447059560426319,3751,1890,0,0,0.0,0.0
1999,QAT,0.0,0.0,0.0,0.0,0.0,0.0,46,0,0.0,2009,0.1,1999,23.24040827449541,0.448575591495357,2712,1357,0,2,0.0,1.4738393515106853
2000,QAT,0.0,0.0,0.0,0.0,0.0,0.0,72,1,0.0138888888888888,2010,0.1,2000,23.60020838699129,0.446468988218485,3043,1572,0,0,0.0,0.0
2001,QAT,0.0,0.0,0.0,0.0,0.0,0.0,34,1,0.0294117647058823,2011,0.1,2001,23.587662108413,0.444931096133418,1830,922,0,0,0.0,0.0
2002,QAT,0.0,0.0,0.0,0.0,0.0,0.0,39,0,0.0,2012,0.0,2002,23.686667889017865,0.444723669533688,1857,1021,0,0,0.0,0.0
2003,QAT,0.0,0.0,0.0,0.0,0.0,0.0,38,0,0.0,2013,0.0,2003,23.881703149061316,0.443409858183662,1919,1014,0,0,0.0,0.0
2004,QAT,0.0,0.0,0.0,0.0,0.0,0.0,33,0,0.0,2014,0.0,2004,24.1806565759646,0.442540824292173,2145,1121,0,0,0.0,0.0
2005,QAT,0.0,0.0,0.0,0.0,0.0,0.0,21,1,0.0476190476190476,2015,0.0,2005,24.519440061203767,0.440282558898967,1552,838,0,0,0.0,0.0
2006,QAT,0.0,0.0,0.0,0.0,0.0,0.0,39,0,0.0,2016,0.1,2006,24.83220574792574,0.436024472091537,952,525,0,0,0.0,0.0
2007,QAT,0.0,0.0,0.0,0.0,0.0,0.0,31,3,0.0967741935483871,2017,0.1,2007,25.101687078895907,0.422999416434005,959,499,0,1,0.0,2.004008016032064
2008,QAT,0.0,0.0,0.0,0.0,0.0,0.0,25,0,0.0,2018,0.0,2008,25.470543516222705,0.421369099041353,567,292,0,0,0.0,0.0
2009,QAT,0.0,0.0,0.0,0.0,0.0,0.0,45,14,0.3111111111111111,2019,0.1,2009,25.30617355953022,0.421663569087905,1374,734,7,6,9.536784741144414,8.174386920980925
2010,QAT,0.0,0.0,0.0,0.0,0.0,0.0,46,7,0.1521739130434782,2020,0.0,2010,25.552557546645776,0.419103505474307,1359,707,3,3,4.243281471004243,4.243281471004243
2011,QAT,0.0,0.0,0.0,0.0,0.0,0.0,30,0,0.0,2021,0.0,2011,25.84589123409806,0.417437101454167,819,395,0,0,0.0,0.0
1995,ROU,0.0,0.0,0.0,0.0,0.0,0.0,46,2,0.0434782608695652,2005,18.5,1995,24.345744738911858,0.434787973489293,2553,1362,0,0,0.0,0.0
1996,ROU,0.0,0.0,0.0,0.0,0.0,0.0,46,4,0.0869565217391304,2006,17.4,1996,24.332481606577613,0.432935364985896,2576,1369,0,0,0.0,0.0
1997,ROU,0.0,0.0,0.0,0.0,0.0,0.0,44,0,0.0,2007,18.2,1997,24.29491453354219,0.431807886237275,2541,1349,0,0,0.0,0.0
1998,ROU,0.0,0.0,0.0,0.0,0.0,0.0,47,0,0.0,2008,20.4,1998,24.45367371315388,0.431682664997215,2246,1210,0,0,0.0,0.0
1999,ROU,0.0,0.0,0.0,0.0,0.0,0.0,49,1,0.0204081632653061,2009,22.1,1999,24.305482889872756,0.429292614402328,2019,1038,0,0,0.0,0.0
2000,ROU,0.0,0.0,0.0,0.0,0.0,0.0,63,4,0.0634920634920634,2010,24.1,2000,24.341018127904924,0.429105347726034,2507,1341,0,0,0.0,0.0
2001,ROU,0.0,0.0,0.0,0.0,0.0,0.0,55,3,0.0545454545454545,2011,21.1,2001,24.421974680565757,0.430125420762806,1909,1054,0,0,0.0,0.0
2002,ROU,0.0,0.0,0.0,0.0,0.0,0.0,57,1,0.0175438596491228,2012,21.5,2002,24.55333019235344,0.428333632627311,2029,1084,0,0,0.0,0.0
2003,ROU,0.0,0.0,0.0,0.0,0.0,0.0,54,3,0.0555555555555555,2013,23.1,2003,24.780365033725342,0.428623997665313,1994,1069,0,0,0.0,0.0
2004,ROU,0.0,0.0,0.0,0.0,0.0,0.0,33,2,0.0606060606060606,2014,24.3,2004,25.040402697880747,0.425875839965603,1534,845,0,0,0.0,0.0
2005,ROU,0.0,0.0,0.0,0.0,0.0,0.0,44,0,0.0,2015,23.7,2005,25.31285907464521,0.423594056605558,2051,1099,0,0,0.0,0.0
2006,ROU,0.0,0.0,0.0,0.0,0.0,0.0,116,2,0.0172413793103448,2016,24.4,2006,25.527481301410077,0.422402676267311,2768,1507,0,0,0.0,0.0
2007,ROU,0.0,0.0,0.0,0.0,0.0,0.0,103,9,0.087378640776699,2017,23.4,2007,25.885699233952533,0.415221827704414,2327,1318,0,5,0.0,3.7936267071320184
2008,ROU,0.0,0.0,0.0,0.0,0.0,0.0,89,7,0.0786516853932584,2018,23.0,2008,26.09072287675149,0.41501117550814,2130,1175,2,3,1.702127659574468,2.553191489361702
2009,ROU,0.0,0.0,0.0,0.0,0.0,0.0,101,14,0.1386138613861386,2019,23.5,2009,25.88290871370459,0.410705643814082,2190,1168,0,6,0.0,5.136986301369863
2010,ROU,0.0,0.0,0.0,0.0,0.0,0.0,66,7,0.106060606060606,2020,24.1,2010,25.85923695915044,0.410889590077738,1689,940,0,3,0.0,3.1914893617021276
2011,ROU,0.0,0.0,0.0,0.0,0.0,0.0,72,7,0.0972222222222222,2021,23.6,2011,25.983951731786927,0.407067802056331,1733,951,0,1,0.0,1.0515247108307044
1995,RUS,0.0,0.0,0.0,0.0,0.0,0.0,40,1,0.025,2005,3.6,1995,26.703510641820287,0.341798175301739,2011,1072,0,0,0.0,0.0
1996,RUS,0.0,0.0,0.0,0.0,0.0,0.0,72,1,0.0138888888888888,2006,3.5,1996,26.693825621026896,0.34013481270077,2674,1406,0,0,0.0,0.0
1997,RUS,0.0,0.0,0.0,0.0,0.0,0.0,65,2,0.0307692307692307,2007,3.7,1997,26.72697746691661,0.340315159734258,2512,1320,0,0,0.0,0.0
1998,RUS,0.0,0.0,0.0,0.0,0.0,0.0,78,2,0.0256410256410256,2008,3.3,1998,26.32522038921299,0.342362780785912,2752,1518,0,0,0.0,0.0
1999,RUS,0.0,0.0,0.0,0.0,0.0,0.0,79,1,0.0126582278481012,2009,3.6,1999,26.0009065489378,0.339374717173793,2900,1539,0,0,0.0,0.0
2000,RUS,0.0,0.0,0.0,0.0,0.0,0.0,57,2,0.0350877192982456,2010,3.3,2000,26.28283200836429,0.338367414365,2440,1352,0,0,0.0,0.0
2001,RUS,0.0,0.0,0.0,0.0,0.0,0.0,25,0,0.0,2011,3.2,2001,26.44881655685447,0.334916664818414,1041,565,0,0,0.0,0.0
2002,RUS,0.0,0.0,0.0,0.0,0.0,0.0,49,5,0.1020408163265306,2012,3.2,2002,26.56817307684891,0.332498824141731,2143,1137,0,2,0.0,1.759014951627089
2003,RUS,0.0,0.0,0.0,0.0,0.0,0.0,67,2,0.0298507462686567,2013,3.6,2003,26.787858673356794,0.327506483440244,2197,1139,0,1,0.0,0.8779631255487269
2004,RUS,0.0,0.0,0.0,0.0,0.0,0.0,61,2,0.0327868852459016,2014,3.3,2004,27.10511009548164,0.32347856815564,2360,1279,0,0,0.0,0.0
2005,RUS,0.0,0.0,0.0,0.0,0.0,0.0,46,1,0.0217391304347826,2015,3.2,2005,27.361854545391505,0.321929868429704,1643,861,0,0,0.0,0.0
2006,RUS,0.0,0.0,0.0,0.0,0.0,0.0,108,8,0.074074074074074,2016,3.4,2006,27.62090215067061,0.320716826673597,2536,1408,0,0,0.0,0.0
2007,RUS,0.0,0.0,0.0,0.0,0.0,0.0,83,5,0.0602409638554216,2017,3.2,2007,27.89315724652933,0.319618243311417,1808,1025,0,1,0.0,0.975609756097561
2008,RUS,0.0,0.0,0.0,0.0,0.0,0.0,84,2,0.0238095238095238,2018,3.2,2008,28.138349466338795,0.318775286129594,2408,1272,1,1,0.7861635220125787,0.7861635220125787
2009,RUS,0.0,0.0,0.0,0.0,0.0,0.0,115,9,0.0782608695652174,2019,3.2,2009,27.83203838631585,0.319739529910086,2606,1363,0,1,0.0,0.7336757153338225
2010,RUS,0.0,0.0,0.0,0.0,0.0,0.0,82,6,0.073170731707317,2020,3.7,2010,28.052960900386463,0.318002045533641,2152,1203,0,1,0.0,0.8312551953449709
2011,RUS,0.0,0.0,0.0,0.0,0.0,0.0,111,8,0.072072072072072,2021,3.5,2011,28.34687001518368,0.317659757077703,2779,1552,1,0,0.6443298969072165,0.0
1995,RWA,0.0,0.0,0.0,0.0,0.0,0.0,62,0,0.0,2005,89.2,1995,20.980644766023502,0.65499003665451,3243,1606,0,0,0.0,0.0
1996,RWA,0.0,0.0,0.0,0.0,0.0,0.0,50,1,0.02,2006,90.6,1996,21.047039847699622,0.655163896339592,1621,833,0,0,0.0,0.0
1997,RWA,0.0,0.0,0.0,0.0,0.0,0.0,48,0,0.0,2007,90.3,1997,21.339293391256277,0.654536817176449,2599,1327,0,0,0.0,0.0
1998,RWA,0.0,0.0,0.0,0.0,0.0,0.0,56,0,0.0,2008,90.6,1998,21.41107054588508,0.656935259620104,3151,1601,0,0,0.0,0.0
1999,RWA,0.0,0.0,0.0,0.0,0.0,0.0,50,0,0.0,2009,90.5,1999,21.491995682266232,0.653625529644818,2015,1013,0,0,0.0,0.0
2000,RWA,0.0,0.0,0.0,0.0,0.0,0.0,69,1,0.0144927536231884,2010,90.5,2000,21.45021653942728,0.652908624027852,3047,1508,0,0,0.0,0.0
2001,RWA,0.0,0.0,0.0,0.0,0.0,0.0,39,1,0.0256410256410256,2011,89.7,2001,21.39954576687359,0.650541317884234,1689,868,0,0,0.0,0.0
2002,RWA,0.0,0.0,0.0,0.0,0.0,0.0,31,0,0.0,2012,88.8,2002,21.399232547808104,0.644868369464943,1510,783,0,0,0.0,0.0
2003,RWA,0.0,0.0,0.0,0.0,0.0,0.0,28,0,0.0,2013,88.5,2003,21.48322332867372,0.639339424098332,2067,1041,0,0,0.0,0.0
2004,RWA,0.0,0.0,0.0,0.0,0.0,0.0,30,1,0.0333333333333333,2014,88.0,2004,21.588879724388693,0.63865559897181,1735,883,0,0,0.0,0.0
2005,RWA,0.0,0.0,0.0,0.0,0.0,0.0,58,2,0.0344827586206896,2015,86.3,2005,21.79955269923511,0.635432945259883,2012,1061,0,0,0.0,0.0
2006,RWA,0.0,0.0,1.0,0.0,0.0,0.0,64,11,0.171875,2016,85.5,2006,21.92314364289965,0.634383822972918,1639,891,1,0,1.122334455667789,0.0
2007,RWA,0.0,0.0,0.0,0.0,0.0,0.0,42,5,0.119047619047619,2017,84.5,2007,22.12700503103696,0.63547012826594,988,537,0,4,0.0,7.4487895716946
2008,RWA,1.0,0.0,0.0,0.0,0.0,0.0,27,8,0.2962962962962963,2018,82.8,2008,22.368033110843825,0.631634532666111,623,346,0,3,0.0,8.670520231213873
2009,RWA,1.0,0.0,0.0,0.0,0.0,0.0,40,8,0.2,2019,81.8,2009,22.459235765823085,0.631710787440692,1047,568,0,4,0.0,7.042253521126761
2010,RWA,0.0,0.0,0.0,0.0,0.0,0.0,26,2,0.0769230769230769,2020,81.7,2010,22.535594530736333,0.628609544424733,762,393,0,1,0.0,2.544529262086514
2011,RWA,0.0,0.0,0.0,0.0,0.0,0.0,30,1,0.0333333333333333,2021,79.4,2011,22.652597567875286,0.627398838147819,728,376,0,0,0.0,0.0
2012,RWA,0.0,0.0,0.0,0.0,0.0,0.0,24,0,0.0,2022,79.9,2012,22.758596515425573,0.625417164771431,769,406,0,0,0.0,0.0
1996,SAU,0.0,0.0,0.0,0.0,0.0,0.0,66,1,0.0151515151515151,2006,0.0,1996,25.790044368881716,0.482202053170785,3240,1739,0,0,0.0,0.0
1998,SAU,0.0,0.0,0.0,0.0,0.0,0.0,66,5,0.0757575757575757,2008,0.0,1998,25.712169560091507,0.479796438284176,3525,1855,0,0,0.0,0.0
1999,SAU,0.0,0.0,0.0,0.0,0.0,0.0,79,8,0.1012658227848101,2009,0.0,1999,25.809113978311306,0.479946830051108,4066,2150,0,0,0.0,0.0
2000,SAU,0.0,0.0,0.0,0.0,0.0,0.0,50,2,0.04,2010,0.0,2000,25.9677335402892,0.480715854893124,2482,1339,0,0,0.0,0.0
2001,SAU,0.0,0.0,0.0,0.0,0.0,0.0,30,0,0.0,2011,0.0,2001,25.93894869434705,0.479478016635274,1930,973,0,0,0.0,0.0
2002,SAU,0.0,0.0,0.0,0.0,0.0,0.0,41,1,0.024390243902439,2012,0.0,2002,25.968213651179635,0.47957788206488,2502,1330,0,0,0.0,0.0
2003,SAU,0.0,0.0,0.0,0.0,0.0,0.0,33,0,0.0,2013,0.0,2003,26.09765336293181,0.479265288724463,1889,993,0,0,0.0,0.0
2004,SAU,0.0,0.0,0.0,0.0,0.0,0.0,49,1,0.0204081632653061,2014,0.0,2004,26.27909827974174,0.478367157265061,2591,1384,0,0,0.0,0.0
2006,SAU,0.0,0.0,0.0,0.0,0.0,0.0,99,4,0.0404040404040404,2016,0.0,2006,26.655246097317605,0.474256230993342,2654,1443,0,1,0.0,0.693000693000693
1995,SDN,0.0,0.0,0.0,0.0,0.0,0.0,61,1,0.0163934426229508,2005,72.3,1995,23.350132724998687,0.613986988958561,2917,1451,0,0,0.0,0.0
1996,SDN,0.0,0.0,0.0,0.0,0.0,0.0,83,0,0.0,2006,69.2,1996,22.922522030041943,0.609789537484162,3791,1983,0,0,0.0,0.0
1997,SDN,0.0,0.0,0.0,0.0,0.0,0.0,43,0,0.0,2007,65.6,1997,23.181244799915085,0.608983312333829,2697,1392,0,0,0.0,0.0
1998,SDN,0.0,0.0,0.0,0.0,0.0,0.0,65,3,0.0461538461538461,2008,63.5,1998,23.14365357456014,0.608459512155034,2797,1418,0,0,0.0,0.0
1999,SDN,0.0,0.0,0.0,0.0,0.0,0.0,96,0,0.0,2009,63.1,1999,23.09182850592299,0.606628996683018,3936,2049,0,2,0.0,0.9760858955588092
2000,SDN,0.0,0.0,0.0,0.0,0.0,0.0,55,0,0.0,2010,61.3,2000,23.229387445224468,0.610606584167142,3245,1732,0,0,0.0,0.0
2001,SDN,0.0,0.0,0.0,0.0,0.0,0.0,50,0,0.0,2011,63.7,2001,23.477968142895712,0.619920674909226,2362,1242,0,0,0.0,0.0
2002,SDN,0.0,0.0,0.0,0.0,0.0,0.0,50,1,0.02,2012,63.7,2002,23.621226839754694,0.632548132137476,2051,1106,0,1,0.0,0.9041591320072332
2003,SDN,0.0,0.0,0.0,0.0,0.0,0.0,61,1,0.0163934426229508,2013,64.3,2003,23.7845655895167,0.631404254726555,2332,1228,0,1,0.0,0.8143322475570033
2004,SDN,0.0,0.0,0.0,0.0,0.0,0.0,67,0,0.0,2014,63.7,2004,24.00590515460779,0.630178453806756,2769,1447,0,0,0.0,0.0
2005,SDN,0.0,0.0,0.0,0.0,0.0,0.0,67,1,0.0149253731343283,2015,61.9,2005,24.283820525370206,0.627982659404412,2395,1241,0,0,0.0,0.0
2006,SDN,0.0,0.0,0.0,0.0,0.0,0.0,116,2,0.0172413793103448,2016,58.9,2006,24.5357739783539,0.628975157222947,3158,1643,0,0,0.0,0.0
2007,SDN,0.0,0.0,0.0,0.0,0.0,2.0,106,6,0.0566037735849056,2017,59.4,2007,24.808235588884106,0.624490547930257,3184,1708,0,7,0.0,4.0983606557377055
2008,SDN,0.0,0.0,0.0,0.0,0.0,1.0,84,5,0.0595238095238095,2018,59.8,2008,24.895081936028905,0.630249749577399,3060,1600,0,4,0.0,2.5
2009,SDN,0.0,0.0,0.0,0.0,0.0,0.0,74,4,0.054054054054054,2019,59.4,2009,24.78913113478673,0.6304263358473,2431,1284,0,6,0.0,4.672897196261682
2010,SDN,0.0,0.0,0.0,0.0,0.0,0.0,73,8,0.1095890410958904,2020,62.6,2010,25.029371509076856,0.6332350548059,2256,1224,0,7,0.0,5.718954248366012
2011,SDN,0.0,0.0,0.0,0.0,0.0,0.0,78,9,0.1153846153846153,2021,61.0,2011,25.08512600656693,0.633203639082229,2367,1247,0,5,0.0,4.0096230954290295
1995,SEN,0.0,0.0,0.0,0.0,0.0,0.0,38,2,0.0526315789473684,2005,40.3,1995,22.56798812334129,0.551158124183444,2535,1295,0,0,0.0,0.0
1996,SEN,0.0,0.0,0.0,0.0,0.0,0.0,50,2,0.04,2006,43.4,1996,22.60421256119585,0.552081793173079,3027,1615,0,0,0.0,0.0
1997,SEN,0.0,0.0,0.0,0.0,0.0,0.0,65,2,0.0307692307692307,2007,40.0,1997,22.52191464045241,0.552107392476567,3542,1815,0,0,0.0,0.0
1998,SEN,0.0,0.0,0.0,0.0,0.0,0.0,44,0,0.0,2008,39.8,1998,22.59593039788797,0.555063466636108,3468,1805,0,0,0.0,0.0
1999,SEN,0.0,0.0,0.0,0.0,0.0,0.0,49,1,0.0204081632653061,2009,51.3,1999,22.609249279451834,0.554495858238643,3044,1601,0,0,0.0,0.0
2000,SEN,0.0,0.0,0.0,0.0,0.0,0.0,42,0,0.0,2010,49.5,2000,22.517220395867973,0.553165764939699,2285,1212,0,1,0.0,0.8250825082508251
2001,SEN,0.0,0.0,0.0,0.0,0.0,0.0,40,0,0.0,2011,48.0,2001,22.596271109376715,0.552675472648981,2571,1374,0,0,0.0,0.0
2002,SEN,0.0,0.0,0.0,0.0,0.0,0.0,50,0,0.0,2012,49.6,2002,22.67009018585081,0.548992915877637,2646,1410,0,0,0.0,0.0
2003,SEN,0.0,0.0,0.0,0.0,0.0,0.0,69,5,0.072463768115942,2013,42.7,2003,22.89445685858812,0.547985643808958,2895,1521,0,0,0.0,0.0
2004,SEN,0.0,0.0,0.0,0.0,0.0,0.0,45,1,0.0222222222222222,2014,42.5,2004,23.03350324227149,0.545088903510105,2071,1131,0,0,0.0,0.0
2005,SEN,0.0,0.0,0.0,0.0,0.0,0.0,42,2,0.0476190476190476,2015,39.1,2005,23.121981994999,0.54541921865417,2760,1433,0,0,0.0,0.0
2006,SEN,0.0,0.0,0.0,0.0,0.0,0.0,66,11,0.1666666666666666,2016,36.7,2006,23.18267673514132,0.540847130620237,1911,993,1,1,1.0070493454179255,1.0070493454179255
2007,SEN,0.0,0.0,0.0,0.0,0.0,0.0,87,28,0.3218390804597701,2017,36.8,2007,23.361910109765457,0.540516018423582,1749,887,1,2,1.1273957158962795,2.254791431792559
2008,SEN,0.0,0.0,0.0,0.0,0.0,0.0,104,23,0.2211538461538461,2018,34.2,2008,23.547853237884848,0.539821118630806,2262,1113,0,0,0.0,0.0
2009,SEN,0.0,0.0,0.0,0.0,0.0,0.0,127,37,0.2913385826771653,2019,36.2,2009,23.50492997046576,0.529589983043946,3096,1658,0,5,0.0,3.0156815440289506
2010,SEN,0.0,0.0,0.0,0.0,0.0,0.0,120,7,0.0583333333333333,2020,38.7,2010,23.50340820233093,0.531224203579181,3110,1602,1,0,0.6242197253433208,0.0
2011,SEN,0.0,0.0,0.0,0.0,0.0,0.0,123,19,0.1544715447154471,2021,35.4,2011,23.603266424698976,0.528423017413274,2710,1333,0,1,0.0,0.7501875468867217
1995,SGP,0.0,0.0,0.0,0.0,0.0,0.0,101,1,0.0099009900990099,2005,0.5,1995,25.19847016096405,0.393540117480655,2869,1558,0,0,0.0,0.0
1996,SGP,0.0,0.0,0.0,0.0,0.0,0.0,113,2,0.0176991150442477,2006,0.5,1996,25.290662480232744,0.393237986090909,3468,1773,0,0,0.0,0.0
1997,SGP,0.0,0.0,0.0,0.0,0.0,0.0,95,1,0.0105263157894736,2007,0.5,1997,25.3296732418035,0.392150453586368,3066,1529,0,0,0.0,0.0
1998,SGP,0.0,0.0,0.0,0.0,0.0,0.0,69,2,0.0289855072463768,2008,0.5,1998,25.174447953205505,0.39169445404087,1738,967,0,0,0.0,0.0
1999,SGP,0.0,0.0,0.0,0.0,0.0,0.0,101,0,0.0,2009,0.5,1999,25.18094324180957,0.391638512763346,2870,1498,0,0,0.0,0.0
2000,SGP,0.0,0.0,0.0,0.0,0.0,0.0,72,1,0.0138888888888888,2010,0.5,2000,25.288410808286255,0.395446747758433,2215,1176,0,0,0.0,0.0
2001,SGP,0.0,0.0,0.0,0.0,0.0,0.0,69,1,0.0144927536231884,2011,0.5,2001,25.22078194271162,0.400720552944287,1932,1111,0,0,0.0,0.0
2002,SGP,0.0,0.0,0.0,0.0,0.0,0.0,51,0,0.0,2012,0.5,2002,25.250889051118914,0.405889830760473,1593,897,0,0,0.0,0.0
2003,SGP,0.0,0.0,0.0,0.0,0.0,0.0,66,0,0.0,2013,0.6,2003,25.30461844712101,0.404395240112304,2026,1045,0,0,0.0,0.0
2004,SGP,0.0,0.0,0.0,0.0,0.0,0.0,88,3,0.034090909090909,2014,0.6,2004,25.46848983936246,0.402947808156769,2119,1130,0,2,0.0,1.7699115044247788
2005,SGP,0.0,0.0,0.0,0.0,0.0,0.0,73,0,0.0,2015,0.7,2005,25.573793490747047,0.403084443188954,1990,1039,0,0,0.0,0.0
2006,SGP,0.0,0.0,0.0,0.0,0.0,0.0,101,7,0.0693069306930693,2016,0.7,2006,25.72470736548059,0.403199594004148,1977,1091,0,1,0.0,0.9165902841429882
2007,SGP,0.0,0.0,0.0,0.0,0.0,0.0,85,18,0.2117647058823529,2017,0.7,2007,25.92144094556092,0.401782946735098,1670,883,0,12,0.0,13.590033975084937
2008,SGP,0.0,0.0,0.0,0.0,0.0,0.0,98,7,0.0714285714285714,2018,0.8,2008,25.98914960667494,0.402149043788813,2173,1173,0,3,0.0,2.557544757033248
2009,SGP,0.0,0.0,0.0,0.0,0.0,0.0,100,12,0.12,2019,0.9,2009,25.99189855174749,0.399309037878496,1845,1025,0,6,0.0,5.853658536585366
2010,SGP,0.0,0.0,0.0,0.0,0.0,0.0,95,14,0.1473684210526315,2020,0.9,2010,26.203104114715597,0.399054595634286,1851,1021,0,1,0.0,0.9794319294809011
2011,SGP,0.0,0.0,0.0,0.0,0.0,0.0,80,17,0.2125,2021,1.1,2011,26.35575467526347,0.399994963516246,1612,916,0,1,0.0,1.0917030567685588
1995,SLB,0.0,0.0,0.0,0.0,0.0,0.0,54,15,0.2777777777777778,2005,49.7,1995,19.967057872723515,0.623182308395252,2013,1138,0,3,0.0,2.6362038664323375
1996,SLB,0.0,0.0,1.0,0.0,0.0,0.0,49,12,0.2448979591836734,2006,48.9,1996,20.05107039281163,0.623244869632006,2121,1190,2,5,1.680672268907563,4.201680672268908
1997,SLB,1.0,0.0,2.0,0.0,0.0,0.0,66,13,0.1969696969696969,2007,47.4,1997,20.0818645494158,0.622423144573328,1862,1059,1,2,0.9442870632672333,1.8885741265344667
1998,SLB,0.0,0.0,0.0,0.0,0.0,0.0,80,13,0.1625,2008,46.7,1998,19.9414619070229,0.622439494453518,2071,1213,2,4,1.6488046166529267,3.2976092333058533
1999,SLB,0.0,0.0,0.0,0.0,0.0,0.0,70,7,0.1,2009,45.8,1999,20.005876265830945,0.62197336530566,2306,1321,0,4,0.0,3.028009084027252
2000,SLB,0.0,0.0,0.0,0.0,0.0,0.0,44,4,0.0909090909090909,2010,45.1,2000,19.855390646698478,0.627589682106525,1457,846,2,1,2.3640661938534278,1.1820330969267139
2001,SLB,0.0,0.0,0.0,0.0,0.0,0.0,64,7,0.109375,2011,43.6,2001,19.83046835627719,0.628220790697082,1984,1114,0,3,0.0,2.6929982046678638
2002,SLB,0.0,0.0,0.0,0.0,0.0,0.0,56,8,0.1428571428571428,2012,43.8,2002,19.6631241732627,0.660917447049627,2131,1197,0,4,0.0,3.341687552213868
2003,SLB,0.0,0.0,0.0,0.0,0.0,0.0,49,2,0.0408163265306122,2013,41.8,2003,19.85019980454378,0.645128206167579,1815,1048,0,1,0.0,0.9541984732824427
2004,SLB,0.0,0.0,0.0,0.0,0.0,0.0,55,6,0.109090909090909,2014,45.9,2004,19.963990230953957,0.651372126243723,2514,1448,0,1,0.0,0.6906077348066298
2005,SLB,0.0,0.0,0.0,0.0,0.0,0.0,56,6,0.1071428571428571,2015,48.6,2005,20.130623626057066,0.647942513098087,2089,1220,2,6,1.639344262295082,4.918032786885246
2006,SLB,0.0,0.0,0.0,0.0,0.0,0.0,102,6,0.0588235294117647,2016,48.7,2006,20.240797852891056,0.651842078260107,2396,1355,0,0,0.0,0.0
2007,SLB,0.0,0.0,0.0,0.0,0.0,0.0,91,15,0.1648351648351648,2017,49.0,2007,20.359847273834436,0.647774767636533,2754,1470,0,1,0.0,0.6802721088435374
2008,SLB,1.0,0.0,1.0,0.0,0.0,0.0,138,39,0.2826086956521739,2018,48.6,2008,20.47009819635643,0.643915719025952,2780,1632,1,12,0.6127450980392157,7.352941176470588
2009,SLB,0.0,0.0,0.0,1.0,0.0,0.0,121,17,0.140495867768595,2019,48.4,2009,20.507045261314943,0.649891765417947,2485,1407,1,7,0.7107320540156361,4.975124378109452
2010,SLB,0.0,0.0,0.0,0.0,0.0,2.0,95,18,0.1894736842105263,2020,49.0,2010,20.615829442141617,0.640032139330652,1984,1137,0,7,0.0,6.156552330694811
2011,SLB,0.0,0.0,0.0,0.0,0.0,2.0,101,15,0.1485148514851485,2021,49.1,2011,20.785202874345103,0.63621972798926,2476,1436,2,7,1.392757660167131,4.874651810584958
2012,SLB,0.0,0.0,0.0,0.0,0.0,2.0,83,16,0.1927710843373494,2022,50.1,2012,20.893247757619346,0.636029295487512,2445,1428,0,9,0.0,6.302521008403361
1995,SLE,0.0,0.0,0.0,0.0,0.0,0.0,92,4,0.0434782608695652,2005,88.1,1995,20.584875503795104,0.607367766743916,4085,2145,0,0,0.0,0.0
1996,SLE,0.0,0.0,0.0,0.0,0.0,0.0,66,3,0.0454545454545454,2006,84.4,1996,20.663242071823184,0.607986260826694,2839,1502,1,0,0.6657789613848203,0.0
1997,SLE,0.0,0.0,0.0,0.0,0.0,0.0,113,2,0.0176991150442477,2007,86.3,1997,20.56100338467319,0.6083138455756,4278,2128,0,0,0.0,0.0
1998,SLE,0.0,0.0,0.0,0.0,0.0,0.0,74,3,0.0405405405405405,2008,86.0,1998,20.326328157697837,0.608764683324527,2958,1535,0,0,0.0,0.0
1999,SLE,0.0,0.0,0.0,0.0,0.0,0.0,45,3,0.0666666666666666,2009,86.1,1999,20.32186959312142,0.608710527091004,1576,838,0,1,0.0,1.1933174224343677
2000,SLE,0.0,0.0,0.0,0.0,0.0,0.0,34,0,0.0,2010,84.9,2000,20.27051099192964,0.60902718652818,1192,640,0,0,0.0,0.0
2001,SLE,0.0,0.0,0.0,0.0,0.0,0.0,47,0,0.0,2011,81.0,2001,20.79544832618998,0.611907123824521,2069,1138,0,1,0.0,0.8787346221441125
2002,SLE,0.0,0.0,0.0,0.0,0.0,0.0,46,1,0.0217391304347826,2012,79.1,2002,20.93533697632587,0.613431608070502,2091,1085,0,0,0.0,0.0
2003,SLE,0.0,0.0,0.0,0.0,0.0,0.0,37,1,0.027027027027027,2013,74.6,2003,21.03784711761599,0.604615181957901,1716,904,0,0,0.0,0.0
2004,SLE,0.0,0.0,0.0,0.0,0.0,0.0,63,1,0.0158730158730158,2014,73.0,2004,21.08109207459213,0.610373421506895,2274,1224,0,0,0.0,0.0
2005,SLE,0.0,0.0,0.0,0.0,0.0,0.0,46,0,0.0,2015,74.0,2005,21.21003974689253,0.611093514999291,2124,1134,0,0,0.0,0.0
2006,SLE,0.0,0.0,0.0,0.0,0.0,0.0,40,2,0.05,2016,73.6,2006,21.34497940107333,0.613984116813093,1147,605,0,1,0.0,1.6528925619834711
2007,SLE,0.0,0.0,0.0,0.0,0.0,0.0,59,3,0.0508474576271186,2017,74.6,2007,21.477827767559837,0.608307374596318,1562,843,0,2,0.0,2.3724792408066433
2008,SLE,0.0,0.0,0.0,0.0,0.0,0.0,56,8,0.1428571428571428,2018,75.9,2008,21.620127717917285,0.607902439993106,1290,687,0,0,0.0,0.0
2009,SLE,0.0,0.0,1.0,0.0,0.0,0.0,64,12,0.1875,2019,75.4,2009,21.606626252928887,0.611260830687471,1684,952,0,10,0.0,10.504201680672269
2010,SLE,0.0,0.0,0.0,0.0,0.0,0.0,63,2,0.0317460317460317,2020,75.1,2010,21.67034160145849,0.614319787519568,1555,861,0,0,0.0,0.0
2011,SLE,0.0,0.0,0.0,0.0,0.0,0.0,65,2,0.0307692307692307,2021,71.1,2011,21.799044150703185,0.607637225581443,1799,960,0,2,0.0,2.0833333333333335
2012,SLE,0.0,0.0,0.0,0.0,0.0,0.0,47,2,0.0425531914893617,2022,71.6,2012,22.05543446505647,0.58955685293781,2501,1408,0,1,0.0,0.7102272727272727
1995,SLV,0.0,0.0,0.0,0.0,0.0,0.0,39,0,0.0,2005,34.1,1995,22.91178004447104,0.465746986718048,3453,1808,0,0,0.0,0.0
1996,SLV,1.0,0.0,0.0,0.0,0.0,0.0,25,1,0.04,2006,34.8,1996,22.983603732801257,0.465387778281023,1733,932,0,0,0.0,0.0
1997,SLV,0.0,0.0,0.0,0.0,0.0,0.0,19,0,0.0,2007,28.2,1997,23.04777932560096,0.465082214466931,999,505,0,0,0.0,0.0
1998,SLV,0.0,0.0,0.0,0.0,0.0,0.0,18,3,0.1666666666666666,2008,31.5,1998,23.11538719089284,0.465449922918105,1753,899,0,1,0.0,1.1123470522803114
1999,SLV,0.0,0.0,0.0,0.0,0.0,0.0,37,0,0.0,2009,32.2,1999,23.146669088281868,0.46571581921916,1476,681,0,2,0.0,2.936857562408223
2000,SLV,0.0,0.0,0.0,0.0,0.0,0.0,44,1,0.0227272727272727,2010,32.6,2000,23.19008723839842,0.462915390579954,3123,1593,0,1,0.0,0.6277463904582549
2001,SLV,0.0,0.0,0.0,0.0,0.0,0.0,29,4,0.1379310344827586,2011,29.5,2001,23.231444057602765,0.467663054683181,2115,1092,0,2,0.0,1.8315018315018314
2002,SLV,0.0,0.0,0.0,0.0,0.0,0.0,41,3,0.073170731707317,2012,30.3,2002,23.262044186259978,0.471107798498954,1918,1010,0,2,0.0,1.9801980198019802
2003,SLV,0.0,0.0,1.0,0.0,0.0,0.0,52,3,0.0576923076923076,2013,27.5,2003,23.3068023170634,0.47019313124604,1527,753,0,2,0.0,2.6560424966799467
2004,SLV,0.0,0.0,0.0,0.0,0.0,0.0,53,3,0.0566037735849056,2014,24.0,2004,23.342471046469317,0.470369146870895,2146,1137,0,0,0.0,0.0
2005,SLV,0.0,0.0,0.0,0.0,0.0,0.0,43,6,0.1395348837209302,2015,21.0,2005,23.41097726705309,0.465938233660559,2056,1091,0,1,0.0,0.9165902841429882
2006,SLV,0.0,0.0,0.0,0.0,0.0,0.0,110,6,0.0545454545454545,2016,20.7,2006,23.49584768416256,0.465174416598909,3123,1663,0,0,0.0,0.0
2007,SLV,1.0,0.0,0.0,0.0,0.0,0.0,84,17,0.2023809523809523,2017,25.0,2007,23.55717011872077,0.464102194779026,2572,1384,3,7,2.167630057803468,5.057803468208093
2008,SLV,0.0,0.0,1.0,0.0,0.0,0.0,103,16,0.1553398058252427,2018,23.2,2008,23.612908996145663,0.458783778467183,2975,1599,1,7,0.6253908692933083,4.377736085053158
2009,SLV,0.0,0.0,0.0,0.0,0.0,0.0,103,4,0.0388349514563106,2019,19.4,2009,23.59125678020914,0.464230163429606,2944,1537,0,3,0.0,1.951854261548471
2010,SLV,0.0,0.0,0.0,0.0,0.0,0.0,89,2,0.0224719101123595,2020,23.7,2010,23.63821746395027,0.45872730455103,1961,1015,0,1,0.0,0.9852216748768472
2011,SLV,0.0,0.0,0.0,0.0,0.0,0.0,86,3,0.0348837209302325,2021,21.9,2011,23.73308738883338,0.451349273335512,2178,1086,0,1,0.0,0.9208103130755064
2006,SRB,0.0,0.0,0.0,0.0,0.0,0.0,56,3,0.0535714285714285,2016,20.9,2006,24.20395409281925,0.474078518531952,1435,742,0,0,0.0,0.0
2007,SRB,0.0,0.0,0.0,0.0,0.0,0.0,72,8,0.1111111111111111,2017,20.0,2007,24.48843459311177,0.472682108675914,1967,1069,0,4,0.0,3.7418147801683816
2008,SRB,0.0,0.0,0.0,0.0,0.0,0.0,71,1,0.0140845070422535,2018,21.0,2008,24.67823762587974,0.474486579939621,1821,946,0,0,0.0,0.0
2009,SRB,0.0,0.0,0.0,0.0,0.0,0.0,96,8,0.0833333333333333,2019,21.4,2009,24.53354166587028,0.471602830768121,2411,1276,0,2,0.0,1.567398119122257
2010,SRB,0.0,0.0,0.0,0.0,0.0,0.0,116,5,0.043103448275862,2020,26.0,2010,24.456627826227265,0.471040655852931,2163,1055,0,0,0.0,0.0
2011,SRB,0.0,0.0,0.0,0.0,0.0,0.0,139,5,0.0359712230215827,2021,27.2,2011,24.620340391509227,0.469556623192765,2653,1343,0,1,0.0,0.7446016381236039
2001,STP,0.0,0.0,0.0,0.0,0.0,0.0,33,3,0.0909090909090909,2011,42.4,2001,18.14560069077913,0.577147426989645,1605,857,0,1,0.0,1.1668611435239205
2002,STP,0.0,0.0,0.0,0.0,0.0,0.0,55,12,0.2181818181818181,2012,40.1,2002,18.2601724257028,0.578775010469854,1584,803,0,3,0.0,3.7359900373599007
2003,STP,0.0,0.0,0.0,0.0,0.0,0.0,35,4,0.1142857142857142,2013,42.8,2003,18.441323856177405,0.573733179335257,1324,703,0,1,0.0,1.4224751066856332
2004,STP,0.0,0.0,0.0,0.0,0.0,0.0,49,6,0.1224489795918367,2014,38.4,2004,18.556803742962124,0.573651119825905,1700,914,0,4,0.0,4.3763676148796495
2005,STP,0.0,0.0,0.0,0.0,0.0,0.0,54,5,0.0925925925925925,2015,39.2,2005,18.731473628119083,0.574238236789818,1399,758,0,2,0.0,2.638522427440633
2006,STP,0.0,0.0,0.0,0.0,0.0,0.0,102,11,0.1078431372549019,2016,38.1,2006,18.776781291557104,0.540955830892266,1986,1053,0,4,0.0,3.7986704653371324
2007,STP,0.0,0.0,0.0,0.0,0.0,0.0,68,6,0.088235294117647,2017,39.2,2007,18.820442410984537,0.538765052135903,1356,691,0,1,0.0,1.447178002894356
2008,STP,0.0,0.0,0.0,0.0,0.0,0.0,53,9,0.1698113207547169,2018,40.6,2008,19.052065117114594,0.537195509202172,1372,698,0,1,0.0,1.4326647564469914
2009,STP,0.0,0.0,0.0,0.0,0.0,0.0,58,16,0.2758620689655172,2019,38.6,2009,19.05100009610519,0.541138224443693,1415,741,0,9,0.0,12.145748987854251
2010,STP,0.0,0.0,0.0,0.0,0.0,0.0,62,11,0.1774193548387097,2020,41.6,2010,19.09694884242016,0.535599938967318,1697,934,0,5,0.0,5.353319057815845
2011,STP,0.0,0.0,0.0,0.0,0.0,0.0,65,6,0.0923076923076923,2021,40.8,2011,19.26004408095635,0.535438945719536,2076,1140,0,5,0.0,4.385964912280701
2012,STP,0.0,0.0,0.0,0.0,0.0,0.0,27,2,0.074074074074074,2022,42.5,2012,19.3396911569388,0.535681161543398,2054,1097,0,0,0.0,0.0
1995,SUR,0.0,0.0,0.0,0.0,0.0,0.0,42,8,0.1904761904761904,2005,18.9,1995,20.354504572089663,0.46163123244103,2407,1279,0,2,0.0,1.563721657544957
1996,SUR,0.0,0.0,0.0,0.0,0.0,0.0,31,1,0.032258064516129,2006,22.1,1996,20.574037078815568,0.461698847138038,1794,928,0,0,0.0,0.0
1997,SUR,0.0,0.0,0.0,0.0,0.0,0.0,33,4,0.1212121212121212,2007,24.6,1997,20.646840952052838,0.460410113676224,1835,991,0,1,0.0,1.0090817356205852
1998,SUR,0.0,0.0,0.0,0.0,0.0,0.0,22,3,0.1363636363636363,2008,26.2,1998,20.82839132498741,0.450357254904406,1359,719,0,0,0.0,0.0
1999,SUR,0.0,0.0,0.0,0.0,0.0,0.0,36,4,0.1111111111111111,2009,26.5,1999,20.602555555997448,0.450410814579192,1624,873,0,2,0.0,2.2909507445589923
2000,SUR,0.0,0.0,0.0,0.0,0.0,0.0,19,1,0.0526315789473684,2010,22.1,2000,20.669518976816136,0.451057906144871,1519,812,0,0,0.0,0.0
2001,SUR,0.0,0.0,0.0,0.0,0.0,0.0,45,5,0.1111111111111111,2011,21.2,2001,20.542078865626863,0.437115991585766,1661,855,0,1,0.0,1.1695906432748537
2002,SUR,0.0,0.0,0.0,0.0,0.0,0.0,35,3,0.0857142857142857,2012,15.8,2002,20.81271749635678,0.441736487190224,2129,1189,0,1,0.0,0.8410428931875525
2003,SUR,0.0,0.0,0.0,0.0,0.0,0.0,25,0,0.0,2013,17.6,2003,20.96557676363093,0.441319559780812,1117,613,0,0,0.0,0.0
2004,SUR,0.0,0.0,0.0,0.0,0.0,0.0,35,3,0.0857142857142857,2014,12.8,2004,21.118069336890333,0.436506944623985,1561,846,0,0,0.0,0.0
2005,SUR,0.0,0.0,0.0,0.0,0.0,0.0,26,1,0.0384615384615384,2015,11.6,2005,21.30738501650485,0.433091914645118,1326,733,0,0,0.0,0.0
2006,SUR,0.0,0.0,0.0,0.0,0.0,0.0,39,4,0.1025641025641025,2016,11.1,2006,21.68887247476357,0.438407520177469,1035,573,0,0,0.0,0.0
2007,SUR,0.0,0.0,0.0,0.0,0.0,0.0,32,9,0.28125,2017,15.5,2007,21.80052238033476,0.431450218323568,837,469,0,5,0.0,10.660980810234541
2008,SUR,0.0,0.0,0.0,0.0,0.0,0.0,44,16,0.3636363636363636,2018,18.3,2008,21.985404440778925,0.432600043106552,1257,699,2,5,2.8612303290414878,7.15307582260372
2009,SUR,0.0,0.0,0.0,0.0,0.0,0.0,47,13,0.2765957446808511,2019,14.9,2009,22.07791725828812,0.435835836024729,1124,640,0,6,0.0,9.375
2010,SUR,0.0,0.0,0.0,0.0,0.0,0.0,67,17,0.2537313432835821,2020,14.6,2010,22.19765612854845,0.440714948588762,1752,928,0,5,0.0,5.387931034482759
2011,SUR,0.0,0.0,0.0,0.0,0.0,0.0,64,12,0.1875,2021,14.5,2011,22.209920473282207,0.438256089519381,1543,835,0,6,0.0,7.18562874251497
1995,SVK,0.0,0.0,0.0,0.0,0.0,0.0,77,1,0.0129870129870129,2005,6.3,1995,23.97519518167293,0.398019031629529,3294,1712,0,0,0.0,0.0
1996,SVK,0.0,0.0,0.0,0.0,0.0,0.0,70,3,0.0428571428571428,2006,6.6,1996,24.05278949810493,0.400204716473529,2413,1331,0,0,0.0,0.0
1997,SVK,0.0,0.0,0.0,0.0,0.0,0.0,58,1,0.0172413793103448,2007,8.2,1997,24.04491584725796,0.394375696684378,2512,1360,0,0,0.0,0.0
1998,SVK,0.0,0.0,0.0,0.0,0.0,0.0,34,5,0.1470588235294117,2008,7.6,1998,24.119651684085888,0.391917937867568,1889,1044,0,0,0.0,0.0
1999,SVK,0.0,0.0,0.0,0.0,0.0,0.0,54,1,0.0185185185185185,2009,10.0,1999,24.13980066710913,0.390328123094055,2362,1302,0,0,0.0,0.0
2000,SVK,0.0,0.0,0.0,0.0,0.0,0.0,48,1,0.0208333333333333,2010,10.3,2000,24.09889097815652,0.389931579176824,1878,999,0,0,0.0,0.0
2001,SVK,0.0,0.0,0.0,0.0,0.0,0.0,45,0,0.0,2011,10.4,2001,24.150091380655557,0.385743712024593,1572,840,0,0,0.0,0.0
2002,SVK,0.0,0.0,0.0,0.0,0.0,0.0,59,2,0.0338983050847457,2012,10.5,2002,24.287086316950575,0.384226693402509,1616,897,0,0,0.0,0.0
2003,SVK,0.0,0.0,0.0,0.0,0.0,0.0,51,2,0.0392156862745098,2013,10.7,2003,24.571709119554946,0.382725577933875,1715,959,0,1,0.0,1.0427528675703859
2004,SVK,0.0,0.0,0.0,0.0,0.0,0.0,53,1,0.0188679245283018,2014,12.2,2004,24.77396227025445,0.37731465391334,2014,1106,0,0,0.0,0.0
2005,SVK,0.0,0.0,0.0,0.0,0.0,0.0,64,1,0.015625,2015,13.4,2005,24.863359809643047,0.376455902156449,2199,1173,0,1,0.0,0.8525149190110827
2006,SVK,0.0,0.0,0.0,0.0,0.0,0.0,67,3,0.044776119402985,2016,13.1,2006,24.982663416546725,0.374632171545842,1781,983,0,0,0.0,0.0
2007,SVK,0.0,0.0,0.0,0.0,0.0,0.0,66,2,0.0303030303030303,2017,12.4,2007,25.184149709197893,0.375471113700587,1478,807,0,0,0.0,0.0
2008,SVK,0.0,0.0,0.0,0.0,0.0,0.0,50,5,0.1,2018,12.4,2008,25.33719656691546,0.373369105252765,1209,680,0,2,0.0,2.941176470588235
2009,SVK,0.0,0.0,0.0,0.0,0.0,0.0,70,5,0.0714285714285714,2019,17.6,2009,25.216378725158147,0.370121444677187,1877,1027,0,2,0.0,1.9474196689386563
2010,SVK,0.0,0.0,0.0,0.0,0.0,0.0,86,6,0.0697674418604651,2020,17.6,2010,25.23591315448621,0.366750386509301,1996,1127,0,0,0.0,0.0
2011,SVK,0.0,0.0,0.0,0.0,0.0,0.0,67,2,0.0298507462686567,2021,17.9,2011,25.327662578153188,0.367194222706784,1434,786,0,0,0.0,0.0
1995,SVN,0.0,0.0,0.0,0.0,0.0,0.0,53,3,0.0566037735849056,2005,18.6,1995,23.784421740703976,0.393744096378823,1849,931,0,0,0.0,0.0
1996,SVN,0.0,0.0,0.0,0.0,0.0,0.0,39,2,0.0512820512820512,2006,17.4,1996,23.791655117788537,0.394628208210876,1337,717,0,0,0.0,0.0
1997,SVN,0.0,0.0,0.0,0.0,0.0,0.0,70,1,0.0142857142857142,2007,18.4,1997,23.75644329357301,0.391536675547285,2593,1351,0,0,0.0,0.0
1998,SVN,0.0,0.0,0.0,0.0,0.0,0.0,62,3,0.0483870967741935,2008,17.6,1998,23.820933204654963,0.384571660327374,1753,947,0,0,0.0,0.0
1999,SVN,0.0,0.0,0.0,0.0,0.0,0.0,61,0,0.0,2009,19.6,1999,23.846132147216704,0.384713214939016,1909,1031,0,0,0.0,0.0
2000,SVN,0.0,0.0,0.0,0.0,0.0,0.0,28,1,0.0357142857142857,2010,20.1,2000,23.73337563857039,0.381348036116948,1290,677,0,0,0.0,0.0
2001,SVN,0.0,0.0,0.0,0.0,0.0,0.0,43,0,0.0,2011,19.1,2001,23.761880858768333,0.380082578823133,1645,856,0,0,0.0,0.0
2002,SVN,0.0,0.0,0.0,0.0,0.0,0.0,35,1,0.0285714285714285,2012,20.2,2002,23.879835964427095,0.37955066230287,1244,658,0,0,0.0,0.0
2003,SVN,0.0,0.0,0.0,0.0,0.0,0.0,47,2,0.0425531914893617,2013,22.5,2003,24.11221226927467,0.375795136136115,1481,793,0,0,0.0,0.0
2004,SVN,0.0,0.0,0.0,0.0,0.0,0.0,39,5,0.1282051282051282,2014,22.9,2004,24.26175209108892,0.353538314242406,1462,771,0,1,0.0,1.297016861219196
2005,SVN,0.0,0.0,0.0,0.0,0.0,0.0,56,1,0.0178571428571428,2015,21.4,2005,24.312501624453077,0.353863262252644,1695,902,0,0,0.0,0.0
2006,SVN,0.0,0.0,0.0,0.0,0.0,0.0,84,6,0.0714285714285714,2016,21.0,2006,24.39908652122216,0.353800067122386,1735,926,0,0,0.0,0.0
2007,SVN,0.0,0.0,0.0,0.0,0.0,0.0,46,5,0.108695652173913,2017,19.7,2007,24.595870054711416,0.353757707942949,867,480,0,1,0.0,2.0833333333333335
2008,SVN,0.0,0.0,0.0,0.0,0.0,0.0,104,9,0.0865384615384615,2018,20.6,2008,24.74467095986043,0.356492735360956,2066,1103,0,2,0.0,1.813236627379873
2009,SVN,0.0,0.0,0.0,0.0,0.0,0.0,91,8,0.0879120879120879,2019,20.9,2009,24.646579559379997,0.356634223480326,1788,963,1,3,1.0384215991692627,3.115264797507788
2010,SVN,0.0,0.0,0.0,0.0,0.0,0.0,48,4,0.0833333333333333,2020,22.7,2010,24.598795802436776,0.356953798641493,1126,593,0,4,0.0,6.745362563237774
2011,SVN,0.0,0.0,0.0,0.0,0.0,0.0,74,10,0.1351351351351351,2021,23.4,2011,24.666474859498138,0.353905942124922,1562,836,0,5,0.0,5.980861244019139
1995,SWE,0.0,0.0,0.0,0.0,0.0,0.0,97,5,0.0515463917525773,2005,39.3,1995,26.311663879158683,0.325621904679184,2704,1510,0,0,0.0,0.0
1996,SWE,0.0,0.0,0.0,0.0,0.0,0.0,77,6,0.0779220779220779,2006,40.1,1996,26.399148482439717,0.326651749459365,1682,939,0,0,0.0,0.0
1997,SWE,0.0,0.0,0.0,0.0,0.0,0.0,78,7,0.0897435897435897,2007,41.8,1997,26.3147987488238,0.326211592739277,2206,1272,0,2,0.0,1.5723270440251573
1998,SWE,0.0,0.0,0.0,0.0,0.0,0.0,91,5,0.0549450549450549,2008,43.2,1998,26.324683863138677,0.32482348032004,2589,1494,0,0,0.0,0.0
1999,SWE,0.0,0.0,0.0,0.0,0.0,0.0,72,3,0.0416666666666666,2009,45.7,1999,26.336653918935703,0.323926900392281,2025,1101,0,0,0.0,0.0
2000,SWE,0.0,0.0,0.0,0.0,0.0,0.0,88,3,0.034090909090909,2010,44.7,2000,26.29478920401156,0.323565119778686,2620,1464,0,0,0.0,0.0
2001,SWE,0.0,0.0,0.0,0.0,0.0,0.0,77,5,0.0649350649350649,2011,45.4,2001,26.213834511668264,0.322556474239461,2102,1219,0,1,0.0,0.8203445447087777
2002,SWE,0.0,0.0,0.0,0.0,0.0,0.0,79,6,0.0759493670886076,2012,48.3,2002,26.309946627690906,0.321623036163236,1932,1072,0,0,0.0,0.0
2003,SWE,0.0,0.0,0.0,0.0,0.0,0.0,78,2,0.0256410256410256,2013,47.3,2003,26.53541542305914,0.322759664725085,1846,1026,0,1,0.0,0.9746588693957114
2004,SWE,0.0,0.0,0.0,0.0,0.0,0.0,73,3,0.0410958904109589,2014,48.6,2004,26.676817548642035,0.320801856264339,1859,1035,0,0,0.0,0.0
2005,SWE,0.0,0.0,0.0,0.0,0.0,0.0,68,7,0.1029411764705882,2015,51.9,2005,26.69508543236891,0.319659371502776,1510,829,0,3,0.0,3.6188178528347406
2006,SWE,0.0,0.0,0.0,0.0,0.0,0.0,80,6,0.075,2016,50.9,2006,26.77085222010136,0.31914920394717,1378,759,0,0,0.0,0.0
2007,SWE,0.0,0.0,0.0,0.0,0.0,0.0,75,6,0.08,2017,51.8,2007,26.92022870945476,0.318396391418866,1465,783,0,2,0.0,2.554278416347382
2008,SWE,0.0,0.0,0.0,0.0,0.0,0.0,82,13,0.1585365853658536,2018,51.6,2008,26.97267376513995,0.3213138210622,1491,846,0,4,0.0,4.7281323877068555
2009,SWE,0.0,0.0,0.0,0.0,0.0,0.0,91,17,0.1868131868131868,2019,52.9,2009,26.80213650235446,0.322487882939733,1833,967,0,2,0.0,2.0682523267838677
2010,SWE,0.0,0.0,0.0,0.0,0.0,0.0,115,13,0.1130434782608695,2020,57.8,2010,26.92946378668857,0.322353389567755,2338,1312,0,4,0.0,3.048780487804878
2011,SWE,0.0,0.0,0.0,0.0,0.0,0.0,97,14,0.1443298969072164,2021,57.9,2011,27.0760591797093,0.321906728140523,1768,946,0,5,0.0,5.2854122621564485
1995,SWZ,0.0,0.0,0.0,0.0,0.0,0.0,41,4,0.0975609756097561,2005,67.0,1995,21.2532994783221,0.549056917949082,2672,1335,0,0,0.0,0.0
1996,SWZ,0.0,0.0,0.0,0.0,0.0,0.0,35,0,0.0,2006,66.8,1996,21.19498160714197,0.548314102599017,2220,1087,0,0,0.0,0.0
1997,SWZ,0.0,0.0,0.0,0.0,0.0,0.0,51,3,0.0588235294117647,2007,66.9,1997,21.263677948395944,0.545768309976078,2940,1499,0,0,0.0,0.0
1998,SWZ,0.0,0.0,0.0,0.0,0.0,0.0,57,1,0.0175438596491228,2008,67.8,1998,21.178732317637085,0.546790039915152,3262,1606,0,2,0.0,1.2453300124533002
1999,SWZ,0.0,0.0,0.0,0.0,0.0,0.0,68,0,0.0,2009,66.7,1999,21.1601575513781,0.544454954066911,3896,1950,0,0,0.0,0.0
2000,SWZ,0.0,0.0,0.0,0.0,0.0,0.0,42,0,0.0,2010,68.5,2000,21.27605480767409,0.544432748387294,1754,906,0,0,0.0,0.0
2001,SWZ,0.0,0.0,0.0,0.0,0.0,0.0,50,1,0.02,2011,69.3,2001,21.15665560310077,0.547413924022854,2375,1191,0,0,0.0,0.0
2002,SWZ,0.0,0.0,0.0,0.0,0.0,0.0,38,0,0.0,2012,68.8,2002,21.082492770587617,0.543678612225872,1981,992,0,0,0.0,0.0
2003,SWZ,0.0,0.0,0.0,0.0,0.0,0.0,42,1,0.0238095238095238,2013,66.1,2003,21.51063097286885,0.540492967179257,1782,922,1,0,1.0845986984815619,0.0
2004,SWZ,0.0,0.0,0.0,0.0,0.0,0.0,52,1,0.0192307692307692,2014,68.3,2004,21.74214304550766,0.533590928266317,2374,1232,0,0,0.0,0.0
2005,SWZ,0.0,0.0,0.0,0.0,0.0,0.0,41,2,0.048780487804878,2015,68.8,2005,21.879553251195222,0.528546424966302,1965,1037,0,2,0.0,1.9286403085824495
2006,SWZ,0.0,0.0,0.0,0.0,0.0,0.0,80,1,0.0125,2016,64.3,2006,21.914557556516304,0.533134726988713,2042,1072,0,0,0.0,0.0
2007,SWZ,0.0,0.0,0.0,0.0,0.0,0.0,62,9,0.1451612903225806,2017,65.3,2007,21.96724209540781,0.528816820402736,1538,794,0,4,0.0,5.037783375314861
2008,SWZ,0.0,0.0,0.0,0.0,0.0,0.0,62,13,0.2096774193548387,2018,65.7,2008,21.91539402423445,0.526518382061903,1379,724,1,4,1.3812154696132597,5.524861878453039
2009,SWZ,0.0,0.0,0.0,0.0,0.0,0.0,62,11,0.1774193548387097,2019,64.4,2009,21.9987481793756,0.526225370039911,1545,807,0,5,0.0,6.195786864931847
2010,SWZ,0.0,0.0,0.0,0.0,0.0,0.0,70,17,0.2428571428571428,2020,63.7,2010,22.21364204610201,0.521958368388862,1639,869,0,4,0.0,4.602991944764097
2011,SWZ,0.0,0.0,0.0,0.0,0.0,0.0,51,2,0.0392156862745098,2021,65.4,2011,22.29613905302576,0.525025819474456,1273,682,0,2,0.0,2.932551319648094
2012,SWZ,0.0,0.0,0.0,0.0,0.0,0.0,58,6,0.1034482758620689,2022,64.7,2012,22.309752719084912,0.524500858095453,1884,990,2,0,2.0202020202020203,0.0
1996,SYC,0.0,0.0,0.0,0.0,0.0,0.0,29,8,0.2758620689655172,2006,0.9,1996,20.098245133915874,0.492472133542482,1420,715,0,1,0.0,1.3986013986013985
1997,SYC,0.0,0.0,0.0,0.0,0.0,0.0,14,2,0.1428571428571428,2007,1.0,1997,20.21071709963927,0.493610001932344,599,314,0,1,0.0,3.1847133757961785
1998,SYC,0.0,0.0,0.0,0.0,0.0,0.0,68,9,0.1323529411764706,2008,0.9,1998,20.28830092046753,0.490207418200206,1914,964,0,1,0.0,1.037344398340249
2001,SYC,0.0,0.0,0.0,0.0,0.0,0.0,23,0,0.0,2011,0.8,2001,20.310873078384365,0.48394628790458,920,523,0,0,0.0,0.0
2003,SYC,0.0,0.0,0.0,0.0,0.0,0.0,54,11,0.2037037037037037,2013,1.5,2003,20.43671282872832,0.48587773925736,1757,941,0,5,0.0,5.313496280552604
2004,SYC,0.0,0.0,0.0,0.0,0.0,0.0,32,3,0.09375,2014,1.4,2004,20.610110820942023,0.485262977689956,1244,643,0,2,0.0,3.1104199066874028
2006,SYC,0.0,0.0,0.0,0.0,0.0,0.0,38,2,0.0526315789473684,2016,1.2,2006,20.8015605707264,0.484190168289495,932,489,0,0,0.0,0.0
2007,SYC,0.0,0.0,0.0,0.0,0.0,4.0,90,25,0.2777777777777778,2017,1.2,2007,20.797731998085656,0.478936575639313,2169,1155,0,20,0.0,17.316017316017316
2008,SYC,0.0,0.0,0.0,0.0,0.0,0.0,76,15,0.1973684210526315,2018,1.2,2008,20.70265219306317,0.476712118958519,1774,899,0,7,0.0,7.78642936596218
2009,SYC,0.0,0.0,0.0,0.0,0.0,0.0,58,17,0.293103448275862,2019,1.2,2009,20.56199826394012,0.469074486185388,1293,672,0,17,0.0,25.297619047619047
2010,SYC,0.0,0.0,0.0,0.0,0.0,0.0,70,11,0.1571428571428571,2020,1.3,2010,20.70501836273058,0.453694380458618,1517,795,1,4,1.2578616352201257,5.031446540880503
2012,SYC,0.0,0.0,0.0,0.0,0.0,0.0,47,6,0.1276595744680851,2022,1.9,2012,20.809334048295128,0.452823702524794,1466,777,4,4,5.148005148005148,5.148005148005148
1995,SYR,0.0,0.0,0.0,0.0,0.0,0.0,35,0,0.0,2005,2.1,1995,24.65246782916929,0.496730643720246,2189,1078,0,0,0.0,0.0
1996,SYR,0.0,0.0,0.0,0.0,0.0,0.0,35,1,0.0285714285714285,2006,1.8,1996,24.843055259221344,0.494163744721301,2013,1017,0,0,0.0,0.0
1997,SYR,0.0,0.0,0.0,0.0,0.0,0.0,56,0,0.0,2007,1.5,1997,24.919270088573874,0.491634006092425,2637,1382,0,0,0.0,0.0
1998,SYR,0.0,0.0,0.0,0.0,0.0,0.0,43,0,0.0,2008,1.2,1998,24.977717216213197,0.4885804207399,2402,1281,0,0,0.0,0.0
1999,SYR,0.0,0.0,0.0,0.0,0.0,0.0,49,2,0.0408163265306122,2009,0.9,1999,25.0133188129785,0.485492813699812,2823,1469,0,0,0.0,0.0
2000,SYR,0.0,0.0,0.0,0.0,0.0,0.0,51,0,0.0,2010,1.4,2000,25.112640685644624,0.482913416432491,1974,1073,0,0,0.0,0.0
2001,SYR,0.0,0.0,0.0,0.0,0.0,0.0,41,0,0.0,2011,1.6,2001,25.18654192047718,0.485829861019423,2128,1104,0,0,0.0,0.0
2002,SYR,0.0,0.0,0.0,0.0,0.0,0.0,36,0,0.0,2012,2.0,2002,25.229261727796334,0.489602137162918,1845,941,0,0,0.0,0.0
2003,SYR,0.0,0.0,0.0,0.0,0.0,0.0,53,0,0.0,2013,3.1,2003,25.284419435956032,0.488540340804257,2590,1355,0,0,0.0,0.0
2004,SYR,0.0,0.0,0.0,0.0,0.0,0.0,66,1,0.0151515151515151,2014,2.7,2004,25.44944354994422,0.487195080055542,3183,1699,0,0,0.0,0.0
2005,SYR,0.0,0.0,0.0,0.0,0.0,0.0,64,0,0.0,2015,0.6,2005,25.622625606046785,0.487232114446561,2298,1238,0,0,0.0,0.0
2006,SYR,0.0,0.0,0.0,0.0,0.0,0.0,77,1,0.0129870129870129,2016,1.3,2006,25.75891831477852,0.483758635413886,1887,962,1,0,1.0395010395010396,0.0
2007,SYR,0.0,0.0,0.0,0.0,0.0,0.0,63,0,0.0,2017,1.1,2007,25.91638995917377,0.484265232402476,1684,894,0,0,0.0,0.0
2008,SYR,0.0,0.0,0.0,0.0,0.0,0.0,72,1,0.0138888888888888,2018,0.9,2008,26.108173556452563,0.486140884583554,2009,1060,0,0,0.0,0.0
2009,SYR,0.0,0.0,0.0,0.0,0.0,0.0,89,2,0.0224719101123595,2019,1.0,2009,26.137416306600773,0.489471429700724,1932,1024,0,0,0.0,0.0
2010,SYR,0.0,0.0,0.0,0.0,0.0,0.0,71,9,0.1267605633802817,2020,1.1,2010,26.254749234595664,0.486937703317098,1663,869,0,5,0.0,5.753739930955121
2011,SYR,0.0,0.0,0.0,0.0,0.0,0.0,77,2,0.0259740259740259,2021,1.1,2011,24.935977377941366,0.486831196135109,1739,921,0,0,0.0,0.0
1995,TCD,0.0,0.0,0.0,0.0,0.0,0.0,40,1,0.025,2005,83.8,1995,21.092011561499792,0.646399559314689,2041,1068,0,0,0.0,0.0
1996,TCD,0.0,0.0,0.0,0.0,0.0,0.0,46,3,0.0652173913043478,2006,83.7,1996,21.197849807271027,0.646369669891226,1709,906,0,0,0.0,0.0
1997,TCD,0.0,0.0,0.0,0.0,0.0,0.0,60,5,0.0833333333333333,2007,82.4,1997,21.158088805425805,0.646758610165131,2650,1352,0,1,0.0,0.7396449704142012
1998,TCD,0.0,0.0,0.0,0.0,0.0,0.0,57,0,0.0,2008,79.8,1998,21.279902638963243,0.645834712022414,3145,1646,0,0,0.0,0.0
1999,TCD,0.0,0.0,0.0,0.0,0.0,0.0,77,6,0.0779220779220779,2009,79.4,1999,21.151583545861055,0.64478222259222,3109,1619,0,0,0.0,0.0
2000,TCD,0.0,0.0,0.0,0.0,0.0,0.0,62,1,0.0161290322580645,2010,79.2,2000,21.05149474190485,0.643645112088038,2969,1503,0,0,0.0,0.0
2001,TCD,0.0,0.0,0.0,0.0,0.0,0.0,44,1,0.0227272727272727,2011,80.7,2001,21.260252288215863,0.643833829734158,2253,1188,0,0,0.0,0.0
2002,TCD,0.0,0.0,0.0,0.0,0.0,0.0,40,0,0.0,2012,76.1,2002,21.41491475066493,0.643478645163165,1605,830,0,0,0.0,0.0
2003,TCD,0.0,0.0,0.0,0.0,0.0,0.0,61,2,0.0327868852459016,2013,72.6,2003,21.73225062810928,0.659887266597075,2520,1297,0,0,0.0,0.0
2004,TCD,0.0,0.0,0.0,0.0,0.0,0.0,51,4,0.0784313725490196,2014,72.5,2004,22.210051400889053,0.652069432326381,2728,1406,0,2,0.0,1.4224751066856332
2005,TCD,0.0,0.0,0.0,0.0,0.0,0.0,48,2,0.0416666666666666,2015,72.7,2005,22.617778555064334,0.648766458999856,2041,1052,0,0,0.0,0.0
2006,TCD,0.0,0.0,0.0,0.0,0.0,0.0,58,5,0.0862068965517241,2016,72.7,2006,22.728616909877037,0.647559005858481,1737,874,0,1,0.0,1.1441647597254005
2007,TCD,0.0,0.0,0.0,0.0,0.0,0.0,70,6,0.0857142857142857,2017,72.8,2007,22.880841080884814,0.641930305890384,2119,1087,0,3,0.0,2.7598896044158234
2008,TCD,0.0,0.0,0.0,0.0,0.0,0.0,61,3,0.0491803278688524,2018,73.1,2008,23.064478559081103,0.639386662878116,1717,897,0,0,0.0,0.0
2009,TCD,0.0,0.0,0.0,0.0,0.0,0.0,56,10,0.1785714285714285,2019,72.8,2009,22.95228278411582,0.641115374950222,1647,844,0,2,0.0,2.3696682464454977
2010,TCD,1.0,0.0,0.0,0.0,0.0,0.0,69,11,0.1594202898550724,2020,71.9,2010,23.09052414972451,0.637823463126805,1665,909,2,3,2.2002200220022,3.3003300330033003
2011,TCD,0.0,0.0,0.0,0.0,0.0,0.0,52,9,0.173076923076923,2021,69.9,2011,23.2224294431252,0.644172127670297,1476,756,0,1,0.0,1.3227513227513228
2012,TCD,0.0,0.0,0.0,0.0,0.0,0.0,43,0,0.0,2022,70.0,2012,23.2383268030462,0.640534703804396,1742,922,0,0,0.0,0.0
1995,TGO,0.0,0.0,0.0,0.0,0.0,0.0,72,4,0.0555555555555555,2005,77.2,1995,21.299513175282307,0.555053473061959,4959,2613,0,1,0.0,0.3827018752391887
1996,TGO,0.0,0.0,0.0,0.0,0.0,0.0,54,3,0.0555555555555555,2006,79.7,1996,21.41211841790061,0.554444970082866,3051,1627,0,0,0.0,0.0
1997,TGO,0.0,0.0,0.0,0.0,0.0,0.0,61,4,0.0655737704918032,2007,79.9,1997,21.434722791345223,0.552139188461347,3016,1582,0,0,0.0,0.0
1998,TGO,0.0,0.0,0.0,0.0,0.0,0.0,40,1,0.025,2008,76.5,1998,21.492020732198103,0.548838532507803,2641,1375,0,0,0.0,0.0
1999,TGO,0.0,0.0,0.0,0.0,0.0,0.0,52,1,0.0192307692307692,2009,63.4,1999,21.485273999429594,0.548866539877735,2930,1532,0,0,0.0,0.0
2000,TGO,0.0,0.0,0.0,0.0,0.0,0.0,45,1,0.0222222222222222,2010,65.8,2000,21.43000182848113,0.546687631797602,1821,978,0,0,0.0,0.0
2001,TGO,0.0,0.0,0.0,0.0,0.0,0.0,31,0,0.0,2011,69.1,2001,21.42364515295595,0.545682086664984,1854,959,0,0,0.0,0.0
2002,TGO,0.0,0.0,0.0,0.0,0.0,0.0,35,1,0.0285714285714285,2012,72.7,2002,21.564517810450493,0.543998995886542,1882,941,0,0,0.0,0.0
2003,TGO,0.0,0.0,0.0,0.0,0.0,0.0,49,0,0.0,2013,76.2,2003,21.779407409157223,0.541029217879766,2522,1331,0,0,0.0,0.0
2004,TGO,0.0,0.0,0.0,0.0,0.0,0.0,28,0,0.0,2014,81.4,2004,21.84531877726777,0.540212911019703,2302,1229,0,0,0.0,0.0
2005,TGO,0.0,0.0,0.0,0.0,0.0,0.0,27,2,0.074074074074074,2015,81.0,2005,21.854782958597784,0.536037504424969,1503,806,0,2,0.0,2.4813895781637716
2006,TGO,0.0,0.0,0.0,0.0,0.0,0.0,77,6,0.0779220779220779,2016,80.7,2006,21.88504663559022,0.534205516722624,2160,1163,0,0,0.0,0.0
2007,TGO,0.0,0.0,0.0,0.0,0.0,0.0,76,6,0.0789473684210526,2017,78.4,2007,22.009264969100705,0.534992880917742,2665,1399,0,4,0.0,2.8591851322373123
2008,TGO,0.0,0.0,0.0,0.0,0.0,0.0,58,6,0.1034482758620689,2018,76.7,2008,22.23102892742357,0.522126643970168,1597,863,0,0,0.0,0.0
2009,TGO,0.0,0.0,0.0,0.0,0.0,0.0,72,8,0.1111111111111111,2019,78.6,2009,22.2476135572964,0.526513856275383,2324,1222,0,2,0.0,1.6366612111292964
2010,TGO,0.0,0.0,0.0,0.0,0.0,0.0,49,5,0.1020408163265306,2020,76.2,2010,22.26236060768892,0.521205114472632,1574,818,0,3,0.0,3.667481662591687
2011,TGO,0.0,0.0,0.0,0.0,0.0,0.0,61,5,0.081967213114754,2021,75.1,2011,22.383846996591547,0.517870736726982,1728,931,0,0,0.0,0.0
1995,THA,0.0,0.0,0.0,0.0,0.0,0.0,58,1,0.0172413793103448,2005,20.1,1995,25.85481359738115,0.458301940492987,2346,1280,0,0,0.0,0.0
1996,THA,0.0,0.0,0.0,0.0,0.0,0.0,84,5,0.0595238095238095,2006,20.5,1996,25.932944530993755,0.459236660539454,3566,1824,0,0,0.0,0.0
1997,THA,0.0,0.0,0.0,0.0,0.0,0.0,67,5,0.0746268656716417,2007,21.6,1997,25.735103437249474,0.458965169482964,2219,1218,0,0,0.0,0.0
1998,THA,0.0,0.0,0.0,0.0,0.0,0.0,77,3,0.0389610389610389,2008,22.6,1998,25.456614574497294,0.458207256785317,2956,1599,0,0,0.0,0.0
1999,THA,0.0,0.0,0.0,0.0,0.0,0.0,44,2,0.0454545454545454,2009,22.8,1999,25.564844898194156,0.45748620800927,1812,975,0,1,0.0,1.0256410256410255
2000,THA,0.0,0.0,0.0,0.0,0.0,0.0,62,1,0.0161290322580645,2010,22.8,2000,25.562655791473688,0.45704083410889,3072,1645,0,1,0.0,0.6079027355623101
2001,THA,0.0,0.0,0.0,0.0,0.0,0.0,38,0,0.0,2011,23.0,2001,25.513225167561203,0.452886168732024,1384,787,0,0,0.0,0.0
2002,THA,0.0,0.0,0.0,0.0,0.0,0.0,63,5,0.0793650793650793,2012,23.6,2002,25.623348666871447,0.450220660941582,2447,1392,0,0,0.0,0.0
2003,THA,0.0,0.0,0.0,0.0,0.0,0.0,63,0,0.0,2013,23.2,2003,25.748990816712297,0.448584384524999,2247,1255,0,0,0.0,0.0
2004,THA,0.0,0.0,0.0,0.0,0.0,0.0,47,1,0.0212765957446808,2014,24.4,2004,25.87595427564588,0.446992377166168,2060,1099,0,0,0.0,0.0
2005,THA,0.0,0.0,0.0,0.0,0.0,0.0,54,7,0.1296296296296296,2015,22.6,2005,25.96669613020177,0.445973739460495,1437,788,1,0,1.2690355329949237,0.0
2006,THA,0.0,0.0,0.0,0.0,0.0,0.0,89,1,0.0112359550561797,2016,22.4,2006,26.12485386318624,0.444332723152506,1969,1089,0,0,0.0,0.0
2007,THA,0.0,0.0,0.0,0.0,1.0,0.0,75,14,0.1866666666666666,2017,22.2,2007,26.295201687776828,0.444767238667757,1621,915,2,5,2.185792349726776,5.46448087431694
2008,THA,0.0,0.0,0.0,0.0,0.0,0.0,115,27,0.2347826086956521,2018,23.7,2008,26.397904340427,0.445076937712441,2285,1211,1,2,0.8257638315441783,1.6515276630883566
2009,THA,0.0,0.0,0.0,0.0,0.0,0.0,105,22,0.2095238095238095,2019,23.9,2009,26.364146243360416,0.444017067131831,2233,1214,1,7,0.8237232289950577,5.766062602965404
2010,THA,2.0,0.0,0.0,0.0,0.0,0.0,116,9,0.0775862068965517,2020,20.9,2010,26.55545549968001,0.44370758989662,2695,1501,1,7,0.6662225183211192,4.663557628247834
2011,THA,0.0,0.0,0.0,0.0,0.0,0.0,71,2,0.028169014084507,2021,19.0,2011,26.638979196788828,0.444237930169395,1595,879,0,1,0.0,1.1376564277588168
1995,TJK,0.0,0.0,0.0,0.0,0.0,0.0,46,1,0.0217391304347826,2005,63.7,1995,20.93155329697805,0.426843609638207,2180,1123,0,1,0.0,0.8904719501335707
1996,TJK,0.0,0.0,0.0,0.0,0.0,0.0,53,2,0.0377358490566037,2006,61.6,1996,20.76599464146842,0.42566187706134,2839,1533,0,0,0.0,0.0
1997,TJK,0.0,0.0,0.0,0.0,0.0,0.0,30,2,0.0666666666666666,2007,53.8,1997,20.64153231123702,0.427197619740621,1730,946,0,1,0.0,1.0570824524312896
1998,TJK,0.0,0.0,0.0,0.0,0.0,0.0,49,6,0.1224489795918367,2008,54.6,1998,21.0010487606002,0.427734895794686,2420,1288,0,1,0.0,0.7763975155279502
1999,TJK,0.0,0.0,0.0,0.0,0.0,0.0,51,9,0.1764705882352941,2009,60.6,1999,20.80633097217294,0.415714540642096,2695,1434,0,1,0.0,0.6973500697350069
2000,TJK,0.0,0.0,0.0,0.0,0.0,0.0,49,9,0.1836734693877551,2010,61.8,2000,20.57307279800021,0.413808815204657,2102,1146,0,1,0.0,0.8726003490401396
2001,TJK,0.0,0.0,0.0,0.0,0.0,0.0,99,17,0.1717171717171717,2011,60.0,2001,20.800942087999683,0.425840956547264,3286,1805,1,3,0.554016620498615,1.6620498614958448
2002,TJK,0.0,0.0,0.0,0.0,0.0,0.0,50,11,0.22,2012,55.8,2002,20.923022902175536,0.404944785884538,2179,1232,0,1,0.0,0.8116883116883118
2003,TJK,0.0,0.0,0.0,0.0,0.0,0.0,80,11,0.1375,2013,55.1,2003,21.164946140391432,0.408317920506668,3226,1727,0,1,0.0,0.5790387955993052
2004,TJK,0.0,0.0,0.0,0.0,0.0,0.0,40,4,0.1,2014,45.9,2004,21.45379388340897,0.408352806699318,2087,1135,0,2,0.0,1.762114537444934
2005,TJK,0.0,0.0,0.0,0.0,0.0,0.0,38,6,0.1578947368421052,2015,48.1,2005,21.56153114120207,0.411886391217764,1905,1049,0,1,0.0,0.9532888465204957
2006,TJK,0.0,0.0,0.0,0.0,0.0,0.0,76,10,0.131578947368421,2016,43.7,2006,21.76361800971189,0.407933628272716,2013,1140,0,2,0.0,1.7543859649122808
2007,TJK,0.0,0.0,0.0,0.0,0.0,0.0,61,19,0.3114754098360656,2017,44.2,2007,22.03686158871717,0.405819050212705,1886,1059,0,6,0.0,5.6657223796034
2008,TJK,0.0,0.0,0.0,0.0,0.0,0.0,81,27,0.3333333333333333,2018,41.6,2008,22.36445426941218,0.402934807547151,2210,1230,1,4,0.8130081300813008,3.252032520325203
2009,TJK,0.0,0.0,0.0,0.0,0.0,0.0,89,35,0.3932584269662921,2019,40.1,2009,22.328589691035955,0.402034153984935,2456,1382,3,9,2.1707670043415344,6.512301013024602
2010,TJK,0.0,0.0,0.0,0.0,0.0,0.0,74,33,0.4459459459459459,2020,38.8,2010,22.453543713023382,0.400184547866222,2007,1145,4,14,3.493449781659389,12.22707423580786
2011,TJK,0.0,0.0,0.0,0.0,0.0,0.0,65,23,0.3538461538461538,2021,34.9,2011,22.598562789691112,0.40918163271904,1470,828,4,5,4.830917874396135,6.038647342995169
1995,TKM,0.0,0.0,0.0,0.0,0.0,0.0,54,1,0.0185185185185185,2005,0.1,1995,21.632422558172014,0.460925706270589,2380,1246,0,1,0.0,0.8025682182985554
1996,TKM,0.0,0.0,0.0,0.0,0.0,0.0,55,5,0.0909090909090909,2006,0.1,1996,21.58984516994472,0.46272779321671,2163,1144,1,1,0.8741258741258742,0.8741258741258742
1997,TKM,0.0,0.0,0.0,0.0,0.0,0.0,36,4,0.1111111111111111,2007,0.1,1997,21.619496559076367,0.462638681001649,1690,907,0,1,0.0,1.1025358324145536
1998,TKM,0.0,0.0,0.0,0.0,0.0,0.0,50,4,0.08,2008,0.1,1998,21.68096260971253,0.453307078988703,1951,1058,3,1,2.835538752362949,0.945179584120983
1999,TKM,0.0,0.0,0.0,0.0,0.0,0.0,40,1,0.025,2009,0.1,1999,21.619584230068213,0.45654055965112,1606,855,1,0,1.1695906432748537,0.0
2000,TKM,0.0,0.0,0.0,0.0,0.0,0.0,40,3,0.075,2010,0.1,2000,21.78958307764804,0.453463509252148,1720,911,0,0,0.0,0.0
2001,TKM,0.0,0.0,0.0,0.0,0.0,0.0,33,4,0.1212121212121212,2011,0.1,2001,21.985914627566498,0.452706539635418,1452,772,1,0,1.2953367875647668,0.0
2002,TKM,0.0,0.0,0.0,0.0,0.0,0.0,36,12,0.3333333333333333,2012,0.0,2002,22.21886942979804,0.453527533308661,1659,901,3,1,3.329633740288568,1.1098779134295227
2004,TKM,0.0,0.0,0.0,0.0,0.0,0.0,47,2,0.0425531914893617,2014,0.1,2004,22.645812470513217,0.452693737166019,2291,1226,1,0,0.8156606851549756,0.0
2005,TKM,0.0,0.0,0.0,0.0,0.0,0.0,44,2,0.0454545454545454,2015,0.1,2005,22.815611510532403,0.452257260634302,1524,839,1,0,1.1918951132300357,0.0
2006,TKM,0.0,0.0,0.0,0.0,0.0,0.0,60,1,0.0166666666666666,2016,0.1,2006,23.05314253928409,0.452406477653697,1686,919,0,0,0.0,0.0
2007,TKM,0.0,0.0,0.0,0.0,0.0,0.0,74,11,0.1486486486486486,2017,0.1,2007,23.26204219663218,0.451551791842825,1837,967,2,0,2.0682523267838677,0.0
2008,TKM,0.0,0.0,0.0,0.0,0.0,0.0,67,16,0.2388059701492537,2018,0.1,2008,23.68189436030699,0.450379022242128,1943,1077,2,1,1.8570102135561746,0.9285051067780873
2009,TKM,0.0,0.0,0.0,0.0,0.0,0.0,73,9,0.1232876712328767,2019,0.1,2009,23.729660364361383,0.448466231990843,2145,1162,0,0,0.0,0.0
2011,TKM,0.0,0.0,0.0,0.0,0.0,0.0,75,14,0.1866666666666666,2021,0.1,2011,24.09857544764504,0.447640605811565,1821,997,1,4,1.0030090270812437,4.012036108324975
2003,TLS,0.0,0.0,0.0,0.0,0.0,0.0,100,7,0.07,2013,22.6,2003,20.01081167023992,0.570581769401717,3953,2019,0,0,0.0,0.0
2004,TLS,0.0,0.0,0.0,0.0,0.0,0.0,57,0,0.0,2014,18.1,2004,19.90402150404813,0.59055140526767,2044,1088,0,0,0.0,0.0
2005,TLS,0.0,0.0,0.0,0.0,0.0,0.0,53,3,0.0566037735849056,2015,18.0,2005,19.95168911352929,0.592985417597986,2007,1099,0,1,0.0,0.9099181073703367
2006,TLS,0.0,0.0,0.0,0.0,0.0,0.0,67,2,0.0298507462686567,2016,12.7,2006,19.933178368677893,0.608372951972738,1767,968,0,0,0.0,0.0
2007,TLS,0.0,0.0,0.0,0.0,0.0,0.0,100,9,0.09,2017,13.2,2007,20.11224301131281,0.606751887181249,2370,1280,0,2,0.0,1.5625
2008,TLS,0.0,0.0,0.0,0.0,0.0,0.0,69,10,0.144927536231884,2018,12.7,2008,20.29016130491108,0.597822786567338,1925,1032,0,3,0.0,2.9069767441860463
2009,TLS,1.0,0.0,0.0,0.0,0.0,0.0,67,7,0.1044776119402985,2019,11.7,2009,20.40427526175288,0.594748013912793,1702,865,0,3,0.0,3.468208092485549
2010,TLS,0.0,0.0,0.0,0.0,0.0,0.0,94,10,0.1063829787234042,2020,11.4,2010,20.59750735681439,0.589949295388033,2341,1210,0,2,0.0,1.6528925619834711
2011,TLS,0.0,0.0,0.0,0.0,0.0,0.0,98,11,0.1122448979591836,2021,12.1,2011,20.764802615947364,0.585114549188348,2666,1412,0,2,0.0,1.41643059490085
2012,TLS,0.0,0.0,0.0,0.0,0.0,0.0,73,9,0.1232876712328767,2022,11.4,2012,20.87202164774461,0.580090027346911,2824,1499,0,2,0.0,1.33422281521014
2001,TON,0.0,0.0,0.0,0.0,0.0,0.0,29,5,0.1724137931034483,2011,1.1,2001,19.01465529323672,0.596186818237425,1409,762,0,3,0.0,3.937007874015748
2002,TON,0.0,0.0,0.0,0.0,0.0,0.0,41,8,0.1951219512195122,2012,1.1,2002,19.023707901959725,0.593471480668246,1661,905,0,2,0.0,2.2099447513812156
2003,TON,0.0,0.0,0.0,0.0,0.0,0.0,32,1,0.03125,2013,1.6,2003,19.124998407706467,0.59452564477392,1384,761,0,0,0.0,0.0
2004,TON,0.0,0.0,0.0,0.0,0.0,0.0,39,4,0.1025641025641025,2014,1.7,2004,19.256444827172437,0.614973163285282,1527,824,0,0,0.0,0.0
2005,TON,0.0,0.0,0.0,0.0,0.0,0.0,28,3,0.1071428571428571,2015,1.9,2005,19.383105514090825,0.60826677079407,1614,908,0,0,0.0,0.0
2006,TON,0.0,0.0,0.0,0.0,0.0,0.0,44,1,0.0227272727272727,2016,2.0,2006,19.49305389162129,0.612922592349197,1312,739,0,0,0.0,0.0
2007,TON,0.0,0.0,0.0,0.0,0.0,0.0,70,8,0.1142857142857142,2017,2.0,2007,19.514344434146143,0.600107365406204,1914,1068,0,4,0.0,3.745318352059925
2008,TON,0.0,0.0,0.0,0.0,0.0,0.0,50,8,0.16,2018,1.8,2008,19.65742029006073,0.615517026459484,1376,757,0,7,0.0,9.247027741083224
2009,TON,0.0,0.0,1.0,0.0,0.0,0.0,51,17,0.3333333333333333,2019,1.8,2009,19.559723754123425,0.590086697225223,1281,680,5,11,7.352941176470588,16.176470588235297
2010,TON,0.0,0.0,0.0,0.0,0.0,0.0,54,11,0.2037037037037037,2020,1.9,2010,19.72041504395157,0.610573777728951,1758,964,2,3,2.074688796680498,3.1120331950207465
2011,TON,0.0,0.0,0.0,0.0,0.0,0.0,50,11,0.22,2021,1.8,2011,19.842663252160484,0.615153211838163,1545,844,4,3,4.739336492890995,3.554502369668246
2012,TON,0.0,0.0,0.0,0.0,0.0,0.0,23,9,0.391304347826087,2022,2.3,2012,19.969742840065376,0.614506273263221,1787,1012,8,8,7.905138339920948,7.905138339920948
1995,TTO,0.0,0.0,0.0,0.0,0.0,0.0,44,6,0.1363636363636363,2005,0.5,1995,22.396470328334868,0.417441931120081,2556,1389,0,0,0.0,0.0
1996,TTO,0.0,0.0,0.0,0.0,0.0,0.0,51,5,0.0980392156862745,2006,0.6,1996,22.474128742207316,0.416459418371823,2649,1447,0,0,0.0,0.0
1997,TTO,0.0,0.0,0.0,0.0,0.0,0.0,70,6,0.0857142857142857,2007,0.4,1997,22.47033668215266,0.41376435996545,3538,1950,0,4,0.0,2.051282051282051
1998,TTO,0.0,0.0,0.0,0.0,0.0,0.0,79,8,0.1012658227848101,2008,0.5,1998,22.522280115126254,0.411955899070013,3237,1722,0,3,0.0,1.7421602787456445
1999,TTO,0.0,0.0,0.0,0.0,0.0,0.0,57,2,0.0350877192982456,2009,0.5,1999,22.641508536400327,0.410564609979982,2558,1310,0,1,0.0,0.7633587786259541
2000,TTO,0.0,0.0,0.0,0.0,0.0,0.0,81,6,0.074074074074074,2010,0.4,2000,22.82181645027222,0.408633492067182,2225,1179,0,1,0.0,0.8481764206955047
2001,TTO,0.0,0.0,0.0,0.0,0.0,0.0,65,9,0.1384615384615384,2011,0.4,2001,22.90083740426656,0.409621611858962,2554,1367,0,1,0.0,0.731528895391368
2002,TTO,0.0,0.0,0.0,0.0,0.0,0.0,39,4,0.1025641025641025,2012,0.4,2002,22.9214119615275,0.40625175603727,2486,1339,0,5,0.0,3.734129947722181
2003,TTO,0.0,0.0,0.0,0.0,0.0,0.0,50,2,0.04,2013,0.4,2003,23.148551614295062,0.406199797067425,2976,1562,0,0,0.0,0.0
2004,TTO,0.0,0.0,0.0,0.0,0.0,0.0,59,11,0.1864406779661017,2014,0.3,2004,23.30954702081206,0.405422566527467,2767,1524,0,1,0.0,0.6561679790026247
2005,TTO,0.0,0.0,0.0,0.0,0.0,0.0,43,3,0.0697674418604651,2015,0.4,2005,23.494753213740385,0.405426257100428,2380,1287,0,1,0.0,0.777000777000777
2006,TTO,0.0,0.0,0.0,0.0,0.0,0.0,84,6,0.0714285714285714,2016,0.4,2006,23.633949955710147,0.402846093136022,2942,1550,1,1,0.6451612903225806,0.6451612903225806
2007,TTO,0.0,0.0,0.0,0.0,0.0,2.0,80,16,0.2,2017,0.4,2007,23.79788415180092,0.403252541616783,2835,1521,0,15,0.0,9.861932938856016
2008,TTO,0.0,0.0,0.0,0.0,0.0,0.0,81,13,0.1604938271604938,2018,0.5,2008,24.05087363232608,0.403812358608939,2297,1260,4,4,3.1746031746031744,3.1746031746031744
2009,TTO,0.0,0.0,0.0,0.0,0.0,0.0,87,14,0.160919540229885,2019,0.4,2009,23.67672533629554,0.404929410824914,2069,1103,0,8,0.0,7.252946509519492
2010,TTO,0.0,0.0,0.0,0.0,0.0,0.0,102,13,0.1274509803921568,2020,0.5,2010,23.821460806060305,0.404186044866469,2678,1419,0,11,0.0,7.751937984496124
2011,TTO,0.0,0.0,0.0,0.0,0.0,0.0,109,1,0.0091743119266055,2021,0.5,2011,23.959313718662827,0.4025330732908,3276,1730,0,1,0.0,0.5780346820809249
1995,TUN,0.0,0.0,0.0,0.0,0.0,0.0,48,0,0.0,2005,14.2,1995,23.6153514918927,0.430740377088888,2675,1391,0,0,0.0,0.0
1996,TUN,0.0,0.0,0.0,0.0,0.0,0.0,34,0,0.0,2006,14.3,1996,23.698139836254,0.427680733007372,2809,1522,0,0,0.0,0.0
1997,TUN,0.0,0.0,0.0,0.0,0.0,0.0,41,1,0.024390243902439,2007,14.3,1997,23.755629131996923,0.426974551934582,3144,1657,0,0,0.0,0.0
1998,TUN,0.0,0.0,0.0,0.0,0.0,0.0,55,1,0.0181818181818181,2008,14.6,1998,23.80530853128179,0.428324422500489,3665,1970,0,0,0.0,0.0
1999,TUN,0.0,0.0,0.0,0.0,0.0,0.0,66,0,0.0,2009,16.1,1999,23.85628752805157,0.427186249092966,3608,1881,0,0,0.0,0.0
2000,TUN,0.0,0.0,0.0,0.0,0.0,0.0,58,0,0.0,2010,12.6,2000,23.790086521962305,0.424120161206912,3536,1907,0,0,0.0,0.0
2001,TUN,0.0,0.0,0.0,0.0,0.0,0.0,50,0,0.0,2011,13.2,2001,23.8172965535862,0.42795843201297,2008,1037,0,0,0.0,0.0
2002,TUN,0.0,0.0,0.0,0.0,0.0,0.0,31,3,0.0967741935483871,2012,13.0,2002,23.864898183729725,0.427493605103682,2084,1117,0,0,0.0,0.0
2003,TUN,0.0,0.0,0.0,0.0,0.0,0.0,31,0,0.0,2013,13.2,2003,24.0357738949808,0.427125525801709,2579,1366,0,0,0.0,0.0
2004,TUN,0.0,0.0,0.0,0.0,0.0,0.0,23,0,0.0,2014,12.9,2004,24.163167567282755,0.424425507581723,1753,949,0,0,0.0,0.0
2005,TUN,0.0,0.0,0.0,0.0,0.0,0.0,10,0,0.0,2015,12.5,2005,24.19747134627883,0.422460499218043,1280,696,0,0,0.0,0.0
2006,TUN,0.0,0.0,0.0,0.0,0.0,0.0,44,0,0.0,2016,12.4,2006,24.26064381651707,0.42339468084911,1614,881,0,0,0.0,0.0
2007,TUN,0.0,0.0,0.0,0.0,0.0,0.0,53,4,0.0754716981132075,2017,11.8,2007,24.38465445049362,0.41876377570605,1872,1015,0,4,0.0,3.940886699507389
2008,TUN,0.0,0.0,0.0,0.0,0.0,0.0,58,5,0.0862068965517241,2018,11.9,2008,24.52680015102852,0.421824261920657,2106,1154,0,7,0.0,6.065857885615252
2009,TUN,0.0,0.0,0.0,0.0,0.0,0.0,57,4,0.0701754385964912,2019,12.2,2009,24.495008797238334,0.42034346942578,2225,1236,0,3,0.0,2.4271844660194173
2010,TUN,0.0,0.0,0.0,0.0,0.0,0.0,83,9,0.108433734939759,2020,12.9,2010,24.55637748647119,0.419239760681656,2983,1661,0,8,0.0,4.81637567730283
2011,TUN,0.0,0.0,0.0,0.0,0.0,0.0,81,0,0.0,2021,11.6,2011,24.59703260410981,0.420898083726334,2370,1294,0,0,0.0,0.0
1995,TUR,0.0,0.0,0.0,0.0,0.0,0.0,129,2,0.0155038759689922,2005,15.3,1995,25.85505243933885,0.428704671919732,3825,2058,0,1,0.0,0.48590864917395526
1996,TUR,0.0,0.0,0.0,0.0,0.0,0.0,116,5,0.043103448275862,2006,14.2,1996,25.92432670756111,0.427745066882104,3995,2132,0,1,0.0,0.46904315196998125
1997,TUR,0.0,0.0,0.0,0.0,0.0,0.0,90,1,0.0111111111111111,2007,12.5,1997,25.969649703666487,0.425388273648366,3189,1704,0,0,0.0,0.0
1998,TUR,0.0,0.0,0.0,0.0,0.0,0.0,97,2,0.0206185567010309,2008,12.5,1998,26.343455543313024,0.423523826297114,2350,1238,0,0,0.0,0.0
1999,TUR,0.0,0.0,0.0,0.0,0.0,0.0,52,4,0.0769230769230769,2009,13.1,1999,26.26998889789989,0.421505122374699,1568,830,0,2,0.0,2.4096385542168677
2000,TUR,0.0,0.0,0.0,0.0,0.0,0.0,91,1,0.0109890109890109,2010,14.2,2000,26.33746943239093,0.421046392223772,2701,1439,0,0,0.0,0.0
2001,TUR,0.0,0.0,0.0,0.0,0.0,0.0,70,1,0.0142857142857142,2011,12.7,2001,26.03031055953651,0.41847253533497,2046,1082,0,0,0.0,0.0
2002,TUR,0.0,0.0,0.0,0.0,0.0,0.0,76,2,0.0263157894736842,2012,13.0,2002,26.204941745162856,0.416981373891292,2267,1248,0,0,0.0,0.0
2003,TUR,0.0,0.0,0.0,0.0,0.0,0.0,66,1,0.0151515151515151,2013,13.8,2003,26.474553613944465,0.415037563857464,1782,947,0,0,0.0,0.0
2004,TUR,0.0,0.0,0.0,0.0,0.0,0.0,73,0,0.0,2014,11.5,2004,26.736651742012107,0.412160702424236,2039,1117,0,0,0.0,0.0
2005,TUR,0.0,0.0,0.0,0.0,0.0,0.0,66,7,0.106060606060606,2015,13.3,2005,26.95042420392203,0.409239001736401,1866,1010,0,0,0.0,0.0
2006,TUR,0.0,0.0,0.0,0.0,0.0,0.0,111,2,0.018018018018018,2016,13.2,2006,27.04596750666368,0.407370937936181,2094,1140,0,0,0.0,0.0
2007,TUR,0.0,0.0,0.0,0.0,0.0,0.0,78,6,0.0769230769230769,2017,11.4,2007,27.247299652763584,0.40433576211044,2145,1153,1,4,0.8673026886383347,3.469210754553339
2008,TUR,0.0,0.0,0.0,0.0,0.0,0.0,62,7,0.1129032258064516,2018,11.8,2008,27.37023969951117,0.40208506350593,1523,851,0,3,0.0,3.5252643948296125
2009,TUR,0.0,0.0,0.0,0.0,0.0,0.0,120,7,0.0583333333333333,2019,14.1,2009,27.199144399705546,0.400706195154347,2748,1423,0,4,0.0,2.8109627547434997
2010,TUR,0.0,0.0,0.0,0.0,0.0,0.0,105,7,0.0666666666666666,2020,13.7,2010,27.378664304537374,0.404861292962813,2243,1231,0,4,0.0,3.249390739236393
2011,TUR,0.0,0.0,0.0,0.0,0.0,0.0,161,2,0.0124223602484472,2021,12.0,2011,27.455220865986,0.402649767524154,3420,1720,0,0,0.0,0.0
2001,TUV,0.0,0.0,0.0,0.0,0.0,0.0,43,13,0.3023255813953488,2011,0.2,2001,16.45204533146561,0.561953797227519,2232,1196,0,9,0.0,7.525083612040134
2002,TUV,0.0,0.0,0.0,0.0,0.0,0.0,45,9,0.2,2012,0.3,2002,16.63942653098383,0.564151553181684,1653,890,0,3,0.0,3.370786516853933
2003,TUV,0.0,0.0,0.0,0.0,0.0,0.0,54,17,0.3148148148148148,2013,0.7,2003,16.783683329737954,0.565334969731306,1996,1098,0,9,0.0,8.196721311475411
2004,TUV,0.0,0.0,0.0,0.0,0.0,0.0,42,15,0.3571428571428571,2014,0.7,2004,16.94219506471873,0.559946428065298,2005,1142,1,10,0.8756567425569177,8.756567425569177
2005,TUV,0.0,0.0,0.0,0.0,0.0,0.0,35,12,0.3428571428571428,2015,3.0,2005,16.94708291868045,0.558396601147687,1728,975,0,12,0.0,12.307692307692308
2006,TUV,0.0,0.0,0.0,0.0,0.0,0.0,77,28,0.3636363636363636,2016,7.3,2006,16.997592409514763,0.572562256276577,1902,1048,1,19,0.9541984732824427,18.12977099236641
2007,TUV,0.0,0.0,0.0,0.0,0.0,0.0,77,30,0.3896103896103896,2017,7.0,2007,17.163664229593483,0.554717110964138,1996,1113,0,22,0.0,19.766397124887693
2008,TUV,0.0,0.0,0.0,0.0,0.0,0.0,84,38,0.4523809523809524,2018,6.4,2008,17.27731455186893,0.546030859586987,1936,1135,3,26,2.643171806167401,22.90748898678414
2009,TUV,0.0,0.0,0.0,0.0,0.0,0.0,80,28,0.35,2019,6.3,2009,17.15046087104145,0.56603974971782,1884,1016,0,18,0.0,17.716535433070867
2010,TUV,0.0,0.0,0.0,0.0,0.0,0.0,52,20,0.3846153846153846,2020,5.0,2010,17.284534616038833,0.559698727692637,1402,794,1,11,1.2594458438287153,13.853904282115868
2011,TUV,0.0,0.0,0.0,0.0,0.0,0.0,61,22,0.360655737704918,2021,5.0,2011,17.484109478773142,0.55825903649519,1648,922,1,7,1.0845986984815619,7.592190889370932
2012,TUV,0.0,0.0,0.0,0.0,0.0,0.0,44,13,0.2954545454545454,2022,5.2,2012,17.48789415599268,0.553045504957176,2210,1213,1,10,0.8244023083264633,8.244023083264633
1995,TZA,0.0,0.0,0.0,0.0,0.0,0.0,66,4,0.0606060606060606,2005,90.3,1995,22.382487903949198,0.544678435429298,3003,1610,0,0,0.0,0.0
1996,TZA,0.0,0.0,0.0,0.0,0.0,0.0,114,14,0.1228070175438596,2006,89.9,1996,22.594482584671624,0.546281199424729,3699,1922,0,1,0.0,0.5202913631633715
1997,TZA,0.0,0.0,0.0,0.0,0.0,0.0,91,4,0.0439560439560439,2007,90.6,1997,22.76238688554666,0.547187273297906,3413,1810,0,1,0.0,0.5524861878453039
1998,TZA,0.0,0.0,0.0,0.0,0.0,0.0,130,1,0.0076923076923076,2008,90.3,1998,23.230459651317283,0.547500681060182,4862,2510,0,0,0.0,0.0
1999,TZA,0.0,0.0,0.0,0.0,0.0,0.0,87,4,0.0459770114942528,2009,91.0,1999,23.265750389738518,0.544842256658523,3088,1720,0,1,0.0,0.5813953488372093
2000,TZA,0.0,0.0,0.0,0.0,0.0,0.0,74,3,0.0405405405405405,2010,89.4,2000,23.31672612549413,0.544567875987458,2366,1311,0,0,0.0,0.0
2001,TZA,0.0,0.0,0.0,0.0,0.0,0.0,82,5,0.0609756097560975,2011,87.6,2001,23.33198503024534,0.543139661322787,2827,1459,0,0,0.0,0.0
2002,TZA,0.0,0.0,0.0,0.0,0.0,0.0,67,4,0.0597014925373134,2012,85.2,2002,23.37241741067976,0.539071286822581,2331,1225,0,0,0.0,0.0
2003,TZA,0.0,0.0,0.0,0.0,0.0,0.0,80,4,0.05,2013,84.5,2003,23.446155893885805,0.537209208581612,2573,1352,0,0,0.0,0.0
2004,TZA,0.0,0.0,0.0,0.0,0.0,0.0,69,6,0.0869565217391304,2014,84.7,2004,23.537233303592465,0.53729283662072,1963,1060,0,0,0.0,0.0
2005,TZA,0.0,0.0,0.0,0.0,0.0,0.0,57,2,0.0350877192982456,2015,82.8,2005,23.635564653749885,0.534930225503977,2200,1188,0,0,0.0,0.0
2006,TZA,0.0,0.0,0.0,0.0,0.0,0.0,83,4,0.0481927710843373,2016,81.7,2006,23.649090012178256,0.536027815071118,1725,927,0,0,0.0,0.0
2007,TZA,0.0,0.0,0.0,0.0,0.0,0.0,81,11,0.1358024691358024,2017,82.0,2007,23.80717056016337,0.534314056087077,1515,838,0,5,0.0,5.966587112171838
2008,TZA,0.0,0.0,0.0,0.0,0.0,0.0,118,15,0.1271186440677966,2018,81.3,2008,24.054095388835265,0.529228823344136,2493,1335,0,1,0.0,0.7490636704119851
2009,TZA,0.0,0.0,0.0,0.0,0.0,0.0,107,11,0.102803738317757,2019,80.4,2009,24.09337928540482,0.529989538732436,2097,1104,0,2,0.0,1.8115942028985508
2010,TZA,0.0,0.0,0.0,0.0,0.0,0.0,100,5,0.05,2020,80.8,2010,24.18944687653305,0.530996564746944,2078,1140,0,0,0.0,0.0
2011,TZA,0.0,0.0,0.0,0.0,0.0,0.0,102,2,0.0196078431372549,2021,78.3,2011,24.26876965161869,0.530702533187653,2242,1132,0,0,0.0,0.0
1995,UGA,0.0,0.0,1.0,0.0,0.0,0.0,77,5,0.0649350649350649,2005,94.5,1995,22.473477153099616,0.56003826636477,2671,1407,0,0,0.0,0.0
1996,UGA,0.0,0.0,0.0,0.0,0.0,0.0,93,2,0.021505376344086,2006,94.2,1996,22.5224287209762,0.561989641158247,3318,1838,0,0,0.0,0.0
1997,UGA,0.0,0.0,0.0,0.0,0.0,0.0,61,5,0.081967213114754,2007,94.1,1997,22.558935856272768,0.56504693072584,1998,1072,0,0,0.0,0.0
1998,UGA,0.0,0.0,0.0,0.0,0.0,0.0,70,1,0.0142857142857142,2008,94.1,1998,22.608032206222894,0.563723706675733,2252,1201,0,0,0.0,0.0
1999,UGA,0.0,0.0,0.0,0.0,0.0,0.0,67,0,0.0,2009,94.3,1999,22.514785820500062,0.562030544389833,2703,1436,0,0,0.0,0.0
2000,UGA,0.0,0.0,0.0,0.0,0.0,0.0,77,1,0.0129870129870129,2010,93.6,2000,22.54672531552772,0.562213877092275,3099,1632,0,0,0.0,0.0
2001,UGA,0.0,0.0,0.0,0.0,0.0,0.0,95,2,0.0210526315789473,2011,93.3,2001,22.48808290900309,0.561067412829601,2361,1225,0,0,0.0,0.0
2002,UGA,0.0,0.0,0.0,0.0,0.0,0.0,52,2,0.0384615384615384,2012,93.4,2002,22.54435165275951,0.555706292274424,2171,1198,0,0,0.0,0.0
2003,UGA,0.0,0.0,0.0,0.0,0.0,0.0,35,1,0.0285714285714285,2013,93.1,2003,22.61137801417556,0.550617801818125,1344,785,0,0,0.0,0.0
2004,UGA,0.0,0.0,0.0,0.0,0.0,0.0,39,0,0.0,2014,92.4,2004,22.79511456956847,0.560571699651929,1936,1082,0,0,0.0,0.0
2005,UGA,0.0,0.0,0.0,0.0,0.0,0.0,85,1,0.0117647058823529,2015,91.7,2005,22.94672349394465,0.561515123606923,2491,1301,0,0,0.0,0.0
2006,UGA,0.0,0.0,0.0,0.0,0.0,0.0,69,7,0.1014492753623188,2016,91.4,2006,23.02361319658168,0.55962994990177,1598,831,0,0,0.0,0.0
2007,UGA,2.0,0.0,0.0,0.0,0.0,0.0,95,29,0.3052631578947368,2017,91.3,2007,23.200019717795836,0.554348085794542,2037,1132,5,17,4.41696113074205,15.017667844522967
2008,UGA,0.0,0.0,1.0,0.0,0.0,0.0,76,21,0.2763157894736842,2018,90.5,2008,23.39329595734632,0.553870948495882,1445,788,0,0,0.0,0.0
2009,UGA,0.0,0.0,1.0,0.0,0.0,0.0,55,9,0.1636363636363636,2019,90.5,2009,23.947240861410062,0.555985681068446,1278,656,0,0,0.0,0.0
2010,UGA,0.0,0.0,0.0,0.0,0.0,0.0,36,11,0.3055555555555556,2020,91.6,2010,24.00693420438601,0.554693778263371,822,451,0,0,0.0,0.0
2011,UGA,0.0,0.0,0.0,0.0,0.0,0.0,49,0,0.0,2021,91.0,2011,24.05087857982538,0.553619375745346,1204,682,0,0,0.0,0.0
2012,UGA,0.0,0.0,0.0,0.0,0.0,0.0,28,0,0.0,2022,90.9,2012,24.030369215588028,0.548724397069312,1141,639,0,0,0.0,0.0
1995,UKR,0.0,0.0,0.0,0.0,0.0,0.0,88,7,0.0795454545454545,2005,1.3,1995,24.598912527140904,0.434990905113036,3495,1859,0,0,0.0,0.0
1996,UKR,0.0,0.0,0.0,0.0,0.0,0.0,70,6,0.0857142857142857,2006,1.8,1996,24.520076439453835,0.436839764583619,2819,1523,0,0,0.0,0.0
1997,UKR,0.0,0.0,0.0,0.0,0.0,0.0,55,7,0.1272727272727272,2007,2.4,1997,24.63831471205,0.433861730416637,2820,1464,0,0,0.0,0.0
1998,UKR,0.0,0.0,0.0,0.0,0.0,0.0,76,3,0.0394736842105263,2008,2.7,1998,24.458134609019453,0.432136619149651,3317,1857,0,0,0.0,0.0
1999,UKR,0.0,0.0,0.0,0.0,0.0,0.0,79,4,0.050632911392405,2009,3.0,1999,24.17581017811945,0.430446562329021,3330,1836,0,0,0.0,0.0
2000,UKR,0.0,0.0,0.0,0.0,0.0,0.0,71,3,0.0422535211267605,2010,2.9,2000,24.200654888267927,0.429028471260294,3154,1725,0,0,0.0,0.0
2001,UKR,0.0,0.0,0.0,0.0,0.0,0.0,44,2,0.0454545454545454,2011,2.7,2001,24.39473411702548,0.426817683472415,1875,994,0,0,0.0,0.0
2002,UKR,0.0,0.0,0.0,0.0,0.0,0.0,52,1,0.0192307692307692,2012,2.9,2002,24.506458692700885,0.424470779333444,2225,1182,0,0,0.0,0.0
2003,UKR,0.0,0.0,0.0,0.0,0.0,0.0,32,2,0.0625,2013,3.5,2003,24.67470862228966,0.424640858721897,1334,721,0,0,0.0,0.0
2004,UKR,0.0,0.0,0.0,0.0,0.0,0.0,44,3,0.0681818181818181,2014,3.5,2004,24.93123895266532,0.420006777153912,1630,895,0,0,0.0,0.0
2005,UKR,0.0,0.0,0.0,0.0,0.0,0.0,53,1,0.0188679245283018,2015,4.2,2005,25.214582489251484,0.415731896198553,1025,555,0,0,0.0,0.0
2006,UKR,0.0,0.0,0.0,0.0,0.0,0.0,94,4,0.0425531914893617,2016,5.5,2006,25.440735182702984,0.414212461499492,2407,1338,1,0,0.7473841554559043,0.0
2007,UKR,0.0,0.0,0.0,0.0,0.0,0.0,73,7,0.0958904109589041,2017,6.5,2007,25.72542438060212,0.412749453242966,1769,1001,0,4,0.0,3.996003996003996
2008,UKR,0.0,0.0,0.0,0.0,0.0,0.0,66,7,0.106060606060606,2018,6.9,2008,25.960294732704973,0.411539835116231,1167,618,0,0,0.0,0.0
2009,UKR,0.0,0.0,0.0,0.0,0.0,0.0,71,5,0.0704225352112676,2019,7.4,2009,25.523609211299792,0.409419313862458,1478,790,0,0,0.0,0.0
2010,UKR,0.0,0.0,0.0,0.0,0.0,0.0,82,21,0.2560975609756097,2020,8.7,2010,25.67350805375981,0.405302276495636,1500,845,0,1,0.0,1.183431952662722
2011,UKR,0.0,0.0,0.0,0.0,0.0,0.0,76,14,0.1842105263157894,2021,8.9,2011,25.85513798056099,0.402925456749789,1866,1030,0,1,0.0,0.970873786407767
1995,URY,0.0,0.0,0.0,0.0,0.0,0.0,49,3,0.0612244897959183,2005,41.3,1995,23.68324984246911,0.424067416704294,2860,1450,0,2,0.0,1.379310344827586
1996,URY,0.0,0.0,0.0,0.0,0.0,0.0,45,0,0.0,2006,37.6,1996,23.744444451453976,0.422111310875339,2585,1354,0,0,0.0,0.0
1997,URY,0.0,0.0,0.0,0.0,0.0,0.0,31,0,0.0,2007,43.2,1997,23.900057971190467,0.421246951072386,2252,1145,0,0,0.0,0.0
1998,URY,0.0,0.0,0.0,0.0,0.0,0.0,59,0,0.0,2008,44.1,1998,23.95745925759222,0.419470363826649,2311,1123,0,0,0.0,0.0
1999,URY,0.0,0.0,0.0,0.0,0.0,0.0,30,1,0.0333333333333333,2009,44.6,1999,23.90065049307222,0.423711748995988,2153,1110,0,0,0.0,0.0
2000,URY,0.0,0.0,0.0,0.0,0.0,0.0,47,2,0.0425531914893617,2010,53.3,2000,23.851046533112,0.422498203481318,2439,1246,0,0,0.0,0.0
2001,URY,0.0,0.0,0.0,0.0,0.0,0.0,23,1,0.0434782608695652,2011,49.7,2001,23.762955772393163,0.420940225469767,1256,631,0,0,0.0,0.0
2002,URY,0.0,0.0,0.0,0.0,0.0,0.0,26,0,0.0,2012,47.9,2002,23.333814627891638,0.420325122645784,1529,791,0,0,0.0,0.0
2003,URY,0.0,0.0,0.0,0.0,0.0,0.0,36,3,0.0833333333333333,2013,51.9,2003,23.211968457080715,0.422775626410836,1712,866,0,2,0.0,2.3094688221709005
2004,URY,0.0,0.0,0.0,0.0,0.0,0.0,29,0,0.0,2014,56.7,2004,23.33966335338028,0.426321970025002,1472,748,0,1,0.0,1.3368983957219251
2005,URY,0.0,0.0,0.0,0.0,0.0,0.0,24,2,0.0833333333333333,2015,59.4,2005,23.577599145765,0.421786535341974,1349,652,0,1,0.0,1.5337423312883436
2006,URY,0.0,0.0,0.0,0.0,0.0,0.0,60,10,0.1666666666666666,2016,60.3,2006,23.705984827177424,0.420942245855342,1677,838,0,1,0.0,1.1933174224343677
2007,URY,0.0,0.0,0.0,0.0,0.0,0.0,64,9,0.140625,2017,60.8,2007,23.892857842825688,0.415321600845263,2136,1121,0,5,0.0,4.460303300624442
2008,URY,0.0,0.0,1.0,0.0,0.0,0.0,66,9,0.1363636363636363,2018,60.8,2008,24.16110378019838,0.411854594657235,1881,1041,1,0,0.9606147934678194,0.0
2009,URY,0.0,0.0,0.0,0.0,0.0,0.0,53,8,0.1509433962264151,2019,59.3,2009,24.210895273751472,0.411866057736852,1568,813,0,0,0.0,0.0
2010,URY,0.0,0.0,0.0,0.0,0.0,0.0,78,10,0.1282051282051282,2020,61.2,2010,24.45975288035891,0.40638532215749,2165,1157,0,1,0.0,0.8643042350907519
2011,URY,0.0,0.0,0.0,0.0,0.0,2.0,102,14,0.1372549019607843,2021,57.8,2011,24.642113604574572,0.405498576781055,2761,1509,1,7,0.6626905235255136,4.638833664678596
1995,USA,0.0,0.0,0.0,0.0,0.0,0.0,96,10,0.1041666666666666,2005,5.8,1995,29.66438586516415,0.322360772854119,3368,1860,0,0,0.0,0.0
1996,USA,0.0,0.0,0.0,0.0,0.0,0.0,69,11,0.1594202898550724,2006,6.4,1996,29.719561388329307,0.319618583642276,2705,1450,0,1,0.0,0.689655172413793
1997,USA,0.0,0.0,0.0,0.0,0.0,0.0,67,4,0.0597014925373134,2007,6.3,1997,29.78016996047845,0.320673828923516,2976,1613,1,3,0.6199628022318661,1.8598884066955983
1998,USA,0.0,0.0,0.0,0.0,0.0,0.0,74,0,0.0,2008,6.8,1998,29.83520124743776,0.321016352667596,2652,1347,0,0,0.0,0.0
1999,USA,0.0,0.0,0.0,0.0,0.0,0.0,98,9,0.0918367346938775,2009,7.3,1999,29.896026295776444,0.321773599063,3242,1689,0,2,0.0,1.1841326228537594
2000,USA,0.0,0.0,0.0,0.0,0.0,0.0,56,3,0.0535714285714285,2010,7.4,2000,29.958391304748453,0.321621801203681,2466,1280,0,2,0.0,1.5625
2001,USA,0.0,0.0,0.0,0.0,0.0,0.0,120,2,0.0166666666666666,2011,8.4,2001,29.990168924024832,0.322138425000864,2469,1250,0,0,0.0,0.0
2002,USA,0.0,0.0,0.0,0.0,0.0,0.0,93,2,0.021505376344086,2012,8.5,2002,30.022451257916,0.32162499219456,2724,1494,0,0,0.0,0.0
2003,USA,0.0,0.0,0.0,0.0,0.0,0.0,105,2,0.019047619047619,2013,8.9,2003,30.069573311383564,0.321888672824109,2843,1526,0,0,0.0,0.0
2004,USA,0.0,0.0,0.0,0.0,0.0,0.0,108,1,0.0092592592592592,2014,9.0,2004,30.13386535409136,0.322263559739321,3061,1674,0,0,0.0,0.0
2005,USA,0.0,0.0,0.0,0.0,0.0,0.0,68,1,0.0147058823529411,2015,8.9,2005,30.19898125896153,0.3219563458778,1790,996,0,0,0.0,0.0
2006,USA,0.0,0.0,0.0,0.0,0.0,0.0,131,1,0.0076335877862595,2016,9.3,2006,30.25681855968444,0.321744587593343,2752,1410,0,0,0.0,0.0
2007,USA,0.0,0.0,0.0,0.0,0.0,0.0,135,2,0.0148148148148148,2017,9.7,2007,30.303390728980293,0.321365230658064,2455,1365,0,2,0.0,1.465201465201465
2008,USA,0.0,0.0,0.0,0.0,0.0,0.0,145,1,0.0068965517241379,2018,9.9,2008,30.32360959231724,0.3198939587291,2862,1573,0,0,0.0,0.0
2009,USA,0.0,0.0,0.0,0.0,0.0,0.0,226,28,0.1238938053097345,2019,10.2,2009,30.303655856801186,0.319731882065789,5128,2506,3,5,1.1971268954509178,1.9952114924181963
2010,USA,0.0,0.0,0.0,0.0,0.0,0.0,182,5,0.0274725274725274,2020,11.0,2010,30.342330297048434,0.318590811645649,4077,2010,2,1,0.9950248756218905,0.49751243781094523
2011,USA,0.0,0.0,0.0,0.0,0.0,0.0,241,11,0.0456431535269709,2021,10.9,2011,30.37827460201935,0.317662232441943,4526,2237,0,1,0.0,0.4470272686633885
1996,UZB,0.0,0.0,0.0,0.0,0.0,0.0,29,2,0.0689655172413793,2006,0.8,1996,23.358665931021136,0.416596527473243,1114,585,0,0,0.0,0.0
1997,UZB,0.0,0.0,0.0,0.0,0.0,0.0,27,2,0.074074074074074,2007,0.9,1997,23.41414300696382,0.415662517744925,1643,930,0,0,0.0,0.0
1998,UZB,0.0,0.0,0.0,0.0,0.0,0.0,50,8,0.16,2008,0.8,1998,23.430580515017866,0.413836868415615,1597,853,0,0,0.0,0.0
1999,UZB,0.0,0.0,0.0,0.0,0.0,0.0,53,2,0.0377358490566037,2009,1.2,1999,23.56108420757311,0.412746359605689,2099,1143,0,0,0.0,0.0
2001,UZB,0.0,0.0,0.0,0.0,0.0,0.0,35,0,0.0,2011,0.9,2001,23.157003862557666,0.411990804083623,1448,768,0,0,0.0,0.0
2002,UZB,0.0,0.0,0.0,0.0,0.0,0.0,29,1,0.0344827586206896,2012,1.3,2002,22.994132013169494,0.41196294594796,1280,725,0,0,0.0,0.0
2003,UZB,0.0,0.0,0.0,0.0,0.0,0.0,29,2,0.0689655172413793,2013,1.2,2003,23.03920668693047,0.415216223949103,1430,805,0,0,0.0,0.0
2004,UZB,0.0,0.0,0.0,0.0,0.0,0.0,31,2,0.064516129032258,2014,1.4,2004,23.210671324370814,0.415835719778005,1154,650,0,0,0.0,0.0
2005,UZB,0.0,0.0,0.0,0.0,0.0,0.0,38,3,0.0789473684210526,2015,1.7,2005,23.38405039992858,0.414762125910903,1339,745,0,1,0.0,1.3422818791946307
2006,UZB,0.0,0.0,0.0,0.0,0.0,0.0,37,1,0.027027027027027,2016,1.6,2006,23.57575305567333,0.410030741936498,889,516,0,0,0.0,0.0
2007,UZB,0.0,0.0,0.0,0.0,0.0,0.0,30,8,0.2666666666666666,2017,1.7,2007,23.8283633234032,0.408062095955528,1051,557,1,2,1.7953321364452424,3.5906642728904847
2008,UZB,0.0,0.0,0.0,0.0,0.0,0.0,31,6,0.1935483870967742,2018,1.5,2008,24.109330591921108,0.403987424062967,1029,553,0,1,0.0,1.8083182640144664
2009,UZB,0.0,0.0,0.0,0.0,0.0,0.0,30,8,0.2666666666666666,2019,1.6,2009,24.24044385085212,0.40123562558394,1122,632,0,1,0.0,1.5822784810126582
2011,UZB,0.0,0.0,0.0,0.0,0.0,0.0,55,10,0.1818181818181818,2021,1.0,2011,24.82058778397277,0.398234698570899,1412,755,0,1,0.0,1.3245033112582782
1995,VCT,0.0,0.0,0.0,0.0,0.0,0.0,49,1,0.0204081632653061,2005,5.8,1995,19.57127621241569,0.441070992768067,2024,1099,0,0,0.0,0.0
1996,VCT,0.0,0.0,0.0,0.0,0.0,0.0,49,5,0.1020408163265306,2006,5.3,1996,19.619104849381404,0.438688844512435,1327,659,0,1,0.0,1.5174506828528074
1997,VCT,0.0,0.0,0.0,0.0,0.0,0.0,61,1,0.0163934426229508,2007,4.7,1997,19.667052964766093,0.437180792843191,1599,815,0,0,0.0,0.0
1998,VCT,0.0,0.0,0.0,0.0,0.0,0.0,62,10,0.1612903225806451,2008,5.3,1998,19.738745830810007,0.435024556709904,2585,1404,0,3,0.0,2.136752136752137
1999,VCT,0.0,0.0,0.0,0.0,0.0,0.0,36,1,0.0277777777777777,2009,4.1,1999,19.78349795716157,0.430590474906304,1978,1071,0,1,0.0,0.9337068160597572
2000,VCT,0.0,0.0,0.0,0.0,0.0,0.0,85,10,0.1176470588235294,2010,5.1,2000,19.874507663821397,0.428300682936095,3826,2047,0,2,0.0,0.9770395701025891
2001,VCT,0.0,0.0,0.0,0.0,0.0,0.0,54,2,0.037037037037037,2011,6.1,2001,19.95123200237532,0.423359675791182,1506,792,0,0,0.0,0.0
2002,VCT,0.0,0.0,0.0,0.0,0.0,0.0,70,3,0.0428571428571428,2012,5.0,2002,20.005341936654187,0.428823247931255,2305,1193,0,0,0.0,0.0
2003,VCT,0.0,0.0,0.0,0.0,0.0,0.0,50,1,0.02,2013,5.4,2003,20.04813712222843,0.427063524796136,1797,946,0,0,0.0,0.0
2004,VCT,0.0,0.0,0.0,0.0,0.0,0.0,59,5,0.0847457627118644,2014,3.3,2004,20.12524733826649,0.424681407492742,1941,1026,0,4,0.0,3.898635477582846
2005,VCT,0.0,0.0,0.0,0.0,0.0,0.0,62,5,0.0806451612903225,2015,4.3,2005,20.17845059883423,0.423885092929024,2036,1094,0,3,0.0,2.742230347349177
2006,VCT,0.0,0.0,0.0,0.0,0.0,0.0,73,2,0.0273972602739726,2016,4.1,2006,20.28243436914805,0.423612178703109,1860,992,0,1,0.0,1.0080645161290323
2007,VCT,0.0,0.0,0.0,0.0,0.0,0.0,80,21,0.2625,2017,5.3,2007,20.385828468114905,0.427552192139962,2020,1117,0,14,0.0,12.533572068039392
2008,VCT,0.0,0.0,0.0,0.0,0.0,0.0,69,6,0.0869565217391304,2018,4.9,2008,20.412196753611973,0.42458491636259,2125,1134,0,3,0.0,2.6455026455026456
2009,VCT,0.0,0.0,0.0,0.0,0.0,0.0,89,10,0.1123595505617977,2019,5.4,2009,20.386813963137875,0.423788717628297,2454,1298,0,8,0.0,6.163328197226503
2010,VCT,0.0,0.0,0.0,0.0,0.0,0.0,131,13,0.099236641221374,2020,5.2,2010,20.395383644487,0.427880504030389,3251,1696,0,7,0.0,4.127358490566038
2011,VCT,0.0,0.0,0.0,0.0,0.0,0.0,88,14,0.1590909090909091,2021,5.0,2011,20.386108284109675,0.431455780257324,2386,1315,0,3,0.0,2.2813688212927756
2012,VCT,0.0,0.0,0.0,0.0,0.0,0.0,100,10,0.1,2022,5.1,2012,20.408599738507306,0.424364944316657,3612,1945,0,4,0.0,2.056555269922879
1995,VEN,0.0,0.0,0.0,0.0,0.0,0.0,59,1,0.0169491525423728,2005,14.2,1995,25.07211679141892,0.391365679062152,3402,1744,0,0,0.0,0.0
1996,VEN,0.0,0.0,0.0,0.0,0.0,0.0,46,2,0.0434782608695652,2006,15.6,1996,24.9794912826774,0.392005525352694,2442,1276,0,2,0.0,1.567398119122257
1997,VEN,0.0,0.0,0.0,0.0,0.0,0.0,56,1,0.0178571428571428,2007,16.6,1997,25.17572389108909,0.389653526067485,3007,1513,0,0,0.0,0.0
1998,VEN,0.0,0.0,0.0,0.0,0.0,0.0,43,1,0.0232558139534883,2008,16.4,1998,25.23781920785905,0.389423772314273,1998,1027,0,0,0.0,0.0
1999,VEN,0.0,0.0,0.0,0.0,0.0,0.0,55,1,0.0181818181818181,2009,16.2,1999,25.307956159478078,0.38865830393463,2141,1079,0,0,0.0,0.0
2000,VEN,0.0,0.0,0.0,0.0,0.0,0.0,21,0,0.0,2010,13.8,2000,25.486690835017544,0.387423705691692,1268,685,0,0,0.0,0.0
2001,VEN,0.0,0.0,0.0,0.0,0.0,0.0,72,3,0.0416666666666666,2011,14.8,2001,25.534726652138943,0.386741394759722,2282,1129,0,0,0.0,0.0
2002,VEN,0.0,0.0,0.0,0.0,0.0,0.0,62,0,0.0,2012,13.8,2002,25.254720457068597,0.387374389902373,2678,1337,0,0,0.0,0.0
2003,VEN,0.0,0.0,0.0,0.0,0.0,0.0,41,2,0.048780487804878,2013,15.4,2003,25.149556079971667,0.391261435262377,1856,982,0,0,0.0,0.0
2004,VEN,0.0,0.0,0.0,0.0,0.0,0.0,44,2,0.0454545454545454,2014,12.1,2004,25.44578696901363,0.388795413399257,1708,924,0,0,0.0,0.0
2005,VEN,0.0,0.0,0.0,0.0,0.0,0.0,27,0,0.0,2015,15.4,2005,25.70353463164531,0.386252170642873,1038,512,0,0,0.0,0.0
2006,VEN,0.0,0.0,0.0,0.0,0.0,0.0,123,6,0.048780487804878,2016,14.6,2006,25.935358001700823,0.384786756155084,2566,1265,0,0,0.0,0.0
2007,VEN,0.0,0.0,0.0,0.0,0.0,0.0,56,0,0.0,2017,14.3,2007,26.162926558151707,0.384673375275991,1778,905,0,2,0.0,2.2099447513812156
2008,VEN,0.0,0.0,0.0,0.0,0.0,0.0,104,9,0.0865384615384615,2018,14.6,2008,26.478860534941408,0.388254541775512,2642,1422,1,1,0.7032348804500703,0.7032348804500703
2009,VEN,0.0,0.0,0.0,0.0,0.0,0.0,328,31,0.0945121951219512,2019,15.8,2009,26.521714735537557,0.387735173320845,6115,2938,0,4,0.0,1.3614703880190604
2010,VEN,0.0,0.0,0.0,0.0,0.0,0.0,53,3,0.0566037735849056,2020,31.2,2010,26.6975647807552,0.387405266890656,1493,806,0,2,0.0,2.4813895781637716
2011,VEN,0.0,0.0,0.0,0.0,0.0,0.0,103,2,0.0194174757281553,2021,33.7,2011,26.48053280775316,0.388502627947362,3282,1703,1,1,0.5871990604815032,0.5871990604815032
1995,VNM,0.0,0.0,0.0,0.0,0.0,0.0,58,0,0.0,2005,44.1,1995,23.75514508817086,0.542728139614027,3082,1632,0,0,0.0,0.0
1996,VNM,0.0,0.0,0.0,0.0,0.0,0.0,54,2,0.037037037037037,2006,44.2,1996,23.92834575744283,0.541349825644652,2662,1430,0,1,0.0,0.6993006993006993
1997,VNM,0.0,0.0,0.0,0.0,0.0,0.0,41,1,0.024390243902439,2007,41.9,1997,24.013297009963928,0.541201807888479,2208,1191,0,0,0.0,0.0
1998,VNM,0.0,0.0,0.0,0.0,0.0,0.0,58,1,0.0172413793103448,2008,39.3,1998,24.0268357644968,0.539678080630969,3013,1683,1,1,0.5941770647653001,0.5941770647653001
1999,VNM,0.0,0.0,0.0,0.0,0.0,0.0,72,3,0.0416666666666666,2009,37.0,1999,24.079593424979468,0.537532328335672,3184,1694,0,0,0.0,0.0
2000,VNM,0.0,0.0,0.0,0.0,0.0,0.0,37,0,0.0,2010,34.6,2000,24.16280272319493,0.529886012082773,1647,878,0,0,0.0,0.0
2001,VNM,0.0,0.0,0.0,0.0,0.0,0.0,35,0,0.0,2011,36.3,2001,24.21018817656871,0.527407740513626,1470,802,0,0,0.0,0.0
2002,VNM,0.0,0.0,0.0,0.0,0.0,0.0,22,0,0.0,2012,37.9,2002,24.28044380887085,0.525520645018917,1347,745,0,0,0.0,0.0
2003,VNM,0.0,0.0,0.0,0.0,0.0,0.0,48,3,0.0625,2013,37.4,2003,24.40089507480485,0.524633429842776,1670,962,0,0,0.0,0.0
2004,VNM,0.0,0.0,0.0,0.0,0.0,0.0,42,1,0.0238095238095238,2014,36.7,2004,24.5393912933487,0.522167854482885,2008,1121,0,0,0.0,0.0
2005,VNM,0.0,0.0,0.0,0.0,0.0,0.0,38,1,0.0263157894736842,2015,27.8,2005,24.777365594621934,0.516080737387313,1395,772,0,1,0.0,1.2953367875647668
2006,VNM,0.0,0.0,0.0,0.0,0.0,0.0,54,5,0.0925925925925925,2016,26.8,2006,24.918536067667908,0.51212524081058,1455,822,0,1,0.0,1.2165450121654502
2007,VNM,0.0,0.0,0.0,0.0,0.0,0.0,64,4,0.0625,2017,28.3,2007,25.0724389765586,0.510666817311088,1721,991,0,2,0.0,2.0181634712411705
2008,VNM,0.0,0.0,0.0,0.0,0.0,0.0,34,3,0.088235294117647,2018,24.3,2008,25.31970102466532,0.50658246366192,906,501,0,4,0.0,7.984031936127744
2009,VNM,0.0,0.0,0.0,0.0,0.0,0.0,45,4,0.0888888888888888,2019,20.4,2009,25.38684321926037,0.503045810130143,1377,769,0,3,0.0,3.9011703511053315
2010,VNM,0.0,0.0,0.0,0.0,0.0,0.0,59,2,0.0338983050847457,2020,18.9,2010,25.715065951266983,0.49784064569247,1984,1163,0,2,0.0,1.7196904557179709
2011,VNM,0.0,0.0,0.0,0.0,0.0,0.0,69,6,0.0869565217391304,2021,24.2,2011,25.87421384385507,0.495734914073043,1997,1156,0,6,0.0,5.190311418685121
1996,VUT,0.0,0.0,0.0,0.0,0.0,0.0,25,3,0.12,2006,55.3,1996,19.381447756183743,0.586358877753993,1339,698,0,1,0.0,1.4326647564469914
1997,VUT,0.0,0.0,0.0,0.0,0.0,0.0,31,2,0.064516129032258,2007,51.6,1997,19.424143939874263,0.585034487210516,2198,1159,0,3,0.0,2.588438308886971
1998,VUT,0.0,0.0,0.0,0.0,0.0,0.0,24,3,0.125,2008,52.1,1998,19.384974323286333,0.583570798905444,1669,882,0,2,0.0,2.2675736961451247
1999,VUT,0.0,0.0,0.0,0.0,0.0,0.0,28,3,0.1071428571428571,2009,38.7,1999,19.406523555674,0.582386168052864,1838,951,0,0,0.0,0.0
2000,VUT,0.0,0.0,1.0,0.0,0.0,0.0,59,9,0.1525423728813559,2010,38.1,2000,19.42136639928496,0.580159314942179,2129,1159,1,3,0.8628127696289906,2.588438308886971
2001,VUT,0.0,0.0,0.0,0.0,0.0,0.0,47,6,0.1276595744680851,2011,35.8,2001,19.368186698455748,0.575947519878675,1686,914,0,3,0.0,3.282275711159737
2002,VUT,0.0,0.0,0.0,0.0,0.0,0.0,57,4,0.0701754385964912,2012,39.0,2002,19.38612932439176,0.584249517157353,1904,1013,0,1,0.0,0.9871668311944718
2003,VUT,0.0,0.0,0.0,0.0,0.0,0.0,42,3,0.0714285714285714,2013,40.9,2003,19.566403736174,0.569178700608329,1744,914,0,1,0.0,1.0940919037199124
2004,VUT,0.0,0.0,0.0,0.0,0.0,0.0,60,5,0.0833333333333333,2014,31.5,2004,19.71539933370176,0.573687988106927,2199,1196,0,1,0.0,0.8361204013377926
2005,VUT,0.0,0.0,0.0,0.0,0.0,0.0,69,7,0.1014492753623188,2015,35.6,2005,19.794301208975124,0.570094945464806,2097,1146,0,1,0.0,0.8726003490401396
2006,VUT,0.0,0.0,0.0,0.0,0.0,0.0,96,8,0.0833333333333333,2016,33.1,2006,19.900826460400317,0.573242226160944,2053,1091,0,3,0.0,2.749770852428964
2007,VUT,0.0,0.0,0.0,0.0,0.0,0.0,63,3,0.0476190476190476,2017,35.7,2007,20.06237851138196,0.559251093599142,1468,768,0,4,0.0,5.208333333333333
2008,VUT,0.0,0.0,0.0,0.0,0.0,0.0,84,14,0.1666666666666666,2018,29.7,2008,20.196900818589764,0.556347073242575,2320,1242,0,4,0.0,3.2206119162640903
2009,VUT,0.0,0.0,0.0,0.0,0.0,0.0,88,22,0.25,2019,31.6,2009,20.20006785236762,0.572045454038046,2310,1308,0,18,0.0,13.761467889908257
2010,VUT,0.0,0.0,0.0,0.0,0.0,0.0,83,16,0.1927710843373494,2020,26.0,2010,20.32385184992109,0.572560965089956,2466,1357,0,12,0.0,8.843036109064112
2011,VUT,0.0,0.0,0.0,0.0,0.0,0.0,97,13,0.134020618556701,2021,24.6,2011,20.462100521881755,0.565313645120268,2781,1567,0,12,0.0,7.657945118059987
2012,VUT,0.0,1.0,0.0,0.0,0.0,0.0,42,12,0.2857142857142857,2022,25.0,2012,20.43269920508384,0.573049082618745,1789,990,0,5,0.0,5.050505050505051
1995,WSM,0.0,0.0,0.0,0.0,0.0,2.0,56,10,0.1785714285714285,2005,48.9,1995,19.23101403270961,0.533236135702462,2552,1308,0,5,0.0,3.8226299694189603
1996,WSM,0.0,0.0,0.0,0.0,0.0,0.0,51,10,0.196078431372549,2006,46.0,1996,19.33660298314143,0.532432240714842,1698,887,0,6,0.0,6.764374295377677
1998,WSM,0.0,0.0,0.0,0.0,0.0,2.0,53,17,0.320754716981132,2008,45.0,1998,19.412024345709455,0.53137991623576,2570,1333,0,12,0.0,9.00225056264066
1999,WSM,0.0,0.0,0.0,0.0,0.0,0.0,64,5,0.078125,2009,43.2,1999,19.358373032780555,0.530591525652146,1770,904,0,7,0.0,7.743362831858407
2001,WSM,0.0,0.0,0.0,0.0,0.0,0.0,51,6,0.1176470588235294,2011,40.6,2001,19.40013251679876,0.529320959109397,1903,1003,0,6,0.0,5.982053838484546
2002,WSM,0.0,0.0,0.0,0.0,0.0,0.0,53,6,0.1132075471698113,2012,40.2,2002,19.45667316391382,0.536135075598141,1350,704,0,3,0.0,4.261363636363636
2003,WSM,0.0,0.0,0.0,0.0,0.0,0.0,37,3,0.081081081081081,2013,42.6,2003,19.624931943022887,0.542985638835632,1337,750,0,0,0.0,0.0
2004,WSM,0.0,0.0,0.0,0.0,0.0,0.0,31,2,0.064516129032258,2014,41.4,2004,19.826158719986463,0.539811798827287,1663,920,0,0,0.0,0.0
2005,WSM,0.0,0.0,0.0,0.0,0.0,0.0,30,0,0.0,2015,37.1,2005,19.982611434614384,0.536517494763919,1315,720,0,0,0.0,0.0
2006,WSM,0.0,0.0,0.0,0.0,0.0,0.0,74,9,0.1216216216216216,2016,36.8,2006,20.02996616035954,0.531689447626159,1819,987,0,5,0.0,5.065856129685917
2007,WSM,0.0,0.0,0.0,0.0,0.0,0.0,74,20,0.2702702702702703,2017,35.8,2007,20.16735298930742,0.536150630180698,2068,1112,0,15,0.0,13.489208633093524
2008,WSM,0.0,0.0,0.0,0.0,0.0,0.0,78,17,0.2179487179487179,2018,36.6,2008,20.279079949749104,0.521631135670487,1936,1031,0,12,0.0,11.639185257032008
2009,WSM,0.0,0.0,0.0,0.0,0.0,0.0,89,21,0.2359550561797752,2019,34.2,2009,20.258060462283147,0.524097509180995,1737,942,2,13,2.1231422505307855,13.800424628450106
2010,WSM,0.0,0.0,0.0,0.0,0.0,0.0,72,22,0.3055555555555556,2020,35.6,2010,20.3379869882735,0.524573399036654,1742,939,0,15,0.0,15.974440894568689
2011,WSM,0.0,0.0,0.0,0.0,0.0,0.0,75,16,0.2133333333333333,2021,36.0,2011,20.427681891431785,0.532246453293261,2042,1116,0,6,0.0,5.376344086021506
2012,WSM,0.0,0.0,0.0,0.0,0.0,0.0,60,11,0.1833333333333333,2022,35.9,2012,20.465972895186685,0.520477533706701,2164,1168,0,7,0.0,5.993150684931506
1995,YEM,0.0,0.0,0.0,0.0,0.0,0.0,33,1,0.0303030303030303,2005,0.7,1995,22.17225061994184,0.616874170899478,2170,1128,0,0,0.0,0.0
1996,YEM,0.0,0.0,0.0,0.0,0.0,0.0,61,3,0.0491803278688524,2006,0.8,1996,22.478652654015743,0.614924512501554,3132,1669,0,0,0.0,0.0
1997,YEM,0.0,0.0,0.0,0.0,0.0,0.0,44,1,0.0227272727272727,2007,0.8,1997,22.64584263756456,0.613389942804828,3553,1811,0,0,0.0,0.0
1998,YEM,0.0,0.0,0.0,0.0,0.0,0.0,42,1,0.0238095238095238,2008,0.7,1998,22.56779827067672,0.610761231571239,1865,1003,0,0,0.0,0.0
1999,YEM,0.0,0.0,0.0,0.0,0.0,0.0,36,1,0.0277777777777777,2009,0.7,1999,22.75680773900645,0.609275408351444,2215,1167,0,0,0.0,0.0
2000,YEM,0.0,0.0,0.0,0.0,0.0,0.0,31,0,0.0,2010,0.8,2000,22.9904761743222,0.607840386160169,1531,825,0,0,0.0,0.0
2001,YEM,0.0,0.0,0.0,0.0,0.0,0.0,49,0,0.0,2011,0.9,2001,23.01191021768979,0.606656036136272,2268,1211,0,0,0.0,0.0
2002,YEM,0.0,0.0,0.0,0.0,0.0,0.0,35,0,0.0,2012,1.1,2002,23.093007404869606,0.603421291147504,1415,757,0,0,0.0,0.0
2003,YEM,0.0,0.0,0.0,0.0,0.0,0.0,45,0,0.0,2013,0.8,2003,23.18949639186723,0.601781288704814,1912,1000,0,0,0.0,0.0
2004,YEM,0.0,0.0,0.0,0.0,0.0,0.0,72,0,0.0,2014,0.8,2004,23.353195324199948,0.601457534590463,3197,1739,0,0,0.0,0.0
2005,YEM,0.0,0.0,0.0,0.0,0.0,0.0,23,0,0.0,2015,2.0,2005,23.54144602254585,0.598930881199282,1359,699,0,0,0.0,0.0
2006,YEM,0.0,0.0,0.0,0.0,0.0,0.0,53,2,0.0377358490566037,2016,2.6,2006,23.670961538074373,0.597205196575416,1676,881,0,0,0.0,0.0
2007,YEM,0.0,0.0,0.0,0.0,0.0,0.0,65,6,0.0923076923076923,2017,3.0,2007,23.79829587603497,0.595304687180894,1993,1060,0,3,0.0,2.830188679245283
2008,YEM,0.0,0.0,0.0,0.0,0.0,0.0,65,7,0.1076923076923077,2018,2.9,2008,24.015795605415825,0.593149413061366,1844,989,0,1,0.0,1.0111223458038423
2009,YEM,0.0,0.0,0.0,0.0,0.0,0.0,50,2,0.04,2019,3.0,2009,23.94733926102318,0.593058263834078,1810,981,0,0,0.0,0.0
2010,YEM,0.0,0.0,0.0,0.0,0.0,0.0,82,12,0.1463414634146341,2020,3.5,2010,24.1542404284861,0.592076277904482,2471,1332,0,7,0.0,5.255255255255256
2011,YEM,0.0,0.0,0.0,0.0,0.0,0.0,63,2,0.0317460317460317,2021,3.7,2011,24.211448474862607,0.591289762765844,1714,927,0,1,0.0,1.0787486515641855
1995,ZAF,0.0,0.0,0.0,0.0,0.0,0.0,96,8,0.0833333333333333,2005,9.7,1995,25.869223865987564,0.473905845730102,3688,2008,0,1,0.0,0.49800796812749004
1996,ZAF,0.0,0.0,0.0,0.0,0.0,0.0,49,6,0.1224489795918367,2006,9.3,1996,25.81845622137476,0.473672281809815,2384,1281,0,0,0.0,0.0
1997,ZAF,0.0,0.0,0.0,0.0,0.0,0.0,61,5,0.081967213114754,2007,8.7,1997,25.85303477747874,0.46801784309623,2864,1580,0,0,0.0,0.0
1998,ZAF,0.0,0.0,0.0,0.0,0.0,0.0,20,1,0.05,2008,9.7,1998,25.753592509961432,0.467970345533486,2532,1255,0,0,0.0,0.0
1999,ZAF,0.0,0.0,0.0,0.0,0.0,0.0,52,1,0.0192307692307692,2009,9.2,1999,25.74396335626249,0.464972238958052,2371,1156,0,0,0.0,0.0
2000,ZAF,0.0,0.0,0.0,0.0,0.0,0.0,35,2,0.0571428571428571,2010,9.4,2000,25.74551838814522,0.463316323366481,1387,695,0,0,0.0,0.0
2001,ZAF,0.0,0.0,0.0,0.0,0.0,0.0,43,1,0.0232558139534883,2011,9.0,2001,25.63172006331257,0.463016249396211,1810,922,0,0,0.0,0.0
2002,ZAF,0.0,0.0,0.0,0.0,0.0,0.0,28,2,0.0714285714285714,2012,8.3,2002,25.583756776128777,0.459769189387669,1491,764,0,0,0.0,0.0
2003,ZAF,0.0,0.0,0.0,0.0,0.0,0.0,64,4,0.0625,2013,7.8,2003,26.00656580962133,0.462280882220575,2691,1281,0,0,0.0,0.0
2004,ZAF,0.0,0.0,0.0,0.0,0.0,0.0,42,3,0.0714285714285714,2014,7.6,2004,26.26768881092764,0.460123424381272,2244,1100,0,0,0.0,0.0
2005,ZAF,0.0,0.0,0.0,0.0,0.0,0.0,24,0,0.0,2015,7.6,2005,26.38923291099227,0.464429130850644,2203,1131,0,0,0.0,0.0
2006,ZAF,0.0,0.0,0.0,0.0,0.0,0.0,59,2,0.0338983050847457,2016,7.8,2006,26.43982852197625,0.458995057535515,2045,1039,0,0,0.0,0.0
2007,ZAF,0.0,0.0,0.0,0.0,0.0,0.0,60,23,0.3833333333333333,2017,7.9,2007,26.531639883460915,0.459526895013131,1872,987,0,17,0.0,17.223910840932117
2008,ZAF,0.0,0.0,0.0,0.0,0.0,0.0,82,11,0.1341463414634146,2018,8.0,2008,26.47942329930878,0.460017252782233,2141,1141,1,7,0.8764241893076249,6.134969325153374
2009,ZAF,0.0,0.0,0.0,0.0,0.0,0.0,77,12,0.1558441558441558,2019,8.7,2009,26.52161292411343,0.459732421668962,1515,811,0,3,0.0,3.6991368680641186
2010,ZAF,0.0,0.0,0.0,0.0,0.0,0.0,64,3,0.046875,2020,9.8,2010,26.757224160406743,0.45855222963518,1873,970,0,3,0.0,3.092783505154639
2011,ZAF,0.0,0.0,0.0,0.0,0.0,0.0,71,5,0.0704225352112676,2021,9.7,2011,26.85057048623405,0.455771599308931,1519,798,0,3,0.0,3.7593984962406015
1995,ZMB,0.0,0.0,0.0,0.0,0.0,0.0,48,1,0.0208333333333333,2005,88.9,1995,22.06010276455969,0.502035263523503,1970,1090,0,0,0.0,0.0
1996,ZMB,0.0,0.0,0.0,0.0,0.0,0.0,89,4,0.0449438202247191,2006,89.7,1996,22.003427429297787,0.502506166658273,2841,1515,0,0,0.0,0.0
1997,ZMB,0.0,0.0,0.0,0.0,0.0,0.0,46,2,0.0434782608695652,2007,90.7,1997,22.182645710561253,0.501714458488122,1874,1018,0,0,0.0,0.0
1998,ZMB,0.0,0.0,0.0,0.0,0.0,0.0,67,4,0.0597014925373134,2008,89.8,1998,21.98675440147009,0.504446947717239,2525,1352,0,1,0.0,0.7396449704142012
1999,ZMB,0.0,0.0,0.0,0.0,0.0,0.0,59,1,0.0169491525423728,2009,89.2,1999,21.948300667251804,0.504092913085038,2783,1426,0,0,0.0,0.0
2001,ZMB,0.0,0.0,0.0,0.0,0.0,0.0,51,0,0.0,2011,87.9,2001,22.132896110511187,0.505616594186059,2083,1101,0,0,0.0,0.0
2002,ZMB,0.0,0.0,0.0,0.0,0.0,0.0,36,1,0.0277777777777777,2012,85.4,2002,22.156885109515176,0.526291888694231,1345,744,0,0,0.0,0.0
2003,ZMB,0.0,0.0,0.0,0.0,0.0,0.0,50,3,0.06,2013,85.3,2003,22.31288254397576,0.524189978935079,1527,839,0,0,0.0,0.0
2004,ZMB,0.0,0.0,0.0,0.0,0.0,0.0,51,1,0.0196078431372549,2014,84.6,2004,22.55121413871664,0.518190677691374,1535,840,0,0,0.0,0.0
2005,ZMB,0.0,0.0,0.0,0.0,0.0,0.0,49,5,0.1020408163265306,2015,84.0,2005,22.843353778010577,0.513966736338626,1237,644,0,0,0.0,0.0
2006,ZMB,0.0,0.0,0.0,0.0,0.0,0.0,75,4,0.0533333333333333,2016,84.0,2006,23.269334916768823,0.513710093346112,1801,1000,0,0,0.0,0.0
2007,ZMB,0.0,0.0,0.0,0.0,0.0,0.0,87,23,0.264367816091954,2017,83.5,2007,23.366383339749,0.513695698883005,1814,1012,0,14,0.0,13.83399209486166
2008,ZMB,0.0,0.0,0.0,0.0,0.0,0.0,69,8,0.1159420289855072,2018,83.8,2008,23.60867299369007,0.512033040381854,1913,1046,0,3,0.0,2.868068833652008
2009,ZMB,0.0,0.0,0.0,0.0,0.0,0.0,84,24,0.2857142857142857,2019,86.1,2009,23.452969389867107,0.512184664987864,2172,1208,0,11,0.0,9.105960264900663
2010,ZMB,0.0,0.0,0.0,0.0,0.0,0.0,55,9,0.1636363636363636,2020,85.4,2010,23.732188705034428,0.512966790808886,1387,773,0,4,0.0,5.17464424320828
2011,ZMB,0.0,0.0,0.0,0.0,0.0,0.0,86,21,0.2441860465116279,2021,83.0,2011,23.878542018236203,0.51020182962141,2164,1205,0,12,0.0,9.95850622406639
1996,ZWE,0.0,0.0,0.0,0.0,0.0,0.0,78,9,0.1153846153846153,2006,78.7,1996,22.86956507558289,0.513813065666712,3358,1827,1,2,0.5473453749315819,1.0946907498631637
1997,ZWE,0.0,0.0,0.0,0.0,0.0,0.0,53,0,0.0,2007,78.0,1997,22.866804974445536,0.512697546964597,2354,1238,0,0,0.0,0.0
1998,ZWE,0.0,0.0,0.0,0.0,0.0,0.0,69,4,0.0579710144927536,2008,81.6,1998,22.579871311283995,0.513266267634066,2839,1493,1,0,0.6697923643670461,0.0
1999,ZWE,0.0,0.0,0.0,0.0,0.0,0.0,40,0,0.0,2009,82.6,1999,22.64868360116321,0.51393390590947,1909,1023,0,0,0.0,0.0
2000,ZWE,0.0,0.0,0.0,0.0,0.0,0.0,48,1,0.0208333333333333,2010,81.2,2000,22.623873373248827,0.519018239688902,2385,1286,0,0,0.0,0.0
2001,ZWE,0.0,0.0,0.0,0.0,0.0,0.0,61,1,0.0163934426229508,2011,77.2,2001,22.63685712701976,0.520193416946271,2073,1076,0,0,0.0,0.0
2002,ZWE,0.0,0.0,0.0,0.0,0.0,0.0,59,1,0.0169491525423728,2012,77.0,2002,22.570478366725737,0.517498058702508,2090,1075,0,2,0.0,1.86046511627907
2003,ZWE,0.0,0.0,0.0,0.0,0.0,0.0,53,1,0.0188679245283018,2013,79.3,2003,22.46856100009888,0.520406883217901,2180,1162,0,0,0.0,0.0
2004,ZWE,0.0,0.0,0.0,0.0,0.0,0.0,44,1,0.0227272727272727,2014,80.8,2004,22.482088530332188,0.521001697525523,1700,908,0,0,0.0,0.0
2005,ZWE,0.0,0.0,0.0,0.0,0.0,0.0,52,3,0.0576923076923076,2015,80.8,2005,22.47337227199194,0.517509515616014,1518,781,0,0,0.0,0.0
2006,ZWE,0.0,0.0,0.0,0.0,0.0,0.0,101,6,0.0594059405940594,2016,81.7,2006,22.417760909798844,0.519364145301385,2352,1225,0,0,0.0,0.0
2007,ZWE,0.0,0.0,0.0,0.0,0.0,0.0,100,3,0.03,2017,82.0,2007,22.389452653827377,0.513310737041817,2055,1041,0,3,0.0,2.881844380403458
2008,ZWE,0.0,0.0,0.0,0.0,0.0,0.0,63,10,0.1587301587301587,2018,79.7,2008,22.20843284293177,0.514250417618122,1813,994,2,3,2.012072434607646,3.0181086519114686
2009,ZWE,0.0,0.0,0.0,0.0,0.0,0.0,62,5,0.0806451612903225,2019,81.0,2009,22.991859025907264,0.508302805689475,1718,921,0,1,0.0,1.0857763300760044
2010,ZWE,0.0,0.0,0.0,0.0,0.0,0.0,65,7,0.1076923076923077,2020,84.1,2010,23.21163774246131,0.512840936809314,1568,855,0,4,0.0,4.678362573099415
2011,ZWE,0.0,0.0,0.0,0.0,0.0,0.0,62,2,0.032258064516129,2021,82.4,2011,23.36957681654668,0.506173572839586,1555,826,0,3,0.0,3.6319612590799033
