year,country,speech_length,tokens_length,renewable_energy_count,climate_change_count,renewable_energy_1000_rate,climate_change_1000_rate
1946,LBR,1606,796,0,0,0.0,0.0
1946,UKR,4266,2070,0,0,0.0,0.0
1946,IRN,534,240,0,0,0.0,0.0
1946,CAN,1523,734,0,0,0.0,0.0
1946,HTI,484,240,0,0,0.0,0.0
1946,USA,6271,3178,0,0,0.0,0.0
1946,CUB,591,300,0,0,0.0,0.0
1946,COL,3877,1856,0,0,0.0,0.0
1946,CHL,1389,692,0,0,0.0,0.0
1946,PER,2048,985,0,0,0.0,0.0
1946,SAU,553,285,0,0,0.0,0.0
1946,LBN,1774,885,0,0,0.0,0.0
1946,NLD,738,351,0,0,0.0,0.0
1946,AUS,4539,2221,0,0,0.0,0.0
1946,CSK,1388,639,0,0,0.0,0.0
1946,EGY,2670,1280,0,1,0.0,0.78125
1946,NZL,5712,2644,0,0,0.0,0.0
1946,MEX,1592,719,0,0,0.0,0.0
1946,GBR,4754,2331,0,0,0.0,0.0
1946,CHN,2966,1477,0,0,0.0,0.0
1946,ECU,1085,557,0,0,0.0,0.0
1946,PHL,2406,1134,0,1,0.0,0.8818342151675485
1946,POL,2025,985,0,0,0.0,0.0
1946,NOR,2360,1190,0,0,0.0,0.0
1946,IND,1557,757,0,0,0.0,0.0
1946,ARG,3367,1603,0,0,0.0,0.0
1946,RUS,7388,3612,0,0,0.0,0.0
1946,BOL,1504,696,0,0,0.0,0.0
1946,SYR,1620,791,0,0,0.0,0.0
1946,BLR,3062,1571,0,0,0.0,0.0
1946,BEL,2506,1197,0,0,0.0,0.0
1946,BRA,1492,707,0,0,0.0,0.0
1946,TUR,641,302,0,0,0.0,0.0
1946,FRA,2884,1365,0,0,0.0,0.0
1946,LUX,898,456,0,0,0.0,0.0
1946,URY,1474,696,0,0,0.0,0.0
1946,YUG,6161,2959,0,0,0.0,0.0
1946,GRC,2346,1166,0,0,0.0,0.0
1946,VEN,1799,891,0,0,0.0,0.0
1947,SYR,3707,1759,0,0,0.0,0.0
1947,RUS,11515,6040,0,0,0.0,0.0
1947,SWE,1165,562,0,0,0.0,0.0
1947,IND,2058,952,0,0,0.0,0.0
1947,ARG,5423,2658,0,0,0.0,0.0
1947,POL,3698,1764,0,0,0.0,0.0
1947,PHL,2762,1331,0,0,0.0,0.0
1947,ECU,1631,814,0,0,0.0,0.0
1947,CHN,1244,634,0,0,0.0,0.0
1947,GBR,8175,3870,0,0,0.0,0.0
1947,MEX,2471,1175,0,0,0.0,0.0
1947,VEN,1843,940,0,0,0.0,0.0
1947,GRC,1656,813,0,0,0.0,0.0
1947,YUG,4747,2380,0,0,0.0,0.0
1947,URY,541,246,0,0,0.0,0.0
1947,FRA,4241,2018,0,0,0.0,0.0
1947,TUR,1127,538,0,0,0.0,0.0
1947,DOM,1478,705,0,0,0.0,0.0
1947,BRA,2535,1285,0,0,0.0,0.0
1947,BLR,4705,2490,0,0,0.0,0.0
1947,ZAF,2118,1076,0,0,0.0,0.0
1947,USA,3177,1602,0,0,0.0,0.0
1947,CAN,1196,578,0,0,0.0,0.0
1947,IRQ,1925,947,0,0,0.0,0.0
1947,THA,614,324,0,0,0.0,0.0
1947,UKR,5058,2535,0,0,0.0,0.0
1947,LBR,823,393,0,0,0.0,0.0
1947,NZL,3162,1481,0,0,0.0,0.0
1947,EGY,2630,1288,0,0,0.0,0.0
1947,CSK,2488,1192,0,0,0.0,0.0
1947,NLD,1147,543,0,0,0.0,0.0
1947,AUS,5895,2858,0,0,0.0,0.0
1947,LBN,1330,639,0,0,0.0,0.0
1947,SLV,2065,963,0,0,0.0,0.0
1947,SAU,693,311,0,0,0.0,0.0
1947,PER,2645,1296,0,0,0.0,0.0
1947,CHL,1981,1035,0,0,0.0,0.0
1947,COL,4574,2286,1,0,0.4374453193350831,0.0
1947,CUB,1077,550,0,0,0.0,0.0
1948,SLV,1727,862,0,0,0.0,0.0
1948,PER,3388,1752,0,1,0.0,0.5707762557077625
1948,CHL,1943,1019,0,0,0.0,0.0
1948,COL,1796,844,0,0,0.0,0.0
1948,NZL,1894,997,0,0,0.0,0.0
1948,EGY,1278,608,0,1,0.0,1.644736842105263
1948,CSK,3939,1900,0,0,0.0,0.0
1948,NLD,3164,1607,0,0,0.0,0.0
1948,AUS,1766,895,0,0,0.0,0.0
1948,MMR,1175,592,0,0,0.0,0.0
1948,LBN,9583,4988,0,2,0.0,0.40096230954290296
1948,IRN,814,407,0,0,0.0,0.0
1948,UKR,3499,1801,0,0,0.0,0.0
1948,LBR,937,476,0,0,0.0,0.0
1948,ZAF,1598,786,0,0,0.0,0.0
1948,USA,3155,1638,0,0,0.0,0.0
1948,CAN,2918,1436,0,0,0.0,0.0
1948,FRA,3348,1685,0,0,0.0,0.0
1948,PAK,4659,2286,0,0,0.0,0.0
1948,TUR,823,408,0,0,0.0,0.0
1948,DOM,1772,863,0,0,0.0,0.0
1948,BRA,884,427,0,0,0.0,0.0
1948,BEL,3914,1871,0,0,0.0,0.0
1948,BLR,3467,1770,0,0,0.0,0.0
1948,VEN,2648,1304,0,0,0.0,0.0
1948,GRC,2564,1293,0,0,0.0,0.0
1948,YUG,5474,2787,0,0,0.0,0.0
1948,URY,1031,523,0,0,0.0,0.0
1948,POL,3822,1877,0,0,0.0,0.0
1948,PHL,3063,1584,0,0,0.0,0.0
1948,ECU,2033,1012,0,0,0.0,0.0
1948,CHN,2319,1188,0,0,0.0,0.0
1948,GBR,6812,3309,0,0,0.0,0.0
1948,MEX,2449,1202,0,0,0.0,0.0
1948,BOL,1770,904,0,0,0.0,0.0
1948,SYR,3233,1600,0,0,0.0,0.0
1948,RUS,6874,3535,0,0,0.0,0.0
1948,DNK,1813,910,0,0,0.0,0.0
1948,IND,3350,1670,0,0,0.0,0.0
1949,USA,3074,1621,0,0,0.0,0.0
1949,ZAF,2389,1179,0,0,0.0,0.0
1949,CAN,2928,1444,0,0,0.0,0.0
1949,IRQ,2039,993,0,0,0.0,0.0
1949,UKR,3835,2003,0,0,0.0,0.0
1949,LBR,875,450,0,0,0.0,0.0
1949,LBN,3616,1856,0,0,0.0,0.0
1949,NLD,2660,1338,0,0,0.0,0.0
1949,CSK,4086,2035,0,0,0.0,0.0
1949,NZL,2430,1199,1,0,0.8340283569641368,0.0
1949,EGY,1661,852,0,0,0.0,0.0
1949,CHL,2136,1109,0,1,0.0,0.9017132551848511
1949,PER,1507,739,0,0,0.0,0.0
1949,SLV,2197,1071,0,0,0.0,0.0
1949,ISR,3648,1911,0,0,0.0,0.0
1949,CUB,919,502,0,0,0.0,0.0
1949,RUS,3307,1694,0,0,0.0,0.0
1949,SYR,2911,1387,0,0,0.0,0.0
1949,ARG,3500,1728,0,0,0.0,0.0
1949,IND,2888,1437,0,0,0.0,0.0
1949,GBR,5473,2694,0,0,0.0,0.0
1949,ECU,1243,638,0,0,0.0,0.0
1949,CHN,1692,875,0,0,0.0,0.0
1949,POL,6327,3185,0,0,0.0,0.0
1949,MEX,1290,668,0,0,0.0,0.0
1949,GRC,1282,656,0,0,0.0,0.0
1949,YUG,2542,1266,0,0,0.0,0.0
1949,VEN,1885,994,0,0,0.0,0.0
1949,DOM,1171,604,0,1,0.0,1.6556291390728477
1949,ETH,1209,603,0,0,0.0,0.0
1949,BRA,2028,979,0,0,0.0,0.0
1949,PAK,3457,1654,0,0,0.0,0.0
1949,FRA,3518,1707,0,0,0.0,0.0
1949,BLR,1619,861,0,0,0.0,0.0
1949,BEL,2993,1475,0,0,0.0,0.0
1950,BEL,3114,1505,0,0,0.0,0.0
1950,BLR,3503,1811,0,0,0.0,0.0
1950,FRA,2579,1242,0,0,0.0,0.0
1950,PAK,3864,1784,0,0,0.0,0.0
1950,TUR,2125,1018,0,0,0.0,0.0
1950,BRA,1719,844,0,0,0.0,0.0
1950,ETH,2668,1266,0,0,0.0,0.0
1950,DOM,1082,541,0,0,0.0,0.0
1950,URY,1833,916,0,0,0.0,0.0
1950,PAN,1130,563,0,0,0.0,0.0
1950,VEN,1701,818,0,0,0.0,0.0
1950,YUG,6057,3087,0,0,0.0,0.0
1950,GRC,1249,606,0,0,0.0,0.0
1950,PHL,1431,695,0,0,0.0,0.0
1950,POL,5464,2733,0,0,0.0,0.0
1950,CHN,2402,1290,0,0,0.0,0.0
1950,ECU,3494,1740,0,0,0.0,0.0
1950,GBR,4081,1885,0,0,0.0,0.0
1950,IND,2366,1162,0,0,0.0,0.0
1950,ARG,1956,982,0,2,0.0,2.0366598778004072
1950,SWE,1932,964,0,0,0.0,0.0
1950,NOR,2234,1059,0,0,0.0,0.0
1950,BOL,4346,2126,0,2,0.0,0.9407337723424272
1950,RUS,3907,2001,0,0,0.0,0.0
1950,HND,1097,571,0,0,0.0,0.0
1950,CUB,2095,1008,0,0,0.0,0.0
1950,ISR,2802,1464,0,1,0.0,0.6830601092896175
1950,SLV,2827,1404,0,0,0.0,0.0
1950,PER,3259,1544,0,0,0.0,0.0
1950,COL,2082,992,0,0,0.0,0.0
1950,CHL,3854,1918,0,0,0.0,0.0
1950,EGY,2868,1388,0,0,0.0,0.0
1950,NZL,5529,2519,0,0,0.0,0.0
1950,CSK,3500,1759,0,0,0.0,0.0
1950,NLD,2410,1196,0,0,0.0,0.0
1950,AUS,5694,2668,0,0,0.0,0.0
1950,LBN,2443,1197,0,0,0.0,0.0
1950,LBR,2804,1396,0,0,0.0,0.0
1950,UKR,2406,1267,0,0,0.0,0.0
1950,IRQ,2598,1354,0,0,0.0,0.0
1950,CAN,3553,1707,0,0,0.0,0.0
1950,ZAF,3039,1466,0,0,0.0,0.0
1950,USA,5149,2529,1,0,0.39541320680110714,0.0
1950,GTM,2481,1230,0,0,0.0,0.0
1951,LBN,2279,1038,0,0,0.0,0.0
1951,NLD,3213,1574,0,0,0.0,0.0
1951,AUS,3946,1928,0,2,0.0,1.037344398340249
1951,MMR,1497,714,0,0,0.0,0.0
1951,CSK,6239,3168,0,0,0.0,0.0
1951,NZL,2522,1255,0,0,0.0,0.0
1951,EGY,6154,2954,0,0,0.0,0.0
1951,NIC,2028,1037,0,0,0.0,0.0
1951,CHL,1806,896,0,0,0.0,0.0
1951,COL,1935,990,0,0,0.0,0.0
1951,PER,3229,1587,0,0,0.0,0.0
1951,SLV,1964,974,0,0,0.0,0.0
1951,ISR,3551,1794,0,0,0.0,0.0
1951,CUB,2677,1342,0,0,0.0,0.0
1951,HND,1163,582,0,0,0.0,0.0
1951,USA,4929,2439,0,1,0.0,0.4100041000410004
1951,ZAF,3764,1815,0,0,0.0,0.0
1951,CAN,3288,1610,1,0,0.6211180124223603,0.0
1951,HTI,2547,1299,0,1,0.0,0.7698229407236336
1951,YEM,2150,1007,0,0,0.0,0.0
1951,IRQ,3024,1515,0,0,0.0,0.0
1951,IRN,3169,1601,0,0,0.0,0.0
1951,UKR,3797,2008,0,0,0.0,0.0
1951,LBR,1967,981,0,0,0.0,0.0
1951,PRY,1206,595,0,0,0.0,0.0
1951,GRC,1980,968,0,0,0.0,0.0
1951,YUG,5478,2799,0,0,0.0,0.0
1951,VEN,1907,934,0,0,0.0,0.0
1951,PAN,2730,1328,0,0,0.0,0.0
1951,URY,2462,1198,0,0,0.0,0.0
1951,ETH,1805,895,0,0,0.0,0.0
1951,DOM,1619,787,0,0,0.0,0.0
1951,BRA,2263,1122,0,0,0.0,0.0
1951,TUR,1228,579,0,0,0.0,0.0
1951,PAK,4694,2221,0,0,0.0,0.0
1951,FRA,3124,1533,0,0,0.0,0.0
1951,BLR,3740,1967,0,0,0.0,0.0
1951,BEL,4034,1937,0,0,0.0,0.0
1951,DNK,2824,1349,0,0,0.0,0.0
1951,RUS,18814,9476,0,0,0.0,0.0
1951,BOL,2295,1134,0,0,0.0,0.0
1951,SYR,3430,1619,0,0,0.0,0.0
1951,IDN,2990,1517,0,0,0.0,0.0
1951,IND,2094,1024,0,0,0.0,0.0
1951,ARG,2139,1027,0,0,0.0,0.0
1951,GBR,3068,1407,0,1,0.0,0.7107320540156361
1951,CRI,1486,749,0,0,0.0,0.0
1951,ECU,884,468,0,0,0.0,0.0
1951,CHN,3911,2076,0,0,0.0,0.0
1951,POL,6680,3462,0,0,0.0,0.0
1951,PHL,3355,1683,0,0,0.0,0.0
1952,LBN,4254,2004,0,1,0.0,0.499001996007984
1952,AUS,4491,2230,0,0,0.0,0.0
1952,NLD,3702,1824,0,0,0.0,0.0
1952,MMR,2016,951,0,0,0.0,0.0
1952,CSK,8518,4350,0,0,0.0,0.0
1952,NZL,4179,1963,0,0,0.0,0.0
1952,EGY,1217,636,0,0,0.0,0.0
1952,ISR,3937,1974,0,0,0.0,0.0
1952,CUB,3303,1646,0,0,0.0,0.0
1952,CHL,6193,3092,0,2,0.0,0.646830530401035
1952,COL,3536,1790,0,0,0.0,0.0
1952,PER,3453,1662,0,0,0.0,0.0
1952,CAN,3183,1485,0,1,0.0,0.6734006734006734
1952,USA,5299,2600,0,0,0.0,0.0
1952,ZAF,2618,1218,0,0,0.0,0.0
1952,UKR,5100,2671,0,0,0.0,0.0
1952,LBR,1447,718,0,0,0.0,0.0
1952,PRY,1680,836,0,0,0.0,0.0
1952,IRQ,4438,2211,0,1,0.0,0.4522840343735866
1952,AFG,670,348,0,0,0.0,0.0
1952,URY,3535,1722,0,0,0.0,0.0
1952,PAN,616,292,0,0,0.0,0.0
1952,GRC,3034,1473,0,0,0.0,0.0
1952,YUG,4564,2283,0,1,0.0,0.43802014892685065
1952,BLR,5122,2764,0,0,0.0,0.0
1952,BEL,5471,2604,0,0,0.0,0.0
1952,ETH,3441,1723,0,0,0.0,0.0
1952,DOM,2525,1262,0,0,0.0,0.0
1952,BRA,1915,984,0,0,0.0,0.0
1952,PAK,3671,1808,0,0,0.0,0.0
1952,FRA,7813,3836,0,0,0.0,0.0
1952,SWE,3506,1774,0,0,0.0,0.0
1952,IND,1881,928,0,1,0.0,1.0775862068965516
1952,ARG,2816,1380,0,0,0.0,0.0
1952,RUS,10613,5549,0,1,0.0,0.18021265092809516
1952,BOL,3162,1623,0,2,0.0,1.2322858903265559
1952,SYR,2997,1477,0,0,0.0,0.0
1952,IDN,4038,2018,0,0,0.0,0.0
1952,GBR,4209,2004,1,0,0.499001996007984,0.0
1952,CRI,3284,1665,0,0,0.0,0.0
1952,ECU,3499,1687,0,1,0.0,0.5927682276229994
1952,CHN,4619,2333,0,0,0.0,0.0
1952,POL,9697,4982,0,0,0.0,0.0
1953,ARG,3669,1821,0,0,0.0,0.0
1953,IND,15864,7257,0,1,0.0,0.13779798814937302
1953,SWE,3525,1732,0,0,0.0,0.0
1953,RUS,11486,5893,0,0,0.0,0.0
1953,IDN,3216,1615,0,0,0.0,0.0
1953,SYR,4963,2517,0,0,0.0,0.0
1953,MEX,3643,1840,0,1,0.0,0.5434782608695652
1953,PHL,2026,1028,0,1,0.0,0.9727626459143969
1953,POL,5362,2749,0,0,0.0,0.0
1953,GBR,6235,3038,0,0,0.0,0.0
1953,CHN,3117,1572,0,0,0.0,0.0
1953,ECU,4856,2408,0,0,0.0,0.0
1953,CRI,2697,1319,0,2,0.0,1.5163002274450341
1953,YUG,3879,1886,0,0,0.0,0.0
1953,ISL,4781,2413,0,0,0.0,0.0
1953,GRC,2901,1448,0,0,0.0,0.0
1953,VEN,1629,830,0,0,0.0,0.0
1953,BLR,5486,2829,0,0,0.0,0.0
1953,BEL,3155,1441,0,0,0.0,0.0
1953,FRA,4162,2025,0,0,0.0,0.0
1953,PAK,3797,1867,0,0,0.0,0.0
1953,BRA,1525,753,0,0,0.0,0.0
1953,DOM,2343,1190,0,0,0.0,0.0
1953,ETH,1100,547,0,2,0.0,3.656307129798903
1953,CAN,3336,1595,0,0,0.0,0.0
1953,GTM,2357,1208,0,1,0.0,0.8278145695364238
1953,ZAF,3243,1504,1,0,0.6648936170212766,0.0
1953,USA,4441,2219,0,0,0.0,0.0
1953,LBR,2171,1046,0,0,0.0,0.0
1953,UKR,3876,2072,0,0,0.0,0.0
1953,IRQ,3672,1819,0,0,0.0,0.0
1953,CSK,5483,2904,0,0,0.0,0.0
1953,EGY,3797,1911,0,0,0.0,0.0
1953,NZL,2777,1330,0,0,0.0,0.0
1953,LBN,7166,3525,0,0,0.0,0.0
1953,MMR,2171,1025,0,0,0.0,0.0
1953,AUS,4085,1866,0,0,0.0,0.0
1953,NLD,3230,1550,0,0,0.0,0.0
1953,CUB,3834,1905,0,0,0.0,0.0
1953,ISR,4298,2224,0,0,0.0,0.0
1953,SLV,3015,1494,0,0,0.0,0.0
1953,COL,1471,739,0,0,0.0,0.0
1953,CHL,1881,933,0,0,0.0,0.0
1953,PER,4145,2120,0,1,0.0,0.4716981132075472
1954,CRI,1785,890,0,0,0.0,0.0
1954,ECU,3708,1799,0,2,0.0,1.1117287381878822
1954,CHN,4022,2061,0,2,0.0,0.970402717127608
1954,GBR,7672,3800,0,1,0.0,0.2631578947368421
1954,POL,7208,3766,0,0,0.0,0.0
1954,PHL,6978,3550,0,0,0.0,0.0
1954,NOR,4285,2140,0,0,0.0,0.0
1954,IND,16988,7804,0,1,0.0,0.12813941568426448
1954,ARG,4319,2170,0,0,0.0,0.0
1954,BOL,4084,2057,0,0,0.0,0.0
1954,SYR,3480,1742,0,0,0.0,0.0
1954,IDN,5504,2813,0,0,0.0,0.0
1954,RUS,11969,6182,0,0,0.0,0.0
1954,BLR,5609,2925,0,0,0.0,0.0
1954,ETH,1159,598,0,0,0.0,0.0
1954,BRA,3302,1635,0,1,0.0,0.6116207951070336
1954,FRA,3351,1585,0,0,0.0,0.0
1954,PAK,3349,1628,1,0,0.6142506142506142,0.0
1954,PAN,1829,831,0,0,0.0,0.0
1954,URY,2308,1138,0,0,0.0,0.0
1954,VEN,2237,1132,0,0,0.0,0.0
1954,GRC,2197,1095,0,0,0.0,0.0
1954,YUG,4255,2059,0,0,0.0,0.0
1954,UKR,3570,1870,0,0,0.0,0.0
1954,LBR,850,423,0,0,0.0,0.0
1954,THA,2118,1072,0,0,0.0,0.0
1954,IRQ,3561,1827,0,0,0.0,0.0
1954,CAN,3530,1728,0,0,0.0,0.0
1954,ZAF,3463,1615,0,0,0.0,0.0
1954,USA,3731,1930,0,0,0.0,0.0
1954,GTM,1671,859,0,0,0.0,0.0
1954,ISR,5596,2983,0,0,0.0,0.0
1954,CUB,3459,1820,0,0,0.0,0.0
1954,PER,4285,2103,0,0,0.0,0.0
1954,CHL,3313,1627,0,1,0.0,0.6146281499692685
1954,COL,2095,1020,0,0,0.0,0.0
1954,NLD,3150,1571,0,0,0.0,0.0
1954,AUS,5842,2838,0,0,0.0,0.0
1954,MMR,3322,1588,0,0,0.0,0.0
1954,NZL,3541,1812,0,0,0.0,0.0
1954,EGY,4137,2155,0,0,0.0,0.0
1954,CSK,5826,3076,0,0,0.0,0.0
1955,CSK,3812,2031,0,0,0.0,0.0
1955,NZL,2075,1034,0,0,0.0,0.0
1955,EGY,3423,1702,0,0,0.0,0.0
1955,LBN,2804,1327,0,0,0.0,0.0
1955,AUS,6574,3264,0,0,0.0,0.0
1955,NLD,2387,1152,0,0,0.0,0.0
1955,MMR,2925,1371,0,0,0.0,0.0
1955,ISR,5192,2702,0,0,0.0,0.0
1955,CHL,4760,2398,0,0,0.0,0.0
1955,PER,3603,1868,0,0,0.0,0.0
1955,HTI,876,424,0,0,0.0,0.0
1955,CAN,5538,2619,0,0,0.0,0.0
1955,ZAF,4568,2193,0,0,0.0,0.0
1955,USA,4428,2260,0,0,0.0,0.0
1955,THA,2715,1369,0,0,0.0,0.0
1955,PRY,2210,1103,0,0,0.0,0.0
1955,UKR,3082,1567,0,0,0.0,0.0
1955,LBR,1184,593,0,0,0.0,0.0
1955,IRN,2302,1148,0,0,0.0,0.0
1955,YEM,1299,626,0,0,0.0,0.0
1955,IRQ,3835,1940,0,0,0.0,0.0
1955,URY,2217,1166,0,0,0.0,0.0
1955,PAN,1370,660,0,0,0.0,0.0
1955,GRC,1817,876,0,0,0.0,0.0
1955,YUG,3885,1930,0,0,0.0,0.0
1955,VEN,2552,1261,1,0,0.7930214115781126,0.0
1955,BLR,3528,1806,0,0,0.0,0.0
1955,FRA,5216,2520,0,0,0.0,0.0
1955,PAK,3002,1527,0,0,0.0,0.0
1955,DOM,2790,1363,0,0,0.0,0.0
1955,ETH,1974,944,0,0,0.0,0.0
1955,BRA,1611,817,0,0,0.0,0.0
1955,SWE,1990,988,0,0,0.0,0.0
1955,ARG,3265,1628,0,0,0.0,0.0
1955,IND,17868,7968,0,0,0.0,0.0
1955,RUS,8890,4589,0,0,0.0,0.0
1955,SYR,6747,3188,0,0,0.0,0.0
1955,BOL,6091,3139,0,2,0.0,0.6371455877668047
1955,IDN,5313,2649,0,0,0.0,0.0
1955,DNK,2292,1154,0,0,0.0,0.0
1955,POL,4025,2058,0,0,0.0,0.0
1955,GBR,3526,1734,0,0,0.0,0.0
1955,ECU,3908,1969,0,0,0.0,0.0
1955,CRI,3040,1487,0,0,0.0,0.0
1955,CHN,3962,2050,0,0,0.0,0.0
1956,CSK,4323,2225,0,0,0.0,0.0
1956,NZL,4251,2083,0,0,0.0,0.0
1956,EGY,3779,1771,0,0,0.0,0.0
1956,NLD,2459,1225,0,0,0.0,0.0
1956,AUS,5110,2543,0,0,0.0,0.0
1956,MMR,2260,1142,0,0,0.0,0.0
1956,ITA,4037,2013,0,0,0.0,0.0
1956,SLV,1533,775,0,0,0.0,0.0
1956,CHL,3723,1850,0,0,0.0,0.0
1956,PER,4641,2307,0,0,0.0,0.0
1956,KHM,3217,1688,0,0,0.0,0.0
1956,ISR,5313,2627,0,1,0.0,0.3806623524933384
1956,CUB,3626,1881,0,0,0.0,0.0
1956,SDN,3371,1661,1,0,0.6020469596628537,0.0
1956,GTM,3957,1917,0,0,0.0,0.0
1956,ZAF,4453,2176,0,0,0.0,0.0
1956,USA,2627,1363,0,0,0.0,0.0
1956,HTI,2618,1325,0,0,0.0,0.0
1956,ESP,3733,1841,0,0,0.0,0.0
1956,CAN,3887,1893,0,0,0.0,0.0
1956,MAR,2252,1105,0,1,0.0,0.9049773755656109
1956,IRN,2425,1182,0,0,0.0,0.0
1956,YEM,1359,645,0,0,0.0,0.0
1956,IRQ,5508,2855,0,0,0.0,0.0
1956,THA,1110,506,0,0,0.0,0.0
1956,PRY,2881,1419,0,0,0.0,0.0
1956,ROU,3660,1851,0,0,0.0,0.0
1956,LAO,2496,1230,0,0,0.0,0.0
1956,UKR,3214,1665,0,1,0.0,0.6006006006006006
1956,LBR,1958,963,0,0,0.0,0.0
1956,NPL,2219,1097,0,0,0.0,0.0
1956,GRC,2104,1064,0,0,0.0,0.0
1956,YUG,3066,1550,0,0,0.0,0.0
1956,HUN,2160,1161,0,0,0.0,0.0
1956,VEN,1967,972,0,0,0.0,0.0
1956,PAN,2517,1297,0,0,0.0,0.0
1956,URY,5310,2692,0,0,0.0,0.0
1956,FRA,4947,2450,0,0,0.0,0.0
1956,PAK,3314,1638,0,0,0.0,0.0
1956,IRL,4841,2245,0,0,0.0,0.0
1956,DOM,2820,1366,0,1,0.0,0.7320644216691069
1956,ETH,3666,1796,0,0,0.0,0.0
1956,BRA,1822,895,0,0,0.0,0.0
1956,LBY,1078,548,0,0,0.0,0.0
1956,BLR,3694,2012,0,0,0.0,0.0
1956,RUS,8867,4639,0,0,0.0,0.0
1956,SYR,5292,2608,0,1,0.0,0.3834355828220859
1956,BOL,3896,1975,0,0,0.0,0.0
1956,IDN,3836,1886,0,0,0.0,0.0
1956,SWE,1266,640,0,0,0.0,0.0
1956,JOR,4436,2178,0,0,0.0,0.0
1956,ARG,3024,1535,0,0,0.0,0.0
1956,IND,13298,5905,0,1,0.0,0.1693480101608806
1956,ALB,3027,1546,0,0,0.0,0.0
1956,TUN,3313,1629,0,0,0.0,0.0
1956,NOR,5473,2707,0,0,0.0,0.0
1956,POL,2802,1408,0,0,0.0,0.0
1956,LKA,5124,2346,0,0,0.0,0.0
1956,PHL,2453,1278,0,0,0.0,0.0
1956,GBR,2734,1341,0,0,0.0,0.0
1956,BGR,4216,2102,0,0,0.0,0.0
1956,ECU,3531,1715,0,0,0.0,0.0
1956,CRI,2225,1077,0,0,0.0,0.0
1956,PRT,1730,805,0,0,0.0,0.0
1956,CHN,3154,1610,0,0,0.0,0.0
1956,AUT,1835,917,0,0,0.0,0.0
1957,BEL,3451,1670,0,0,0.0,0.0
1957,GHA,1537,732,0,0,0.0,0.0
1957,BLR,5811,3107,0,0,0.0,0.0
1957,JPN,2663,1322,0,0,0.0,0.0
1957,TUR,2294,1127,0,0,0.0,0.0
1957,LBY,1513,756,0,0,0.0,0.0
1957,BRA,1702,806,0,0,0.0,0.0
1957,DOM,2802,1378,0,0,0.0,0.0
1957,ETH,1231,615,0,0,0.0,0.0
1957,PAK,2443,1207,0,0,0.0,0.0
1957,FRA,5120,2576,0,0,0.0,0.0
1957,IRL,4236,2116,0,0,0.0,0.0
1957,URY,3379,1716,0,0,0.0,0.0
1957,PAN,2637,1351,0,0,0.0,0.0
1957,AFG,1011,454,0,0,0.0,0.0
1957,VEN,2344,1188,0,0,0.0,0.0
1957,YUG,2393,1143,0,0,0.0,0.0
1957,HUN,4037,2162,0,0,0.0,0.0
1957,GRC,3651,1739,0,0,0.0,0.0
1957,MEX,6369,3113,0,1,0.0,0.32123353678124
1957,AUT,1699,843,0,0,0.0,0.0
1957,MYS,1534,716,0,0,0.0,0.0
1957,CHN,3529,1807,0,0,0.0,0.0
1957,ECU,4323,2215,0,0,0.0,0.0
1957,CRI,2005,933,0,0,0.0,0.0
1957,BGR,4706,2436,0,0,0.0,0.0
1957,GBR,7044,3353,0,0,0.0,0.0
1957,PHL,3253,1601,0,0,0.0,0.0
1957,LKA,2530,1212,0,0,0.0,0.0
1957,POL,3058,1526,0,0,0.0,0.0
1957,TUN,2268,1134,0,0,0.0,0.0
1957,ALB,3577,1818,0,0,0.0,0.0
1957,ARG,2080,1100,0,0,0.0,0.0
1957,IND,14752,6643,0,0,0.0,0.0
1957,JOR,3012,1583,0,0,0.0,0.0
1957,IDN,4485,2227,0,0,0.0,0.0
1957,SYR,4638,2288,0,0,0.0,0.0
1957,BOL,1322,659,0,0,0.0,0.0
1957,RUS,11355,5711,0,1,0.0,0.17510068289266328
1957,HND,2195,1114,0,0,0.0,0.0
1957,CUB,2974,1514,0,0,0.0,0.0
1957,ISR,4990,2447,1,0,0.4086636697997548,0.0
1957,KHM,1938,960,0,0,0.0,0.0
1957,PER,2396,1224,0,0,0.0,0.0
1957,COL,3754,1883,0,2,0.0,1.0621348911311737
1957,CHL,1680,831,0,1,0.0,1.203369434416366
1957,SLV,2277,1145,0,0,0.0,0.0
1957,SAU,5891,2906,0,0,0.0,0.0
1957,ITA,5090,2447,0,0,0.0,0.0
1957,MMR,1669,843,0,0,0.0,0.0
1957,NLD,2137,1045,0,0,0.0,0.0
1957,AUS,4389,2194,0,0,0.0,0.0
1957,LBN,7655,3805,0,0,0.0,0.0
1957,EGY,4978,2347,0,0,0.0,0.0
1957,NZL,3288,1647,0,0,0.0,0.0
1957,CSK,5413,2862,0,0,0.0,0.0
1957,NPL,4308,2107,0,0,0.0,0.0
1957,LBR,2383,1156,0,1,0.0,0.8650519031141869
1957,UKR,5042,2558,0,0,0.0,0.0
1957,LAO,1783,892,0,0,0.0,0.0
1957,ROU,4424,2278,0,0,0.0,0.0
1957,PRY,1164,594,0,0,0.0,0.0
1957,IRQ,1878,894,0,0,0.0,0.0
1957,YEM,2233,1063,0,0,0.0,0.0
1957,IRN,3794,1897,0,0,0.0,0.0
1957,MAR,1441,723,0,0,0.0,0.0
1957,CAN,3771,1787,0,0,0.0,0.0
1957,ESP,5684,2849,0,0,0.0,0.0
1957,USA,3292,1736,0,0,0.0,0.0
1957,GTM,2922,1452,0,0,0.0,0.0
1957,SDN,1440,718,0,1,0.0,1.392757660167131
1958,MAR,2499,1273,0,0,0.0,0.0
1958,CAN,5088,2478,0,0,0.0,0.0
1958,ESP,7260,3583,0,0,0.0,0.0
1958,USA,3619,1952,0,0,0.0,0.0
1958,ZAF,4315,2090,0,0,0.0,0.0
1958,GTM,2194,1112,0,0,0.0,0.0
1958,SDN,4837,2392,0,0,0.0,0.0
1958,NPL,2597,1216,0,0,0.0,0.0
1958,LBR,2879,1389,0,1,0.0,0.7199424046076314
1958,UKR,5866,3016,0,0,0.0,0.0
1958,LAO,2767,1319,0,0,0.0,0.0
1958,ROU,3110,1561,0,0,0.0,0.0
1958,THA,2437,1253,0,0,0.0,0.0
1958,IRQ,4291,2112,0,0,0.0,0.0
1958,YEM,4040,2134,0,0,0.0,0.0
1958,IRN,3501,1767,0,0,0.0,0.0
1958,ITA,3810,1875,0,0,0.0,0.0
1958,MMR,2309,1152,0,0,0.0,0.0
1958,NLD,2008,980,0,0,0.0,0.0
1958,AUS,6113,3125,0,0,0.0,0.0
1958,EGY,3194,1454,0,0,0.0,0.0
1958,NZL,5474,2688,0,0,0.0,0.0
1958,CSK,7306,3803,0,0,0.0,0.0
1958,CUB,4073,2017,0,0,0.0,0.0
1958,ISR,4063,1993,0,2,0.0,1.0035122930255895
1958,KHM,3365,1633,0,0,0.0,0.0
1958,PER,4215,2179,0,2,0.0,0.9178522257916476
1958,COL,1948,989,0,0,0.0,0.0
1958,CHL,2058,1028,0,1,0.0,0.9727626459143969
1958,SLV,2201,1099,0,0,0.0,0.0
1958,SAU,6127,2988,0,0,0.0,0.0
1958,NOR,3478,1786,0,0,0.0,0.0
1958,TUN,3391,1731,0,0,0.0,0.0
1958,ALB,3637,1869,0,0,0.0,0.0
1958,ARG,4278,2119,0,2,0.0,0.9438414346389807
1958,IND,12457,5567,0,0,0.0,0.0
1958,JOR,6034,2991,0,0,0.0,0.0
1958,DNK,2550,1276,0,0,0.0,0.0
1958,IDN,5257,2697,0,0,0.0,0.0
1958,BOL,2883,1478,0,0,0.0,0.0
1958,RUS,16794,8373,1,1,0.11943150603129105,0.11943150603129105
1958,MEX,6309,3178,0,1,0.0,0.3146633102580239
1958,AUT,1365,698,0,0,0.0,0.0
1958,MYS,2252,1121,1,0,0.8920606601248885,0.0
1958,CHN,3286,1643,0,0,0.0,0.0
1958,ECU,2945,1519,0,1,0.0,0.6583278472679394
1958,PRT,4128,2038,0,0,0.0,0.0
1958,CRI,1328,675,0,0,0.0,0.0
1958,BGR,7809,3925,0,0,0.0,0.0
1958,GBR,6192,3002,0,0,0.0,0.0
1958,PHL,2642,1314,0,0,0.0,0.0
1958,LKA,4646,2319,0,0,0.0,0.0
1958,POL,3031,1495,0,0,0.0,0.0
1958,PAN,5368,2640,0,2,0.0,0.7575757575757576
1958,AFG,2788,1318,0,0,0.0,0.0
1958,VEN,2792,1393,0,1,0.0,0.7178750897343863
1958,ISL,4935,2473,0,1,0.0,0.4043671653861706
1958,YUG,3340,1657,0,0,0.0,0.0
1958,HUN,5957,3012,0,0,0.0,0.0
1958,GRC,4152,2063,0,0,0.0,0.0
1958,BEL,3444,1697,0,0,0.0,0.0
1958,GHA,3634,1836,0,0,0.0,0.0
1958,BLR,5208,2794,0,0,0.0,0.0
1958,JPN,2857,1440,0,0,0.0,0.0
1958,TUR,3255,1637,1,0,0.6108735491753208,0.0
1958,BRA,1393,671,0,0,0.0,0.0
1958,LBY,5258,2721,0,0,0.0,0.0
1958,DOM,2554,1319,0,0,0.0,0.0
1958,ETH,2306,1157,0,0,0.0,0.0
1958,PAK,5453,2754,0,0,0.0,0.0
1958,FRA,4171,1996,0,0,0.0,0.0
1958,IRL,3080,1562,1,0,0.6402048655569782,0.0
1959,KHM,2195,1101,0,0,0.0,0.0
1959,CUB,4298,2169,0,0,0.0,0.0
1959,ISR,3673,1856,1,0,0.5387931034482758,0.0
1959,HND,3378,1727,0,0,0.0,0.0
1959,FIN,1368,672,0,0,0.0,0.0
1959,SAU,8600,4176,0,0,0.0,0.0
1959,SLV,5137,2580,0,0,0.0,0.0
1959,COL,2693,1371,0,0,0.0,0.0
1959,CHL,2931,1450,0,0,0.0,0.0
1959,PER,5762,2906,0,0,0.0,0.0
1959,ITA,3771,1878,0,0,0.0,0.0
1959,CSK,5708,2930,0,1,0.0,0.3412969283276451
1959,EGY,4211,2045,0,1,0.0,0.4889975550122249
1959,NZL,3655,1885,0,1,0.0,0.5305039787798408
1959,LBN,1984,947,0,0,0.0,0.0
1959,MMR,3198,1589,0,0,0.0,0.0
1959,AUS,6935,3480,0,0,0.0,0.0
1959,NLD,2474,1277,0,0,0.0,0.0
1959,PRY,3534,1749,0,0,0.0,0.0
1959,THA,2628,1303,0,0,0.0,0.0
1959,ROU,3507,1835,0,0,0.0,0.0
1959,LBR,1919,924,0,0,0.0,0.0
1959,NPL,2765,1377,0,0,0.0,0.0
1959,LAO,6649,3344,0,0,0.0,0.0
1959,UKR,3635,1902,0,0,0.0,0.0
1959,IRN,2377,1268,0,1,0.0,0.7886435331230284
1959,IRQ,4533,2296,0,0,0.0,0.0
1959,YEM,3262,1734,0,0,0.0,0.0
1959,ESP,6442,3174,0,0,0.0,0.0
1959,HTI,3714,1855,0,3,0.0,1.6172506738544474
1959,CAN,3662,1920,0,0,0.0,0.0
1959,MAR,4627,2235,0,0,0.0,0.0
1959,GTM,2466,1223,0,1,0.0,0.8176614881439085
1959,SDN,4673,2253,0,0,0.0,0.0
1959,ZAF,6735,3334,0,1,0.0,0.29994001199760045
1959,USA,5538,2974,0,0,0.0,0.0
1959,JPN,2480,1290,0,0,0.0,0.0
1959,BLR,4933,2642,0,0,0.0,0.0
1959,BEL,3078,1529,0,0,0.0,0.0
1959,GHA,4363,2178,0,0,0.0,0.0
1959,IRL,3807,1900,0,0,0.0,0.0
1959,FRA,5874,2869,0,0,0.0,0.0
1959,PAK,5140,2568,0,0,0.0,0.0
1959,LBY,6001,3062,0,0,0.0,0.0
1959,BRA,2728,1342,0,2,0.0,1.4903129657228018
1959,ETH,4181,2059,0,0,0.0,0.0
1959,DOM,3948,2015,0,0,0.0,0.0
1959,TUR,3601,1824,0,0,0.0,0.0
1959,PAN,4706,2321,0,0,0.0,0.0
1959,URY,3406,1677,0,1,0.0,0.5963029218843172
1959,AFG,3945,1843,0,0,0.0,0.0
1959,HUN,4327,2169,0,0,0.0,0.0
1959,YUG,5473,2662,0,0,0.0,0.0
1959,ISL,5602,2774,0,0,0.0,0.0
1959,GRC,3821,1904,0,0,0.0,0.0
1959,VEN,4143,2103,0,0,0.0,0.0
1959,MYS,3991,1951,0,0,0.0,0.0
1959,AUT,1583,833,0,0,0.0,0.0
1959,PHL,2188,1131,0,0,0.0,0.0
1959,LKA,8676,4242,0,0,0.0,0.0
1959,POL,3300,1607,0,0,0.0,0.0
1959,BGR,4814,2417,0,2,0.0,0.8274720728175423
1959,GBR,5520,2718,0,1,0.0,0.36791758646063283
1959,CHN,3970,2058,0,0,0.0,0.0
1959,CRI,2240,1080,0,0,0.0,0.0
1959,PRT,4582,2312,0,0,0.0,0.0
1959,ECU,4605,2361,0,2,0.0,0.8470986869970352
1959,IND,17344,8024,0,0,0.0,0.0
1959,ARG,2831,1399,0,0,0.0,0.0
1959,JOR,3244,1622,0,0,0.0,0.0
1959,SWE,3810,1896,0,0,0.0,0.0
1959,TUN,5112,2556,0,0,0.0,0.0
1959,NOR,3347,1732,0,0,0.0,0.0
1959,ALB,4724,2383,0,0,0.0,0.0
1959,RUS,11831,6053,0,0,0.0,0.0
1959,IDN,4497,2301,0,1,0.0,0.434593654932638
1959,BOL,1954,973,0,1,0.0,1.027749229188078
1959,DNK,2519,1292,0,0,0.0,0.0
1959,GIN,5255,2606,0,0,0.0,0.0
1960,CSK,9088,4629,0,0,0.0,0.0
1960,EGY,8329,3938,0,0,0.0,0.0
1960,NZL,8450,4048,0,0,0.0,0.0
1960,LBN,3555,1805,0,0,0.0,0.0
1960,MMR,3075,1566,0,0,0.0,0.0
1960,AUS,3807,1841,0,0,0.0,0.0
1960,NLD,3846,1855,0,0,0.0,0.0
1960,ITA,4122,2036,0,0,0.0,0.0
1960,SAU,10612,5107,0,0,0.0,0.0
1960,SLV,3121,1555,0,0,0.0,0.0
1960,COL,4581,2249,0,0,0.0,0.0
1960,CHL,4665,2378,0,1,0.0,0.42052144659377627
1960,KHM,7162,3545,0,0,0.0,0.0
1960,CUB,21613,10286,0,12,0.0,1.16663426015944
1960,ISR,4664,2261,0,0,0.0,0.0
1960,HND,1422,721,0,0,0.0,0.0
1960,GTM,3509,1783,0,1,0.0,0.5608524957936063
1960,SDN,4291,2118,0,0,0.0,0.0
1960,ZAF,7509,3751,0,0,0.0,0.0
1960,USA,4671,2487,0,1,0.0,0.4020908725371934
1960,ESP,7508,3647,0,0,0.0,0.0
1960,HTI,5138,2428,0,0,0.0,0.0
1960,CAN,4382,2184,0,0,0.0,0.0
1960,MAR,7059,3596,0,1,0.0,0.27808676307007785
1960,IRN,2851,1439,0,0,0.0,0.0
1960,IRQ,7203,3651,0,0,0.0,0.0
1960,YEM,2600,1315,0,0,0.0,0.0
1960,THA,2965,1430,0,0,0.0,0.0
1960,PRY,5771,2849,0,0,0.0,0.0
1960,ROU,9100,4648,0,1,0.0,0.21514629948364888
1960,LBR,3631,1793,0,0,0.0,0.0
1960,CMR,7801,3735,0,0,0.0,0.0
1960,NPL,4222,1988,0,0,0.0,0.0
1960,LAO,2166,1066,0,0,0.0,0.0
1960,UKR,7898,4032,0,0,0.0,0.0
1960,HUN,7335,3712,0,0,0.0,0.0
1960,YUG,8845,4347,0,1,0.0,0.23004370830457788
1960,GRC,5854,2844,0,0,0.0,0.0
1960,VEN,5057,2535,0,1,0.0,0.3944773175542406
1960,URY,5290,2584,0,1,0.0,0.38699690402476783
1960,PAN,5015,2511,0,0,0.0,0.0
1960,AFG,2364,1115,0,0,0.0,0.0
1960,LUX,2697,1280,0,0,0.0,0.0
1960,IRL,4915,2403,0,0,0.0,0.0
1960,MLI,6046,2984,1,0,0.3351206434316354,0.0
1960,PAK,5410,2615,0,0,0.0,0.0
1960,BRA,1870,980,0,0,0.0,0.0
1960,LBY,6111,3145,0,1,0.0,0.3179650238473768
1960,ETH,4714,2397,0,0,0.0,0.0
1960,TUR,3213,1596,0,0,0.0,0.0
1960,JPN,2745,1441,0,0,0.0,0.0
1960,BLR,9552,4877,0,1,0.0,0.2050440844781628
1960,BEL,4728,2239,0,0,0.0,0.0
1960,GHA,7923,3940,0,0,0.0,0.0
1960,RUS,17768,8888,0,2,0.0,0.22502250225022502
1960,IDN,13271,6250,0,0,0.0,0.0
1960,BOL,3136,1557,0,1,0.0,0.6422607578676942
1960,DNK,4392,2264,0,0,0.0,0.0
1960,GIN,13840,6852,0,1,0.0,0.14594279042615294
1960,IND,21816,10080,0,0,0.0,0.0
1960,ARG,3479,1758,0,0,0.0,0.0
1960,JOR,3153,1463,0,0,0.0,0.0
1960,SWE,4088,2045,0,0,0.0,0.0
1960,TUN,6643,3276,0,0,0.0,0.0
1960,NOR,2705,1389,0,1,0.0,0.7199424046076314
1960,ALB,4472,2265,0,0,0.0,0.0
1960,PHL,5149,2539,0,1,0.0,0.3938558487593541
1960,LKA,7559,3576,0,0,0.0,0.0
1960,POL,7837,3940,0,0,0.0,0.0
1960,BGR,11072,5530,0,0,0.0,0.0
1960,GBR,6276,3043,0,0,0.0,0.0
1960,CHN,4519,2318,0,0,0.0,0.0
1960,CRI,2096,1019,0,0,0.0,0.0
1960,PRT,6517,3247,0,0,0.0,0.0
1960,ECU,7054,3441,0,0,0.0,0.0
1960,MYS,4302,2088,0,0,0.0,0.0
1960,CYP,2210,1078,0,0,0.0,0.0
1960,COG,4298,2006,0,1,0.0,0.4985044865403788
1960,AUT,2020,1014,0,0,0.0,0.0
1961,GHA,4104,2083,0,0,0.0,0.0
1961,BLR,7414,3877,0,0,0.0,0.0
1961,JPN,3814,1946,0,0,0.0,0.0
1961,TUR,2915,1460,0,0,0.0,0.0
1961,ETH,4301,2119,0,0,0.0,0.0
1961,DOM,4012,2001,0,0,0.0,0.0
1961,LBY,6237,3186,0,0,0.0,0.0
1961,BRA,2358,1217,0,0,0.0,0.0
1961,NER,4976,2452,1,0,0.4078303425774878,0.0
1961,PAK,3037,1480,0,0,0.0,0.0
1961,MLI,4608,2247,0,0,0.0,0.0
1961,AFG,1792,826,0,0,0.0,0.0
1961,URY,3125,1491,0,1,0.0,0.670690811535882
1961,VEN,2607,1287,0,0,0.0,0.0
1961,GRC,2313,1092,0,0,0.0,0.0
1961,HUN,6690,3416,0,0,0.0,0.0
1961,YUG,3646,1760,0,0,0.0,0.0
1961,COD,9256,4501,0,1,0.0,0.22217285047767163
1961,COG,5402,2591,0,0,0.0,0.0
1961,CYP,4708,2374,0,0,0.0,0.0
1961,CAF,3492,1729,0,0,0.0,0.0
1961,MYS,5984,3017,0,0,0.0,0.0
1961,CRI,3578,1654,0,0,0.0,0.0
1961,ECU,5420,2696,0,0,0.0,0.0
1961,CHN,3819,1921,0,0,0.0,0.0
1961,GBR,5533,2548,0,0,0.0,0.0
1961,BGR,7766,3969,0,0,0.0,0.0
1961,POL,4555,2271,0,0,0.0,0.0
1961,LKA,9996,4659,0,0,0.0,0.0
1961,PHL,2887,1446,0,0,0.0,0.0
1961,MDG,2508,1251,0,0,0.0,0.0
1961,ALB,4814,2489,0,0,0.0,0.0
1961,TUN,4562,2303,0,0,0.0,0.0
1961,IND,13858,6564,0,0,0.0,0.0
1961,ARG,3517,1794,0,0,0.0,0.0
1961,GIN,8673,4319,0,0,0.0,0.0
1961,DNK,2598,1373,0,0,0.0,0.0
1961,BOL,3607,1811,0,0,0.0,0.0
1961,IDN,11759,5922,0,0,0.0,0.0
1961,RUS,13831,7056,0,0,0.0,0.0
1961,HND,2478,1277,0,0,0.0,0.0
1961,ISR,5338,2601,0,2,0.0,0.7689350249903883
1961,CUB,5589,2829,0,0,0.0,0.0
1961,KHM,6617,3227,0,0,0.0,0.0
1961,PER,2176,1070,0,0,0.0,0.0
1961,CHL,3944,2006,0,0,0.0,0.0
1961,COL,2915,1487,0,0,0.0,0.0
1961,FIN,1153,530,0,0,0.0,0.0
1961,SAU,8840,4283,0,0,0.0,0.0
1961,ITA,3362,1701,0,0,0.0,0.0
1961,AUS,6523,2961,0,0,0.0,0.0
1961,NLD,2092,1037,0,0,0.0,0.0
1961,TGO,2458,1187,0,0,0.0,0.0
1961,SLE,1719,800,0,0,0.0,0.0
1961,LBN,4108,1984,0,0,0.0,0.0
1961,NZL,3232,1662,0,0,0.0,0.0
1961,EGY,6107,2985,0,0,0.0,0.0
1961,CSK,6803,3566,0,0,0.0,0.0
1961,UKR,6213,3162,0,0,0.0,0.0
1961,LAO,3603,1778,0,0,0.0,0.0
1961,NPL,6644,3183,0,0,0.0,0.0
1961,CMR,5132,2625,0,1,0.0,0.380952380952381
1961,LBR,5482,2657,0,0,0.0,0.0
1961,ROU,4917,2522,0,0,0.0,0.0
1961,GAB,2825,1443,0,0,0.0,0.0
1961,PRY,2612,1320,0,0,0.0,0.0
1961,THA,3875,1906,0,0,0.0,0.0
1961,SOM,4596,2434,0,0,0.0,0.0
1961,YEM,2028,1000,0,0,0.0,0.0
1961,IRQ,6215,3276,0,0,0.0,0.0
1961,NGA,10053,4522,0,0,0.0,0.0
1961,SEN,9874,4739,0,0,0.0,0.0
1961,IRN,2618,1345,1,0,0.7434944237918215,0.0
1961,MAR,5473,2653,0,0,0.0,0.0
1961,CAN,4831,2424,0,0,0.0,0.0
1961,HTI,4633,2214,0,0,0.0,0.0
1961,ESP,6764,3312,0,0,0.0,0.0
1961,USA,4516,2287,0,0,0.0,0.0
1961,ZAF,8662,4432,0,0,0.0,0.0
1961,SDN,4965,2405,0,0,0.0,0.0
1961,GTM,3352,1703,0,0,0.0,0.0
1962,TUR,4068,2113,0,0,0.0,0.0
1962,ETH,3263,1654,0,0,0.0,0.0
1962,DOM,5124,2552,0,0,0.0,0.0
1962,LBY,5054,2547,0,0,0.0,0.0
1962,BRA,3432,1730,0,0,0.0,0.0
1962,MNG,4398,2323,0,1,0.0,0.4304778303917348
1962,IRL,2969,1390,0,0,0.0,0.0
1962,NER,1968,991,0,0,0.0,0.0
1962,PAK,9181,4616,0,0,0.0,0.0
1962,MLI,5369,2696,0,0,0.0,0.0
1962,GHA,5541,2837,0,0,0.0,0.0
1962,BEL,6212,2867,0,0,0.0,0.0
1962,BLR,7276,3842,0,0,0.0,0.0
1962,JPN,5101,2541,0,0,0.0,0.0
1962,VEN,4079,2000,0,0,0.0,0.0
1962,GRC,2674,1276,0,1,0.0,0.7836990595611285
1962,HUN,6114,3228,0,0,0.0,0.0
1962,YUG,5066,2603,0,0,0.0,0.0
1962,AFG,2712,1316,0,1,0.0,0.7598784194528876
1962,URY,3439,1632,0,0,0.0,0.0
1962,PAN,4516,2227,0,0,0.0,0.0
1962,PRT,7652,3674,0,0,0.0,0.0
1962,BFA,5452,2673,0,0,0.0,0.0
1962,CRI,2903,1443,0,0,0.0,0.0
1962,ECU,3091,1609,0,0,0.0,0.0
1962,CHN,3304,1655,0,0,0.0,0.0
1962,BGR,4975,2551,0,0,0.0,0.0
1962,GBR,5891,2661,0,0,0.0,0.0
1962,POL,4706,2291,0,1,0.0,0.43649061545176776
1962,LKA,3967,1927,0,0,0.0,0.0
1962,PHL,3645,1866,0,0,0.0,0.0
1962,DZA,4632,2304,0,0,0.0,0.0
1962,AUT,3162,1620,0,0,0.0,0.0
1962,MEX,4126,2060,0,0,0.0,0.0
1962,CYP,4764,2424,0,0,0.0,0.0
1962,COG,3560,1739,0,0,0.0,0.0
1962,CAF,4919,2419,1,0,0.41339396444811904,0.0
1962,MYS,6051,3052,0,0,0.0,0.0
1962,GIN,18839,9309,0,0,0.0,0.0
1962,DNK,2038,1060,0,0,0.0,0.0
1962,BOL,2386,1154,0,0,0.0,0.0
1962,SYR,3622,1820,0,0,0.0,0.0
1962,IDN,6123,3182,0,0,0.0,0.0
1962,RUS,12217,6188,0,0,0.0,0.0
1962,MDG,2871,1442,0,0,0.0,0.0
1962,ALB,6167,3176,0,0,0.0,0.0
1962,NOR,2347,1216,0,0,0.0,0.0
1962,TUN,5894,2953,0,0,0.0,0.0
1962,JOR,3605,1688,0,0,0.0,0.0
1962,ARG,4121,1999,0,0,0.0,0.0
1962,PER,3139,1533,0,0,0.0,0.0
1962,CHL,4872,2397,0,0,0.0,0.0
1962,COL,4205,2120,0,0,0.0,0.0
1962,SLV,1746,888,0,0,0.0,0.0
1962,SAU,1269,619,0,0,0.0,0.0
1962,HND,4421,2317,0,0,0.0,0.0
1962,ISR,5230,2553,0,1,0.0,0.3916960438699569
1962,CUB,7360,3496,0,0,0.0,0.0
1962,KHM,4220,2118,0,0,0.0,0.0
1962,NLD,2370,1140,0,0,0.0,0.0
1962,AUS,5105,2536,0,0,0.0,0.0
1962,TGO,2303,1179,0,0,0.0,0.0
1962,MMR,3333,1625,0,0,0.0,0.0
1962,SLE,2971,1464,0,1,0.0,0.6830601092896175
1962,LBN,3093,1545,0,1,0.0,0.6472491909385113
1962,NZL,4206,2042,0,0,0.0,0.0
1962,EGY,3962,1963,0,0,0.0,0.0
1962,CSK,6235,3260,0,0,0.0,0.0
1962,ITA,4903,2399,0,0,0.0,0.0
1962,JAM,3090,1540,0,0,0.0,0.0
1962,SOM,4130,2105,0,0,0.0,0.0
1962,IRQ,7902,4137,0,0,0.0,0.0
1962,NGA,9448,4225,0,0,0.0,0.0
1962,SEN,4602,2295,0,0,0.0,0.0
1962,IRN,3575,1805,0,0,0.0,0.0
1962,UKR,5621,2911,0,0,0.0,0.0
1962,LAO,3053,1499,0,0,0.0,0.0
1962,NPL,4150,1989,0,0,0.0,0.0
1962,LBR,4208,2061,0,0,0.0,0.0
1962,CMR,5777,2861,0,0,0.0,0.0
1962,ROU,3974,2072,1,0,0.48262548262548266,0.0
1962,PRY,2771,1324,0,0,0.0,0.0
1962,THA,4398,2157,0,0,0.0,0.0
1962,USA,5468,2764,0,0,0.0,0.0
1962,ZAF,9249,4615,0,0,0.0,0.0
1962,SDN,5401,2687,0,0,0.0,0.0
1962,GTM,2613,1349,0,0,0.0,0.0
1962,MAR,3272,1630,0,0,0.0,0.0
1962,CAN,4243,2221,0,0,0.0,0.0
1962,HTI,2683,1348,0,1,0.0,0.741839762611276
1962,ESP,7077,3506,0,0,0.0,0.0
1962,MRT,3412,1692,0,0,0.0,0.0
1963,IRN,2861,1446,0,2,0.0,1.3831258644536653
1963,KWT,2232,1134,0,0,0.0,0.0
1963,IRQ,3804,1915,0,0,0.0,0.0
1963,SOM,2862,1418,0,0,0.0,0.0
1963,YEM,2579,1327,0,0,0.0,0.0
1963,JAM,2671,1354,0,0,0.0,0.0
1963,SEN,4272,2162,0,0,0.0,0.0
1963,NGA,9751,4467,0,0,0.0,0.0
1963,GAB,3047,1499,0,0,0.0,0.0
1963,PRY,2594,1262,0,0,0.0,0.0
1963,THA,4453,2247,0,0,0.0,0.0
1963,LBR,4296,2189,0,0,0.0,0.0
1963,NPL,4495,2262,0,0,0.0,0.0
1963,LAO,2004,993,0,0,0.0,0.0
1963,UKR,4104,2067,0,0,0.0,0.0
1963,ROU,3561,1890,0,0,0.0,0.0
1963,BEN,3120,1471,0,0,0.0,0.0
1963,ZAF,6366,2985,0,0,0.0,0.0
1963,USA,3579,1798,0,0,0.0,0.0
1963,GTM,3038,1541,0,0,0.0,0.0
1963,SDN,5489,2756,0,0,0.0,0.0
1963,ESP,6057,3026,0,0,0.0,0.0
1963,HTI,3709,1796,0,2,0.0,1.1135857461024499
1963,MAR,3040,1522,0,0,0.0,0.0
1963,CAN,4472,2248,0,0,0.0,0.0
1963,SLV,4955,2511,0,1,0.0,0.39824771007566706
1963,SAU,1593,794,0,0,0.0,0.0
1963,FIN,1459,734,0,0,0.0,0.0
1963,PER,6354,3131,0,3,0.0,0.9581603321622485
1963,COL,6205,3086,0,0,0.0,0.0
1963,CHL,3832,1944,0,0,0.0,0.0
1963,KHM,4491,2345,0,0,0.0,0.0
1963,CUB,6495,3309,0,1,0.0,0.3022061045633122
1963,ISR,3393,1712,0,1,0.0,0.5841121495327103
1963,EGY,2725,1346,0,0,0.0,0.0
1963,NZL,4052,2009,0,1,0.0,0.49776007964161273
1963,UGA,2495,1237,0,1,0.0,0.8084074373484236
1963,CSK,5528,2873,0,0,0.0,0.0
1963,MMR,3649,1802,0,0,0.0,0.0
1963,TGO,2229,1090,0,0,0.0,0.0
1963,NLD,1874,947,0,0,0.0,0.0
1963,AUS,4670,2315,0,0,0.0,0.0
1963,SLE,1094,548,0,0,0.0,0.0
1963,ITA,4653,2362,0,0,0.0,0.0
1963,TCD,3379,1669,0,0,0.0,0.0
1963,TZA,4924,2506,0,0,0.0,0.0
1963,PHL,5807,2974,0,0,0.0,0.0
1963,POL,4733,2458,0,1,0.0,0.4068348250610252
1963,CHN,3930,2009,1,0,0.49776007964161273,0.0
1963,ECU,2923,1536,0,0,0.0,0.0
1963,CRI,2405,1227,0,0,0.0,0.0
1963,BFA,2976,1479,0,0,0.0,0.0
1963,GBR,5435,2440,0,0,0.0,0.0
1963,BGR,4966,2531,0,1,0.0,0.3951007506914263
1963,MYS,7076,3637,0,0,0.0,0.0
1963,CAF,3534,1768,0,0,0.0,0.0
1963,COG,3488,1747,0,0,0.0,0.0
1963,CYP,5959,3111,0,0,0.0,0.0
1963,MEX,5738,2875,0,0,0.0,0.0
1963,AUT,3359,1712,0,0,0.0,0.0
1963,IDN,6566,3379,0,0,0.0,0.0
1963,SYR,4263,2160,0,0,0.0,0.0
1963,RUS,8546,4279,0,0,0.0,0.0
1963,GIN,7544,3706,0,0,0.0,0.0
1963,DNK,3382,1699,0,0,0.0,0.0
1963,ARG,2812,1379,0,0,0.0,0.0
1963,IND,4634,2318,0,0,0.0,0.0
1963,SWE,3772,1904,0,0,0.0,0.0
1963,JOR,3812,1876,0,0,0.0,0.0
1963,MDG,5629,2859,0,0,0.0,0.0
1963,TUN,4664,2396,0,0,0.0,0.0
1963,NOR,3240,1646,0,0,0.0,0.0
1963,ALB,7090,3677,0,0,0.0,0.0
1963,MNG,5187,2750,0,0,0.0,0.0
1963,BDI,4560,2270,0,0,0.0,0.0
1963,PAK,5857,2929,0,0,0.0,0.0
1963,MLI,4143,2086,0,0,0.0,0.0
1963,NER,2979,1454,0,0,0.0,0.0
1963,IRL,4426,2266,0,0,0.0,0.0
1963,TUR,4277,2169,0,0,0.0,0.0
1963,LBY,5112,2608,0,0,0.0,0.0
1963,BRA,8370,4310,0,0,0.0,0.0
1963,DOM,3438,1622,0,0,0.0,0.0
1963,ETH,3151,1549,0,0,0.0,0.0
1963,RWA,3842,1912,0,0,0.0,0.0
1963,JPN,4059,2049,0,0,0.0,0.0
1963,BEL,4495,2100,0,0,0.0,0.0
1963,GHA,6337,3306,0,0,0.0,0.0
1963,BLR,5295,2808,0,0,0.0,0.0
1963,COD,1887,890,0,0,0.0,0.0
1963,VEN,4434,2180,0,1,0.0,0.45871559633027525
1963,YUG,4800,2393,0,0,0.0,0.0
1963,HUN,4327,2250,0,0,0.0,0.0
1963,GRC,2563,1291,0,0,0.0,0.0
1963,PAN,4190,2088,0,0,0.0,0.0
1963,URY,2823,1428,0,0,0.0,0.0
1963,AFG,4028,1998,0,0,0.0,0.0
1964,TTO,3337,1555,0,0,0.0,0.0
1964,SDN,3715,1731,0,0,0.0,0.0
1964,GTM,4754,2451,0,1,0.0,0.4079967360261118
1964,ZAF,5940,2821,0,0,0.0,0.0
1964,USA,5501,2704,1,0,0.3698224852071006,0.0
1964,CAN,4850,2314,0,0,0.0,0.0
1964,MAR,3143,1505,0,1,0.0,0.6644518272425249
1964,HTI,4238,2081,0,1,0.0,0.4805382027871216
1964,ESP,7590,3733,0,1,0.0,0.2678810608090008
1964,NGA,3778,1786,0,0,0.0,0.0
1964,SEN,3991,1957,0,0,0.0,0.0
1964,JAM,3840,1916,0,0,0.0,0.0
1964,SOM,3396,1642,0,0,0.0,0.0
1964,MLT,1901,921,0,0,0.0,0.0
1964,IRQ,2095,1088,0,0,0.0,0.0
1964,KWT,3088,1554,0,2,0.0,1.287001287001287
1964,IRN,2580,1321,0,0,0.0,0.0
1964,MWI,1997,945,0,1,0.0,1.0582010582010584
1964,BEN,3664,1831,0,0,0.0,0.0
1964,ROU,3068,1599,0,1,0.0,0.6253908692933083
1964,LAO,4683,2463,0,0,0.0,0.0
1964,UKR,7398,3739,0,2,0.0,0.5349023803155923
1964,CMR,4637,2241,0,0,0.0,0.0
1964,LBR,4584,2329,0,0,0.0,0.0
1964,NPL,4110,2127,0,0,0.0,0.0
1964,THA,3216,1594,0,0,0.0,0.0
1964,PRY,4053,1994,0,0,0.0,0.0
1964,GAB,1928,976,0,0,0.0,0.0
1964,SLE,4325,2121,0,0,0.0,0.0
1964,AUS,4056,1938,0,0,0.0,0.0
1964,NLD,3477,1752,0,0,0.0,0.0
1964,TGO,1062,504,0,0,0.0,0.0
1964,CSK,5711,2969,0,0,0.0,0.0
1964,UGA,4038,2043,0,0,0.0,0.0
1964,NZL,4937,2444,0,0,0.0,0.0
1964,EGY,4344,2259,0,0,0.0,0.0
1964,TZA,5068,2623,0,0,0.0,0.0
1964,TCD,2427,1249,0,0,0.0,0.0
1964,ITA,4241,2105,0,0,0.0,0.0
1964,CHL,5527,2798,0,0,0.0,0.0
1964,COL,1999,985,0,0,0.0,0.0
1964,PER,2436,1241,0,1,0.0,0.8058017727639001
1964,SAU,2786,1422,0,0,0.0,0.0
1964,ISR,5314,2757,0,0,0.0,0.0
1964,CUB,6705,3319,0,0,0.0,0.0
1964,HND,1309,641,0,0,0.0,0.0
1964,KEN,2931,1529,0,0,0.0,0.0
1964,KHM,6298,3282,0,1,0.0,0.3046922608165753
1964,DNK,3875,1960,0,1,0.0,0.5102040816326531
1964,RUS,7262,3649,0,0,0.0,0.0
1964,BOL,2249,1145,0,1,0.0,0.8733624454148472
1964,SYR,3282,1701,0,0,0.0,0.0
1964,IDN,4771,2411,0,0,0.0,0.0
1964,ALB,6217,3101,0,2,0.0,0.6449532408900355
1964,TUN,5537,2745,0,0,0.0,0.0
1964,NOR,3121,1599,0,0,0.0,0.0
1964,MDG,3322,1618,0,0,0.0,0.0
1964,SWE,3592,1817,0,0,0.0,0.0
1964,IND,5078,2599,0,0,0.0,0.0
1964,ARG,4198,2117,1,0,0.4723665564478035,0.0
1964,GBR,3621,1751,0,0,0.0,0.0
1964,BGR,4473,2286,0,0,0.0,0.0
1964,CRI,2383,1212,0,0,0.0,0.0
1964,ECU,3012,1525,0,0,0.0,0.0
1964,CHN,4056,2011,0,1,0.0,0.49726504226752855
1964,DZA,4393,2217,0,0,0.0,0.0
1964,POL,3433,1726,0,0,0.0,0.0
1964,LKA,4367,2210,0,1,0.0,0.45248868778280543
1964,PHL,3327,1663,0,0,0.0,0.0
1964,MEX,5121,2532,0,1,0.0,0.3949447077409163
1964,COG,1995,994,0,2,0.0,2.012072434607646
1964,CYP,6638,3231,0,0,0.0,0.0
1964,CAF,2971,1515,0,0,0.0,0.0
1964,MYS,7638,3719,0,0,0.0,0.0
1964,GRC,3221,1610,0,0,0.0,0.0
1964,HUN,4819,2514,0,0,0.0,0.0
1964,YUG,3920,1998,0,0,0.0,0.0
1964,VEN,2879,1453,0,0,0.0,0.0
1964,ZMB,2681,1266,0,0,0.0,0.0
1964,AFG,3683,1755,0,0,0.0,0.0
1964,URY,5238,2501,0,0,0.0,0.0
1964,ETH,5062,2650,0,0,0.0,0.0
1964,DOM,1565,760,0,1,0.0,1.3157894736842104
1964,BRA,3007,1461,0,0,0.0,0.0
1964,LBY,3602,1825,0,0,0.0,0.0
1964,TUR,6867,3485,0,0,0.0,0.0
1964,NER,1939,996,0,0,0.0,0.0
1964,IRL,4096,1997,0,0,0.0,0.0
1964,MLI,4635,2337,0,0,0.0,0.0
1964,PAK,8728,4310,0,0,0.0,0.0
1964,BDI,3174,1594,0,0,0.0,0.0
1964,MNG,5260,2742,0,0,0.0,0.0
1964,BLR,5566,2896,0,0,0.0,0.0
1964,GHA,3625,1836,0,0,0.0,0.0
1964,JPN,4552,2330,0,0,0.0,0.0
1965,PER,4517,2220,0,0,0.0,0.0
1965,CHL,4487,2213,0,0,0.0,0.0
1965,COL,3312,1691,0,0,0.0,0.0
1965,SLV,2381,1236,0,1,0.0,0.8090614886731392
1965,SAU,2713,1328,0,3,0.0,2.2590361445783134
1965,FIN,2106,1062,0,0,0.0,0.0
1965,HND,1660,815,0,0,0.0,0.0
1965,CIV,3621,1825,0,0,0.0,0.0
1965,SGP,3914,1895,0,1,0.0,0.5277044854881267
1965,ISR,4162,2096,0,0,0.0,0.0
1965,CUB,5747,2943,0,2,0.0,0.6795786612300374
1965,KHM,2210,1103,0,0,0.0,0.0
1965,KEN,5971,3075,0,0,0.0,0.0
1965,NLD,3100,1570,0,0,0.0,0.0
1965,AUS,5841,2786,0,0,0.0,0.0
1965,MMR,2828,1447,2,0,1.38217000691085,0.0
1965,TGO,3806,1930,0,0,0.0,0.0
1965,SLE,2991,1503,0,0,0.0,0.0
1965,LBN,4455,2283,0,0,0.0,0.0
1965,NZL,3508,1776,0,0,0.0,0.0
1965,EGY,5345,2730,0,3,0.0,1.098901098901099
1965,CSK,5465,2895,0,0,0.0,0.0
1965,UGA,3543,1810,0,0,0.0,0.0
1965,TZA,3798,1894,0,0,0.0,0.0
1965,TCD,1283,655,0,0,0.0,0.0
1965,ITA,4535,2270,0,0,0.0,0.0
1965,JAM,3838,1913,0,0,0.0,0.0
1965,SOM,3664,1794,0,1,0.0,0.5574136008918618
1965,MLT,1860,970,0,0,0.0,0.0
1965,IRQ,3099,1570,0,0,0.0,0.0
1965,NGA,3657,1812,0,0,0.0,0.0
1965,SEN,4810,2388,0,0,0.0,0.0
1965,IRN,3444,1762,0,0,0.0,0.0
1965,KWT,4075,2092,0,0,0.0,0.0
1965,LAO,1964,990,0,0,0.0,0.0
1965,UKR,5082,2621,0,0,0.0,0.0
1965,CMR,4926,2500,0,0,0.0,0.0
1965,LBR,3766,1941,0,1,0.0,0.5151983513652757
1965,NPL,3658,1891,0,0,0.0,0.0
1965,MWI,4010,1839,0,0,0.0,0.0
1965,BEN,3043,1500,0,0,0.0,0.0
1965,ROU,3487,1755,0,2,0.0,1.1396011396011396
1965,GAB,2532,1276,0,0,0.0,0.0
1965,PRY,2853,1420,0,1,0.0,0.7042253521126761
1965,THA,4711,2307,0,0,0.0,0.0
1965,ZAF,3461,1731,0,0,0.0,0.0
1965,USA,6171,3059,0,1,0.0,0.32690421706440015
1965,SDN,3004,1474,0,0,0.0,0.0
1965,GTM,3383,1741,0,0,0.0,0.0
1965,MAR,3345,1642,0,0,0.0,0.0
1965,CAN,5670,2805,0,0,0.0,0.0
1965,HTI,3770,1976,0,0,0.0,0.0
1965,TUR,5122,2574,0,0,0.0,0.0
1965,ETH,3218,1633,0,0,0.0,0.0
1965,LBY,2872,1454,0,0,0.0,0.0
1965,BRA,3942,2058,0,1,0.0,0.48590864917395526
1965,MNG,5000,2607,0,0,0.0,0.0
1965,NER,2748,1367,0,0,0.0,0.0
1965,IRL,3393,1686,0,0,0.0,0.0
1965,FRA,4451,2132,0,0,0.0,0.0
1965,PAK,8045,3859,0,0,0.0,0.0
1965,MLI,4832,2430,0,0,0.0,0.0
1965,GHA,6193,3118,0,0,0.0,0.0
1965,BLR,5133,2648,0,1,0.0,0.3776435045317221
1965,JPN,4832,2487,0,0,0.0,0.0
1965,RWA,4017,2024,0,0,0.0,0.0
1965,VEN,4165,2038,0,0,0.0,0.0
1965,GRC,4233,2078,0,0,0.0,0.0
1965,HUN,4338,2220,0,0,0.0,0.0
1965,YUG,2645,1329,0,0,0.0,0.0
1965,ZMB,3213,1644,0,0,0.0,0.0
1965,AFG,5331,2560,0,0,0.0,0.0
1965,URY,2146,1040,0,0,0.0,0.0
1965,CRI,2626,1333,0,1,0.0,0.7501875468867217
1965,PRT,4444,2071,0,1,0.0,0.48285852245292127
1965,ECU,4665,2383,0,1,0.0,0.419639110365086
1965,CHN,4639,2365,0,0,0.0,0.0
1965,GBR,2796,1339,0,0,0.0,0.0
1965,BGR,4403,2213,0,0,0.0,0.0
1965,POL,4554,2301,0,0,0.0,0.0
1965,LKA,5351,2657,0,0,0.0,0.0
1965,PHL,3648,1909,0,1,0.0,0.5238344683080147
1965,DZA,4000,2004,0,0,0.0,0.0
1965,AUT,3160,1574,0,0,0.0,0.0
1965,MEX,4641,2364,0,0,0.0,0.0
1965,COG,3235,1644,0,0,0.0,0.0
1965,CYP,7583,3665,0,0,0.0,0.0
1965,CAF,2750,1401,0,0,0.0,0.0
1965,MYS,5855,2871,0,0,0.0,0.0
1965,GIN,4917,2431,0,0,0.0,0.0
1965,DNK,3000,1533,0,0,0.0,0.0
1965,BOL,3496,1806,0,0,0.0,0.0
1965,SYR,8215,4091,0,1,0.0,0.24443901246638963
1965,RUS,7408,3736,0,0,0.0,0.0
1965,MDG,1878,954,0,0,0.0,0.0
1965,ALB,6979,3521,0,0,0.0,0.0
1965,TUN,6260,3122,0,0,0.0,0.0
1965,JOR,4477,2186,0,0,0.0,0.0
1965,SWE,3522,1781,0,0,0.0,0.0
1965,IND,6079,3081,0,0,0.0,0.0
1965,ARG,6291,3169,0,0,0.0,0.0
1966,HND,3102,1537,0,0,0.0,0.0
1966,CIV,2403,1249,0,0,0.0,0.0
1966,SGP,2310,1177,0,0,0.0,0.0
1966,ISR,5501,2846,0,0,0.0,0.0
1966,CUB,6498,3382,0,0,0.0,0.0
1966,MDV,1575,815,0,0,0.0,0.0
1966,KHM,2749,1427,0,0,0.0,0.0
1966,KEN,3552,1856,0,0,0.0,0.0
1966,PER,4805,2427,0,1,0.0,0.4120313143798929
1966,CHL,5217,2521,0,0,0.0,0.0
1966,COL,4862,2403,0,0,0.0,0.0
1966,SLV,3989,2021,0,0,0.0,0.0
1966,FIN,1715,888,0,0,0.0,0.0
1966,SAU,3227,1633,0,0,0.0,0.0
1966,TZA,3029,1519,0,0,0.0,0.0
1966,TCD,1905,957,0,0,0.0,0.0
1966,ITA,5007,2501,0,0,0.0,0.0
1966,AUS,5301,2564,0,0,0.0,0.0
1966,NLD,2582,1369,0,0,0.0,0.0
1966,MMR,3488,1763,0,1,0.0,0.5672149744753262
1966,SLE,3427,1766,0,0,0.0,0.0
1966,NZL,5519,2714,0,0,0.0,0.0
1966,EGY,4079,2135,0,0,0.0,0.0
1966,CSK,6617,3471,0,1,0.0,0.28810141169691733
1966,UGA,3055,1510,0,0,0.0,0.0
1966,LAO,2343,1165,0,0,0.0,0.0
1966,UKR,5513,2885,0,2,0.0,0.6932409012131716
1966,LBR,3913,2003,0,0,0.0,0.0
1966,CMR,7647,3842,0,0,0.0,0.0
1966,NPL,4731,2454,0,0,0.0,0.0
1966,MWI,4617,2121,0,0,0.0,0.0
1966,BEN,3424,1700,0,0,0.0,0.0
1966,ROU,3971,2086,0,1,0.0,0.47938638542665385
1966,GAB,4354,2184,0,1,0.0,0.45787545787545786
1966,PRY,3677,1795,0,0,0.0,0.0
1966,THA,5703,2933,0,0,0.0,0.0
1966,JAM,4745,2302,0,0,0.0,0.0
1966,YEM,2788,1464,0,0,0.0,0.0
1966,SOM,4541,2280,0,0,0.0,0.0
1966,IRQ,3662,1812,0,0,0.0,0.0
1966,NGA,4544,2232,0,0,0.0,0.0
1966,SEN,6044,3016,0,0,0.0,0.0
1966,IRN,3966,1996,0,0,0.0,0.0
1966,KWT,3597,1868,0,1,0.0,0.5353319057815846
1966,MAR,4056,2044,0,0,0.0,0.0
1966,CAN,5231,2563,0,0,0.0,0.0
1966,HTI,5562,2871,0,0,0.0,0.0
1966,TTO,4438,2242,0,0,0.0,0.0
1966,USA,4467,2272,0,0,0.0,0.0
1966,SDN,3747,1830,0,2,0.0,1.092896174863388
1966,GTM,5661,2850,0,0,0.0,0.0
1966,GHA,4765,2414,0,1,0.0,0.4142502071251035
1966,BEL,3078,1521,0,0,0.0,0.0
1966,BLR,4849,2576,0,1,0.0,0.3881987577639751
1966,GUY,1327,638,0,0,0.0,0.0
1966,JPN,5380,2776,0,0,0.0,0.0
1966,RWA,6105,3172,0,0,0.0,0.0
1966,TUR,4910,2439,0,0,0.0,0.0
1966,ETH,6537,3279,0,0,0.0,0.0
1966,DOM,4306,2185,0,1,0.0,0.4576659038901602
1966,LBY,3369,1737,0,0,0.0,0.0
1966,BRA,3592,1851,0,0,0.0,0.0
1966,MNG,4733,2498,0,0,0.0,0.0
1966,NER,3770,1936,0,0,0.0,0.0
1966,IRL,2405,1247,0,0,0.0,0.0
1966,FRA,3842,1848,0,0,0.0,0.0
1966,PAK,6585,3268,0,0,0.0,0.0
1966,MLI,5737,2874,0,0,0.0,0.0
1966,BDI,3091,1534,0,0,0.0,0.0
1966,ZMB,5815,2888,0,0,0.0,0.0
1966,AFG,4187,2134,0,0,0.0,0.0
1966,URY,3757,1893,0,0,0.0,0.0
1966,PAN,3021,1530,0,4,0.0,2.6143790849673203
1966,VEN,3198,1632,0,0,0.0,0.0
1966,GRC,3260,1678,0,0,0.0,0.0
1966,HUN,3057,1594,0,0,0.0,0.0
1966,YUG,2660,1383,0,0,0.0,0.0
1966,ISL,2040,1028,0,0,0.0,0.0
1966,COD,4519,2225,0,0,0.0,0.0
1966,AUT,4623,2336,0,0,0.0,0.0
1966,MEX,3080,1548,0,0,0.0,0.0
1966,CYP,3843,1814,0,0,0.0,0.0
1966,COG,3643,1807,0,0,0.0,0.0
1966,CAF,4991,2527,0,0,0.0,0.0
1966,MYS,4630,2342,1,0,0.4269854824935952,0.0
1966,CRI,2114,1047,0,0,0.0,0.0
1966,BFA,2305,1186,0,0,0.0,0.0
1966,ECU,4818,2421,0,0,0.0,0.0
1966,CHN,3703,1873,0,0,0.0,0.0
1966,BGR,4174,2143,0,0,0.0,0.0
1966,GBR,5471,2631,0,1,0.0,0.38008361839604715
1966,POL,4054,2077,0,0,0.0,0.0
1966,LKA,7459,3667,0,0,0.0,0.0
1966,DZA,3985,1979,0,0,0.0,0.0
1966,MDG,2447,1242,0,0,0.0,0.0
1966,ALB,5386,2683,0,0,0.0,0.0
1966,TUN,5218,2640,0,0,0.0,0.0
1966,NOR,1938,989,0,0,0.0,0.0
1966,JOR,3318,1551,0,0,0.0,0.0
1966,SWE,2887,1451,0,0,0.0,0.0
1966,IND,4512,2240,0,0,0.0,0.0
1966,ARG,3250,1629,0,0,0.0,0.0
1966,GIN,4980,2524,0,0,0.0,0.0
1966,DNK,2172,1063,0,0,0.0,0.0
1966,BOL,4553,2397,0,2,0.0,0.8343763037129746
1966,SYR,5681,2872,0,2,0.0,0.6963788300835655
1966,IDN,948,483,0,0,0.0,0.0
1966,RUS,7389,3729,0,0,0.0,0.0
1967,COD,3965,2020,0,1,0.0,0.49504950495049505
1967,HUN,4420,2272,0,0,0.0,0.0
1967,ISL,2929,1526,0,0,0.0,0.0
1967,YUG,2835,1366,0,0,0.0,0.0
1967,GRC,3514,1731,0,0,0.0,0.0
1967,VEN,2813,1470,0,0,0.0,0.0
1967,URY,690,330,0,0,0.0,0.0
1967,ZMB,6548,3283,0,0,0.0,0.0
1967,LUX,3186,1587,0,0,0.0,0.0
1967,BDI,4660,2326,0,0,0.0,0.0
1967,IRL,1674,844,0,0,0.0,0.0
1967,NER,2390,1217,0,0,0.0,0.0
1967,MLI,1825,934,0,0,0.0,0.0
1967,PAK,4655,2372,0,0,0.0,0.0
1967,FRA,3458,1682,0,0,0.0,0.0
1967,MNG,3675,1939,0,0,0.0,0.0
1967,BRA,2415,1229,0,0,0.0,0.0
1967,LBY,3788,1971,0,0,0.0,0.0
1967,ETH,6923,3368,0,0,0.0,0.0
1967,DOM,3792,1827,0,1,0.0,0.5473453749315819
1967,TUR,4455,2191,0,0,0.0,0.0
1967,JPN,5157,2655,0,0,0.0,0.0
1967,RWA,4698,2408,0,0,0.0,0.0
1967,GUY,2841,1398,0,0,0.0,0.0
1967,BLR,5314,2748,0,0,0.0,0.0
1967,BEL,3627,1749,0,0,0.0,0.0
1967,GHA,5286,2639,0,0,0.0,0.0
1967,RUS,7153,3646,0,0,0.0,0.0
1967,IDN,2742,1453,0,0,0.0,0.0
1967,BOL,3166,1544,0,1,0.0,0.6476683937823834
1967,SYR,2979,1506,0,0,0.0,0.0
1967,DNK,2089,1078,0,0,0.0,0.0
1967,IND,3762,1916,1,0,0.521920668058455,0.0
1967,ARG,3183,1568,0,0,0.0,0.0
1967,JOR,4007,1955,0,0,0.0,0.0
1967,SWE,3030,1550,0,0,0.0,0.0
1967,BRB,2334,1166,0,0,0.0,0.0
1967,NOR,2340,1146,0,0,0.0,0.0
1967,TUN,4053,1954,0,0,0.0,0.0
1967,ALB,4981,2521,0,0,0.0,0.0
1967,MDG,1742,877,0,0,0.0,0.0
1967,DZA,4494,2227,0,0,0.0,0.0
1967,PHL,4318,2273,0,0,0.0,0.0
1967,LKA,4507,2249,0,0,0.0,0.0
1967,POL,5560,2837,0,0,0.0,0.0
1967,GBR,6190,2880,0,0,0.0,0.0
1967,BGR,4274,2173,0,0,0.0,0.0
1967,CHN,3190,1580,0,0,0.0,0.0
1967,BFA,4102,2109,0,1,0.0,0.474158368895211
1967,CRI,3120,1521,0,0,0.0,0.0
1967,ECU,4871,2503,0,2,0.0,0.7990411506192568
1967,MYS,3082,1573,0,0,0.0,0.0
1967,COG,3146,1559,0,0,0.0,0.0
1967,CYP,4226,1955,0,0,0.0,0.0
1967,AUT,5085,2550,0,0,0.0,0.0
1967,MEX,4907,2415,0,0,0.0,0.0
1967,UGA,2514,1296,0,0,0.0,0.0
1967,CSK,5052,2630,0,0,0.0,0.0
1967,EGY,6075,3142,0,0,0.0,0.0
1967,NZL,3192,1638,0,0,0.0,0.0
1967,LBN,3676,1872,0,0,0.0,0.0
1967,SLE,3741,1910,1,0,0.5235602094240839,0.0
1967,TGO,2976,1538,0,0,0.0,0.0
1967,MMR,2430,1228,0,1,0.0,0.8143322475570033
1967,AUS,5877,2839,0,0,0.0,0.0
1967,NLD,1829,937,0,0,0.0,0.0
1967,LSO,4799,2359,0,0,0.0,0.0
1967,ITA,3941,1886,0,0,0.0,0.0
1967,TCD,1426,713,0,0,0.0,0.0
1967,TZA,4857,2483,0,0,0.0,0.0
1967,FIN,2331,1212,0,0,0.0,0.0
1967,SAU,3206,1589,0,0,0.0,0.0
1967,GMB,2292,1112,0,0,0.0,0.0
1967,SLV,3570,1841,0,0,0.0,0.0
1967,COL,3033,1471,0,0,0.0,0.0
1967,CHL,4109,2078,0,2,0.0,0.9624639076034649
1967,PER,3480,1770,0,0,0.0,0.0
1967,KEN,2512,1312,0,0,0.0,0.0
1967,KHM,4942,2489,0,0,0.0,0.0
1967,CUB,9986,5403,0,0,0.0,0.0
1967,ISR,6137,3229,0,0,0.0,0.0
1967,SGP,2265,1187,0,0,0.0,0.0
1967,GTM,4290,2174,0,0,0.0,0.0
1967,SDN,3117,1520,0,0,0.0,0.0
1967,USA,4456,2221,0,0,0.0,0.0
1967,ZAF,2306,1146,0,0,0.0,0.0
1967,TTO,3385,1639,0,0,0.0,0.0
1967,BWA,2923,1407,0,0,0.0,0.0
1967,MRT,3209,1659,0,0,0.0,0.0
1967,CAN,6151,3054,0,0,0.0,0.0
1967,MAR,3923,1931,0,1,0.0,0.5178663904712584
1967,KWT,3689,1859,0,2,0.0,1.0758472296933834
1967,IRN,2242,1139,0,0,0.0,0.0
1967,NGA,3385,1721,0,0,0.0,0.0
1967,SEN,4663,2312,0,1,0.0,0.43252595155709345
1967,MLT,2637,1406,0,2,0.0,1.4224751066856332
1967,IRQ,3630,1785,0,0,0.0,0.0
1967,JAM,3513,1804,0,0,0.0,0.0
1967,SOM,3222,1607,0,0,0.0,0.0
1967,YEM,3044,1576,0,0,0.0,0.0
1967,THA,4015,2058,0,0,0.0,0.0
1967,PRY,1608,759,0,0,0.0,0.0
1967,GAB,5827,2844,0,0,0.0,0.0
1967,ROU,4006,2072,0,0,0.0,0.0
1967,MWI,3259,1468,0,0,0.0,0.0
1967,NPL,3813,1969,0,0,0.0,0.0
1967,CMR,4484,2248,0,0,0.0,0.0
1967,LBR,4286,2248,0,0,0.0,0.0
1967,UKR,5067,2715,0,0,0.0,0.0
1967,LAO,1845,934,0,0,0.0,0.0
1968,KWT,4421,2236,0,2,0.0,0.8944543828264758
1968,IRN,2966,1518,0,0,0.0,0.0
1968,NGA,4701,2405,0,0,0.0,0.0
1968,SEN,2604,1334,0,0,0.0,0.0
1968,IRQ,3120,1616,0,0,0.0,0.0
1968,JAM,2835,1436,0,0,0.0,0.0
1968,YEM,2669,1380,0,0,0.0,0.0
1968,SOM,2923,1462,0,0,0.0,0.0
1968,PRY,3124,1500,0,1,0.0,0.6666666666666666
1968,THA,4438,2293,0,0,0.0,0.0
1968,GAB,7181,3495,0,0,0.0,0.0
1968,ROU,5186,2701,0,1,0.0,0.37023324694557574
1968,BEN,3080,1569,0,0,0.0,0.0
1968,MWI,1948,922,0,0,0.0,0.0
1968,NPL,4044,2090,0,0,0.0,0.0
1968,LBR,4156,2138,0,0,0.0,0.0
1968,CMR,2421,1209,0,0,0.0,0.0
1968,UKR,5031,2634,0,1,0.0,0.37965072133637057
1968,LAO,2256,1161,0,0,0.0,0.0
1968,SDN,5053,2435,0,0,0.0,0.0
1968,USA,4145,2158,0,0,0.0,0.0
1968,ZAF,3566,1818,0,0,0.0,0.0
1968,BWA,2669,1365,0,0,0.0,0.0
1968,ESP,5863,2917,0,1,0.0,0.34281796366129585
1968,MRT,3207,1705,0,0,0.0,0.0
1968,HTI,5283,2755,0,2,0.0,0.7259528130671505
1968,CAN,4269,2204,0,1,0.0,0.4537205081669691
1968,MAR,4416,2313,0,0,0.0,0.0
1968,FIN,2262,1202,0,0,0.0,0.0
1968,SAU,4229,2114,1,0,0.47303689687795647,0.0
1968,SLV,5887,3061,0,1,0.0,0.32669062397909177
1968,COL,4067,2012,0,0,0.0,0.0
1968,CHL,4231,2138,0,0,0.0,0.0
1968,KEN,4197,2151,0,0,0.0,0.0
1968,MDV,2021,1033,0,0,0.0,0.0
1968,KHM,3811,1951,0,0,0.0,0.0
1968,CUB,4333,2253,0,1,0.0,0.44385264092321347
1968,ISR,6229,3136,0,0,0.0,0.0
1968,SGP,2122,1114,0,0,0.0,0.0
1968,HND,3471,1789,0,1,0.0,0.5589714924538849
1968,UGA,1919,955,0,0,0.0,0.0
1968,CSK,3608,1864,0,0,0.0,0.0
1968,EGY,4082,2086,0,0,0.0,0.0
1968,NZL,4877,2346,0,0,0.0,0.0
1968,LBN,2525,1273,0,0,0.0,0.0
1968,SLE,4379,2245,0,0,0.0,0.0
1968,TGO,1576,802,0,0,0.0,0.0
1968,MMR,2094,1044,0,0,0.0,0.0
1968,AUS,4423,2109,0,1,0.0,0.474158368895211
1968,NLD,3558,1832,0,0,0.0,0.0
1968,LSO,2227,1164,0,1,0.0,0.8591065292096219
1968,ITA,4068,2079,0,1,0.0,0.48100048100048104
1968,TCD,2181,1129,0,0,0.0,0.0
1968,NIC,3601,1830,0,0,0.0,0.0
1968,TZA,5465,2672,0,1,0.0,0.37425149700598803
1968,YMD,7849,4064,0,0,0.0,0.0
1968,DZA,4295,2118,0,1,0.0,0.47214353163361666
1968,PHL,6891,3540,0,0,0.0,0.0
1968,LKA,5717,2884,0,0,0.0,0.0
1968,POL,5342,2704,0,1,0.0,0.3698224852071006
1968,GBR,4881,2199,0,0,0.0,0.0
1968,BGR,4089,2119,0,0,0.0,0.0
1968,CHN,3083,1628,0,0,0.0,0.0
1968,ECU,3595,1820,0,0,0.0,0.0
1968,MYS,4125,2060,0,0,0.0,0.0
1968,CAF,3236,1655,0,0,0.0,0.0
1968,CYP,3737,1713,0,0,0.0,0.0
1968,COG,3157,1581,0,1,0.0,0.6325110689437066
1968,AUT,3581,1823,0,0,0.0,0.0
1968,MEX,3219,1625,0,0,0.0,0.0
1968,RUS,7729,3904,0,1,0.0,0.2561475409836066
1968,IDN,3196,1658,0,0,0.0,0.0
1968,BOL,2735,1393,0,0,0.0,0.0
1968,SYR,6743,3531,0,0,0.0,0.0
1968,DNK,2943,1522,0,0,0.0,0.0
1968,GIN,5412,2760,0,0,0.0,0.0
1968,IND,6690,3423,0,0,0.0,0.0
1968,ARG,4250,2150,0,0,0.0,0.0
1968,JOR,2717,1400,0,0,0.0,0.0
1968,SWE,3604,1832,0,1,0.0,0.5458515283842794
1968,BRB,3569,1777,0,0,0.0,0.0
1968,NOR,2061,1033,0,0,0.0,0.0
1968,TUN,4739,2293,0,0,0.0,0.0
1968,ALB,9485,4870,0,0,0.0,0.0
1968,MDG,4027,2026,0,0,0.0,0.0
1968,BDI,2737,1374,0,0,0.0,0.0
1968,MUS,2245,1129,0,0,0.0,0.0
1968,PAK,5346,2719,1,0,0.3677822728944465,0.0
1968,MLI,5746,2896,0,0,0.0,0.0
1968,FRA,5329,2585,0,0,0.0,0.0
1968,MNG,3168,1752,0,0,0.0,0.0
1968,LBY,4976,2527,0,1,0.0,0.3957261574990107
1968,BRA,2143,1107,0,0,0.0,0.0
1968,ETH,5835,2833,0,0,0.0,0.0
1968,DOM,1647,839,0,0,0.0,0.0
1968,TUR,2518,1331,0,0,0.0,0.0
1968,JPN,5302,2726,1,0,0.36683785766691124,0.0
1968,RWA,3848,2025,0,0,0.0,0.0
1968,GUY,7034,3437,0,1,0.0,0.2909514111143439
1968,BLR,5233,2700,0,0,0.0,0.0
1968,BEL,4758,2382,0,0,0.0,0.0
1968,GHA,3910,1997,0,0,0.0,0.0
1968,COD,4259,2212,0,1,0.0,0.4520795660036166
1968,HUN,3583,1870,0,0,0.0,0.0
1968,ISL,3447,1760,0,0,0.0,0.0
1968,YUG,2745,1326,0,0,0.0,0.0
1968,GRC,2857,1429,0,0,0.0,0.0
1968,VEN,3117,1595,0,0,0.0,0.0
1968,URY,2105,1051,0,0,0.0,0.0
1968,AFG,4277,2075,0,0,0.0,0.0
1968,ZMB,4795,2459,0,0,0.0,0.0
1968,LUX,3645,1880,0,0,0.0,0.0
1969,MMR,3004,1530,0,0,0.0,0.0
1969,NLD,4438,2169,0,1,0.0,0.4610419548178884
1969,AUS,3840,1904,0,1,0.0,0.5252100840336135
1969,LBN,1577,798,0,0,0.0,0.0
1969,SLE,2567,1287,0,1,0.0,0.777000777000777
1969,EGY,4642,2380,0,0,0.0,0.0
1969,NZL,3087,1593,0,0,0.0,0.0
1969,UGA,3040,1541,0,0,0.0,0.0
1969,CSK,4384,2288,0,0,0.0,0.0
1969,TZA,7346,3681,0,0,0.0,0.0
1969,ITA,5336,2691,0,0,0.0,0.0
1969,TCD,2493,1226,0,0,0.0,0.0
1969,LSO,2445,1232,0,1,0.0,0.8116883116883118
1969,PER,8747,4331,1,2,0.23089355806972986,0.4617871161394597
1969,COL,3792,1861,0,0,0.0,0.0
1969,CHL,4954,2499,0,1,0.0,0.4001600640256103
1969,SLV,6335,3235,0,3,0.0,0.9273570324574962
1969,SAU,2169,1109,0,0,0.0,0.0
1969,FIN,2027,1042,0,0,0.0,0.0
1969,SGP,3473,1695,0,0,0.0,0.0
1969,CIV,2717,1383,0,0,0.0,0.0
1969,HND,4332,2241,0,0,0.0,0.0
1969,CUB,6170,3126,0,0,0.0,0.0
1969,ISR,7496,3787,0,0,0.0,0.0
1969,KHM,2862,1415,0,0,0.0,0.0
1969,MDV,2289,1120,0,0,0.0,0.0
1969,KEN,2769,1452,0,0,0.0,0.0
1969,BWA,3895,1954,0,0,0.0,0.0
1969,TTO,2767,1408,0,0,0.0,0.0
1969,USA,3800,1889,0,0,0.0,0.0
1969,SDN,7644,3800,0,0,0.0,0.0
1969,MAR,4404,2259,0,0,0.0,0.0
1969,CAN,3902,1971,0,0,0.0,0.0
1969,MRT,4088,2067,0,0,0.0,0.0
1969,HTI,5539,2885,0,0,0.0,0.0
1969,IRQ,4118,2090,0,2,0.0,0.9569377990430622
1969,MLT,3257,1678,0,0,0.0,0.0
1969,YEM,1231,643,0,0,0.0,0.0
1969,SOM,3486,1688,0,0,0.0,0.0
1969,JAM,3426,1753,1,0,0.5704506560182544,0.0
1969,SEN,2408,1199,0,0,0.0,0.0
1969,NGA,3808,1971,0,0,0.0,0.0
1969,IRN,3638,1869,0,0,0.0,0.0
1969,KWT,3168,1617,0,0,0.0,0.0
1969,LBR,4214,2156,0,0,0.0,0.0
1969,CMR,2904,1419,0,0,0.0,0.0
1969,NPL,4064,2068,0,0,0.0,0.0
1969,LAO,3208,1583,0,0,0.0,0.0
1969,UKR,5194,2664,0,1,0.0,0.37537537537537535
1969,ROU,5627,2968,1,0,0.3369272237196766,0.0
1969,GAB,6345,3123,0,0,0.0,0.0
1969,THA,4099,2132,0,1,0.0,0.46904315196998125
1969,PRY,3687,1800,0,0,0.0,0.0
1969,VEN,2822,1437,0,0,0.0,0.0
1969,YUG,2553,1345,0,0,0.0,0.0
1969,ISL,3559,1784,0,0,0.0,0.0
1969,HUN,3435,1828,0,0,0.0,0.0
1969,GRC,2079,1086,0,0,0.0,0.0
1969,COD,4570,2252,0,0,0.0,0.0
1969,ZMB,3678,1875,0,0,0.0,0.0
1969,LUX,3781,1932,0,0,0.0,0.0
1969,URY,1873,928,0,0,0.0,0.0
1969,PAN,3107,1540,0,1,0.0,0.6493506493506493
1969,AFG,3975,1963,0,0,0.0,0.0
1969,TUR,3417,1720,0,0,0.0,0.0
1969,BRA,4249,2119,0,0,0.0,0.0
1969,LBY,3524,1843,0,0,0.0,0.0
1969,DOM,2796,1355,0,0,0.0,0.0
1969,ETH,5634,2775,0,0,0.0,0.0
1969,MNG,4654,2486,0,0,0.0,0.0
1969,BDI,4663,2401,0,0,0.0,0.0
1969,FRA,4046,2000,0,0,0.0,0.0
1969,MLI,4249,2154,0,0,0.0,0.0
1969,PAK,4841,2385,0,0,0.0,0.0
1969,MUS,2446,1209,0,1,0.0,0.8271298593879239
1969,IRL,3646,1809,0,0,0.0,0.0
1969,BEL,4630,2232,0,0,0.0,0.0
1969,GHA,3883,1897,0,0,0.0,0.0
1969,BLR,5817,2924,0,0,0.0,0.0
1969,GUY,6307,3112,1,1,0.3213367609254498,0.3213367609254498
1969,RWA,3158,1609,0,0,0.0,0.0
1969,JPN,3520,1752,0,0,0.0,0.0
1969,GIN,5199,2644,0,0,0.0,0.0
1969,DNK,3242,1678,0,0,0.0,0.0
1969,IDN,3965,2054,1,0,0.48685491723466406,0.0
1969,GNQ,1153,557,0,0,0.0,0.0
1969,SYR,7186,3553,0,0,0.0,0.0
1969,BOL,2197,1116,0,0,0.0,0.0
1969,RUS,8119,4145,0,0,0.0,0.0
1969,MDG,4188,2030,0,0,0.0,0.0
1969,TUN,5068,2554,0,0,0.0,0.0
1969,NOR,3028,1530,0,0,0.0,0.0
1969,ALB,6768,3397,0,0,0.0,0.0
1969,SWZ,2498,1238,0,0,0.0,0.0
1969,BRB,3029,1436,0,0,0.0,0.0
1969,ARG,5053,2544,0,0,0.0,0.0
1969,IND,3741,1861,0,0,0.0,0.0
1969,SWE,3368,1729,0,0,0.0,0.0
1969,JOR,3835,2011,0,0,0.0,0.0
1969,CHN,3585,1824,0,0,0.0,0.0
1969,ECU,2985,1525,0,0,0.0,0.0
1969,CRI,3783,1873,0,0,0.0,0.0
1969,BFA,3930,1932,0,0,0.0,0.0
1969,GBR,3630,1755,0,1,0.0,0.5698005698005698
1969,BGR,4335,2252,0,0,0.0,0.0
1969,PHL,4031,2077,0,0,0.0,0.0
1969,LKA,6287,3149,0,0,0.0,0.0
1969,POL,5882,2977,0,1,0.0,0.3359086328518643
1969,YMD,3768,1938,0,0,0.0,0.0
1969,DZA,4337,2195,0,0,0.0,0.0
1969,CYP,5397,2442,0,0,0.0,0.0
1969,COG,3757,1989,0,0,0.0,0.0
1969,MEX,3741,1906,0,0,0.0,0.0
1969,AUT,2739,1367,0,0,0.0,0.0
1969,MYS,4576,2234,0,1,0.0,0.4476275738585497
1969,CAF,1818,971,0,0,0.0,0.0
1970,AUT,4265,2180,0,0,0.0,0.0
1970,MEX,3989,1973,0,0,0.0,0.0
1970,COG,2849,1453,0,0,0.0,0.0
1970,DZA,4005,2020,0,2,0.0,0.9900990099009901
1970,LKA,4178,2122,0,0,0.0,0.0
1970,PHL,1753,927,0,0,0.0,0.0
1970,GBR,2921,1318,0,0,0.0,0.0
1970,CRI,4939,2502,0,1,0.0,0.3996802557953637
1970,ECU,4576,2252,0,1,0.0,0.44404973357015987
1970,IND,3543,1836,0,0,0.0,0.0
1970,ARG,4723,2342,0,0,0.0,0.0
1970,ALB,8302,4124,0,0,0.0,0.0
1970,NOR,2257,1202,0,1,0.0,0.831946755407654
1970,TUN,4393,2201,0,0,0.0,0.0
1970,MDG,2629,1294,0,0,0.0,0.0
1970,BOL,5082,2549,0,3,0.0,1.1769321302471558
1970,SYR,4364,2180,0,0,0.0,0.0
1970,IDN,2889,1494,0,0,0.0,0.0
1970,GIN,3229,1665,0,0,0.0,0.0
1970,JPN,3341,1694,0,0,0.0,0.0
1970,RWA,2835,1434,0,1,0.0,0.6973500697350069
1970,BLR,5582,2859,0,0,0.0,0.0
1970,GHA,4009,2068,0,0,0.0,0.0
1970,BEL,4223,2075,0,1,0.0,0.4819277108433735
1970,PAK,7729,3869,0,1,0.0,0.25846471956577927
1970,FRA,3102,1514,0,0,0.0,0.0
1970,DOM,3637,1674,0,0,0.0,0.0
1970,BRA,4010,1988,0,0,0.0,0.0
1970,LBY,2695,1382,0,0,0.0,0.0
1970,TUR,4068,2038,0,2,0.0,0.9813542688910696
1970,URY,4122,2041,0,0,0.0,0.0
1970,ZMB,3956,2017,0,0,0.0,0.0
1970,ISL,3559,1742,0,0,0.0,0.0
1970,YUG,2843,1426,0,0,0.0,0.0
1970,VEN,3736,1874,0,0,0.0,0.0
1970,THA,4687,2420,0,0,0.0,0.0
1970,PRY,3323,1589,0,0,0.0,0.0
1970,UKR,4507,2311,0,0,0.0,0.0
1970,CMR,2814,1385,0,1,0.0,0.7220216606498194
1970,LBR,4198,2168,0,0,0.0,0.0
1970,KWT,2747,1411,0,0,0.0,0.0
1970,IRN,2891,1457,0,0,0.0,0.0
1970,SOM,4704,2356,0,0,0.0,0.0
1970,IRQ,3881,2034,0,2,0.0,0.9832841691248771
1970,HTI,3609,1807,0,0,0.0,0.0
1970,CAN,1694,874,0,0,0.0,0.0
1970,MAR,4225,2155,0,0,0.0,0.0
1970,SDN,4553,2273,0,0,0.0,0.0
1970,GTM,2312,1150,0,1,0.0,0.8695652173913044
1970,USA,5604,2963,0,0,0.0,0.0
1970,ZAF,3772,1797,0,0,0.0,0.0
1970,TTO,3337,1670,0,2,0.0,1.1976047904191616
1970,KEN,3384,1785,0,0,0.0,0.0
1970,KHM,4462,2213,0,0,0.0,0.0
1970,ISR,7743,3965,0,0,0.0,0.0
1970,CUB,4092,2093,0,0,0.0,0.0
1970,HND,2566,1267,0,4,0.0,3.1570639305445933
1970,SGP,2427,1220,0,0,0.0,0.0
1970,GMB,4130,2121,0,0,0.0,0.0
1970,SLV,6771,3405,0,0,0.0,0.0
1970,COL,6061,3103,0,5,0.0,1.6113438607798904
1970,PER,4544,2322,0,4,0.0,1.7226528854435832
1970,ITA,2459,1258,0,0,0.0,0.0
1970,NZL,3858,1924,0,0,0.0,0.0
1970,SLE,3687,1893,0,1,0.0,0.5282620179609087
1970,LBN,1667,863,0,0,0.0,0.0
1970,AUS,5143,2587,0,1,0.0,0.38654812524159254
1970,NLD,3844,1961,0,0,0.0,0.0
1970,TGO,3735,1887,0,0,0.0,0.0
1970,MMR,3017,1551,0,0,0.0,0.0
1971,TTO,2076,1147,0,0,0.0,0.0
1971,QAT,3495,1646,0,3,0.0,1.8226002430133657
1971,ZAF,2012,1014,0,0,0.0,0.0
1971,USA,4775,2460,0,0,0.0,0.0
1971,GTM,2439,1275,0,0,0.0,0.0
1971,SDN,3837,1952,0,0,0.0,0.0
1971,MAR,2939,1454,0,0,0.0,0.0
1971,CAN,2931,1466,0,0,0.0,0.0
1971,ESP,3654,1874,0,1,0.0,0.5336179295624334
1971,MRT,3524,1830,0,0,0.0,0.0
1971,HTI,4484,2281,0,0,0.0,0.0
1971,MLT,3154,1636,0,2,0.0,1.2224938875305624
1971,IRQ,3819,1926,0,2,0.0,1.0384215991692627
1971,JAM,3645,1823,0,4,0.0,2.1941854086670323
1971,YEM,2071,1092,0,0,0.0,0.0
1971,SOM,6270,3113,0,1,0.0,0.32123353678124
1971,NGA,3713,1905,0,0,0.0,0.0
1971,SEN,2801,1374,0,1,0.0,0.727802037845706
1971,IRN,3086,1644,0,2,0.0,1.2165450121654502
1971,KWT,3857,1967,0,0,0.0,0.0
1971,LBR,3324,1703,0,0,0.0,0.0
1971,CMR,2714,1312,0,1,0.0,0.7621951219512195
1971,NPL,3967,2014,0,0,0.0,0.0
1971,LAO,2159,1060,0,0,0.0,0.0
1971,UKR,4256,2194,0,0,0.0,0.0
1971,ROU,4142,2159,0,0,0.0,0.0
1971,BEN,1947,967,0,0,0.0,0.0
1971,GAB,2661,1288,0,0,0.0,0.0
1971,PRY,2908,1377,0,0,0.0,0.0
1971,THA,3105,1605,0,0,0.0,0.0
1971,MMR,2975,1558,0,0,0.0,0.0
1971,TGO,3147,1613,0,0,0.0,0.0
1971,AUS,3515,1718,0,0,0.0,0.0
1971,NLD,4089,2092,0,4,0.0,1.9120458891013383
1971,LBN,2433,1240,0,0,0.0,0.0
1971,SLE,7674,3904,0,0,0.0,0.0
1971,EGY,6001,3205,0,0,0.0,0.0
1971,NZL,4689,2329,0,0,0.0,0.0
1971,UGA,2375,1201,0,0,0.0,0.0
1971,CSK,2628,1353,1,0,0.7390983000739099,0.0
1971,TZA,4873,2374,0,0,0.0,0.0
1971,FJI,2973,1435,0,1,0.0,0.6968641114982579
1971,NIC,4201,2056,0,0,0.0,0.0
1971,ITA,4443,2153,0,0,0.0,0.0
1971,TCD,5655,2802,0,0,0.0,0.0
1971,PER,5968,2975,0,0,0.0,0.0
1971,COL,5318,2741,0,0,0.0,0.0
1971,CHL,4586,2303,0,7,0.0,3.0395136778115504
1971,SLV,4460,2183,0,0,0.0,0.0
1971,FIN,2657,1372,0,0,0.0,0.0
1971,SAU,2226,1103,0,0,0.0,0.0
1971,SGP,3080,1533,0,0,0.0,0.0
1971,CIV,4714,2403,0,0,0.0,0.0
1971,CUB,3535,1841,0,1,0.0,0.5431830526887561
1971,ISR,6733,3414,0,0,0.0,0.0
1971,KHM,3608,1819,0,0,0.0,0.0
1971,KEN,4256,2283,0,3,0.0,1.314060446780552
1971,GIN,6234,3300,0,1,0.0,0.30303030303030304
1971,IDN,3563,1908,0,0,0.0,0.0
1971,BOL,5927,2905,0,3,0.0,1.0327022375215145
1971,SYR,4227,2234,0,0,0.0,0.0
1971,RUS,7553,3684,0,0,0.0,0.0
1971,MDG,3271,1562,0,0,0.0,0.0
1971,TUN,5346,2511,1,0,0.39824771007566706,0.0
1971,NOR,2350,1217,0,0,0.0,0.0
1971,ALB,8032,4028,0,2,0.0,0.4965243296921549
1971,IND,7088,3476,0,0,0.0,0.0
1971,ARG,4847,2410,0,2,0.0,0.8298755186721991
1971,JOR,4735,2408,0,0,0.0,0.0
1971,SWE,2507,1341,0,1,0.0,0.7457121551081282
1971,CHN,2889,1458,0,0,0.0,0.0
1971,BFA,4456,2208,0,0,0.0,0.0
1971,ECU,4707,2346,0,1,0.0,0.42625745950554134
1971,BGR,4110,2139,0,0,0.0,0.0
1971,GBR,3802,1815,0,0,0.0,0.0
1971,PHL,5537,2936,0,0,0.0,0.0
1971,LKA,4475,2268,1,0,0.4409171075837742,0.0
1971,POL,5492,2823,0,1,0.0,0.35423308537017356
1971,YMD,3902,1916,0,0,0.0,0.0
1971,DZA,5063,2482,0,2,0.0,0.8058017727639001
1971,CYP,4557,2071,0,0,0.0,0.0
1971,COG,3695,1831,0,0,0.0,0.0
1971,AUT,3264,1705,0,1,0.0,0.5865102639296188
1971,MEX,3499,1784,0,0,0.0,0.0
1971,MYS,4080,1976,0,0,0.0,0.0
1971,CAF,3359,1757,0,0,0.0,0.0
1971,VEN,3137,1591,0,0,0.0,0.0
1971,HUN,3405,1727,0,0,0.0,0.0
1971,YUG,2749,1380,0,0,0.0,0.0
1971,ISL,3245,1625,0,3,0.0,1.846153846153846
1971,GRC,2127,1039,0,0,0.0,0.0
1971,COD,3910,1913,0,0,0.0,0.0
1971,LUX,2950,1473,0,0,0.0,0.0
1971,ZMB,4195,2221,0,0,0.0,0.0
1971,URY,4181,2075,1,0,0.4819277108433735,0.0
1971,PAN,1940,958,0,2,0.0,2.08768267223382
1971,AFG,4038,1972,0,0,0.0,0.0
1971,TUR,3057,1563,0,3,0.0,1.9193857965451055
1971,LBY,4149,2144,0,0,0.0,0.0
1971,BRA,3566,1813,0,1,0.0,0.5515719801434088
1971,ETH,2454,1259,0,0,0.0,0.0
1971,DOM,4875,2282,0,0,0.0,0.0
1971,MNG,3497,1849,0,0,0.0,0.0
1971,BDI,5829,2933,0,1,0.0,0.34094783498124787
1971,NER,2058,1019,0,0,0.0,0.0
1971,MUS,1869,966,0,0,0.0,0.0
1971,IRL,5830,2906,0,0,0.0,0.0
1971,FRA,4895,2389,0,0,0.0,0.0
1971,PAK,6211,3157,0,0,0.0,0.0
1971,MLI,3674,1795,0,0,0.0,0.0
1971,BEL,4054,2040,0,1,0.0,0.49019607843137253
1971,GHA,4271,2222,0,0,0.0,0.0
1971,BLR,6060,3098,0,1,0.0,0.32278889606197547
1971,GUY,5483,2621,0,1,0.0,0.38153376573826786
1971,JPN,4234,2165,0,0,0.0,0.0
1971,RWA,3248,1665,0,0,0.0,0.0
1972,MAR,3597,1715,0,0,0.0,0.0
1972,CAN,3899,2010,0,0,0.0,0.0
1972,ESP,2995,1467,0,0,0.0,0.0
1972,MRT,4756,2416,0,0,0.0,0.0
1972,HTI,5460,2864,1,2,0.34916201117318435,0.6983240223463687
1972,QAT,848,426,0,0,0.0,0.0
1972,ZAF,2992,1446,0,0,0.0,0.0
1972,USA,3741,1998,0,0,0.0,0.0
1972,GTM,2370,1188,0,2,0.0,1.6835016835016834
1972,SDN,3995,2011,0,0,0.0,0.0
1972,CMR,3463,1741,0,1,0.0,0.5743825387708213
1972,LBR,4664,2367,0,1,0.0,0.4224757076468103
1972,NPL,3257,1683,0,1,0.0,0.5941770647653001
1972,LAO,2738,1347,0,0,0.0,0.0
1972,UKR,4337,2216,0,1,0.0,0.4512635379061372
1972,ROU,4102,2131,1,0,0.46926325668700136,0.0
1972,MWI,3169,1511,0,0,0.0,0.0
1972,BEN,2847,1399,0,0,0.0,0.0
1972,GAB,1774,900,0,2,0.0,2.2222222222222223
1972,BHR,1468,741,0,0,0.0,0.0
1972,PRY,3325,1624,0,0,0.0,0.0
1972,THA,3026,1577,0,1,0.0,0.6341154090044389
1972,MLT,3972,1958,0,0,0.0,0.0
1972,IRQ,3806,1972,0,1,0.0,0.5070993914807302
1972,JAM,3630,1784,0,1,0.0,0.5605381165919282
1972,SOM,5697,2849,0,2,0.0,0.702000702000702
1972,YEM,3569,1839,0,1,0.0,0.543773790103317
1972,NGA,3322,1665,0,0,0.0,0.0
1972,SEN,3942,2030,0,0,0.0,0.0
1972,IRN,3305,1765,0,1,0.0,0.56657223796034
1972,KWT,4387,2219,0,0,0.0,0.0
1972,TZA,5190,2583,0,0,0.0,0.0
1972,FJI,6812,3381,0,0,0.0,0.0
1972,NIC,4341,2133,0,1,0.0,0.46882325363338023
1972,ITA,2475,1242,0,0,0.0,0.0
1972,TCD,2211,1064,0,0,0.0,0.0
1972,ARE,1881,926,0,0,0.0,0.0
1972,MMR,3620,1859,0,0,0.0,0.0
1972,TGO,2665,1367,0,0,0.0,0.0
1972,NLD,3781,1931,0,0,0.0,0.0
1972,AUS,4043,2086,0,0,0.0,0.0
1972,LBN,3977,1994,0,0,0.0,0.0
1972,SLE,6473,3396,0,3,0.0,0.8833922261484098
1972,EGY,6250,3106,0,1,0.0,0.3219575016097875
1972,NZL,3368,1731,0,1,0.0,0.5777007510109763
1972,UGA,5445,2682,0,1,0.0,0.3728560775540641
1972,CSK,2888,1507,0,0,0.0,0.0
1972,SGP,2746,1353,0,0,0.0,0.0
1972,HND,2133,1044,0,0,0.0,0.0
1972,CIV,3408,1658,0,0,0.0,0.0
1972,CUB,6174,3254,0,6,0.0,1.8438844499078058
1972,ISR,6631,3409,0,0,0.0,0.0
1972,KHM,3710,1866,0,0,0.0,0.0
1972,KEN,3324,1850,0,3,0.0,1.6216216216216215
1972,PER,5201,2651,0,1,0.0,0.37721614485099964
1972,COL,5131,2588,0,0,0.0,0.0
1972,CHL,6091,3070,0,1,0.0,0.32573289902280134
1972,SLV,5078,2576,0,0,0.0,0.0
1972,GMB,2193,1142,0,2,0.0,1.7513134851138354
1972,SAU,2022,1032,0,0,0.0,0.0
1972,FIN,1971,1031,0,1,0.0,0.9699321047526673
1972,MDG,2591,1307,0,0,0.0,0.0
1972,BTN,2607,1336,0,0,0.0,0.0
1972,TUN,6712,3212,0,0,0.0,0.0
1972,SWZ,1616,845,0,0,0.0,0.0
1972,ALB,6999,3548,0,0,0.0,0.0
1972,BRB,2344,1161,0,0,0.0,0.0
1972,IND,4205,2137,0,0,0.0,0.0
1972,ARG,4164,2101,0,0,0.0,0.0
1972,JOR,3007,1505,0,0,0.0,0.0
1972,SWE,3309,1766,0,0,0.0,0.0
1972,GIN,4514,2273,0,1,0.0,0.4399472063352398
1972,DNK,3413,1764,0,0,0.0,0.0
1972,IDN,3875,2026,0,0,0.0,0.0
1972,BOL,5897,2919,0,0,0.0,0.0
1972,SYR,6272,3306,0,1,0.0,0.3024803387779795
1972,RUS,7685,3803,0,1,0.0,0.2629503023928478
1972,COG,5840,2777,0,0,0.0,0.0
1972,CYP,4211,2230,0,0,0.0,0.0
1972,AUT,2416,1227,0,0,0.0,0.0
1972,MEX,4454,2223,0,2,0.0,0.899685110211426
1972,MYS,3162,1574,0,0,0.0,0.0
1972,CAF,2682,1358,0,0,0.0,0.0
1972,CHN,6614,3469,0,1,0.0,0.28826751225136926
1972,CRI,4384,2181,0,1,0.0,0.4585052728106373
1972,PRT,6254,3091,0,0,0.0,0.0
1972,BFA,3791,1888,0,0,0.0,0.0
1972,ECU,4954,2442,0,2,0.0,0.819000819000819
1972,GBR,3162,1509,0,0,0.0,0.0
1972,BGR,3681,1880,0,0,0.0,0.0
1972,PHL,4439,2346,0,3,0.0,1.278772378516624
1972,LKA,6962,3496,1,0,0.28604118993135014,0.0
1972,POL,3274,1706,0,0,0.0,0.0
1972,YMD,3745,1913,0,1,0.0,0.5227391531625718
1972,DZA,4128,2050,0,2,0.0,0.975609756097561
1972,ZMB,3833,2024,0,0,0.0,0.0
1972,LUX,3386,1664,0,0,0.0,0.0
1972,URY,3067,1529,0,1,0.0,0.6540222367560498
1972,AFG,2976,1481,0,0,0.0,0.0
1972,VEN,3381,1729,0,0,0.0,0.0
1972,HUN,4214,2085,0,0,0.0,0.0
1972,YUG,2686,1348,0,0,0.0,0.0
1972,ISL,2919,1447,0,3,0.0,2.073255010366275
1972,GRC,2187,1114,0,0,0.0,0.0
1972,COD,4235,2110,1,0,0.47393364928909953,0.0
1972,BEL,4629,2268,0,1,0.0,0.4409171075837742
1972,GHA,4171,2152,0,2,0.0,0.929368029739777
1972,BLR,5173,2718,0,1,0.0,0.36791758646063283
1972,GUY,4922,2408,0,0,0.0,0.0
1972,JPN,4953,2541,0,0,0.0,0.0
1972,RWA,3678,1880,0,0,0.0,0.0
1972,TUR,3422,1697,0,0,0.0,0.0
1972,LBY,4300,2137,0,0,0.0,0.0
1972,BRA,4344,2193,0,1,0.0,0.45599635202918376
1972,ETH,4416,2179,0,0,0.0,0.0
1972,DOM,2667,1241,0,0,0.0,0.0
1972,OMN,1664,797,0,0,0.0,0.0
1972,MNG,5447,2814,0,0,0.0,0.0
1972,BDI,7403,3735,0,2,0.0,0.535475234270415
1972,MUS,2172,1057,0,0,0.0,0.0
1972,NER,2190,1096,0,0,0.0,0.0
1972,IRL,3379,1652,0,0,0.0,0.0
1972,FRA,3941,1949,0,0,0.0,0.0
1972,PAK,3723,1859,0,0,0.0,0.0
1972,MLI,4513,2282,0,0,0.0,0.0
1973,AFG,3158,1623,0,1,0.0,0.6161429451632779
1973,URY,5105,2547,0,3,0.0,1.1778563015312131
1973,PAN,3525,1777,0,5,0.0,2.8137310073157002
1973,LUX,2392,1202,0,1,0.0,0.831946755407654
1973,ZMB,5472,2891,0,4,0.0,1.3836042891732965
1973,COD,9102,4402,0,1,0.0,0.22716946842344388
1973,VEN,3454,1707,0,0,0.0,0.0
1973,GRC,2617,1278,0,0,0.0,0.0
1973,ISL,3294,1685,0,8,0.0,4.747774480712166
1973,YUG,4286,2226,0,2,0.0,0.8984725965858041
1973,HUN,6420,3250,0,0,0.0,0.0
1973,GUY,4649,2241,0,1,0.0,0.44622936189201245
1973,RWA,4485,2265,0,1,0.0,0.44150110375275936
1973,JPN,6652,3342,0,2,0.0,0.5984440454817475
1973,GHA,6187,3032,0,1,0.0,0.32981530343007914
1973,BEL,3659,1811,0,0,0.0,0.0
1973,BLR,4960,2551,0,0,0.0,0.0
1973,MNG,3791,2002,0,0,0.0,0.0
1973,OMN,1795,895,0,0,0.0,0.0
1973,PAK,2806,1383,0,0,0.0,0.0
1973,MLI,5217,2602,0,0,0.0,0.0
1973,FRA,3140,1492,0,0,0.0,0.0
1973,IRL,4755,2328,0,4,0.0,1.7182130584192439
1973,NER,3229,1627,0,0,0.0,0.0
1973,MUS,2065,1058,0,0,0.0,0.0
1973,BDI,5910,3045,0,1,0.0,0.3284072249589491
1973,TUR,3976,1989,0,2,0.0,1.0055304172951232
1973,ETH,4360,2208,0,1,0.0,0.4528985507246377
1973,LBY,2241,1154,0,4,0.0,3.4662045060658575
1973,BRA,3830,1940,0,1,0.0,0.5154639175257733
1973,SWE,3214,1666,1,0,0.6002400960384153,0.0
1973,JOR,2604,1302,0,0,0.0,0.0
1973,ARG,4144,2035,0,4,0.0,1.9656019656019657
1973,IND,5306,2781,0,0,0.0,0.0
1973,MDG,5842,2919,0,1,0.0,0.34258307639602603
1973,ALB,8876,4417,0,0,0.0,0.0
1973,NOR,4525,2327,0,3,0.0,1.289213579716373
1973,TUN,5398,2559,0,0,0.0,0.0
1973,BTN,2218,1121,0,0,0.0,0.0
1973,SYR,3946,2059,0,1,0.0,0.48567265662943176
1973,BOL,4789,2424,0,1,0.0,0.41254125412541254
1973,IDN,4448,2335,0,1,0.0,0.4282655246252676
1973,RUS,7549,3810,0,1,0.0,0.26246719160104987
1973,BHS,3375,1675,0,0,0.0,0.0
1973,GIN,5789,2992,0,1,0.0,0.3342245989304813
1973,DNK,2590,1340,0,0,0.0,0.0
1973,CAF,2967,1482,0,0,0.0,0.0
1973,DDR,4686,2513,0,2,0.0,0.7958615200955034
1973,MYS,4919,2468,0,1,0.0,0.4051863857374392
1973,MEX,4209,2178,0,2,0.0,0.9182736455463728
1973,AUT,2586,1268,0,1,0.0,0.7886435331230284
1973,CYP,4394,2284,0,1,0.0,0.43782837127845886
1973,COG,3440,1636,0,1,0.0,0.6112469437652812
1973,POL,3541,1866,0,1,0.0,0.5359056806002144
1973,LKA,4663,2345,0,0,0.0,0.0
1973,PHL,5057,2632,0,0,0.0,0.0
1973,DZA,7122,3480,1,1,0.28735632183908044,0.28735632183908044
1973,YMD,612,315,0,0,0.0,0.0
1973,ECU,4294,2164,0,3,0.0,1.3863216266173752
1973,PRT,6002,2897,0,0,0.0,0.0
1973,BFA,5367,2705,0,0,0.0,0.0
1973,CRI,5546,2819,0,0,0.0,0.0
1973,CHN,7138,3696,0,1,0.0,0.27056277056277056
1973,BGR,2687,1427,0,0,0.0,0.0
1973,GBR,2985,1376,0,0,0.0,0.0
1973,ARE,2463,1198,1,0,0.8347245409015025,0.0
1973,ITA,3568,1811,0,0,0.0,0.0
1973,LSO,2794,1432,1,0,0.6983240223463687,0.0
1973,FJI,3387,1770,0,0,0.0,0.0
1973,TZA,5672,2837,0,0,0.0,0.0
1973,NIC,2623,1336,0,3,0.0,2.245508982035928
1973,NZL,3962,1975,0,1,0.0,0.5063291139240507
1973,EGY,410,187,0,0,0.0,0.0
1973,CSK,3117,1636,0,0,0.0,0.0
1973,NLD,3574,1840,0,0,0.0,0.0
1973,AUS,3940,1995,0,0,0.0,0.0
1973,MMR,2422,1259,0,0,0.0,0.0
1973,SLE,3636,1848,0,0,0.0,0.0
1973,LBN,2751,1375,0,1,0.0,0.7272727272727272
1973,KHM,3658,1899,0,0,0.0,0.0
1973,KEN,4305,2309,0,1,0.0,0.43308791684711995
1973,HND,2326,1124,0,1,0.0,0.889679715302491
1973,SGP,2803,1444,1,2,0.6925207756232687,1.3850415512465375
1973,ISR,5856,2972,0,0,0.0,0.0
1973,CUB,9769,4994,0,3,0.0,0.6007208650380457
1973,SLV,5856,2931,0,4,0.0,1.3647219379051518
1973,SAU,1088,552,0,0,0.0,0.0
1973,FIN,2066,1061,0,0,0.0,0.0
1973,PER,4218,2199,1,2,0.4547521600727603,0.9095043201455206
1973,CHL,7678,3924,0,2,0.0,0.5096839959225281
1973,DEU,4500,2182,0,0,0.0,0.0
1973,COL,5198,2695,0,0,0.0,0.0
1973,HTI,3923,2042,0,3,0.0,1.4691478942213516
1973,MRT,3794,1888,0,1,0.0,0.5296610169491526
1973,ESP,4075,2104,1,0,0.4752851711026616,0.0
1973,MAR,3062,1481,0,0,0.0,0.0
1973,CAN,2246,1170,0,1,0.0,0.8547008547008547
1973,USA,2634,1405,1,1,0.7117437722419929,0.7117437722419929
1973,ZAF,3754,1824,2,1,1.0964912280701753,0.5482456140350876
1973,QAT,1768,937,0,0,0.0,0.0
1973,SDN,4945,2437,1,1,0.4103405826836274,0.4103405826836274
1973,GTM,2357,1221,0,3,0.0,2.457002457002457
1973,BHR,1894,971,0,0,0.0,0.0
1973,GAB,2220,1078,0,0,0.0,0.0
1973,PRY,4096,2112,0,1,0.0,0.4734848484848485
1973,THA,3884,2064,0,2,0.0,0.9689922480620154
1973,UKR,5269,2725,1,1,0.3669724770642202,0.3669724770642202
1973,LAO,2164,1072,0,0,0.0,0.0
1973,NPL,3391,1753,0,1,0.0,0.5704506560182544
1973,LBR,3405,1781,0,1,0.0,0.5614823133071308
1973,BEN,5309,2668,0,0,0.0,0.0
1973,ROU,5558,2824,1,0,0.3541076487252125,0.0
1973,IRN,2534,1294,0,0,0.0,0.0
1973,KWT,1271,665,0,0,0.0,0.0
1973,YEM,944,453,0,0,0.0,0.0
1973,SOM,5740,2952,0,3,0.0,1.016260162601626
1973,JAM,5494,2693,0,2,0.0,0.7426661715558857
1973,IRQ,3035,1565,4,3,2.5559105431309903,1.9169329073482428
1973,SEN,4344,2263,0,2,0.0,0.8837825894829873
1973,NGA,5807,2922,0,1,0.0,0.34223134839151265
1974,BLR,4449,2272,0,0,0.0,0.0
1974,BEL,2937,1462,1,0,0.6839945280437756,0.0
1974,GHA,4514,2273,1,0,0.4399472063352398,0.0
1974,JPN,3551,1843,2,4,1.0851871947911014,2.1703743895822027
1974,RWA,4907,2459,1,0,0.406669377795852,0.0
1974,GUY,6752,3314,0,0,0.0,0.0
1974,BRA,3713,1777,0,8,0.0,4.501969611705121
1974,LBY,3556,1707,0,3,0.0,1.757469244288225
1974,ETH,4194,2207,0,3,0.0,1.359311282283643
1974,DOM,5373,2630,1,0,0.38022813688212925,0.0
1974,TUR,5025,2406,0,0,0.0,0.0
1974,BDI,6824,3477,1,2,0.2876042565429968,0.5752085130859936
1974,IRL,4928,2480,0,2,0.0,0.8064516129032258
1974,NER,3013,1513,1,2,0.6609385327164573,1.3218770654329146
1974,MUS,2919,1495,1,2,0.6688963210702341,1.3377926421404682
1974,MLI,4762,2388,1,1,0.4187604690117253,0.4187604690117253
1974,PAK,2978,1557,0,0,0.0,0.0
1974,FRA,5168,2505,0,0,0.0,0.0
1974,OMN,1865,931,0,3,0.0,3.22234156820623
1974,MNG,2981,1615,0,0,0.0,0.0
1974,LUX,3266,1664,0,0,0.0,0.0
1974,ZMB,6761,3559,0,0,0.0,0.0
1974,URY,4091,2146,0,0,0.0,0.0
1974,AFG,3367,1714,0,1,0.0,0.5834305717619602
1974,HUN,3591,1824,0,0,0.0,0.0
1974,ISL,2467,1216,1,0,0.8223684210526315,0.0
1974,YUG,4611,2356,1,1,0.4244482173174873,0.4244482173174873
1974,GRC,5116,2662,0,0,0.0,0.0
1974,VEN,6380,3175,1,3,0.31496062992125984,0.9448818897637795
1974,COD,4920,2488,1,3,0.40192926045016075,1.2057877813504825
1974,CYP,3617,1772,0,0,0.0,0.0
1974,COG,3389,1701,1,1,0.5878894767783657,0.5878894767783657
1974,AUT,2604,1317,0,0,0.0,0.0
1974,MEX,4919,2489,1,1,0.4017677782241864,0.4017677782241864
1974,MYS,5148,2579,0,2,0.0,0.7754943776657619
1974,BGD,2672,1341,1,2,0.7457121551081282,1.4914243102162563
1974,DDR,3917,2079,0,1,0.0,0.48100048100048104
1974,CAF,4061,2085,0,2,0.0,0.9592326139088729
1974,BGR,3247,1647,0,1,0.0,0.6071645415907712
1974,GBR,1516,728,1,0,1.3736263736263736,0.0
1974,CHN,6649,3524,0,0,0.0,0.0
1974,BFA,10114,5160,0,4,0.0,0.7751937984496124
1974,PRT,4077,2094,0,0,0.0,0.0
1974,CRI,4646,2339,0,0,0.0,0.0
1974,ECU,3530,1770,1,0,0.5649717514124294,0.0
1974,YMD,2504,1281,1,1,0.78064012490242,0.78064012490242
1974,DZA,4278,2014,4,0,1.9860973187686195,0.0
1974,PHL,4833,2504,0,0,0.0,0.0
1974,LKA,5442,2710,1,1,0.36900369003690037,0.36900369003690037
1974,POL,2889,1521,0,0,0.0,0.0
1974,BTN,3405,1775,0,0,0.0,0.0
1974,NOR,2546,1295,0,1,0.0,0.7722007722007722
1974,TUN,3688,1754,0,0,0.0,0.0
1974,SWZ,2167,1129,0,0,0.0,0.0
1974,ALB,5246,2690,0,2,0.0,0.7434944237918215
1974,IND,2441,1245,0,4,0.0,3.21285140562249
1974,ARG,5807,2900,1,11,0.3448275862068965,3.793103448275862
1974,JOR,3894,1943,0,0,0.0,0.0
1974,SWE,2669,1454,0,0,0.0,0.0
1974,BRB,2320,1163,4,2,3.4393809114359417,1.7196904557179709
1974,DNK,2336,1199,0,1,0.0,0.8340283569641368
1974,GIN,4882,2419,1,1,0.41339396444811904,0.41339396444811904
1974,RUS,6693,3357,0,2,0.0,0.5957700327673517
1974,IDN,5664,2968,0,2,0.0,0.6738544474393532
1974,BOL,2734,1374,0,1,0.0,0.727802037845706
1974,GNQ,4392,2126,0,0,0.0,0.0
1974,SYR,4028,2035,0,2,0.0,0.9828009828009828
1974,CUB,6883,3566,1,2,0.28042624789680315,0.5608524957936063
1974,ISR,4798,2300,0,0,0.0,0.0
1974,SGP,2938,1516,0,0,0.0,0.0
1974,HND,742,364,0,1,0.0,2.7472527472527473
1974,CIV,4326,2099,1,0,0.4764173415912339,0.0
1974,KEN,4988,2538,1,1,0.39401103230890466,0.39401103230890466
1974,KHM,5540,2634,0,0,0.0,0.0
1974,COL,3503,1732,1,1,0.5773672055427251,0.5773672055427251
1974,DEU,4820,2438,0,1,0.0,0.41017227235438886
1974,CHL,3565,1865,1,1,0.5361930294906166,0.5361930294906166
1974,PER,4151,2142,1,4,0.4668534080298786,1.8674136321195145
1974,FIN,1836,967,0,0,0.0,0.0
1974,SAU,1463,722,0,0,0.0,0.0
1974,GMB,2441,1249,1,0,0.8006405124099278,0.0
1974,SLV,2408,1244,2,0,1.607717041800643,0.0
1974,NIC,3137,1571,1,7,0.6365372374283895,4.455760661998728
1974,TZA,4964,2492,0,0,0.0,0.0
1974,LSO,2394,1187,0,0,0.0,0.0
1974,ITA,4272,2157,2,2,0.9272137227630969,0.9272137227630969
1974,TCD,2479,1267,1,2,0.7892659826361483,1.5785319652722967
1974,ARE,2573,1289,0,0,0.0,0.0
1974,LBN,2648,1315,0,0,0.0,0.0
1974,SLE,3044,1554,0,0,0.0,0.0
1974,TGO,3710,1883,0,4,0.0,2.1242697822623473
1974,MMR,2060,1080,3,1,2.7777777777777777,0.9259259259259259
1974,AUS,4039,2116,0,0,0.0,0.0
1974,NLD,3658,1961,1,1,0.5099439061703213,0.5099439061703213
1974,UGA,4607,2325,2,2,0.8602150537634409,0.8602150537634409
1974,CSK,3580,1889,0,0,0.0,0.0
1974,EGY,6808,3246,1,3,0.30807147258163897,0.9242144177449169
1974,NZL,3768,1933,1,3,0.5173305742369374,1.5519917227108122
1974,ROU,4898,2500,0,0,0.0,0.0
1974,GRD,3215,1662,1,5,0.601684717208183,3.0084235860409145
1974,BEN,6639,3269,1,2,0.3059039461609055,0.611807892321811
1974,NPL,4497,2302,2,0,0.8688097306689835,0.0
1974,LBR,3897,2042,1,0,0.48971596474045054,0.0
1974,CMR,3089,1576,1,2,0.6345177664974618,1.2690355329949237
1974,UKR,4553,2352,0,2,0.0,0.8503401360544217
1974,LAO,2224,1154,1,0,0.8665511265164644,0.0
1974,THA,4517,2325,1,0,0.43010752688172044,0.0
1974,PRY,3355,1694,2,0,1.1806375442739079,0.0
1974,GAB,2047,1037,0,2,0.0,1.9286403085824495
1974,BHR,3766,1823,0,3,0.0,1.6456390565002743
1974,NGA,2599,1352,0,1,0.0,0.7396449704142012
1974,SEN,5042,2603,0,5,0.0,1.920860545524395
1974,MLT,4804,2472,1,1,0.4045307443365696,0.4045307443365696
1974,IRQ,4883,2506,3,3,1.1971268954509178,1.1971268954509178
1974,JAM,4253,2116,1,0,0.4725897920604915,0.0
1974,YEM,4050,1976,0,1,0.0,0.5060728744939271
1974,SOM,5089,2632,0,1,0.0,0.3799392097264438
1974,KWT,4757,2398,0,4,0.0,1.6680567139282736
1974,IRN,4733,2375,1,0,0.4210526315789474,0.0
1974,CAN,2742,1443,0,1,0.0,0.693000693000693
1974,MAR,6053,2996,0,0,0.0,0.0
1974,ESP,5214,2616,0,1,0.0,0.382262996941896
1974,MRT,4477,2274,0,0,0.0,0.0
1974,HTI,2859,1481,0,2,0.0,1.350438892640108
1974,BWA,3879,1944,2,0,1.02880658436214,0.0
1974,GTM,2689,1346,1,1,0.7429420505200593,0.7429420505200593
1974,SDN,4800,2355,0,0,0.0,0.0
1974,QAT,1705,855,0,0,0.0,0.0
1974,USA,4277,2290,0,1,0.0,0.4366812227074236
1975,MRT,2429,1213,0,0,0.0,0.0
1975,ESP,5903,2890,1,0,0.3460207612456747,0.0
1975,MAR,4441,2226,0,0,0.0,0.0
1975,CAN,3363,1728,0,0,0.0,0.0
1975,QAT,1589,795,0,1,0.0,1.2578616352201257
1975,USA,5382,2889,0,2,0.0,0.6922810661128419
1975,GTM,3895,1969,0,0,0.0,0.0
1975,SDN,2665,1274,0,0,0.0,0.0
1975,MOZ,6095,3125,0,1,0.0,0.32
1975,BWA,3879,1976,0,0,0.0,0.0
1975,GAB,1957,958,0,0,0.0,0.0
1975,BHR,4286,2128,0,1,0.0,0.4699248120300752
1975,PRY,3841,1974,0,4,0.0,2.026342451874367
1975,THA,3317,1700,0,1,0.0,0.588235294117647
1975,NPL,4019,2112,0,0,0.0,0.0
1975,CMR,4159,2078,0,0,0.0,0.0
1975,LBR,3404,1814,0,2,0.0,1.1025358324145536
1975,UKR,3162,1657,0,0,0.0,0.0
1975,LAO,2453,1313,0,1,0.0,0.7616146230007617
1975,ROU,5427,2781,0,0,0.0,0.0
1975,BEN,4913,2384,0,0,0.0,0.0
1975,MWI,2030,984,0,0,0.0,0.0
1975,GRD,2503,1237,0,1,0.0,0.8084074373484236
1975,IRN,3085,1595,0,1,0.0,0.6269592476489029
1975,KWT,3491,1813,0,1,0.0,0.5515719801434088
1975,IRQ,3165,1623,0,0,0.0,0.0
1975,SOM,5999,3067,0,1,0.0,0.32605151613955
1975,YEM,3103,1598,0,0,0.0,0.0
1975,JAM,2847,1416,0,0,0.0,0.0
1975,SEN,5271,2677,0,1,0.0,0.3735524841240194
1975,NGA,4877,2516,0,0,0.0,0.0
1975,ITA,4730,2408,0,0,0.0,0.0
1975,ARE,2321,1219,0,1,0.0,0.8203445447087777
1975,TCD,3740,1885,0,0,0.0,0.0
1975,LSO,3986,2117,0,0,0.0,0.0
1975,FJI,4146,2169,0,0,0.0,0.0
1975,TZA,4134,2098,0,0,0.0,0.0
1975,NIC,2570,1325,0,4,0.0,3.0188679245283017
1975,NZL,3646,1873,0,0,0.0,0.0
1975,UGA,9297,4731,0,6,0.0,1.2682308180088777
1975,CSK,3457,1811,0,1,0.0,0.5521811154058531
1975,TGO,2884,1514,0,2,0.0,1.321003963011889
1975,MMR,2475,1306,0,0,0.0,0.0
1975,NLD,3641,1973,0,0,0.0,0.0
1975,AUS,3671,1834,0,2,0.0,1.0905125408942202
1975,SLE,3416,1735,0,0,0.0,0.0
1975,KHM,4230,2189,0,1,0.0,0.4568296025582458
1975,KEN,5384,2658,0,0,0.0,0.0
1975,SGP,3491,1736,0,0,0.0,0.0
1975,HND,2520,1253,0,2,0.0,1.5961691939345573
1975,CUB,4558,2359,0,3,0.0,1.271725307333616
1975,ISR,3829,1899,0,0,0.0,0.0
1975,SLV,2069,1088,0,1,0.0,0.9191176470588235
1975,SAU,2402,1182,0,1,0.0,0.8460236886632826
1975,FIN,725,391,0,1,0.0,2.557544757033248
1975,PER,5001,2618,0,1,0.0,0.3819709702062643
1975,DEU,4419,2270,0,0,0.0,0.0
1975,COL,4305,2167,0,2,0.0,0.9229349330872173
1975,CHL,6059,3057,0,0,0.0,0.0
1975,BRB,2627,1305,0,0,0.0,0.0
1975,ARG,3164,1578,0,0,0.0,0.0
1975,IND,3220,1637,0,0,0.0,0.0
1975,SWE,2778,1444,0,0,0.0,0.0
1975,JOR,3229,1672,0,1,0.0,0.5980861244019139
1975,MDG,5057,2496,0,0,0.0,0.0
1975,NOR,3163,1638,0,1,0.0,0.6105006105006106
1975,TUN,4099,1949,0,0,0.0,0.0
1975,BTN,2335,1208,0,1,0.0,0.8278145695364238
1975,ALB,6262,3118,0,0,0.0,0.0
1975,IDN,4757,2483,0,0,0.0,0.0
1975,SYR,4011,2020,1,0,0.49504950495049505,0.0
1975,GNQ,4833,2424,0,1,0.0,0.41254125412541254
1975,BOL,4710,2441,1,2,0.40966816878328555,0.8193363375665711
1975,RUS,6483,3262,0,0,0.0,0.0
1975,GIN,3525,1835,1,1,0.5449591280653951,0.5449591280653951
1975,DNK,2278,1193,0,0,0.0,0.0
1975,MYS,3913,1936,0,0,0.0,0.0
1975,CAF,5909,3122,1,3,0.32030749519538754,0.9609224855861628
1975,DDR,3491,1851,0,0,0.0,0.0
1975,BGD,3432,1841,0,2,0.0,1.0863661053775122
1975,COG,3075,1509,0,0,0.0,0.0
1975,CYP,4824,2428,0,0,0.0,0.0
1975,MEX,5330,2672,1,1,0.37425149700598803,0.37425149700598803
1975,AUT,3155,1620,0,0,0.0,0.0
1975,PHL,2413,1255,0,0,0.0,0.0
1975,LKA,4085,2076,0,0,0.0,0.0
1975,POL,3219,1723,1,0,0.5803830528148578,0.0
1975,YMD,1829,976,0,2,0.0,2.0491803278688527
1975,DZA,5421,2571,1,1,0.38895371450797356,0.38895371450797356
1975,CHN,7071,3735,0,1,0.0,0.2677376171352075
1975,ECU,4730,2415,0,3,0.0,1.2422360248447206
1975,PRT,4099,2145,0,0,0.0,0.0
1975,BFA,3239,1672,0,0,0.0,0.0
1975,CRI,4498,2177,0,0,0.0,0.0
1975,BGR,3825,1972,0,0,0.0,0.0
1975,GBR,3225,1592,0,0,0.0,0.0
1975,PAN,4036,2043,0,5,0.0,2.4473813020068524
1975,URY,5390,2703,0,1,0.0,0.3699593044765076
1975,AFG,2445,1250,0,0,0.0,0.0
1975,ZMB,4906,2574,0,1,0.0,0.3885003885003885
1975,COD,5827,2954,0,3,0.0,1.015572105619499
1975,VEN,3897,1995,1,2,0.5012531328320802,1.0025062656641603
1975,ISL,2670,1347,0,1,0.0,0.7423904974016332
1975,YUG,5245,2768,0,2,0.0,0.722543352601156
1975,HUN,3279,1697,0,0,0.0,0.0
1975,GRC,2367,1150,0,1,0.0,0.8695652173913044
1975,GUY,3904,1971,1,1,0.5073566717402334,0.5073566717402334
1975,RWA,4914,2436,0,2,0.0,0.8210180623973727
1975,JPN,2664,1441,1,1,0.6939625260235947,0.6939625260235947
1975,BEL,3881,1936,0,0,0.0,0.0
1975,GHA,3494,1804,0,0,0.0,0.0
1975,BLR,4517,2283,0,1,0.0,0.43802014892685065
1975,OMN,1622,814,0,0,0.0,0.0
1975,MNG,3758,1991,0,0,0.0,0.0
1975,BDI,4515,2239,0,0,0.0,0.0
1975,PAK,2960,1512,0,0,0.0,0.0
1975,MLI,3707,1864,0,0,0.0,0.0
1975,FRA,5005,2490,0,0,0.0,0.0
1975,IRL,5407,2666,1,0,0.37509377344336087,0.0
1975,NER,3434,1678,0,1,0.0,0.5959475566150179
1975,MUS,1531,778,0,0,0.0,0.0
1975,TUR,3162,1568,0,0,0.0,0.0
1975,LBY,4813,2384,0,1,0.0,0.41946308724832215
1975,BRA,2521,1262,0,0,0.0,0.0
1975,DOM,3127,1617,0,0,0.0,0.0
1975,ETH,4010,2069,0,0,0.0,0.0
1976,QAT,2078,1051,0,0,0.0,0.0
1976,USA,6892,3671,1,1,0.27240533914464726,0.27240533914464726
1976,GTM,1193,549,0,1,0.0,1.8214936247723132
1976,SDN,3024,1589,0,0,0.0,0.0
1976,MOZ,6623,3374,0,1,0.0,0.2963841138114997
1976,BWA,4985,2604,0,0,0.0,0.0
1976,MRT,6161,3000,0,1,0.0,0.3333333333333333
1976,ESP,4689,2293,0,0,0.0,0.0
1976,MAR,4583,2182,0,0,0.0,0.0
1976,CAN,3191,1645,0,0,0.0,0.0
1976,IRN,3078,1604,0,0,0.0,0.0
1976,KWT,3125,1603,0,2,0.0,1.2476606363069245
1976,IRQ,5233,2612,0,0,0.0,0.0
1976,MLT,4177,2141,0,2,0.0,0.9341429238673516
1976,YEM,3183,1715,0,2,0.0,1.1661807580174928
1976,SOM,6569,3403,0,1,0.0,0.2938583602703497
1976,JAM,3616,1883,0,0,0.0,0.0
1976,SEN,3823,1900,0,0,0.0,0.0
1976,NGA,4580,2370,0,1,0.0,0.4219409282700422
1976,GAB,3747,1832,0,0,0.0,0.0
1976,BHR,5001,2512,0,0,0.0,0.0
1976,PRY,2141,1077,0,2,0.0,1.8570102135561746
1976,NPL,3687,1933,0,0,0.0,0.0
1976,LBR,3302,1768,0,0,0.0,0.0
1976,CMR,5259,2599,0,0,0.0,0.0
1976,UKR,3817,2016,1,0,0.496031746031746,0.0
1976,LAO,3360,1728,0,0,0.0,0.0
1976,ROU,5451,2731,0,0,0.0,0.0
1976,STP,4316,2177,0,5,0.0,2.296738631143776
1976,BEN,3759,1902,0,0,0.0,0.0
1976,GRD,3911,1915,0,0,0.0,0.0
1976,EGY,6411,3298,0,1,0.0,0.3032140691328078
1976,NZL,4370,2152,0,0,0.0,0.0
1976,UGA,3959,2091,0,1,0.0,0.47824007651841227
1976,CPV,2977,1586,0,0,0.0,0.0
1976,CSK,3906,1995,0,0,0.0,0.0
1976,TGO,4193,2048,0,0,0.0,0.0
1976,MMR,2612,1374,0,0,0.0,0.0
1976,AUS,3289,1657,2,0,1.2070006035003018,0.0
1976,NLD,5407,2838,0,0,0.0,0.0
1976,LBN,4403,2152,0,1,0.0,0.4646840148698885
1976,SLE,4087,2142,0,0,0.0,0.0
1976,ITA,3782,1905,0,0,0.0,0.0
1976,ARE,2411,1246,0,0,0.0,0.0
1976,TCD,4000,2101,0,2,0.0,0.9519276534983341
1976,LSO,5457,2772,0,1,0.0,0.36075036075036077
1976,FJI,2473,1134,0,0,0.0,0.0
1976,TZA,5879,2911,0,0,0.0,0.0
1976,PNG,1356,690,0,0,0.0,0.0
1976,NIC,4719,2353,0,1,0.0,0.42498937526561836
1976,SLV,3398,1741,0,0,0.0,0.0
1976,FIN,2696,1416,0,0,0.0,0.0
1976,SAU,2308,1177,0,0,0.0,0.0
1976,PER,3285,1689,0,2,0.0,1.1841326228537594
1976,DEU,5747,2982,0,0,0.0,0.0
1976,COL,3069,1519,1,0,0.6583278472679394,0.0
1976,CHL,3637,1862,0,1,0.0,0.5370569280343717
1976,KHM,6075,3118,0,5,0.0,1.603592046183451
1976,MDV,2070,1041,0,1,0.0,0.9606147934678194
1976,KEN,5837,2970,0,0,0.0,0.0
1976,SGP,4080,2083,0,0,0.0,0.0
1976,HND,2412,1167,0,1,0.0,0.8568980291345331
1976,CUB,6218,3209,0,1,0.0,0.3116235587410408
1976,ISR,3591,1744,0,0,0.0,0.0
1976,IDN,4946,2565,0,0,0.0,0.0
1976,SYR,4483,2315,0,0,0.0,0.0
1976,BOL,3100,1583,0,0,0.0,0.0
1976,RUS,8130,4124,0,0,0.0,0.0
1976,GIN,3417,1838,0,1,0.0,0.544069640914037
1976,DNK,3054,1567,0,0,0.0,0.0
1976,BRB,3683,1869,0,0,0.0,0.0
1976,ARG,4415,2229,0,0,0.0,0.0
1976,IND,3844,2000,0,0,0.0,0.0
1976,SWE,2444,1302,0,0,0.0,0.0
1976,JOR,3233,1671,0,0,0.0,0.0
1976,MDG,5357,2670,0,0,0.0,0.0
1976,NOR,3254,1683,0,0,0.0,0.0
1976,TUN,3203,1598,1,0,0.6257822277847309,0.0
1976,BTN,2120,1121,1,0,0.8920606601248885,0.0
1976,ALB,4788,2409,0,1,0.0,0.41511000415110005
1976,SWZ,2367,1224,0,3,0.0,2.450980392156863
1976,PHL,4208,2129,0,1,0.0,0.46970408642555195
1976,LKA,6606,3243,0,0,0.0,0.0
1976,POL,3481,1853,0,0,0.0,0.0
1976,YMD,1744,905,0,0,0.0,0.0
1976,DZA,5887,2758,0,0,0.0,0.0
1976,CHN,3391,1866,0,0,0.0,0.0
1976,ECU,3958,2022,0,3,0.0,1.483679525222552
1976,PRT,3387,1736,0,1,0.0,0.576036866359447
1976,BFA,3627,1790,0,0,0.0,0.0
1976,CRI,3951,1958,0,0,0.0,0.0
1976,GBR,3634,1824,0,0,0.0,0.0
1976,BGR,3479,1761,0,1,0.0,0.5678591709256104
1976,GNB,3145,1571,0,2,0.0,1.273074474856779
1976,MYS,3431,1821,0,0,0.0,0.0
1976,CAF,6569,3371,0,1,0.0,0.2966478789676654
1976,BGD,3671,1872,0,0,0.0,0.0
1976,DDR,3151,1696,0,0,0.0,0.0
1976,CYP,4643,2387,0,0,0.0,0.0
1976,COG,4382,2235,0,2,0.0,0.894854586129754
1976,MEX,5742,2916,0,2,0.0,0.6858710562414265
1976,AUT,3450,1790,0,0,0.0,0.0
1976,COD,7607,3679,0,2,0.0,0.5436259853220984
1976,VEN,4449,2278,0,2,0.0,0.8779631255487269
1976,ISL,2130,1062,0,0,0.0,0.0
1976,YUG,4092,2133,0,0,0.0,0.0
1976,HUN,3350,1794,0,0,0.0,0.0
1976,GRC,2780,1347,0,0,0.0,0.0
1976,SUR,3137,1610,0,1,0.0,0.6211180124223603
1976,URY,4797,2439,0,0,0.0,0.0
1976,PAN,5667,2897,0,2,0.0,0.6903693476009665
1976,AFG,2778,1477,0,1,0.0,0.6770480704129993
1976,COM,3211,1557,0,0,0.0,0.0
1976,ZMB,6177,3328,0,3,0.0,0.9014423076923077
1976,OMN,2798,1447,0,0,0.0,0.0
1976,MNG,3959,2089,0,0,0.0,0.0
1976,BDI,3627,1852,0,1,0.0,0.5399568034557236
1976,PAK,2753,1435,0,0,0.0,0.0
1976,MLI,5101,2561,0,0,0.0,0.0
1976,FRA,5106,2530,0,0,0.0,0.0
1976,IRL,5767,2800,0,0,0.0,0.0
1976,MUS,2224,1110,0,0,0.0,0.0
1976,NER,3779,1892,0,0,0.0,0.0
1976,TUR,4337,2216,0,0,0.0,0.0
1976,LBY,5631,2961,0,1,0.0,0.33772374197906113
1976,BRA,2860,1454,0,0,0.0,0.0
1976,DOM,5340,2671,1,1,0.3743916136278548,0.3743916136278548
1976,ETH,6534,3302,0,3,0.0,0.9085402786190188
1976,GUY,3254,1673,0,1,0.0,0.5977286312014345
1976,RWA,4159,2160,0,1,0.0,0.46296296296296297
1976,JPN,4544,2358,0,1,0.0,0.42408821034775235
1976,BEL,4561,2268,0,0,0.0,0.0
1976,GHA,4593,2311,0,0,0.0,0.0
1976,BLR,4116,2148,0,0,0.0,0.0
1977,MEX,4870,2583,0,1,0.0,0.38714672861014326
1977,AUT,3717,1935,0,0,0.0,0.0
1977,COG,2214,1159,0,1,0.0,0.8628127696289906
1977,CYP,3398,1750,0,0,0.0,0.0
1977,CAF,2969,1547,0,0,0.0,0.0
1977,DDR,3897,2071,0,0,0.0,0.0
1977,BGD,4887,2646,1,1,0.3779289493575208,0.3779289493575208
1977,MYS,1754,895,0,0,0.0,0.0
1977,GNB,4530,2222,0,3,0.0,1.3501350135013501
1977,BGR,3216,1651,0,1,0.0,0.6056935190793459
1977,GBR,4006,2065,0,0,0.0,0.0
1977,ECU,4214,2182,0,2,0.0,0.9165902841429882
1977,CRI,3836,1960,0,0,0.0,0.0
1977,BFA,3327,1728,0,0,0.0,0.0
1977,PRT,5229,2593,0,0,0.0,0.0
1977,CHN,6296,3363,0,1,0.0,0.29735355337496283
1977,DZA,5949,2922,0,2,0.0,0.6844626967830253
1977,YMD,2127,1110,0,0,0.0,0.0
1977,POL,4222,2140,0,0,0.0,0.0
1977,LKA,4532,2360,0,1,0.0,0.423728813559322
1977,PHL,2289,1169,0,0,0.0,0.0
1977,ALB,5448,2678,0,0,0.0,0.0
1977,SWZ,1992,1042,0,0,0.0,0.0
1977,TUN,4327,2141,0,0,0.0,0.0
1977,NOR,3011,1572,1,0,0.6361323155216285,0.0
1977,BTN,2927,1519,0,0,0.0,0.0
1977,MDG,4590,2266,0,0,0.0,0.0
1977,SWE,3678,1975,0,0,0.0,0.0
1977,JOR,2485,1315,0,0,0.0,0.0
1977,ARG,4310,2196,0,2,0.0,0.9107468123861566
1977,IND,5182,2720,1,1,0.3676470588235294,0.3676470588235294
1977,BRB,4434,2371,0,1,0.0,0.42176296921130324
1977,DNK,2799,1479,0,0,0.0,0.0
1977,GIN,5639,2893,0,1,0.0,0.3456619426201175
1977,RUS,8280,4140,0,1,0.0,0.24154589371980675
1977,SYR,3534,1811,0,0,0.0,0.0
1977,BOL,2789,1435,0,0,0.0,0.0
1977,IDN,3925,2093,0,0,0.0,0.0
1977,BLR,3763,1908,0,1,0.0,0.5241090146750524
1977,WSM,2360,1148,0,1,0.0,0.8710801393728222
1977,GHA,4391,2241,0,0,0.0,0.0
1977,BEL,5403,2718,0,0,0.0,0.0
1977,RWA,2987,1516,0,0,0.0,0.0
1977,JPN,3407,1811,0,0,0.0,0.0
1977,ETH,5268,2779,0,0,0.0,0.0
1977,BRA,3439,1767,0,0,0.0,0.0
1977,LBY,8185,4116,0,3,0.0,0.7288629737609329
1977,TUR,3631,1838,0,0,0.0,0.0
1977,FRA,4425,2198,3,1,1.364877161055505,0.45495905368516837
1977,MLI,4959,2511,0,0,0.0,0.0
1977,PAK,4257,2273,0,0,0.0,0.0
1977,NER,4328,2192,0,1,0.0,0.4562043795620438
1977,MUS,3685,1925,0,0,0.0,0.0
1977,IRL,7030,3434,0,0,0.0,0.0
1977,BDI,6828,3538,0,2,0.0,0.5652911249293385
1977,MNG,3848,2034,0,0,0.0,0.0
1977,OMN,2950,1513,0,0,0.0,0.0
1977,LUX,4146,2008,0,0,0.0,0.0
1977,ZMB,4836,2590,0,0,0.0,0.0
1977,COM,2616,1296,0,0,0.0,0.0
1977,AFG,1969,986,0,0,0.0,0.0
1977,SUR,3345,1728,1,0,0.5787037037037037,0.0
1977,PAN,4595,2316,0,1,0.0,0.4317789291882556
1977,URY,3939,2026,0,0,0.0,0.0
1977,GRC,1965,967,0,0,0.0,0.0
1977,YUG,6247,3275,0,0,0.0,0.0
1977,ISL,2794,1337,0,0,0.0,0.0
1977,HUN,3443,1814,0,0,0.0,0.0
1977,VEN,3779,1880,0,0,0.0,0.0
1977,COD,3217,1623,1,1,0.6161429451632779,0.6161429451632779
1977,MWI,2446,1244,0,0,0.0,0.0
1977,BEN,4508,2255,0,2,0.0,0.8869179600886918
1977,GRD,5480,2792,0,2,0.0,0.7163323782234957
1977,ROU,4109,2087,0,0,0.0,0.0
1977,STP,4342,2176,0,0,0.0,0.0
1977,LAO,1931,1040,0,1,0.0,0.9615384615384616
1977,UKR,3607,1861,0,1,0.0,0.5373455131649651
1977,CMR,3252,1677,0,0,0.0,0.0
1977,LBR,2746,1439,0,0,0.0,0.0
1977,NPL,3046,1609,1,0,0.6215040397762585,0.0
1977,THA,5594,3023,0,0,0.0,0.0
1977,PRY,1738,900,0,1,0.0,1.1111111111111112
1977,BHR,3686,1886,0,1,0.0,0.5302226935312832
1977,SEN,4961,2502,0,0,0.0,0.0
1977,NGA,3234,1624,0,0,0.0,0.0
1977,SOM,4166,2139,0,0,0.0,0.0
1977,YEM,3156,1638,0,0,0.0,0.0
1977,JAM,4474,2363,1,0,0.4231908590774439,0.0
1977,IRQ,5379,2734,0,0,0.0,0.0
1977,KWT,3486,1819,0,0,0.0,0.0
1977,IRN,2443,1285,0,0,0.0,0.0
1977,CAN,4811,2447,1,0,0.4086636697997548,0.0
1977,MAR,6252,3130,0,0,0.0,0.0
1977,HTI,3535,1767,0,0,0.0,0.0
1977,MRT,5318,2627,0,0,0.0,0.0
1977,ESP,4615,2371,2,0,0.8435259384226065,0.0
1977,TTO,2455,1265,0,0,0.0,0.0
1977,BWA,5015,2579,0,0,0.0,0.0
1977,MOZ,6617,3356,0,1,0.0,0.29797377830750893
1977,SDN,3532,1846,0,0,0.0,0.0
1977,GTM,3631,1845,0,0,0.0,0.0
1977,USA,3346,1730,0,0,0.0,0.0
1977,QAT,3159,1618,0,0,0.0,0.0
1977,ISR,4223,2076,0,0,0.0,0.0
1977,CUB,6925,3498,0,0,0.0,0.0
1977,CIV,5025,2506,0,0,0.0,0.0
1977,HND,3671,1856,0,2,0.0,1.0775862068965516
1977,SGP,3625,1891,0,0,0.0,0.0
1977,KEN,5745,2898,0,2,0.0,0.6901311249137336
1977,KHM,6951,3555,0,2,0.0,0.5625879043600562
1977,MDV,1771,903,0,1,0.0,1.1074197120708749
1977,CHL,3593,1816,0,0,0.0,0.0
1977,COL,3289,1661,0,0,0.0,0.0
1977,DEU,5615,2969,0,0,0.0,0.0
1977,PER,2046,1015,0,0,0.0,0.0
1977,SYC,1892,936,0,0,0.0,0.0
1977,FIN,2443,1282,0,0,0.0,0.0
1977,SAU,2328,1218,0,0,0.0,0.0
1977,GMB,3971,1949,0,1,0.0,0.513083632632119
1977,SLV,2241,1132,0,0,0.0,0.0
1977,NIC,3254,1641,0,0,0.0,0.0
1977,PNG,1713,924,0,0,0.0,0.0
1977,FJI,2889,1417,1,3,0.7057163020465773,2.117148906139732
1977,TZA,4545,2305,0,0,0.0,0.0
1977,LSO,4423,2258,0,0,0.0,0.0
1977,ARE,2609,1346,0,0,0.0,0.0
1977,TCD,2691,1349,0,0,0.0,0.0
1977,ITA,4300,2210,1,1,0.45248868778280543,0.45248868778280543
1977,AGO,3111,1608,0,0,0.0,0.0
1977,SLE,4315,2181,0,0,0.0,0.0
1977,LBN,2894,1415,2,0,1.4134275618374557,0.0
1977,AUS,5045,2585,5,0,1.9342359767891684,0.0
1977,NLD,4144,2211,4,0,1.8091361374943464,0.0
1977,MMR,2316,1209,0,0,0.0,0.0
1977,TGO,3318,1643,0,0,0.0,0.0
1977,CSK,4038,2038,0,0,0.0,0.0
1977,UGA,4886,2471,0,1,0.0,0.40469445568595713
1977,CPV,2708,1355,0,0,0.0,0.0
1977,NZL,3812,1913,0,0,0.0,0.0
1977,EGY,6498,3181,0,0,0.0,0.0
1978,NIC,2294,1112,0,0,0.0,0.0
1978,PNG,2440,1275,0,2,0.0,1.5686274509803921
1978,FJI,3432,1747,0,1,0.0,0.5724098454493417
1978,TZA,2975,1513,0,0,0.0,0.0
1978,LSO,5146,2641,0,0,0.0,0.0
1978,ARE,2148,1137,0,0,0.0,0.0
1978,TCD,5081,2582,0,0,0.0,0.0
1978,AGO,3750,1954,0,1,0.0,0.5117707267144319
1978,ITA,3275,1694,0,0,0.0,0.0
1978,SLE,4033,2089,1,0,0.47869794159885115,0.0
1978,LBN,2768,1357,0,0,0.0,0.0
1978,AUS,5097,2663,2,0,0.7510326699211416,0.0
1978,NLD,4039,2161,0,0,0.0,0.0
1978,MMR,2358,1266,0,0,0.0,0.0
1978,TGO,2913,1518,0,0,0.0,0.0
1978,CSK,3837,1968,0,0,0.0,0.0
1978,UGA,2507,1297,0,0,0.0,0.0
1978,CPV,3995,2045,0,2,0.0,0.9779951100244498
1978,NZL,3713,1895,0,0,0.0,0.0
1978,EGY,5973,3083,0,1,0.0,0.3243593902043464
1978,ISR,2214,1149,0,0,0.0,0.0
1978,CUB,5105,2661,1,1,0.37579857196542654,0.37579857196542654
1978,CIV,3865,1942,0,0,0.0,0.0
1978,HND,5141,2639,1,0,0.378931413414172,0.0
1978,SGP,3505,1838,0,0,0.0,0.0
1978,KEN,7055,3643,0,2,0.0,0.5489980785067252
1978,KHM,7582,3822,0,1,0.0,0.26164311878597596
1978,MDV,1701,872,1,0,1.146788990825688,0.0
1978,CHL,3930,1992,0,0,0.0,0.0
1978,DEU,7230,3711,4,0,1.0778765831312314,0.0
1978,COL,2820,1487,0,2,0.0,1.3449899125756557
1978,PER,3473,1737,0,1,0.0,0.5757052389176742
1978,SYC,3615,1795,0,0,0.0,0.0
1978,FIN,2644,1401,0,0,0.0,0.0
1978,SLV,4560,2334,0,0,0.0,0.0
1978,GMB,7598,3939,3,1,0.7616146230007617,0.2538715410002539
1978,CAN,5475,2825,0,1,0.0,0.35398230088495575
1978,MAR,6348,3253,0,0,0.0,0.0
1978,HTI,4131,2050,0,0,0.0,0.0
1978,MRT,1893,949,0,0,0.0,0.0
1978,ESP,5098,2561,0,0,0.0,0.0
1978,TTO,3420,1792,0,0,0.0,0.0
1978,BWA,3231,1630,0,0,0.0,0.0
1978,SDN,6888,3528,0,0,0.0,0.0
1978,MOZ,4903,2515,0,2,0.0,0.7952286282306164
1978,GTM,7265,3741,0,2,0.0,0.5346164127238706
1978,USA,5687,3093,7,0,2.2631749110895574,0.0
1978,QAT,3051,1601,0,3,0.0,1.8738288569643973
1978,BEN,5699,2889,0,3,0.0,1.0384215991692627
1978,GRD,8172,4227,1,0,0.2365744026496333,0.0
1978,ROU,3698,1911,0,1,0.0,0.5232862375719519
1978,STP,3667,1890,0,1,0.0,0.5291005291005292
1978,LAO,2127,1128,0,0,0.0,0.0
1978,UKR,3738,1949,0,0,0.0,0.0
1978,LBR,2959,1600,0,1,0.0,0.625
1978,CMR,4033,2031,0,0,0.0,0.0
1978,NPL,4440,2428,0,0,0.0,0.0
1978,THA,3532,1910,0,0,0.0,0.0
1978,BHR,3486,1749,0,0,0.0,0.0
1978,GAB,3184,1570,0,0,0.0,0.0
1978,SEN,4389,2252,0,0,0.0,0.0
1978,NGA,3914,2043,0,0,0.0,0.0
1978,YEM,3395,1772,0,0,0.0,0.0
1978,SOM,4454,2344,0,0,0.0,0.0
1978,JAM,4623,2363,1,0,0.4231908590774439,0.0
1978,IRQ,4853,2529,0,0,0.0,0.0
1978,MLT,4256,2189,4,2,1.8273184102329831,0.9136592051164916
1978,KWT,3847,2003,0,0,0.0,0.0
1978,IRN,2254,1185,0,0,0.0,0.0
1978,LUX,2504,1247,0,0,0.0,0.0
1978,ZMB,5114,2707,0,0,0.0,0.0
1978,COM,3899,1922,0,1,0.0,0.5202913631633715
1978,AFG,4468,2350,0,1,0.0,0.425531914893617
1978,SUR,3872,2004,0,0,0.0,0.0
1978,URY,3616,1849,0,1,0.0,0.5408328826392645
1978,PAN,4589,2371,0,0,0.0,0.0
1978,GRC,2596,1289,0,0,0.0,0.0
1978,YUG,4093,2083,0,0,0.0,0.0
1978,ISL,2317,1212,0,0,0.0,0.0
1978,HUN,3308,1730,0,0,0.0,0.0
1978,VEN,4004,2032,0,0,0.0,0.0
1978,COD,4341,2174,0,0,0.0,0.0
1978,BLR,4013,2117,0,1,0.0,0.4723665564478035
1978,GHA,4534,2337,0,0,0.0,0.0
1978,WSM,2449,1234,0,1,0.0,0.8103727714748784
1978,BEL,4312,2190,0,0,0.0,0.0
1978,RWA,2083,1074,1,0,0.931098696461825,0.0
1978,JPN,3182,1652,4,1,2.4213075060532687,0.6053268765133172
1978,GUY,3287,1761,0,0,0.0,0.0
1978,DOM,2538,1274,0,0,0.0,0.0
1978,ETH,5259,2842,0,0,0.0,0.0
1978,LBY,5321,2612,0,0,0.0,0.0
1978,BRA,2330,1187,0,1,0.0,0.8424599831508003
1978,TUR,5071,2658,0,0,0.0,0.0
1978,FRA,6209,3084,1,0,0.324254215304799,0.0
1978,PAK,4941,2690,0,0,0.0,0.0
1978,MLI,4201,2158,0,0,0.0,0.0
1978,NER,3485,1761,0,0,0.0,0.0
1978,MUS,1701,912,0,1,0.0,1.0964912280701753
1978,IRL,5979,2935,0,0,0.0,0.0
1978,VNM,3015,1613,0,1,0.0,0.6199628022318661
1978,BDI,4333,2231,0,1,0.0,0.44822949350067237
1978,MNG,3668,1963,0,1,0.0,0.5094243504839532
1978,OMN,2289,1169,0,0,0.0,0.0
1978,ALB,4475,2279,0,0,0.0,0.0
1978,TUN,3565,1814,0,0,0.0,0.0
1978,NOR,2949,1552,0,0,0.0,0.0
1978,BTN,2658,1361,0,0,0.0,0.0
1978,MDG,4518,2137,1,0,0.46794571829667764,0.0
1978,SWE,5245,2869,0,1,0.0,0.34855350296270476
1978,JOR,3153,1645,0,0,0.0,0.0
1978,ARG,3764,1883,0,0,0.0,0.0
1978,IND,4543,2433,0,0,0.0,0.0
1978,BRB,4477,2318,0,1,0.0,0.4314063848144953
1978,DNK,3282,1723,0,0,0.0,0.0
1978,RUS,6873,3446,0,0,0.0,0.0
1978,SYR,3340,1711,0,0,0.0,0.0
1978,GNQ,3285,1694,0,1,0.0,0.5903187721369539
1978,BOL,3370,1712,0,1,0.0,0.5841121495327103
1978,IDN,3329,1758,0,0,0.0,0.0
1978,MEX,5813,3000,1,3,0.3333333333333333,1.0
1978,AUT,3518,1827,0,0,0.0,0.0
1978,CYP,6289,3044,0,0,0.0,0.0
1978,COG,4072,2156,0,1,0.0,0.46382189239332094
1978,CAF,4761,2437,0,0,0.0,0.0
1978,BGD,4156,2266,1,0,0.441306266548985,0.0
1978,DDR,3301,1748,0,0,0.0,0.0
1978,MYS,2931,1513,0,0,0.0,0.0
1978,GNB,3137,1579,0,0,0.0,0.0
1978,BGR,2819,1415,0,0,0.0,0.0
1978,GBR,5310,2704,1,1,0.3698224852071006,0.3698224852071006
1978,ECU,3661,1854,0,1,0.0,0.5393743257820928
1978,CRI,4587,2349,0,3,0.0,1.277139208173691
1978,PRT,4053,2006,0,0,0.0,0.0
1978,BFA,3177,1615,0,1,0.0,0.6191950464396285
1978,CHN,4391,2400,0,0,0.0,0.0
1978,DZA,6409,3157,0,1,0.0,0.31675641431738993
1978,YMD,2828,1502,0,1,0.0,0.6657789613848203
1978,POL,3424,1793,0,0,0.0,0.0
1978,LKA,4075,2131,0,3,0.0,1.4077897700610043
1978,PHL,2930,1512,0,0,0.0,0.0
1979,BHR,3465,1733,0,0,0.0,0.0
1979,GAB,4224,2037,0,0,0.0,0.0
1979,THA,3426,1829,0,0,0.0,0.0
1979,PRY,2050,988,0,0,0.0,0.0
1979,UKR,3629,1839,0,0,0.0,0.0
1979,LAO,3934,2073,0,1,0.0,0.482392667631452
1979,VAT,4574,2240,0,0,0.0,0.0
1979,NPL,3993,2091,0,0,0.0,0.0
1979,LBR,4532,2416,1,0,0.4139072847682119,0.0
1979,CMR,3485,1781,0,0,0.0,0.0
1979,GRD,3914,2037,0,0,0.0,0.0
1979,BEN,6011,3094,1,0,0.32320620555914675,0.0
1979,MWI,3187,1557,0,0,0.0,0.0
1979,STP,5978,3028,0,4,0.0,1.321003963011889
1979,ROU,5397,2743,1,0,0.36456434560699963,0.0
1979,IRN,5025,2564,0,0,0.0,0.0
1979,KWT,3346,1754,1,3,0.5701254275940707,1.7103762827822122
1979,JAM,3497,1775,0,1,0.0,0.5633802816901409
1979,YEM,3962,2036,0,3,0.0,1.4734774066797642
1979,SOM,3389,1793,0,0,0.0,0.0
1979,MLT,4896,2529,0,0,0.0,0.0
1979,IRQ,2979,1555,0,0,0.0,0.0
1979,NGA,4737,2444,0,2,0.0,0.8183306055646482
1979,DMA,4249,2110,1,2,0.47393364928909953,0.9478672985781991
1979,SEN,5858,3000,0,3,0.0,1.0
1979,HTI,1760,903,0,2,0.0,2.2148394241417497
1979,ESP,6426,3234,0,0,0.0,0.0
1979,MRT,3008,1483,0,0,0.0,0.0
1979,MAR,6878,3545,0,2,0.0,0.5641748942172073
1979,CAN,4030,2002,0,0,0.0,0.0
1979,USA,4138,2244,2,0,0.8912655971479501,0.0
1979,QAT,2890,1511,0,1,0.0,0.6618133686300464
1979,MOZ,7373,3855,1,4,0.2594033722438392,1.0376134889753568
1979,SDN,4570,2347,0,0,0.0,0.0
1979,GTM,3559,1812,0,1,0.0,0.5518763796909493
1979,BWA,3869,2009,0,0,0.0,0.0
1979,TTO,3373,1733,2,2,1.154068090017311,1.154068090017311
1979,MDV,3189,1589,1,1,0.6293266205160478,0.6293266205160478
1979,KHM,5869,3071,0,1,0.0,0.32562683165092804
1979,KEN,3355,1732,2,0,1.1547344110854503,0.0
1979,HND,3629,1867,1,0,0.5356186395286556,0.0
1979,CIV,3235,1577,2,0,1.2682308180088777,0.0
1979,SGP,4120,2105,0,0,0.0,0.0
1979,ISR,2775,1410,0,0,0.0,0.0
1979,CUB,11442,5772,2,4,0.3465003465003465,0.693000693000693
1979,SLV,3783,1852,1,0,0.5399568034557236,0.0
1979,SAU,3136,1597,0,0,0.0,0.0
1979,FIN,3068,1598,0,2,0.0,1.2515644555694618
1979,PER,4023,1996,0,0,0.0,0.0
1979,SYC,2726,1411,0,0,0.0,0.0
1979,CHL,3318,1649,0,0,0.0,0.0
1979,COL,2387,1241,2,0,1.6116035455278002,0.0
1979,DEU,4593,2399,0,0,0.0,0.0
1979,TCD,4731,2416,0,1,0.0,0.4139072847682119
1979,ARE,2048,1026,0,1,0.0,0.9746588693957114
1979,ITA,3296,1681,2,0,1.1897679952409281,0.0
1979,LSO,3553,1843,0,0,0.0,0.0
1979,TZA,3348,1741,0,0,0.0,0.0
1979,FJI,3209,1645,1,0,0.6079027355623101,0.0
1979,NIC,1974,985,0,1,0.0,1.0152284263959392
1979,PNG,3286,1714,0,0,0.0,0.0
1979,NZL,3730,1950,1,0,0.5128205128205128,0.0
1979,EGY,5837,3004,0,0,0.0,0.0
1979,CSK,4209,2160,0,0,0.0,0.0
1979,CPV,4203,2104,1,1,0.4752851711026616,0.4752851711026616
1979,UGA,3215,1706,0,0,0.0,0.0
1979,NLD,3888,2113,0,0,0.0,0.0
1979,AUS,4894,2608,5,0,1.9171779141104295,0.0
1979,TGO,5197,2533,2,0,0.7895775759968416,0.0
1979,MMR,2073,1083,0,0,0.0,0.0
1979,SLE,4902,2417,4,0,1.6549441456350846,0.0
1979,LBN,5285,2554,0,0,0.0,0.0
1979,BGD,4606,2494,1,0,0.40096230954290296,0.0
1979,DDR,3912,2117,0,1,0.0,0.4723665564478035
1979,CAF,6337,3189,0,0,0.0,0.0
1979,MYS,3149,1598,0,0,0.0,0.0
1979,AUT,3533,1872,0,0,0.0,0.0
1979,MEX,4090,2075,10,1,4.819277108433735,0.4819277108433735
1979,CYP,6175,3093,0,0,0.0,0.0
1979,COG,3209,1619,0,0,0.0,0.0
1979,POL,5075,2659,0,0,0.0,0.0
1979,LKA,3385,1703,0,0,0.0,0.0
1979,PHL,2833,1404,0,0,0.0,0.0
1979,DZA,6128,2999,0,0,0.0,0.0
1979,YMD,3739,1887,0,1,0.0,0.5299417064122947
1979,BFA,4120,2044,0,1,0.0,0.4892367906066536
1979,PRT,5211,2581,0,1,0.0,0.38744672607516467
1979,CRI,3708,1843,1,0,0.5425935973955507,0.0
1979,ECU,2678,1379,0,1,0.0,0.7251631617113851
1979,CHN,5787,3165,0,0,0.0,0.0
1979,GNB,3404,1742,0,0,0.0,0.0
1979,BGR,3674,1893,0,0,0.0,0.0
1979,GBR,3719,1843,0,0,0.0,0.0
1979,BRB,3648,1921,1,1,0.5205622071837585,0.5205622071837585
1979,JOR,4664,2348,0,0,0.0,0.0
1979,IND,5537,2912,2,1,0.6868131868131868,0.3434065934065934
1979,ARG,4247,2172,0,0,0.0,0.0
1979,MDG,5497,2637,0,0,0.0,0.0
1979,ALB,5737,2911,0,1,0.0,0.3435245620061835
1979,BTN,2068,1101,0,0,0.0,0.0
1979,NOR,2628,1334,0,0,0.0,0.0
1979,TUN,3715,1875,0,0,0.0,0.0
1979,BOL,3442,1734,0,0,0.0,0.0
1979,GNQ,5161,2671,0,0,0.0,0.0
1979,SYR,5383,2754,1,0,0.36310820624546114,0.0
1979,IDN,3950,2059,0,0,0.0,0.0
1979,DJI,2656,1343,0,0,0.0,0.0
1979,RUS,6227,3095,0,0,0.0,0.0
1979,GIN,4571,2341,0,0,0.0,0.0
1979,GUY,3104,1569,0,0,0.0,0.0
1979,JPN,4504,2377,0,2,0.0,0.8413967185527976
1979,RWA,4305,2130,0,3,0.0,1.4084507042253522
1979,GHA,4378,2384,2,0,0.8389261744966443,0.0
1979,WSM,2982,1510,1,0,0.6622516556291391,0.0
1979,BEL,3638,1871,0,1,0.0,0.5344735435595938
1979,BLR,4196,2143,0,0,0.0,0.0
1979,MNG,4056,2131,0,0,0.0,0.0
1979,OMN,3604,1783,1,0,0.5608524957936063,0.0
1979,IRL,6627,3355,0,0,0.0,0.0
1979,NER,3200,1666,0,0,0.0,0.0
1979,MUS,1910,947,0,0,0.0,0.0
1979,MLI,5356,2705,0,0,0.0,0.0
1979,PAK,5004,2667,0,0,0.0,0.0
1979,FRA,5283,2607,3,1,1.1507479861910241,0.3835826620636747
1979,BDI,5435,2750,0,1,0.0,0.3636363636363636
1979,VNM,5909,3156,1,2,0.3168567807351077,0.6337135614702154
1979,TUR,3666,1912,0,0,0.0,0.0
1979,ETH,4825,2529,0,3,0.0,1.1862396204033216
1979,DOM,3290,1612,0,0,0.0,0.0
1979,BRA,3559,1848,1,0,0.5411255411255411,0.0
1979,LBY,7184,3693,0,3,0.0,0.8123476848090982
1979,AFG,4036,2131,0,0,0.0,0.0
1979,URY,5954,3010,1,1,0.33222591362126247,0.33222591362126247
1979,PAN,2806,1396,0,3,0.0,2.1489971346704873
1979,SUR,5167,2705,0,0,0.0,0.0
1979,COM,3234,1581,0,1,0.0,0.6325110689437066
1979,LUX,2988,1491,0,0,0.0,0.0
1979,ZMB,4835,2501,0,0,0.0,0.0
1979,COD,3959,1994,0,1,0.0,0.5015045135406219
1979,VEN,3878,1971,0,0,0.0,0.0
1979,GRC,2779,1365,0,0,0.0,0.0
1979,HUN,945,481,0,0,0.0,0.0
1979,ISL,2010,1041,0,0,0.0,0.0
1979,YUG,4003,2044,0,0,0.0,0.0
1980,HTI,3330,1711,0,0,0.0,0.0
1980,MRT,4077,2063,0,0,0.0,0.0
1980,ESP,3929,1980,1,0,0.5050505050505051,0.0
1980,MAR,5801,3003,0,0,0.0,0.0
1980,CAN,2838,1487,0,0,0.0,0.0
1980,USA,3384,1808,0,0,0.0,0.0
1980,QAT,2549,1340,0,0,0.0,0.0
1980,MOZ,5076,2539,1,3,0.3938558487593541,1.1815675462780622
1980,SDN,4426,2317,0,4,0.0,1.7263703064307294
1980,GTM,4247,2180,0,0,0.0,0.0
1980,BWA,4040,2051,0,1,0.0,0.4875670404680643
1980,TTO,3996,2061,0,0,0.0,0.0
1980,BHR,3377,1717,0,0,0.0,0.0
1980,GAB,2633,1294,2,1,1.5455950540958268,0.7727975270479134
1980,THA,4884,2593,0,2,0.0,0.7713073659853451
1980,PRY,1481,750,0,0,0.0,0.0
1980,UKR,3363,1834,0,0,0.0,0.0
1980,LAO,4409,2295,0,0,0.0,0.0
1980,NPL,3058,1589,0,1,0.0,0.6293266205160478
1980,LBR,1565,825,0,0,0.0,0.0
1980,CMR,4223,2164,1,1,0.46210720887245843,0.46210720887245843
1980,BEN,5421,2738,0,1,0.0,0.36523009495982467
1980,LCA,4223,2113,0,2,0.0,0.946521533364884
1980,MWI,4898,2540,0,1,0.0,0.39370078740157477
1980,GRD,3953,2086,0,1,0.0,0.47938638542665385
1980,ROU,4476,2301,1,0,0.434593654932638,0.0
1980,STP,1850,927,0,0,0.0,0.0
1980,IRN,4771,2450,0,0,0.0,0.0
1980,YEM,3609,1808,0,1,0.0,0.5530973451327433
1980,SOM,3473,1794,0,2,0.0,1.1148272017837235
1980,JAM,4708,2455,2,0,0.814663951120163,0.0
1980,IRQ,3759,1965,0,0,0.0,0.0
1980,MLT,5024,2580,0,2,0.0,0.7751937984496124
1980,SEN,4951,2546,0,0,0.0,0.0
1980,NGA,4067,2098,0,2,0.0,0.9532888465204957
1980,ARE,2925,1531,0,0,0.0,0.0
1980,TCD,5391,2728,0,1,0.0,0.36656891495601174
1980,ITA,4604,2289,0,0,0.0,0.0
1980,AGO,4496,2334,0,1,0.0,0.42844901456726653
1980,LSO,3033,1582,0,0,0.0,0.0
1980,FJI,5540,2870,0,0,0.0,0.0
1980,TZA,4026,2027,0,0,0.0,0.0
1980,NIC,5436,2765,0,1,0.0,0.3616636528028933
1980,PNG,3636,1858,0,0,0.0,0.0
1980,NZL,4214,2128,0,0,0.0,0.0
1980,EGY,5496,2851,0,0,0.0,0.0
1980,CSK,3010,1548,0,0,0.0,0.0
1980,UGA,3405,1755,0,0,0.0,0.0
1980,CPV,4031,2094,0,2,0.0,0.9551098376313276
1980,NLD,3853,1962,0,0,0.0,0.0
1980,AUS,4816,2432,1,0,0.41118421052631576,0.0
1980,TGO,3864,1961,0,0,0.0,0.0
1980,MMR,2441,1283,1,0,0.779423226812159,0.0
1980,SLE,6062,3108,2,0,0.6435006435006435,0.0
1980,LBN,3526,1749,0,1,0.0,0.5717552887364208
1980,KHM,5279,2715,0,0,0.0,0.0
1980,MDV,1597,798,0,0,0.0,0.0
1980,KEN,3605,1884,2,0,1.0615711252653928,0.0
1980,CIV,3176,1567,1,0,0.6381620931716656,0.0
1980,HND,2799,1470,0,0,0.0,0.0
1980,SGP,3444,1713,0,0,0.0,0.0
1980,ISR,3619,1760,0,0,0.0,0.0
1980,CUB,3006,1562,0,0,0.0,0.0
1980,GMB,3701,1943,0,2,0.0,1.029336078229542
1980,SLV,3928,2004,0,0,0.0,0.0
1980,SAU,4652,2363,0,1,0.0,0.4231908590774439
1980,FIN,3097,1643,0,0,0.0,0.0
1980,PER,3300,1689,0,0,0.0,0.0
1980,SYC,3834,1879,1,0,0.532197977647685,0.0
1980,CHL,3954,2051,0,0,0.0,0.0
1980,COL,2907,1499,0,0,0.0,0.0
1980,DEU,4939,2651,0,0,0.0,0.0
1980,BRB,4548,2396,0,0,0.0,0.0
1980,SWE,3314,1756,1,0,0.5694760820045558,0.0
1980,JOR,3819,1988,0,0,0.0,0.0
1980,ARG,3079,1536,0,0,0.0,0.0
1980,IND,6373,3232,0,0,0.0,0.0
1980,MDG,5140,2475,0,0,0.0,0.0
1980,ALB,4225,2214,1,0,0.45167118337850043,0.0
1980,SWZ,3596,1956,1,0,0.5112474437627812,0.0
1980,NOR,3779,1973,0,0,0.0,0.0
1980,TUN,2985,1466,0,0,0.0,0.0
1980,BTN,2194,1162,0,0,0.0,0.0
1980,GNQ,4419,2273,0,1,0.0,0.4399472063352398
1980,SYR,2635,1386,0,0,0.0,0.0
1980,BOL,3656,1873,0,1,0.0,0.5339028296849972
1980,IDN,3791,1986,0,1,0.0,0.5035246727089627
1980,DJI,3619,1858,0,1,0.0,0.5382131324004306
1980,RUS,7609,3804,1,2,0.2628811777076761,0.5257623554153522
1980,BHS,3149,1647,1,0,0.6071645415907712,0.0
1980,GIN,2925,1483,0,0,0.0,0.0
1980,DNK,3600,1920,0,1,0.0,0.5208333333333334
1980,CAF,4166,2154,0,0,0.0,0.0
1980,BGD,2540,1337,1,0,0.7479431563201197,0.0
1980,DDR,3398,1788,0,2,0.0,1.1185682326621924
1980,MYS,3026,1578,0,1,0.0,0.6337135614702154
1980,MEX,3708,1880,3,0,1.5957446808510638,0.0
1980,AUT,3360,1768,1,0,0.5656108597285069,0.0
1980,CYP,3351,1686,0,0,0.0,0.0
1980,COG,3615,1828,1,0,0.5470459518599562,0.0
1980,LKA,4086,2033,0,0,0.0,0.0
1980,POL,3820,1997,0,0,0.0,0.0
1980,PHL,2688,1322,0,0,0.0,0.0
1980,DZA,5115,2618,1,0,0.3819709702062643,0.0
1980,YMD,2462,1338,0,0,0.0,0.0
1980,ECU,2277,1203,0,3,0.0,2.493765586034913
1980,BFA,4867,2448,4,0,1.6339869281045751,0.0
1980,PRT,3300,1640,0,0,0.0,0.0
1980,CRI,6569,3294,0,0,0.0,0.0
1980,CHN,4552,2438,0,0,0.0,0.0
1980,GNB,4906,2515,0,2,0.0,0.7952286282306164
1980,GBR,3035,1513,0,0,0.0,0.0
1980,BGR,3736,1911,0,1,0.0,0.5232862375719519
1980,AFG,5417,2876,0,0,0.0,0.0
1980,SUR,5434,2815,0,2,0.0,0.7104795737122558
1980,URY,5380,2733,3,3,1.0976948408342482,1.0976948408342482
1980,PAN,5804,3082,0,1,0.0,0.3244646333549643
1980,COM,2518,1262,0,0,0.0,0.0
1980,ZWE,4040,2010,0,0,0.0,0.0
1980,VCT,3524,1744,1,0,0.573394495412844,0.0
1980,ZMB,3568,1869,0,1,0.0,0.5350454788657035
1980,LUX,7954,3885,0,0,0.0,0.0
1980,COD,3874,1987,0,1,0.0,0.5032712632108707
1980,VEN,4278,2189,0,2,0.0,0.9136592051164916
1980,GRC,3247,1531,2,0,1.3063357282821686,0.0
1980,ISL,1736,849,0,0,0.0,0.0
1980,YUG,3190,1610,0,0,0.0,0.0
1980,HUN,3279,1696,0,0,0.0,0.0
1980,GUY,3690,1863,0,0,0.0,0.0
1980,RWA,4077,2071,1,1,0.48285852245292127,0.48285852245292127
1980,JPN,4774,2487,0,0,0.0,0.0
1980,GHA,3458,1823,1,0,0.5485463521667581,0.0
1980,BEL,2827,1411,0,0,0.0,0.0
1980,BLR,4789,2468,0,3,0.0,1.2155591572123177
1980,MNG,4330,2273,0,0,0.0,0.0
1980,OMN,3142,1576,0,0,0.0,0.0
1980,MLI,5475,2770,0,1,0.0,0.3610108303249097
1980,PAK,7316,3670,0,3,0.0,0.8174386920980927
1980,FRA,4249,2081,0,0,0.0,0.0
1980,IRL,7661,3833,0,0,0.0,0.0
1980,MUS,3314,1709,0,0,0.0,0.0
1980,NER,3055,1553,0,0,0.0,0.0
1980,BDI,4324,2235,0,0,0.0,0.0
1980,VNM,5641,2928,0,2,0.0,0.6830601092896175
1980,TUR,3931,2089,0,0,0.0,0.0
1980,DOM,5712,2860,0,1,0.0,0.34965034965034963
1980,ETH,3801,2047,0,0,0.0,0.0
1980,BRA,4176,2168,1,0,0.46125461254612543,0.0
1980,LBY,5931,3028,0,2,0.0,0.6605019815059445
1981,BGR,3173,1651,0,1,0.0,0.6056935190793459
1981,GBR,3580,1851,0,0,0.0,0.0
1981,GNB,4888,2531,1,1,0.3951007506914263,0.3951007506914263
1981,CHN,3172,1663,0,0,0.0,0.0
1981,ECU,4006,2021,0,1,0.0,0.4948045522018803
1981,CRI,4094,2087,0,0,0.0,0.0
1981,PRT,3641,1872,0,0,0.0,0.0
1981,BFA,3506,1764,0,0,0.0,0.0
1981,YMD,2589,1346,0,1,0.0,0.7429420505200593
1981,DZA,3380,1676,0,0,0.0,0.0
1981,PHL,3320,1712,0,0,0.0,0.0
1981,POL,3103,1614,0,0,0.0,0.0
1981,LKA,3102,1592,1,0,0.628140703517588,0.0
1981,COG,3422,1742,0,0,0.0,0.0
1981,CYP,3968,2068,0,0,0.0,0.0
1981,MEX,3790,1877,0,0,0.0,0.0
1981,AUT,3386,1771,0,0,0.0,0.0
1981,MYS,3368,1727,0,0,0.0,0.0
1981,CAF,3049,1569,0,1,0.0,0.6373486297004461
1981,DDR,3035,1614,0,0,0.0,0.0
1981,BGD,2199,1169,1,0,0.8554319931565441,0.0
1981,DNK,3128,1672,0,0,0.0,0.0
1981,BHS,5508,2710,0,0,0.0,0.0
1981,GIN,4346,2291,0,2,0.0,0.8729812309035355
1981,RUS,7286,3680,0,0,0.0,0.0
1981,DJI,2713,1434,0,0,0.0,0.0
1981,IDN,4002,2124,0,0,0.0,0.0
1981,SYR,3130,1667,0,0,0.0,0.0
1981,GNQ,3322,1688,0,0,0.0,0.0
1981,BOL,2408,1235,0,2,0.0,1.6194331983805668
1981,TUN,4111,2046,0,0,0.0,0.0
1981,BTN,1814,952,0,0,0.0,0.0
1981,ALB,4416,2281,1,0,0.43840420868040336,0.0
1981,MDG,3528,1763,0,0,0.0,0.0
1981,ARG,3694,1856,1,0,0.5387931034482758,0.0
1981,IND,5129,2634,1,0,0.37965072133637057,0.0
1981,SWE,3726,1962,0,0,0.0,0.0
1981,JOR,3686,1974,0,1,0.0,0.5065856129685917
1981,BRB,3456,1807,0,0,0.0,0.0
1981,LBY,4620,2412,0,0,0.0,0.0
1981,BRA,3797,1962,0,0,0.0,0.0
1981,DOM,4251,2174,1,0,0.45998160073597055,0.0
1981,ETH,4758,2435,0,0,0.0,0.0
1981,TUR,4779,2542,0,0,0.0,0.0
1981,VNM,5467,2894,0,0,0.0,0.0
1981,BDI,3225,1661,1,1,0.6020469596628537,0.6020469596628537
1981,FRA,4675,2305,0,1,0.0,0.4338394793926247
1981,PAK,4834,2587,0,0,0.0,0.0
1981,MLI,6116,3158,0,0,0.0,0.0
1981,NER,5201,2578,2,0,0.7757951900698216,0.0
1981,MUS,1419,756,0,0,0.0,0.0
1981,IRL,5047,2536,0,0,0.0,0.0
1981,OMN,2991,1547,0,0,0.0,0.0
1981,MNG,4367,2340,0,0,0.0,0.0
1981,BLR,4415,2333,0,1,0.0,0.4286326618088298
1981,BEL,3006,1531,0,0,0.0,0.0
1981,WSM,2541,1318,0,0,0.0,0.0
1981,GHA,3902,2055,1,0,0.48661800486618007,0.0
1981,RWA,3785,1990,1,0,0.5025125628140704,0.0
1981,JPN,3835,2039,1,0,0.4904364884747425,0.0
1981,GUY,6499,3204,0,0,0.0,0.0
1981,YUG,2534,1317,0,0,0.0,0.0
1981,ISL,2101,1043,1,0,0.9587727708533077,0.0
1981,HUN,3125,1682,0,0,0.0,0.0
1981,GRC,2562,1238,0,0,0.0,0.0
1981,VEN,5340,2881,3,0,1.0413051023950017,0.0
1981,COD,4904,2558,0,0,0.0,0.0
1981,LUX,3189,1552,0,0,0.0,0.0
1981,ZMB,3397,1767,0,0,0.0,0.0
1981,VCT,4659,2207,0,0,0.0,0.0
1981,ZWE,3272,1790,0,0,0.0,0.0
1981,COM,2434,1202,0,0,0.0,0.0
1981,SUR,4722,2481,1,0,0.40306328093510685,0.0
1981,PAN,7504,3885,0,2,0.0,0.5148005148005148
1981,URY,4701,2310,1,2,0.4329004329004329,0.8658008658008658
1981,AFG,5469,2913,0,1,0.0,0.34328870580157916
1981,SEN,4459,2283,0,0,0.0,0.0
1981,DMA,2488,1279,0,0,0.0,0.0
1981,NGA,3649,1900,0,0,0.0,0.0
1981,IRQ,6377,3386,0,0,0.0,0.0
1981,MLT,4762,2495,0,0,0.0,0.0
1981,SOM,3237,1693,0,2,0.0,1.1813349084465445
1981,YEM,3578,1849,0,0,0.0,0.0
1981,JAM,3952,2020,0,0,0.0,0.0
1981,KWT,3293,1677,0,1,0.0,0.5963029218843172
1981,IRN,6855,3590,0,0,0.0,0.0
1981,ROU,5144,2654,0,0,0.0,0.0
1981,STP,781,420,0,0,0.0,0.0
1981,LCA,4689,2348,0,0,0.0,0.0
1981,BEN,4056,2094,0,0,0.0,0.0
1981,GRD,4289,2352,0,2,0.0,0.8503401360544217
1981,CMR,3224,1644,0,0,0.0,0.0
1981,LBR,2313,1235,0,0,0.0,0.0
1981,NPL,3098,1646,1,1,0.6075334143377885,0.6075334143377885
1981,LAO,5078,2672,0,0,0.0,0.0
1981,UKR,4453,2336,0,2,0.0,0.8561643835616438
1981,PRY,1414,703,0,0,0.0,0.0
1981,THA,3709,1976,1,0,0.5060728744939271,0.0
1981,GAB,2982,1523,0,0,0.0,0.0
1981,BHR,4185,2100,0,0,0.0,0.0
1981,BWA,2061,1021,0,0,0.0,0.0
1981,GTM,4764,2447,3,1,1.2259910093992643,0.4086636697997548
1981,SDN,4356,2254,0,1,0.0,0.4436557231588288
1981,MOZ,3622,1863,0,2,0.0,1.0735373054213635
1981,QAT,1949,998,0,0,0.0,0.0
1981,USA,3451,1947,1,0,0.5136106831022086,0.0
1981,CAN,6292,3237,1,1,0.3089280197713933,0.3089280197713933
1981,MAR,5244,2699,0,0,0.0,0.0
1981,MRT,5021,2557,0,1,0.0,0.39108330074305825
1981,ESP,4284,2188,0,0,0.0,0.0
1981,HTI,3849,1923,0,0,0.0,0.0
1981,DEU,5528,2906,0,0,0.0,0.0
1981,COL,4551,2282,0,0,0.0,0.0
1981,CHL,4774,2463,0,0,0.0,0.0
1981,SYC,4803,2359,1,0,0.42390843577787196,0.0
1981,PER,4430,2214,0,2,0.0,0.9033423667570009
1981,SAU,4783,2391,0,0,0.0,0.0
1981,FIN,2835,1544,0,2,0.0,1.2953367875647668
1981,SLV,3933,2002,0,0,0.0,0.0
1981,CUB,5296,2713,0,0,0.0,0.0
1981,ISR,2764,1393,0,1,0.0,0.7178750897343863
1981,SGP,2097,1025,0,0,0.0,0.0
1981,CIV,3845,1982,0,0,0.0,0.0
1981,HND,3492,1800,0,0,0.0,0.0
1981,KEN,7085,3660,0,1,0.0,0.273224043715847
1981,KHM,4762,2356,0,0,0.0,0.0
1981,MDV,2593,1325,0,0,0.0,0.0
1981,LBN,4560,2263,0,0,0.0,0.0
1981,SLE,1766,899,0,0,0.0,0.0
1981,TGO,3404,1756,0,1,0.0,0.5694760820045558
1981,NLD,4468,2329,0,0,0.0,0.0
1981,AUS,3508,1906,2,0,1.0493179433368311,0.0
1981,UGA,2919,1529,0,0,0.0,0.0
1981,CPV,5416,2797,0,1,0.0,0.3575259206292456
1981,CSK,4227,2146,0,0,0.0,0.0
1981,EGY,6530,3350,0,0,0.0,0.0
1981,NZL,3127,1599,0,0,0.0,0.0
1981,PNG,3530,1898,0,0,0.0,0.0
1981,NIC,5527,2881,0,0,0.0,0.0
1981,FJI,4741,2533,1,1,0.3947887879984208,0.3947887879984208
1981,TZA,2535,1295,1,0,0.7722007722007722,0.0
1981,AGO,3308,1748,0,1,0.0,0.5720823798627003
1981,ITA,4751,2418,0,0,0.0,0.0
1981,ARE,3531,1837,0,0,0.0,0.0
1981,TCD,3574,1812,0,0,0.0,0.0
1982,ATG,3677,1861,0,0,0.0,0.0
1982,CYP,4799,2432,0,0,0.0,0.0
1982,COG,2689,1371,0,1,0.0,0.7293946024799417
1982,MEX,5098,2527,3,1,1.187178472497032,0.3957261574990107
1982,AUT,3446,1850,0,0,0.0,0.0
1982,MYS,4251,2145,0,0,0.0,0.0
1982,CAF,2404,1231,0,0,0.0,0.0
1982,BGD,2475,1295,0,0,0.0,0.0
1982,DDR,4108,2139,0,0,0.0,0.0
1982,GBR,3842,1890,0,0,0.0,0.0
1982,BGR,3086,1589,0,1,0.0,0.6293266205160478
1982,GNB,3463,1784,0,0,0.0,0.0
1982,CHN,3760,2098,0,1,0.0,0.47664442326024786
1982,ECU,4096,2121,0,2,0.0,0.9429514380009429
1982,CRI,5951,3057,0,0,0.0,0.0
1982,PRT,3537,1874,1,0,0.5336179295624334,0.0
1982,BFA,2953,1529,1,1,0.6540222367560498,0.6540222367560498
1982,YMD,3190,1671,0,0,0.0,0.0
1982,DZA,3749,1879,0,0,0.0,0.0
1982,PHL,2416,1191,0,0,0.0,0.0
1982,POL,4326,2250,0,0,0.0,0.0
1982,LKA,3639,1820,0,0,0.0,0.0
1982,TUN,4762,2395,0,0,0.0,0.0
1982,NOR,2987,1617,0,0,0.0,0.0
1982,BTN,2239,1173,0,0,0.0,0.0
1982,ALB,4156,2085,0,1,0.0,0.47961630695443647
1982,MDG,4074,1984,0,0,0.0,0.0
1982,ARG,7227,3668,0,0,0.0,0.0
1982,IND,5358,2857,3,0,1.0500525026251313,0.0
1982,SWE,4194,2186,0,0,0.0,0.0
1982,JOR,3053,1579,0,0,0.0,0.0
1982,BRB,3790,1955,0,0,0.0,0.0
1982,DNK,1873,1020,0,0,0.0,0.0
1982,BHS,2699,1439,0,0,0.0,0.0
1982,GIN,2540,1325,0,1,0.0,0.7547169811320754
1982,RUS,7531,3786,0,0,0.0,0.0
1982,DJI,2998,1564,0,1,0.0,0.639386189258312
1982,IDN,4281,2262,0,0,0.0,0.0
1982,SYR,4484,2383,0,1,0.0,0.419639110365086
1982,GNQ,2824,1386,0,0,0.0,0.0
1982,BOL,2602,1328,0,0,0.0,0.0
1982,BLR,4089,2107,0,0,0.0,0.0
1982,BEL,3896,1936,0,0,0.0,0.0
1982,GHA,3202,1652,0,0,0.0,0.0
1982,RWA,4850,2522,1,0,0.3965107057890563,0.0
1982,JPN,4903,2581,0,0,0.0,0.0
1982,GUY,3890,2023,0,0,0.0,0.0
1982,LBY,4043,2043,0,0,0.0,0.0
1982,BRA,4095,2140,0,1,0.0,0.4672897196261682
1982,DOM,4516,2330,0,0,0.0,0.0
1982,ETH,4074,2199,1,0,0.4547521600727603,0.0
1982,TUR,3324,1743,0,0,0.0,0.0
1982,VNM,3394,1800,0,1,0.0,0.5555555555555556
1982,BDI,3552,1815,0,1,0.0,0.5509641873278236
1982,FRA,5827,2926,0,0,0.0,0.0
1982,PAK,3952,2111,0,0,0.0,0.0
1982,MLI,5181,2605,0,1,0.0,0.3838771593090211
1982,MUS,3743,1850,0,0,0.0,0.0
1982,NER,2953,1535,0,1,0.0,0.6514657980456027
1982,IRL,6349,3275,0,0,0.0,0.0
1982,OMN,3374,1716,0,0,0.0,0.0
1982,MNG,3663,1949,0,0,0.0,0.0
1982,ZMB,3174,1642,0,0,0.0,0.0
1982,LUX,3249,1656,0,0,0.0,0.0
1982,VCT,5148,2527,0,0,0.0,0.0
1982,ZWE,4207,2212,1,1,0.4520795660036166,0.4520795660036166
1982,COM,3555,1791,0,0,0.0,0.0
1982,SUR,4470,2371,0,0,0.0,0.0
1982,URY,5666,2936,0,0,0.0,0.0
1982,PAN,9989,5154,0,1,0.0,0.19402405898331393
1982,AFG,3562,1902,0,0,0.0,0.0
1982,YUG,5062,2594,0,0,0.0,0.0
1982,ISL,1920,935,0,0,0.0,0.0
1982,HUN,3548,1872,0,0,0.0,0.0
1982,GRC,2788,1410,0,0,0.0,0.0
1982,VEN,4572,2349,0,0,0.0,0.0
1982,COD,5505,2831,0,0,0.0,0.0
1982,ROU,5689,3002,0,0,0.0,0.0
1982,STP,1597,831,0,0,0.0,0.0
1982,LCA,3024,1481,0,0,0.0,0.0
1982,BEN,4705,2456,0,0,0.0,0.0
1982,GRD,5555,2999,1,1,0.33344448149383127,0.33344448149383127
1982,LBR,3140,1649,0,0,0.0,0.0
1982,CMR,3118,1560,0,0,0.0,0.0
1982,NPL,2512,1364,0,1,0.0,0.7331378299120235
1982,LAO,3956,2086,0,0,0.0,0.0
1982,UKR,5117,2762,0,0,0.0,0.0
1982,PRY,2161,1091,0,1,0.0,0.9165902841429882
1982,THA,4760,2639,0,0,0.0,0.0
1982,GAB,3124,1601,0,0,0.0,0.0
1982,BHR,4053,2054,0,0,0.0,0.0
1982,SEN,4033,2060,0,0,0.0,0.0
1982,NGA,4188,2206,0,0,0.0,0.0
1982,IRQ,4854,2589,0,0,0.0,0.0
1982,MLT,4825,2509,1,0,0.3985651654045437,0.0
1982,YEM,5662,2839,0,0,0.0,0.0
1982,SOM,4093,2182,0,0,0.0,0.0
1982,JAM,3937,2028,0,1,0.0,0.4930966469428008
1982,KWT,3546,1832,0,0,0.0,0.0
1982,IRN,6224,3155,0,0,0.0,0.0
1982,CAN,2491,1374,0,0,0.0,0.0
1982,MAR,4733,2456,0,0,0.0,0.0
1982,MRT,4685,2347,0,1,0.0,0.42607584149978694
1982,ESP,4396,2228,0,0,0.0,0.0
1982,HTI,2797,1489,0,0,0.0,0.0
1982,TTO,2785,1468,0,0,0.0,0.0
1982,BWA,3040,1614,0,0,0.0,0.0
1982,GTM,5485,2816,0,1,0.0,0.35511363636363635
1982,SDN,4417,2287,0,0,0.0,0.0
1982,MOZ,4574,2362,0,0,0.0,0.0
1982,QAT,2150,1067,0,0,0.0,0.0
1982,USA,4458,2313,0,0,0.0,0.0
1982,CUB,5214,2750,0,0,0.0,0.0
1982,ISR,3133,1652,0,0,0.0,0.0
1982,SGP,2414,1293,0,0,0.0,0.0
1982,HND,4172,2189,1,0,0.4568296025582458,0.0
1982,KEN,4951,2612,5,0,1.9142419601837672,0.0
1982,KHM,3961,1959,0,0,0.0,0.0
1982,MDV,2182,1090,0,0,0.0,0.0
1982,DEU,5560,3005,0,0,0.0,0.0
1982,COL,4746,2487,0,1,0.0,0.4020908725371934
1982,CHL,4728,2489,0,1,0.0,0.4017677782241864
1982,PER,3848,1967,0,0,0.0,0.0
1982,FIN,4384,2408,0,0,0.0,0.0
1982,SAU,3691,1885,0,0,0.0,0.0
1982,SLV,3918,2018,0,0,0.0,0.0
1982,GMB,4142,2282,4,0,1.7528483786152498,0.0
1982,PNG,2894,1576,0,0,0.0,0.0
1982,NIC,4521,2368,0,0,0.0,0.0
1982,FJI,2729,1403,0,1,0.0,0.7127583749109052
1982,TZA,3829,1954,0,0,0.0,0.0
1982,LSO,3261,1690,0,0,0.0,0.0
1982,BLZ,2306,1251,0,0,0.0,0.0
1982,AGO,4430,2293,0,0,0.0,0.0
1982,ITA,5177,2683,0,0,0.0,0.0
1982,ARE,3037,1609,0,0,0.0,0.0
1982,TCD,4489,2324,0,0,0.0,0.0
1982,SLE,4906,2484,0,1,0.0,0.4025764895330113
1982,MMR,2983,1541,0,0,0.0,0.0
1982,TGO,3555,1773,1,1,0.5640157924421885,0.5640157924421885
1982,AUS,2741,1460,0,0,0.0,0.0
1982,NLD,3878,1930,0,0,0.0,0.0
1982,UGA,3304,1703,0,0,0.0,0.0
1982,CPV,4517,2351,0,0,0.0,0.0
1982,CSK,4488,2331,0,0,0.0,0.0
1982,EGY,6844,3610,0,0,0.0,0.0
1982,NZL,2398,1271,0,0,0.0,0.0
1983,KEN,6055,3197,1,0,0.31279324366593686,0.0
1983,MDV,3229,1666,0,2,0.0,1.2004801920768307
1983,KHM,3841,2044,0,1,0.0,0.4892367906066536
1983,VUT,6929,3407,0,1,0.0,0.293513354857646
1983,ISR,4616,2459,0,0,0.0,0.0
1983,CUB,6515,3490,0,0,0.0,0.0
1983,HND,3620,1836,0,0,0.0,0.0
1983,SGP,1934,1011,0,0,0.0,0.0
1983,FIN,1777,924,0,0,0.0,0.0
1983,SAU,4735,2446,0,0,0.0,0.0
1983,SLV,3882,1983,0,0,0.0,0.0
1983,CHL,3692,1868,0,0,0.0,0.0
1983,DEU,7569,4072,0,2,0.0,0.49115913555992136
1983,COL,3753,1879,0,0,0.0,0.0
1983,PER,3994,2005,0,3,0.0,1.4962593516209477
1983,SYC,3360,1691,0,2,0.0,1.1827321111768185
1983,BLZ,2152,1097,0,0,0.0,0.0
1983,LSO,3368,1707,0,0,0.0,0.0
1983,TCD,3620,1880,0,0,0.0,0.0
1983,ARE,2502,1282,0,0,0.0,0.0
1983,AGO,3771,1953,0,0,0.0,0.0
1983,ITA,3721,2039,0,0,0.0,0.0
1983,NIC,5412,2863,0,0,0.0,0.0
1983,PNG,2859,1518,0,0,0.0,0.0
1983,TZA,4489,2215,0,0,0.0,0.0
1983,FJI,2363,1271,0,1,0.0,0.7867820613690008
1983,CSK,4541,2360,0,0,0.0,0.0
1983,CPV,5023,2510,2,1,0.7968127490039841,0.39840637450199207
1983,UGA,2742,1498,0,0,0.0,0.0
1983,NZL,3656,1917,0,0,0.0,0.0
1983,EGY,3684,1922,0,0,0.0,0.0
1983,SLE,1747,898,0,0,0.0,0.0
1983,LBN,3465,1796,0,0,0.0,0.0
1983,AUS,4713,2360,0,0,0.0,0.0
1983,NLD,5165,2633,0,0,0.0,0.0
1983,TGO,2444,1259,0,0,0.0,0.0
1983,MMR,3136,1680,0,0,0.0,0.0
1983,PRY,9058,4517,0,0,0.0,0.0
1983,THA,4773,2620,1,0,0.38167938931297707,0.0
1983,BHR,3015,1620,0,0,0.0,0.0
1983,GAB,3009,1548,0,0,0.0,0.0
1983,GRD,4199,2236,0,0,0.0,0.0
1983,BEN,6504,3355,1,0,0.29806259314456035,0.0
1983,STP,1536,785,0,0,0.0,0.0
1983,ROU,4686,2483,0,0,0.0,0.0
1983,UKR,4362,2358,1,0,0.42408821034775235,0.0
1983,LAO,3715,1972,0,0,0.0,0.0
1983,NPL,3208,1689,0,0,0.0,0.0
1983,CMR,5638,2825,0,0,0.0,0.0
1983,LBR,2758,1465,0,0,0.0,0.0
1983,KWT,3313,1716,0,0,0.0,0.0
1983,IRN,7823,4010,0,1,0.0,0.24937655860349126
1983,NGA,4664,2438,0,0,0.0,0.0
1983,SEN,3883,1979,0,0,0.0,0.0
1983,JAM,3971,2090,0,0,0.0,0.0
1983,SOM,2946,1550,0,0,0.0,0.0
1983,YEM,4884,2459,0,0,0.0,0.0
1983,MLT,5982,3161,0,2,0.0,0.6327111673521038
1983,IRQ,4462,2203,0,1,0.0,0.45392646391284613
1983,HTI,3563,1852,0,0,0.0,0.0
1983,ESP,4766,2452,0,0,0.0,0.0
1983,MRT,4354,2244,0,1,0.0,0.44563279857397503
1983,CAN,3888,2126,0,0,0.0,0.0
1983,MAR,2317,1112,0,0,0.0,0.0
1983,SDN,3160,1673,0,1,0.0,0.5977286312014345
1983,MOZ,3685,1895,0,0,0.0,0.0
1983,GTM,5361,2766,0,0,0.0,0.0
1983,USA,3227,1713,0,0,0.0,0.0
1983,QAT,1982,1008,0,0,0.0,0.0
1983,TTO,4471,2376,0,0,0.0,0.0
1983,BWA,3283,1743,0,0,0.0,0.0
1983,JPN,3984,2083,0,0,0.0,0.0
1983,RWA,5165,2683,0,0,0.0,0.0
1983,GUY,3266,1693,0,0,0.0,0.0
1983,BLR,5408,2876,1,0,0.3477051460361613,0.0
1983,WSM,2452,1216,0,0,0.0,0.0
1983,GHA,3823,1983,0,1,0.0,0.5042864346949067
1983,BEL,4270,2172,0,0,0.0,0.0
1983,IRL,4989,2608,0,0,0.0,0.0
1983,NER,3677,1839,0,0,0.0,0.0
1983,MUS,2482,1272,0,0,0.0,0.0
1983,PAK,3889,2073,0,1,0.0,0.482392667631452
1983,MLI,5322,2778,0,0,0.0,0.0
1983,FRA,4822,2379,2,0,0.8406893652795292,0.0
1983,BDI,3301,1702,0,0,0.0,0.0
1983,VNM,5904,3186,0,0,0.0,0.0
1983,MNG,2877,1552,0,0,0.0,0.0
1983,OMN,3174,1644,0,0,0.0,0.0
1983,ETH,5517,2854,0,4,0.0,1.4015416958654519
1983,DOM,3891,2048,0,0,0.0,0.0
1983,LBY,4401,2325,0,0,0.0,0.0
1983,BRA,3492,1802,0,0,0.0,0.0
1983,TUR,4107,2144,0,0,0.0,0.0
1983,COM,2865,1426,0,0,0.0,0.0
1983,AFG,3731,1968,0,0,0.0,0.0
1983,URY,3661,1884,0,0,0.0,0.0
1983,SUR,3413,1697,0,0,0.0,0.0
1983,ZWE,4655,2458,0,0,0.0,0.0
1983,VCT,4834,2381,0,2,0.0,0.8399832003359933
1983,LUX,3900,1943,0,0,0.0,0.0
1983,ZMB,4106,2143,0,0,0.0,0.0
1983,COD,7719,3877,0,0,0.0,0.0
1983,GRC,6444,3342,0,0,0.0,0.0
1983,HUN,3234,1695,0,0,0.0,0.0
1983,ISL,1960,1004,0,0,0.0,0.0
1983,YUG,2769,1430,0,0,0.0,0.0
1983,VEN,5069,2559,0,0,0.0,0.0
1983,DDR,3340,1769,0,0,0.0,0.0
1983,BGD,4029,2072,0,0,0.0,0.0
1983,CAF,2911,1487,0,0,0.0,0.0
1983,MYS,2780,1505,0,0,0.0,0.0
1983,SLB,1720,900,0,0,0.0,0.0
1983,ATG,3502,1753,0,0,0.0,0.0
1983,AUT,3097,1715,0,0,0.0,0.0
1983,MEX,3625,1884,0,0,0.0,0.0
1983,COG,3059,1520,0,0,0.0,0.0
1983,CYP,4441,2264,0,0,0.0,0.0
1983,DZA,3311,1710,0,0,0.0,0.0
1983,YMD,3715,1976,0,1,0.0,0.5060728744939271
1983,LKA,2815,1471,0,0,0.0,0.0
1983,POL,4119,2158,0,0,0.0,0.0
1983,PHL,2577,1285,0,0,0.0,0.0
1983,GNB,3720,1936,0,0,0.0,0.0
1983,BGR,2908,1486,0,0,0.0,0.0
1983,GBR,4174,2067,0,0,0.0,0.0
1983,PRT,4297,2247,0,0,0.0,0.0
1983,BFA,3494,1757,0,0,0.0,0.0
1983,CRI,3489,1857,0,0,0.0,0.0
1983,ECU,3156,1585,1,0,0.6309148264984228,0.0
1983,CHN,4176,2292,0,0,0.0,0.0
1983,JOR,3742,1965,1,0,0.5089058524173028,0.0
1983,SWE,3238,1716,0,0,0.0,0.0
1983,IND,3253,1673,0,1,0.0,0.5977286312014345
1983,ARG,4998,2580,1,1,0.3875968992248062,0.3875968992248062
1983,BRB,3424,1814,0,0,0.0,0.0
1983,ALB,3668,1861,0,0,0.0,0.0
1983,BTN,2305,1247,0,0,0.0,0.0
1983,NOR,2370,1277,0,0,0.0,0.0
1983,TUN,5007,2466,0,0,0.0,0.0
1983,MDG,2918,1486,0,0,0.0,0.0
1983,DJI,4041,2084,0,0,0.0,0.0
1983,RUS,7516,3842,0,0,0.0,0.0
1983,BOL,3639,1899,0,2,0.0,1.05318588730911
1983,SYR,3210,1648,0,0,0.0,0.0
1983,GNQ,3417,1719,0,0,0.0,0.0
1983,IDN,3959,2154,0,0,0.0,0.0
1983,DNK,4030,2163,0,0,0.0,0.0
1983,GIN,2769,1447,0,2,0.0,1.38217000691085
1983,BHS,4169,2131,0,1,0.0,0.46926325668700136
1984,FJI,2118,1081,0,0,0.0,0.0
1984,TZA,3934,2076,0,0,0.0,0.0
1984,PNG,4721,2534,0,0,0.0,0.0
1984,NIC,2914,1528,0,0,0.0,0.0
1984,ITA,4647,2419,0,2,0.0,0.8267879288962381
1984,AGO,3720,1904,0,0,0.0,0.0
1984,ARE,2860,1469,0,0,0.0,0.0
1984,TCD,3816,1940,0,1,0.0,0.5154639175257733
1984,LSO,2356,1224,0,0,0.0,0.0
1984,BLZ,2450,1227,0,0,0.0,0.0
1984,TGO,3685,1919,0,0,0.0,0.0
1984,MMR,3848,1978,1,0,0.5055611729019212,0.0
1984,NLD,3395,1717,0,0,0.0,0.0
1984,AUS,3567,1827,0,0,0.0,0.0
1984,LBN,4128,2058,0,0,0.0,0.0
1984,SLE,2761,1485,0,0,0.0,0.0
1984,EGY,4686,2418,0,0,0.0,0.0
1984,NZL,4061,1989,0,0,0.0,0.0
1984,UGA,2649,1436,0,0,0.0,0.0
1984,CPV,4127,2091,0,0,0.0,0.0
1984,CSK,4185,2164,0,0,0.0,0.0
1984,SGP,2991,1525,0,0,0.0,0.0
1984,HND,5839,3009,0,2,0.0,0.6646726487205051
1984,CUB,4568,2422,0,0,0.0,0.0
1984,ISR,3885,2011,0,0,0.0,0.0
1984,VUT,4855,2389,0,1,0.0,0.4185851820845542
1984,KHM,3777,1948,0,0,0.0,0.0
1984,MDV,4318,2243,0,0,0.0,0.0
1984,KEN,5317,2841,0,1,0.0,0.3519887363604365
1984,PER,2188,1070,0,0,0.0,0.0
1984,COL,4343,2193,0,1,0.0,0.45599635202918376
1984,DEU,5052,2725,0,0,0.0,0.0
1984,CHL,3315,1659,0,0,0.0,0.0
1984,GMB,3061,1645,0,0,0.0,0.0
1984,SLV,4785,2317,0,0,0.0,0.0
1984,SAU,5052,2638,0,0,0.0,0.0
1984,FIN,3079,1673,0,0,0.0,0.0
1984,MAR,3496,1821,0,1,0.0,0.5491488193300385
1984,CAN,4481,2425,0,0,0.0,0.0
1984,MRT,2826,1475,0,1,0.0,0.6779661016949153
1984,ESP,3414,1741,0,0,0.0,0.0
1984,HTI,4108,2117,0,0,0.0,0.0
1984,BWA,5464,2912,0,2,0.0,0.6868131868131868
1984,TTO,3907,2077,0,4,0.0,1.9258545979778525
1984,QAT,2120,1092,0,0,0.0,0.0
1984,USA,4986,2533,0,0,0.0,0.0
1984,GTM,5519,2852,0,2,0.0,0.7012622720897616
1984,MOZ,4999,2657,1,2,0.3763643206624012,0.7527286413248024
1984,SDN,3522,1862,0,1,0.0,0.5370569280343717
1984,NPL,3791,2048,0,1,0.0,0.48828125
1984,CMR,5522,2910,0,1,0.0,0.3436426116838488
1984,LBR,4602,2386,0,0,0.0,0.0
1984,UKR,4025,2203,0,0,0.0,0.0
1984,LAO,4187,2229,0,0,0.0,0.0
1984,ROU,4808,2495,0,0,0.0,0.0
1984,STP,711,360,0,0,0.0,0.0
1984,BEN,4760,2423,0,0,0.0,0.0
1984,LCA,4322,2155,0,0,0.0,0.0
1984,GAB,3129,1612,0,1,0.0,0.6203473945409429
1984,BHR,3052,1556,0,0,0.0,0.0
1984,THA,5414,2915,1,0,0.34305317324185247,0.0
1984,PRY,2407,1230,0,1,0.0,0.8130081300813008
1984,IRQ,3300,1687,0,1,0.0,0.5927682276229994
1984,MLT,5706,2967,0,1,0.0,0.3370407819346141
1984,SOM,2601,1424,0,0,0.0,0.0
1984,YEM,4382,2260,0,2,0.0,0.8849557522123894
1984,JAM,4224,2130,0,0,0.0,0.0
1984,SEN,4554,2360,0,1,0.0,0.423728813559322
1984,DMA,3867,2051,1,0,0.4875670404680643,0.0
1984,NGA,4726,2483,0,0,0.0,0.0
1984,IRN,6713,3507,0,2,0.0,0.570287995437696
1984,KWT,3879,1948,0,0,0.0,0.0
1984,LUX,3210,1654,0,1,0.0,0.6045949214026601
1984,ZWE,3873,2049,0,0,0.0,0.0
1984,SUR,3542,1866,0,1,0.0,0.5359056806002144
1984,PAN,4788,2399,0,0,0.0,0.0
1984,URY,4143,2102,0,0,0.0,0.0
1984,AFG,4693,2487,0,0,0.0,0.0
1984,COM,3042,1526,0,0,0.0,0.0
1984,VEN,4830,2436,0,0,0.0,0.0
1984,ISL,1988,1028,0,0,0.0,0.0
1984,YUG,3139,1616,0,0,0.0,0.0
1984,HUN,2847,1489,0,0,0.0,0.0
1984,GRC,2941,1497,0,0,0.0,0.0
1984,COD,3999,1943,0,0,0.0,0.0
1984,BEL,4600,2287,0,0,0.0,0.0
1984,GHA,3201,1659,0,0,0.0,0.0
1984,BLR,4619,2407,0,3,0.0,1.2463647694225177
1984,GUY,4262,2241,0,0,0.0,0.0
1984,RWA,5768,2958,0,4,0.0,1.352265043948614
1984,JPN,4043,2160,0,0,0.0,0.0
1984,TUR,3107,1687,0,1,0.0,0.5927682276229994
1984,BRA,3533,1816,0,0,0.0,0.0
1984,LBY,5208,2623,0,0,0.0,0.0
1984,DOM,4303,2256,1,0,0.4432624113475177,0.0
1984,ETH,5408,2856,0,2,0.0,0.7002801120448179
1984,OMN,2149,1106,0,1,0.0,0.9041591320072332
1984,MNG,3855,2017,0,0,0.0,0.0
1984,BDI,4458,2292,0,2,0.0,0.8726003490401396
1984,VNM,4991,2643,0,0,0.0,0.0
1984,MLI,5949,3095,1,0,0.32310177705977383,0.0
1984,PAK,4135,2202,0,0,0.0,0.0
1984,FRA,5814,3020,0,1,0.0,0.33112582781456956
1984,IRL,9586,4945,0,1,0.0,0.20222446916076844
1984,NER,3299,1647,0,0,0.0,0.0
1984,MUS,4275,2274,0,1,0.0,0.43975373790677225
1984,MDG,4081,2043,0,0,0.0,0.0
1984,NOR,2291,1209,0,0,0.0,0.0
1984,TUN,3157,1616,0,0,0.0,0.0
1984,BTN,2018,1086,0,0,0.0,0.0
1984,ALB,3596,1810,0,0,0.0,0.0
1984,SWZ,2668,1423,0,1,0.0,0.7027406886858749
1984,BRB,3606,1875,0,1,0.0,0.5333333333333333
1984,ARG,3260,1626,0,0,0.0,0.0
1984,IND,7557,3974,0,1,0.0,0.25163563160543534
1984,SWE,3442,1837,0,0,0.0,0.0
1984,JOR,4522,2317,0,0,0.0,0.0
1984,BHS,4108,2104,0,1,0.0,0.4752851711026616
1984,GIN,3717,1964,0,2,0.0,1.0183299389002036
1984,DNK,4271,2313,0,0,0.0,0.0
1984,IDN,5290,2883,0,0,0.0,0.0
1984,GNQ,3198,1627,0,2,0.0,1.229256299938537
1984,SYR,4063,2064,0,0,0.0,0.0
1984,BOL,4801,2504,0,2,0.0,0.7987220447284344
1984,RUS,8011,4037,0,0,0.0,0.0
1984,DJI,3836,2004,0,2,0.0,0.998003992015968
1984,COG,4653,2345,1,4,0.42643923240938164,1.7057569296375266
1984,CYP,2903,1499,0,0,0.0,0.0
1984,MEX,5086,2726,0,0,0.0,0.0
1984,AUT,2165,1171,0,0,0.0,0.0
1984,ATG,3101,1564,0,0,0.0,0.0
1984,SLB,2618,1307,0,0,0.0,0.0
1984,MYS,5619,2686,0,0,0.0,0.0
1984,CAF,2112,1102,0,0,0.0,0.0
1984,DDR,3644,1991,0,0,0.0,0.0
1984,BGD,4625,2392,0,0,0.0,0.0
1984,CHN,4910,2662,0,0,0.0,0.0
1984,ECU,2657,1390,0,2,0.0,1.4388489208633093
1984,BFA,6504,3061,0,0,0.0,0.0
1984,PRT,4416,2227,0,1,0.0,0.44903457566232596
1984,CRI,3644,1846,0,0,0.0,0.0
1984,BGR,2737,1416,0,1,0.0,0.7062146892655368
1984,GBR,4680,2411,0,0,0.0,0.0
1984,GNB,3354,1735,0,0,0.0,0.0
1984,PHL,2435,1293,0,0,0.0,0.0
1984,POL,5122,2655,0,0,0.0,0.0
1984,LKA,2687,1487,0,0,0.0,0.0
1984,YMD,2776,1457,0,0,0.0,0.0
1984,DZA,4685,2290,0,0,0.0,0.0
1985,SWZ,1882,1037,0,0,0.0,0.0
1985,ALB,3700,1853,0,0,0.0,0.0
1985,TUN,3876,1984,0,0,0.0,0.0
1985,NOR,2856,1558,0,0,0.0,0.0
1985,MDG,4073,2029,0,0,0.0,0.0
1985,JOR,4298,2200,0,0,0.0,0.0
1985,SWE,4265,2325,0,2,0.0,0.8602150537634409
1985,IND,5023,2686,0,0,0.0,0.0
1985,ARG,4452,2252,0,0,0.0,0.0
1985,BRB,3793,1916,0,1,0.0,0.521920668058455
1985,DNK,3694,1993,0,2,0.0,1.0035122930255895
1985,GIN,1662,854,0,1,0.0,1.17096018735363
1985,BHS,3774,1983,0,2,0.0,1.0085728693898135
1985,DJI,3481,1836,0,2,0.0,1.0893246187363836
1985,RUS,6411,3258,0,3,0.0,0.9208103130755064
1985,BOL,4239,2173,0,1,0.0,0.4601932811780948
1985,SYR,3836,2013,0,0,0.0,0.0
1985,IDN,5827,3119,0,1,0.0,0.3206155819172812
1985,SLB,3772,1902,0,0,0.0,0.0
1985,AUT,3243,1768,0,1,0.0,0.5656108597285069
1985,MEX,4865,2618,0,0,0.0,0.0
1985,COG,3412,1772,0,0,0.0,0.0
1985,CYP,3255,1720,0,1,0.0,0.5813953488372093
1985,DDR,3007,1627,0,0,0.0,0.0
1985,BGD,6012,3209,0,2,0.0,0.6232471174820816
1985,CAF,1922,942,0,0,0.0,0.0
1985,MYS,2455,1227,0,0,0.0,0.0
1985,BRN,1824,930,0,0,0.0,0.0
1985,GBR,5149,2701,0,3,0.0,1.1106997408367272
1985,BGR,3695,1953,0,1,0.0,0.5120327700972862
1985,CRI,3838,1939,0,0,0.0,0.0
1985,PRT,4433,2240,0,0,0.0,0.0
1985,BFA,1650,838,0,1,0.0,1.1933174224343677
1985,ECU,3273,1702,0,0,0.0,0.0
1985,CHN,3932,2134,0,1,0.0,0.46860356138706655
1985,DZA,4133,2032,0,0,0.0,0.0
1985,YMD,3021,1600,0,1,0.0,0.625
1985,LKA,2566,1378,0,0,0.0,0.0
1985,POL,3535,1831,0,2,0.0,1.0922992900054613
1985,PHL,4339,2292,0,0,0.0,0.0
1985,ZWE,5494,2884,0,0,0.0,0.0
1985,LUX,6589,3456,0,1,0.0,0.28935185185185186
1985,COM,2572,1341,0,0,0.0,0.0
1985,AFG,4370,2335,0,1,0.0,0.4282655246252676
1985,PAN,3301,1689,0,0,0.0,0.0
1985,URY,6219,3027,0,0,0.0,0.0
1985,SUR,3491,1853,0,0,0.0,0.0
1985,GRC,4030,2109,0,1,0.0,0.474158368895211
1985,HUN,3985,2139,1,0,0.4675081813931744,0.0
1985,YUG,2707,1367,0,0,0.0,0.0
1985,ISL,3120,1585,0,0,0.0,0.0
1985,VEN,4799,2445,0,0,0.0,0.0
1985,COD,2806,1474,0,0,0.0,0.0
1985,BLR,4634,2422,0,0,0.0,0.0
1985,WSM,2703,1398,0,0,0.0,0.0
1985,GHA,4099,2129,0,0,0.0,0.0
1985,BEL,3430,1751,0,0,0.0,0.0
1985,JPN,4831,2632,0,0,0.0,0.0
1985,RWA,6064,3082,0,2,0.0,0.6489292667099286
1985,GUY,3145,1589,0,0,0.0,0.0
1985,ETH,3739,1953,0,1,0.0,0.5120327700972862
1985,DOM,4643,2436,0,0,0.0,0.0
1985,LBY,3978,2001,0,0,0.0,0.0
1985,BRA,5643,2891,0,0,0.0,0.0
1985,TUR,3412,1859,0,1,0.0,0.5379236148466917
1985,MUS,6550,3368,0,0,0.0,0.0
1985,NER,3129,1601,0,0,0.0,0.0
1985,IRL,5769,2982,0,0,0.0,0.0
1985,FRA,4343,2277,0,0,0.0,0.0
1985,PAK,3979,2174,0,0,0.0,0.0
1985,MLI,3945,2014,0,0,0.0,0.0
1985,VNM,2505,1357,0,0,0.0,0.0
1985,BDI,4232,2210,0,2,0.0,0.9049773755656109
1985,MNG,3957,2137,0,0,0.0,0.0
1985,OMN,3401,1749,0,0,0.0,0.0
1985,CAN,4114,2206,0,1,0.0,0.45330915684496825
1985,MAR,5360,2762,0,1,0.0,0.3620564808110065
1985,HTI,4423,2328,0,1,0.0,0.42955326460481097
1985,ESP,4771,2412,0,2,0.0,0.8291873963515755
1985,MRT,3345,1721,0,0,0.0,0.0
1985,TTO,3454,1761,0,0,0.0,0.0
1985,SDN,4042,2083,0,2,0.0,0.9601536245799327
1985,MOZ,5386,2862,0,3,0.0,1.0482180293501049
1985,GTM,6049,3135,0,1,0.0,0.3189792663476874
1985,USA,5510,2999,1,1,0.33344448149383127,0.33344448149383127
1985,QAT,2476,1261,0,1,0.0,0.7930214115781126
1985,MWI,2821,1551,0,1,0.0,0.6447453255963894
1985,BEN,3006,1564,0,0,0.0,0.0
1985,STP,3178,1596,0,0,0.0,0.0
1985,ROU,5114,2670,0,0,0.0,0.0
1985,LAO,3668,1971,0,0,0.0,0.0
1985,UKR,4765,2530,0,1,0.0,0.3952569169960474
1985,CMR,4861,2473,0,1,0.0,0.4043671653861706
1985,LBR,3388,1766,0,0,0.0,0.0
1985,NPL,3648,1995,0,0,0.0,0.0
1985,PRY,3370,1689,0,0,0.0,0.0
1985,THA,2511,1319,0,1,0.0,0.7581501137225171
1985,BHR,3413,1791,0,0,0.0,0.0
1985,NGA,4531,2379,0,1,0.0,0.4203446826397646
1985,JAM,3881,1963,1,0,0.5094243504839532,0.0
1985,SOM,2862,1524,0,0,0.0,0.0
1985,YEM,4513,2284,0,0,0.0,0.0
1985,MLT,4827,2539,0,0,0.0,0.0
1985,IRQ,4818,2494,0,1,0.0,0.40096230954290296
1985,KWT,3451,1744,0,0,0.0,0.0
1985,IRN,6000,3053,0,1,0.0,0.32754667540124466
1985,PNG,3386,1896,0,1,0.0,0.5274261603375527
1985,TZA,3534,1748,0,0,0.0,0.0
1985,BLZ,3281,1704,0,0,0.0,0.0
1985,TCD,2059,1081,0,0,0.0,0.0
1985,ARE,2989,1541,0,0,0.0,0.0
1985,AGO,2909,1559,0,1,0.0,0.6414368184733803
1985,ITA,4496,2317,0,1,0.0,0.43159257660768235
1985,SLE,2467,1314,0,0,0.0,0.0
1985,AUS,4236,2149,0,0,0.0,0.0
1985,NLD,3335,1705,0,1,0.0,0.5865102639296188
1985,MMR,4144,2124,0,0,0.0,0.0
1985,TGO,4768,2541,0,2,0.0,0.7870916961826052
1985,CSK,4988,2613,0,1,0.0,0.3827018752391887
1985,UGA,3825,2033,0,1,0.0,0.49188391539596654
1985,NZL,4139,2104,0,0,0.0,0.0
1985,EGY,2467,1242,1,0,0.8051529790660226,0.0
1985,VUT,5248,2546,0,1,0.0,0.3927729772191674
1985,KNA,1780,926,0,1,0.0,1.0799136069114472
1985,ISR,3457,1793,0,0,0.0,0.0
1985,CUB,7747,4074,0,1,0.0,0.24545900834560627
1985,HND,4637,2309,0,0,0.0,0.0
1985,SGP,2037,1046,0,0,0.0,0.0
1985,KEN,4791,2574,0,0,0.0,0.0
1985,KHM,6840,3721,0,0,0.0,0.0
1985,CHL,4860,2565,0,1,0.0,0.3898635477582846
1985,DEU,4911,2706,0,0,0.0,0.0
1985,COL,4682,2375,0,1,0.0,0.4210526315789474
1985,PER,6510,3100,0,0,0.0,0.0
1985,FIN,3692,2007,0,1,0.0,0.4982561036372695
1985,SAU,3956,1997,0,0,0.0,0.0
1985,SLV,5010,2584,0,1,0.0,0.38699690402476783
1986,DNK,3820,2058,0,0,0.0,0.0
1986,GIN,2576,1327,0,0,0.0,0.0
1986,BHS,3476,1907,0,0,0.0,0.0
1986,DJI,4441,2420,1,5,0.4132231404958678,2.066115702479339
1986,RUS,5696,2885,0,0,0.0,0.0
1986,BOL,2907,1532,0,1,0.0,0.6527415143603134
1986,SYR,3455,1775,0,0,0.0,0.0
1986,GNQ,3121,1659,0,0,0.0,0.0
1986,IDN,4691,2589,0,0,0.0,0.0
1986,SWZ,1357,744,0,0,0.0,0.0
1986,ALB,2990,1547,0,0,0.0,0.0
1986,BTN,2064,1160,0,2,0.0,1.7241379310344827
1986,TUN,3570,1774,0,0,0.0,0.0
1986,NOR,2739,1482,1,0,0.6747638326585694,0.0
1986,JOR,3958,1980,0,0,0.0,0.0
1986,SWE,3469,1917,0,1,0.0,0.5216484089723527
1986,IND,3587,1930,0,0,0.0,0.0
1986,ARG,4782,2475,0,0,0.0,0.0
1986,BRB,3593,1771,0,0,0.0,0.0
1986,GNB,2434,1310,0,0,0.0,0.0
1986,BGR,3148,1686,0,0,0.0,0.0
1986,GBR,5199,2804,0,1,0.0,0.3566333808844508
1986,CRI,4347,2204,0,0,0.0,0.0
1986,PRT,4320,2247,0,0,0.0,0.0
1986,BFA,4236,2116,0,1,0.0,0.4725897920604915
1986,ECU,5102,2686,0,2,0.0,0.7446016381236039
1986,CHN,3739,2051,0,0,0.0,0.0
1986,DZA,3564,1761,0,0,0.0,0.0
1986,YMD,2344,1236,0,0,0.0,0.0
1986,LKA,3710,2005,1,0,0.4987531172069825,0.0
1986,POL,4147,2167,0,0,0.0,0.0
1986,PHL,1801,861,0,0,0.0,0.0
1986,SLB,2420,1238,0,0,0.0,0.0
1986,ATG,4267,2162,0,0,0.0,0.0
1986,AUT,2730,1499,0,0,0.0,0.0
1986,MEX,4060,2118,0,0,0.0,0.0
1986,CYP,5400,2746,0,0,0.0,0.0
1986,COG,4235,2128,0,0,0.0,0.0
1986,BGD,3861,2046,0,0,0.0,0.0
1986,DDR,3279,1814,0,0,0.0,0.0
1986,CAF,2737,1446,0,0,0.0,0.0
1986,MYS,4951,2553,0,0,0.0,0.0
1986,BRN,1866,990,0,0,0.0,0.0
1986,GRC,3510,1870,0,1,0.0,0.5347593582887701
1986,HUN,3428,1809,0,0,0.0,0.0
1986,YUG,2308,1199,0,0,0.0,0.0
1986,ISL,1888,989,0,0,0.0,0.0
1986,VEN,3579,1843,0,0,0.0,0.0
1986,COD,3297,1755,0,2,0.0,1.1396011396011396
1986,VCT,468,238,0,0,0.0,0.0
1986,ZWE,2611,1386,0,2,0.0,1.443001443001443
1986,LUX,3065,1558,0,0,0.0,0.0
1986,ZMB,2449,1315,0,0,0.0,0.0
1986,COM,2233,1170,0,0,0.0,0.0
1986,AFG,2773,1474,0,1,0.0,0.6784260515603798
1986,URY,3910,1939,0,0,0.0,0.0
1986,PAN,4257,2185,0,0,0.0,0.0
1986,SUR,3062,1580,0,0,0.0,0.0
1986,ETH,2957,1553,0,0,0.0,0.0
1986,DOM,4878,2546,0,0,0.0,0.0
1986,LBY,2072,1010,0,1,0.0,0.9900990099009901
1986,BRA,4936,2560,0,0,0.0,0.0
1986,TUR,3365,1787,0,0,0.0,0.0
1986,NER,3612,1878,0,1,0.0,0.5324813631522897
1986,MUS,3544,1890,0,0,0.0,0.0
1986,IRL,5913,2976,0,0,0.0,0.0
1986,FRA,5040,2564,0,0,0.0,0.0
1986,PAK,2734,1491,1,0,0.670690811535882,0.0
1986,MLI,2188,1142,0,1,0.0,0.8756567425569177
1986,VNM,3380,1799,0,0,0.0,0.0
1986,BDI,2585,1334,0,1,0.0,0.7496251874062968
1986,MNG,3577,1966,0,0,0.0,0.0
1986,OMN,2261,1159,1,0,0.8628127696289906,0.0
1986,BLR,4259,2222,0,0,0.0,0.0
1986,GHA,3955,2060,0,0,0.0,0.0
1986,WSM,2266,1155,0,0,0.0,0.0
1986,BEL,3807,2032,0,0,0.0,0.0
1986,JPN,4758,2559,0,2,0.0,0.781555295037124
1986,RWA,2450,1275,0,0,0.0,0.0
1986,GUY,3260,1699,0,0,0.0,0.0
1986,TTO,3529,1875,0,0,0.0,0.0
1986,BWA,3826,1999,0,0,0.0,0.0
1986,SDN,4637,2383,0,2,0.0,0.839278220730172
1986,MOZ,5599,2977,0,0,0.0,0.0
1986,GTM,5814,2824,0,0,0.0,0.0
1986,USA,4034,2142,0,0,0.0,0.0
1986,QAT,2161,1105,0,0,0.0,0.0
1986,CAN,2593,1332,0,0,0.0,0.0
1986,MAR,4100,2152,0,0,0.0,0.0
1986,HTI,3244,1678,0,0,0.0,0.0
1986,ESP,2235,1139,0,0,0.0,0.0
1986,MRT,1585,827,0,0,0.0,0.0
1986,NGA,3899,2065,1,0,0.48426150121065376,0.0
1986,SEN,3972,2102,0,0,0.0,0.0
1986,JAM,3760,1958,0,0,0.0,0.0
1986,YEM,4650,2316,0,0,0.0,0.0
1986,SOM,2570,1380,0,1,0.0,0.7246376811594203
1986,MLT,5242,2811,0,0,0.0,0.0
1986,IRQ,5568,2869,0,0,0.0,0.0
1986,KWT,3490,1834,0,0,0.0,0.0
1986,IRN,7861,4064,0,1,0.0,0.24606299212598426
1986,GRD,2267,1214,0,0,0.0,0.0
1986,MWI,2497,1244,1,0,0.8038585209003215,0.0
1986,STP,2467,1242,0,0,0.0,0.0
1986,ROU,3932,2049,0,0,0.0,0.0
1986,LAO,3516,1852,0,1,0.0,0.5399568034557236
1986,UKR,4177,2293,0,0,0.0,0.0
1986,LBR,3033,1629,1,0,0.6138735420503376,0.0
1986,CMR,4401,2273,0,1,0.0,0.4399472063352398
1986,NPL,4181,2230,0,0,0.0,0.0
1986,PRY,3057,1526,0,0,0.0,0.0
1986,THA,4942,2711,0,0,0.0,0.0
1986,BHR,3353,1774,1,0,0.5636978579481398,0.0
1986,SLE,2782,1488,0,0,0.0,0.0
1986,LBN,4394,2119,0,0,0.0,0.0
1986,NLD,3344,1766,0,0,0.0,0.0
1986,AUS,3434,1730,0,0,0.0,0.0
1986,MMR,3412,1799,0,0,0.0,0.0
1986,TGO,6573,3312,0,0,0.0,0.0
1986,CSK,4186,2194,0,0,0.0,0.0
1986,CPV,4281,2231,0,1,0.0,0.44822949350067237
1986,NZL,3748,1948,0,0,0.0,0.0
1986,EGY,4339,2295,0,0,0.0,0.0
1986,NIC,4946,2572,0,0,0.0,0.0
1986,PNG,3492,1892,0,1,0.0,0.5285412262156448
1986,TZA,4876,2614,0,1,0.0,0.38255547054322875
1986,FJI,1635,924,0,1,0.0,1.0822510822510822
1986,BLZ,3095,1640,0,0,0.0,0.0
1986,LSO,2036,1060,0,0,0.0,0.0
1986,TCD,2163,1115,0,2,0.0,1.7937219730941705
1986,ARE,2577,1347,0,0,0.0,0.0
1986,AGO,2514,1364,0,1,0.0,0.7331378299120235
1986,ITA,2708,1421,1,0,0.7037297677691766,0.0
1986,CHL,4389,2251,0,2,0.0,0.888494002665482
1986,DEU,4762,2569,0,1,0.0,0.38925652004671074
1986,COL,2333,1189,0,0,0.0,0.0
1986,PER,3017,1541,0,0,0.0,0.0
1986,SAU,3256,1642,0,0,0.0,0.0
1986,FIN,2565,1416,0,1,0.0,0.7062146892655368
1986,SLV,6085,3131,0,0,0.0,0.0
1986,GMB,3007,1603,0,0,0.0,0.0
1986,VUT,4227,2074,0,0,0.0,0.0
1986,ISR,3890,2032,0,0,0.0,0.0
1986,CUB,4896,2624,0,4,0.0,1.524390243902439
1986,HND,3791,2027,0,0,0.0,0.0
1986,SGP,1914,1022,0,0,0.0,0.0
1986,KEN,5223,2784,0,0,0.0,0.0
1986,MDV,2663,1398,0,2,0.0,1.4306151645207439
1986,KHM,7019,3750,0,1,0.0,0.26666666666666666
1987,GAB,3895,2000,0,0,0.0,0.0
1987,BHR,3669,1901,0,1,0.0,0.5260389268805892
1987,THA,2447,1271,0,0,0.0,0.0
1987,PRY,3852,1978,0,0,0.0,0.0
1987,NPL,2969,1625,0,0,0.0,0.0
1987,CMR,2521,1349,1,0,0.7412898443291327,0.0
1987,LBR,3092,1623,0,0,0.0,0.0
1987,UKR,4237,2280,0,0,0.0,0.0
1987,LAO,2587,1392,0,0,0.0,0.0
1987,ROU,2982,1616,0,0,0.0,0.0
1987,GRD,2058,1110,0,0,0.0,0.0
1987,BEN,2964,1538,0,0,0.0,0.0
1987,LCA,3165,1659,0,1,0.0,0.6027727546714888
1987,MWI,2887,1475,0,0,0.0,0.0
1987,IRN,8342,4158,0,0,0.0,0.0
1987,KWT,3378,1757,0,0,0.0,0.0
1987,MLT,3425,1737,0,1,0.0,0.5757052389176742
1987,IRQ,7327,3712,0,0,0.0,0.0
1987,JAM,3200,1712,0,0,0.0,0.0
1987,SOM,2700,1416,0,0,0.0,0.0
1987,YEM,2846,1519,0,1,0.0,0.6583278472679394
1987,NGA,3980,2173,0,0,0.0,0.0
1987,SEN,4337,2246,0,0,0.0,0.0
1987,ESP,4173,2103,0,0,0.0,0.0
1987,MRT,2867,1510,0,0,0.0,0.0
1987,HTI,2482,1267,0,0,0.0,0.0
1987,MAR,3632,1880,0,1,0.0,0.5319148936170213
1987,CAN,2075,1116,0,0,0.0,0.0
1987,QAT,1829,956,0,0,0.0,0.0
1987,USA,3991,2061,0,0,0.0,0.0
1987,GTM,3757,1880,0,2,0.0,1.0638297872340425
1987,MOZ,4502,2367,0,0,0.0,0.0
1987,SDN,3196,1672,0,0,0.0,0.0
1987,BWA,4547,2352,0,0,0.0,0.0
1987,TTO,3067,1618,0,1,0.0,0.6180469715698392
1987,MDV,1722,901,0,1,0.0,1.1098779134295227
1987,KHM,5449,2869,0,0,0.0,0.0
1987,KEN,3720,2018,0,0,0.0,0.0
1987,SGP,2284,1187,0,0,0.0,0.0
1987,HND,3563,1894,0,1,0.0,0.5279831045406547
1987,CUB,4944,2652,0,0,0.0,0.0
1987,KNA,3209,1691,1,3,0.5913660555884093,1.7740981667652278
1987,VUT,5349,2678,0,0,0.0,0.0
1987,ISR,2169,1132,0,0,0.0,0.0
1987,GMB,3845,2093,0,0,0.0,0.0
1987,SLV,3537,1821,0,0,0.0,0.0
1987,SAU,4015,2063,0,0,0.0,0.0
1987,FIN,2363,1308,0,2,0.0,1.529051987767584
1987,PER,3045,1613,0,0,0.0,0.0
1987,COL,1596,814,0,0,0.0,0.0
1987,DEU,5163,2703,0,0,0.0,0.0
1987,CHL,3256,1621,0,0,0.0,0.0
1987,ITA,3235,1620,0,0,0.0,0.0
1987,AGO,3630,1894,0,0,0.0,0.0
1987,TCD,2869,1532,0,2,0.0,1.3054830287206267
1987,ARE,3018,1586,0,0,0.0,0.0
1987,BLZ,2896,1547,0,0,0.0,0.0
1987,LSO,3266,1679,0,0,0.0,0.0
1987,TZA,3782,1995,0,0,0.0,0.0
1987,FJI,1434,743,0,0,0.0,0.0
1987,PNG,2522,1366,0,2,0.0,1.4641288433382138
1987,NIC,3849,1878,0,0,0.0,0.0
1987,EGY,4521,2369,1,0,0.4221190375685943,0.0
1987,NZL,4025,2082,0,0,0.0,0.0
1987,CPV,3766,1958,1,1,0.5107252298263535,0.5107252298263535
1987,CSK,3666,1913,0,0,0.0,0.0
1987,TGO,4062,2117,0,0,0.0,0.0
1987,MMR,2356,1223,0,0,0.0,0.0
1987,NLD,3389,1785,0,1,0.0,0.5602240896358543
1987,AUS,4250,2294,0,0,0.0,0.0
1987,LBN,3212,1629,0,0,0.0,0.0
1987,SLE,3210,1689,0,0,0.0,0.0
1987,MYS,3653,1950,0,0,0.0,0.0
1987,BRN,1083,560,0,0,0.0,0.0
1987,DDR,3129,1678,0,0,0.0,0.0
1987,BGD,793,401,0,1,0.0,2.493765586034913
1987,CAF,2727,1407,0,0,0.0,0.0
1987,COG,3150,1612,0,0,0.0,0.0
1987,CYP,4979,2441,0,0,0.0,0.0
1987,AUT,3866,2151,0,0,0.0,0.0
1987,MEX,3363,1798,0,0,0.0,0.0
1987,SLB,3267,1673,0,1,0.0,0.5977286312014345
1987,PHL,3659,1960,0,1,0.0,0.5102040816326531
1987,POL,4247,2245,0,0,0.0,0.0
1987,LKA,3021,1645,0,0,0.0,0.0
1987,YMD,3006,1559,0,0,0.0,0.0
1987,DZA,3661,1829,0,0,0.0,0.0
1987,CHN,4579,2536,0,0,0.0,0.0
1987,BFA,4386,2161,0,0,0.0,0.0
1987,PRT,4143,2118,0,0,0.0,0.0
1987,CRI,2476,1254,0,0,0.0,0.0
1987,ECU,3611,1909,0,0,0.0,0.0
1987,GBR,3358,1726,0,0,0.0,0.0
1987,BGR,3640,1915,0,3,0.0,1.566579634464752
1987,GNB,2992,1564,0,0,0.0,0.0
1987,BRB,2542,1337,0,0,0.0,0.0
1987,IND,3089,1665,0,0,0.0,0.0
1987,ARG,3092,1620,0,0,0.0,0.0
1987,JOR,2429,1260,0,0,0.0,0.0
1987,SWE,3110,1686,0,2,0.0,1.1862396204033216
1987,MDG,3556,1819,0,0,0.0,0.0
1987,BTN,1079,559,0,0,0.0,0.0
1987,NOR,2564,1339,0,0,0.0,0.0
1987,TUN,3377,1711,0,0,0.0,0.0
1987,SWZ,1944,1070,0,0,0.0,0.0
1987,ALB,2892,1463,0,0,0.0,0.0
1987,IDN,4133,2235,0,1,0.0,0.447427293064877
1987,BOL,5120,2689,0,3,0.0,1.1156563778356265
1987,GNQ,3313,1703,0,0,0.0,0.0
1987,SYR,3376,1772,0,0,0.0,0.0
1987,RUS,5013,2462,0,0,0.0,0.0
1987,DJI,2687,1512,0,1,0.0,0.6613756613756614
1987,GIN,2407,1257,0,1,0.0,0.7955449482895784
1987,BHS,2633,1461,0,1,0.0,0.6844626967830253
1987,DNK,5792,3136,0,1,0.0,0.31887755102040816
1987,GUY,3130,1642,0,0,0.0,0.0
1987,JPN,4707,2461,0,2,0.0,0.8126777732629012
1987,RWA,3027,1605,0,0,0.0,0.0
1987,BEL,4200,2198,0,0,0.0,0.0
1987,WSM,3755,1940,0,1,0.0,0.5154639175257733
1987,GHA,3355,1808,0,0,0.0,0.0
1987,BLR,4806,2505,0,0,0.0,0.0
1987,OMN,2748,1380,0,0,0.0,0.0
1987,MNG,3337,1774,0,0,0.0,0.0
1987,BDI,2823,1435,0,0,0.0,0.0
1987,VNM,3988,2162,0,0,0.0,0.0
1987,IRL,4919,2488,0,0,0.0,0.0
1987,MUS,2624,1388,0,0,0.0,0.0
1987,NER,3659,1890,0,1,0.0,0.5291005291005292
1987,MLI,1991,1057,0,0,0.0,0.0
1987,PAK,3344,1811,0,0,0.0,0.0
1987,FRA,5761,2980,0,0,0.0,0.0
1987,TUR,3284,1763,0,0,0.0,0.0
1987,BRA,2928,1481,0,0,0.0,0.0
1987,LBY,3205,1646,0,0,0.0,0.0
1987,ETH,4028,2153,0,0,0.0,0.0
1987,DOM,4057,2083,0,0,0.0,0.0
1987,PAN,4119,2134,0,0,0.0,0.0
1987,URY,4764,2428,0,0,0.0,0.0
1987,SUR,2325,1117,0,0,0.0,0.0
1987,AFG,2633,1412,0,0,0.0,0.0
1987,COM,2728,1446,0,0,0.0,0.0
1987,ZMB,4771,2516,0,0,0.0,0.0
1987,LUX,3894,2032,0,0,0.0,0.0
1987,ZWE,4709,2454,0,0,0.0,0.0
1987,VCT,2235,1188,0,0,0.0,0.0
1987,COD,3336,1728,0,0,0.0,0.0
1987,VEN,3958,2003,0,0,0.0,0.0
1987,HUN,3858,2111,0,0,0.0,0.0
1987,ISL,1134,574,0,0,0.0,0.0
1987,YUG,3064,1536,0,0,0.0,0.0
1987,GRC,3808,1992,0,0,0.0,0.0
1988,URY,3018,1526,0,0,0.0,0.0
1988,PAN,4109,2091,0,1,0.0,0.47824007651841227
1988,SUR,2994,1546,0,0,0.0,0.0
1988,AFG,3692,1960,0,0,0.0,0.0
1988,COM,1984,1000,0,0,0.0,0.0
1988,ZMB,3288,1764,0,1,0.0,0.5668934240362812
1988,LUX,4379,2325,0,1,0.0,0.43010752688172044
1988,ZWE,3558,1892,0,0,0.0,0.0
1988,VCT,2357,1185,0,1,0.0,0.8438818565400844
1988,COD,2462,1296,0,0,0.0,0.0
1988,VEN,3419,1618,0,0,0.0,0.0
1988,HUN,5001,2682,0,0,0.0,0.0
1988,ISL,2296,1254,0,0,0.0,0.0
1988,YUG,2703,1398,0,0,0.0,0.0
1988,GRC,8137,4355,0,2,0.0,0.4592422502870264
1988,JPN,4377,2350,0,0,0.0,0.0
1988,RWA,4201,2265,0,1,0.0,0.44150110375275936
1988,BEL,3644,1871,0,0,0.0,0.0
1988,GHA,3153,1699,0,0,0.0,0.0
1988,WSM,3844,1943,0,0,0.0,0.0
1988,BLR,3702,1988,0,1,0.0,0.5030181086519115
1988,OMN,4021,2073,0,0,0.0,0.0
1988,MNG,2538,1337,0,0,0.0,0.0
1988,BDI,4093,2194,0,0,0.0,0.0
1988,VNM,3698,1996,0,1,0.0,0.501002004008016
1988,IRL,4693,2375,0,0,0.0,0.0
1988,MUS,3541,1933,0,1,0.0,0.5173305742369374
1988,NER,2301,1224,0,0,0.0,0.0
1988,PAK,4059,2130,0,2,0.0,0.9389671361502347
1988,MLI,3565,1872,0,0,0.0,0.0
1988,FRA,4021,1997,0,0,0.0,0.0
1988,TUR,4083,2193,0,0,0.0,0.0
1988,LBY,5291,2751,0,0,0.0,0.0
1988,BRA,3149,1659,0,0,0.0,0.0
1988,ETH,3549,1840,0,0,0.0,0.0
1988,DOM,2246,1157,0,0,0.0,0.0
1988,BRB,2757,1379,0,0,0.0,0.0
1988,IND,4489,2405,0,1,0.0,0.4158004158004158
1988,ARG,2907,1516,0,0,0.0,0.0
1988,JOR,5191,2587,0,0,0.0,0.0
1988,SWE,2424,1321,0,1,0.0,0.757002271006813
1988,MDG,3140,1548,0,0,0.0,0.0
1988,BTN,2827,1546,0,0,0.0,0.0
1988,NOR,2550,1402,0,1,0.0,0.7132667617689016
1988,TUN,3176,1650,0,1,0.0,0.6060606060606061
1988,SWZ,2870,1571,0,0,0.0,0.0
1988,ALB,2991,1501,0,0,0.0,0.0
1988,IDN,4739,2558,0,1,0.0,0.39093041438623927
1988,BOL,3759,1917,0,1,0.0,0.5216484089723527
1988,SYR,3212,1681,0,0,0.0,0.0
1988,GNQ,2984,1482,0,0,0.0,0.0
1988,RUS,5965,3111,0,0,0.0,0.0
1988,DJI,2079,1142,0,0,0.0,0.0
1988,GIN,3032,1579,0,1,0.0,0.6333122229259025
1988,BHS,2086,1142,0,2,0.0,1.7513134851138354
1988,DNK,4469,2422,0,1,0.0,0.41288191577208916
1988,MYS,4584,2431,0,0,0.0,0.0
1988,BRN,1187,610,0,0,0.0,0.0
1988,BGD,3783,2093,0,1,0.0,0.47778308647873863
1988,DDR,3503,1871,0,0,0.0,0.0
1988,CAF,2254,1118,0,0,0.0,0.0
1988,CYP,3043,1633,0,2,0.0,1.224739742804654
1988,COG,3637,1886,0,0,0.0,0.0
1988,AUT,4626,2517,0,1,0.0,0.3972983710766786
1988,MEX,3694,1930,0,0,0.0,0.0
1988,ATG,2872,1510,0,1,0.0,0.6622516556291391
1988,SLB,1926,1034,0,1,0.0,0.9671179883945842
1988,PHL,2830,1425,0,0,0.0,0.0
1988,POL,3652,1960,0,0,0.0,0.0
1988,LKA,3151,1742,0,1,0.0,0.5740528128587831
1988,YMD,2890,1512,0,0,0.0,0.0
1988,DZA,3388,1664,0,0,0.0,0.0
1988,CHN,3994,2204,0,0,0.0,0.0
1988,PRT,3800,1961,0,0,0.0,0.0
1988,BFA,2830,1416,0,1,0.0,0.7062146892655368
1988,CRI,3578,1812,0,0,0.0,0.0
1988,ECU,2227,1147,0,0,0.0,0.0
1988,GBR,3828,1942,0,5,0.0,2.5746652935118437
1988,BGR,2970,1597,0,0,0.0,0.0
1988,GNB,1632,838,0,1,0.0,1.1933174224343677
1988,AGO,3851,1968,0,0,0.0,0.0
1988,ITA,4154,2144,0,2,0.0,0.9328358208955224
1988,TCD,3775,1996,0,2,0.0,1.002004008016032
1988,ARE,2828,1504,0,0,0.0,0.0
1988,BLZ,4303,2218,0,0,0.0,0.0
1988,LSO,2271,1175,0,0,0.0,0.0
1988,TZA,4705,2502,0,0,0.0,0.0
1988,FJI,2354,1222,0,0,0.0,0.0
1988,PNG,2476,1362,0,0,0.0,0.0
1988,NIC,3569,1828,0,0,0.0,0.0
1988,EGY,3384,1781,0,0,0.0,0.0
1988,NZL,3159,1676,0,0,0.0,0.0
1988,CPV,4127,2130,0,0,0.0,0.0
1988,UGA,5133,2748,0,0,0.0,0.0
1988,CSK,4173,2248,0,1,0.0,0.4448398576512455
1988,TGO,3003,1579,0,0,0.0,0.0
1988,MMR,1952,983,0,0,0.0,0.0
1988,NLD,3746,1935,0,1,0.0,0.5167958656330749
1988,AUS,4317,2266,0,0,0.0,0.0
1988,LBN,1720,900,0,0,0.0,0.0
1988,SLE,3378,1806,0,0,0.0,0.0
1988,MDV,3551,1924,0,0,0.0,0.0
1988,KHM,3039,1607,0,0,0.0,0.0
1988,KEN,2900,1547,0,2,0.0,1.292824822236587
1988,SGP,1688,898,0,0,0.0,0.0
1988,HND,4412,2317,0,0,0.0,0.0
1988,CUB,5131,2667,0,1,0.0,0.3749531308586427
1988,VUT,3757,1895,0,1,0.0,0.5277044854881267
1988,KNA,3059,1667,1,2,0.5998800239952009,1.1997600479904018
1988,ISR,2449,1238,0,0,0.0,0.0
1988,SLV,4150,2149,0,0,0.0,0.0
1988,GMB,4364,2334,0,0,0.0,0.0
1988,SAU,5136,2525,0,2,0.0,0.7920792079207921
1988,FIN,3134,1686,0,0,0.0,0.0
1988,PER,2243,1188,0,0,0.0,0.0
1988,DEU,4893,2570,0,2,0.0,0.7782101167315175
1988,COL,1654,834,0,0,0.0,0.0
1988,CHL,3682,1883,0,0,0.0,0.0
1988,ESP,5175,2659,0,0,0.0,0.0
1988,MRT,2475,1305,0,1,0.0,0.7662835249042146
1988,HTI,2665,1341,0,0,0.0,0.0
1988,MAR,3781,1963,0,0,0.0,0.0
1988,CAN,3227,1702,0,2,0.0,1.1750881316098707
1988,QAT,1937,1035,0,0,0.0,0.0
1988,USA,4977,2548,0,0,0.0,0.0
1988,GTM,2866,1463,0,0,0.0,0.0
1988,SDN,3218,1739,0,5,0.0,2.8752156411730883
1988,MOZ,3269,1686,0,0,0.0,0.0
1988,BWA,3603,1832,0,1,0.0,0.5458515283842794
1988,TTO,4570,2413,0,1,0.0,0.41442188147534187
1988,GAB,4239,2204,0,0,0.0,0.0
1988,BHR,3607,1908,0,0,0.0,0.0
1988,PRY,3818,1969,0,0,0.0,0.0
1988,THA,2418,1353,0,0,0.0,0.0
1988,NPL,3877,2128,0,2,0.0,0.9398496240601504
1988,LBR,2796,1499,0,1,0.0,0.66711140760507
1988,CMR,1595,842,0,1,0.0,1.187648456057007
1988,UKR,3724,2016,0,1,0.0,0.496031746031746
1988,LAO,2803,1523,0,0,0.0,0.0
1988,STP,2754,1405,0,0,0.0,0.0
1988,ROU,2819,1482,0,0,0.0,0.0
1988,GRD,3127,1675,0,1,0.0,0.5970149253731344
1988,LCA,3061,1578,0,5,0.0,3.168567807351077
1988,BEN,2590,1365,0,1,0.0,0.7326007326007326
1988,MWI,3416,1808,0,0,0.0,0.0
1988,IRN,5170,2733,0,0,0.0,0.0
1988,KWT,4276,2243,0,3,0.0,1.3374944271065536
1988,MLT,4273,2134,0,1,0.0,0.46860356138706655
1988,IRQ,4308,2162,0,0,0.0,0.0
1988,JAM,3393,1817,0,1,0.0,0.550357732526142
1988,YEM,3363,1698,0,1,0.0,0.5889281507656066
1988,SOM,2583,1375,0,1,0.0,0.7272727272727272
1988,NGA,2703,1446,0,0,0.0,0.0
1988,SEN,3554,1853,0,1,0.0,0.5396654074473827
1989,ATG,3800,2083,1,6,0.48007681228996635,2.8804608737397985
1989,SLB,2373,1286,0,3,0.0,2.3328149300155525
1989,CYP,3423,1852,0,1,0.0,0.5399568034557236
1989,COG,3991,2126,0,0,0.0,0.0
1989,MEX,2907,1481,0,2,0.0,1.350438892640108
1989,AUT,3292,1849,0,0,0.0,0.0
1989,BRN,1322,681,0,0,0.0,0.0
1989,MYS,4251,2300,0,1,0.0,0.4347826086956522
1989,BGD,3105,1748,0,1,0.0,0.5720823798627003
1989,DDR,3107,1673,0,0,0.0,0.0
1989,GBR,3862,1990,0,2,0.0,1.0050251256281408
1989,BGR,3009,1575,0,0,0.0,0.0
1989,GNB,1580,855,0,0,0.0,0.0
1989,CHN,3968,2157,0,0,0.0,0.0
1989,ECU,3298,1708,0,2,0.0,1.17096018735363
1989,CRI,3959,1982,0,1,0.0,0.5045408678102926
1989,BFA,2324,1226,0,0,0.0,0.0
1989,PRT,3519,1817,0,0,0.0,0.0
1989,YMD,2842,1484,0,0,0.0,0.0
1989,DZA,2341,1227,0,0,0.0,0.0
1989,PHL,2241,1184,0,0,0.0,0.0
1989,POL,2679,1417,0,0,0.0,0.0
1989,LKA,3528,1947,0,1,0.0,0.5136106831022086
1989,TUN,3291,1759,0,0,0.0,0.0
1989,NOR,3418,1868,0,4,0.0,2.1413276231263385
1989,ALB,3144,1599,0,0,0.0,0.0
1989,SWZ,1171,639,0,0,0.0,0.0
1989,MDG,3426,1781,0,0,0.0,0.0
1989,ARG,3622,1833,0,0,0.0,0.0
1989,IND,3945,2131,0,0,0.0,0.0
1989,SWE,2615,1457,0,0,0.0,0.0
1989,JOR,3657,1918,0,0,0.0,0.0
1989,BRB,3821,1969,0,3,0.0,1.5236160487557135
1989,DNK,2938,1606,0,0,0.0,0.0
1989,BHS,3343,1821,0,1,0.0,0.5491488193300385
1989,GIN,2467,1305,0,1,0.0,0.7662835249042146
1989,RUS,5227,2709,0,1,0.0,0.36913990402362495
1989,DJI,3197,1832,0,0,0.0,0.0
1989,IDN,3911,2150,0,0,0.0,0.0
1989,GNQ,3535,1894,0,0,0.0,0.0
1989,SYR,2468,1266,0,0,0.0,0.0
1989,BOL,5067,2341,0,0,0.0,0.0
1989,BLR,3586,1942,0,1,0.0,0.5149330587023687
1989,BEL,2574,1394,0,0,0.0,0.0
1989,GHA,3174,1783,0,0,0.0,0.0
1989,RWA,6434,3387,0,5,0.0,1.4762326542663124
1989,JPN,5772,3168,0,7,0.0,2.2095959595959593
1989,GUY,3541,1861,0,0,0.0,0.0
1989,BRA,4221,2148,0,2,0.0,0.931098696461825
1989,LBY,4257,2256,0,0,0.0,0.0
1989,DOM,2039,1040,0,0,0.0,0.0
1989,ETH,3216,1706,0,0,0.0,0.0
1989,TUR,4480,2405,0,0,0.0,0.0
1989,VNM,2595,1434,0,0,0.0,0.0
1989,BDI,3997,2050,0,0,0.0,0.0
1989,FRA,6550,3269,0,1,0.0,0.3059039461609055
1989,MLI,3590,1900,0,1,0.0,0.5263157894736842
1989,PAK,3471,1923,0,0,0.0,0.0
1989,MUS,2638,1373,0,1,0.0,0.7283321194464676
1989,NER,4872,2597,0,1,0.0,0.3850596842510589
1989,IRL,4928,2529,0,0,0.0,0.0
1989,OMN,3606,1816,0,0,0.0,0.0
1989,MNG,2221,1171,0,0,0.0,0.0
1989,ZMB,3853,2133,0,0,0.0,0.0
1989,LUX,3644,1857,0,2,0.0,1.0770059235325795
1989,VCT,2243,1232,0,1,0.0,0.8116883116883118
1989,ZWE,4575,2336,0,2,0.0,0.8561643835616438
1989,COM,1829,957,0,1,0.0,1.0449320794148382
1989,SUR,3493,1780,0,1,0.0,0.5617977528089888
1989,URY,2716,1396,0,2,0.0,1.4326647564469914
1989,PAN,5406,2748,0,1,0.0,0.363901018922853
1989,AFG,3398,1812,0,0,0.0,0.0
1989,YUG,3323,1751,0,0,0.0,0.0
1989,ISL,3328,1777,0,5,0.0,2.8137310073157002
1989,HUN,3404,1777,0,0,0.0,0.0
1989,GRC,3946,2095,0,0,0.0,0.0
1989,VEN,3609,1859,0,0,0.0,0.0
1989,COD,4446,2321,0,1,0.0,0.4308487720809996
1989,ROU,2483,1344,0,0,0.0,0.0
1989,STP,3257,1700,0,1,0.0,0.588235294117647
1989,MWI,3698,1914,0,0,0.0,0.0
1989,BEN,3391,1811,0,0,0.0,0.0
1989,LCA,3218,1756,0,1,0.0,0.5694760820045558
1989,GRD,4021,2137,0,0,0.0,0.0
1989,LBR,4066,2178,0,1,0.0,0.4591368227731864
1989,CMR,3288,1720,0,1,0.0,0.5813953488372093
1989,NPL,4088,2227,1,3,0.44903457566232596,1.3471037269869781
1989,LAO,2238,1208,0,0,0.0,0.0
1989,UKR,3890,2169,0,0,0.0,0.0
1989,THA,2684,1440,0,1,0.0,0.6944444444444444
1989,PRY,3938,2048,0,0,0.0,0.0
1989,GAB,3067,1574,0,0,0.0,0.0
1989,BHR,3763,1992,0,1,0.0,0.502008032128514
1989,SEN,4350,2281,0,1,0.0,0.43840420868040336
1989,NGA,2890,1538,0,0,0.0,0.0
1989,DMA,1845,972,0,0,0.0,0.0
1989,IRQ,2789,1452,0,1,0.0,0.6887052341597797
1989,MLT,3428,1666,0,5,0.0,3.001200480192077
1989,YEM,3805,1977,0,0,0.0,0.0
1989,SOM,3306,1786,0,0,0.0,0.0
1989,JAM,4322,2276,1,0,0.43936731107205623,0.0
1989,KWT,2205,1176,0,0,0.0,0.0
1989,IRN,2919,1526,0,0,0.0,0.0
1989,CAN,3694,1952,0,2,0.0,1.0245901639344264
1989,MAR,3494,1898,0,2,0.0,1.053740779768177
1989,MRT,2704,1414,1,1,0.7072135785007072,0.7072135785007072
1989,ESP,4762,2530,0,1,0.0,0.3952569169960474
1989,HTI,3151,1649,0,2,0.0,1.2128562765312312
1989,TTO,4982,2640,0,1,0.0,0.3787878787878788
1989,BWA,3196,1700,0,0,0.0,0.0
1989,GTM,3947,2062,0,1,0.0,0.48496605237633367
1989,MOZ,3528,1802,0,0,0.0,0.0
1989,SDN,3033,1654,0,0,0.0,0.0
1989,QAT,2292,1164,0,0,0.0,0.0
1989,USA,3439,1765,0,1,0.0,0.56657223796034
1989,CUB,4089,2212,0,1,0.0,0.4520795660036166
1989,ISR,2044,1068,0,0,0.0,0.0
1989,KNA,2320,1175,0,0,0.0,0.0
1989,VUT,3222,1648,0,1,0.0,0.6067961165048543
1989,SGP,2923,1568,0,0,0.0,0.0
1989,CIV,4720,2412,0,0,0.0,0.0
1989,HND,3798,1987,0,2,0.0,1.0065425264217414
1989,KEN,2874,1563,0,0,0.0,0.0
1989,KHM,4407,2338,0,0,0.0,0.0
1989,MDV,3037,1578,0,1,0.0,0.6337135614702154
1989,COL,3413,1786,0,2,0.0,1.1198208286674132
1989,DEU,4438,2396,0,3,0.0,1.2520868113522536
1989,CHL,3076,1591,0,0,0.0,0.0
1989,SYC,2232,1135,1,3,0.881057268722467,2.643171806167401
1989,PER,3095,1691,0,1,0.0,0.5913660555884093
1989,FIN,2750,1470,0,3,0.0,2.0408163265306123
1989,SAU,3374,1768,0,0,0.0,0.0
1989,GMB,3914,2133,0,0,0.0,0.0
1989,SLV,3930,1999,0,0,0.0,0.0
1989,PNG,2628,1484,0,0,0.0,0.0
1989,NIC,4688,2404,0,0,0.0,0.0
1989,FJI,1863,981,0,3,0.0,3.058103975535168
1989,TZA,3768,2003,0,2,0.0,0.998502246630055
1989,LSO,5918,3084,0,0,0.0,0.0
1989,BLZ,2787,1504,0,4,0.0,2.6595744680851063
1989,ITA,3313,1770,0,0,0.0,0.0
1989,AGO,3439,1823,0,1,0.0,0.5485463521667581
1989,ARE,2591,1389,0,0,0.0,0.0
1989,TCD,3973,2132,0,1,0.0,0.46904315196998125
1989,MMR,4650,2503,0,0,0.0,0.0
1989,TGO,2704,1401,0,0,0.0,0.0
1989,AUS,4625,2454,0,0,0.0,0.0
1989,NLD,3835,1991,0,2,0.0,1.0045203415369162
1989,UGA,4595,2462,0,0,0.0,0.0
1989,CPV,3695,1907,0,1,0.0,0.5243838489774515
1989,CSK,4472,2399,0,0,0.0,0.0
1989,EGY,3859,2026,0,2,0.0,0.9871668311944718
1989,NZL,5394,2803,0,9,0.0,3.210845522654299
1990,NZL,3239,1686,0,4,0.0,2.3724792408066433
1990,EGY,2361,1184,0,1,0.0,0.8445945945945946
1990,CSK,3968,2037,0,0,0.0,0.0
1990,CPV,2281,1175,0,0,0.0,0.0
1990,UGA,3216,1676,0,0,0.0,0.0
1990,NLD,3780,1993,0,0,0.0,0.0
1990,AUS,4921,2548,0,0,0.0,0.0
1990,TGO,2740,1449,0,0,0.0,0.0
1990,MMR,3516,1910,0,0,0.0,0.0
1990,SLE,2052,1059,0,0,0.0,0.0
1990,LBN,2769,1465,0,0,0.0,0.0
1990,TCD,3161,1659,0,0,0.0,0.0
1990,ARE,3161,1668,0,0,0.0,0.0
1990,ITA,4251,2187,1,0,0.45724737082761774,0.0
1990,AGO,2758,1453,0,2,0.0,1.3764624913971093
1990,BLZ,2203,1188,0,1,0.0,0.8417508417508417
1990,LSO,2488,1333,0,0,0.0,0.0
1990,TZA,3956,2020,0,0,0.0,0.0
1990,FJI,2445,1275,0,2,0.0,1.5686274509803921
1990,NIC,1893,952,0,0,0.0,0.0
1990,PNG,2715,1525,0,3,0.0,1.9672131147540983
1990,GMB,3460,1840,0,0,0.0,0.0
1990,SLV,4909,2417,0,0,0.0,0.0
1990,SAU,4465,2217,0,0,0.0,0.0
1990,FIN,1917,986,0,1,0.0,1.0141987829614605
1990,PER,2697,1432,0,0,0.0,0.0
1990,SYC,1878,936,0,0,0.0,0.0
1990,CHL,3793,1987,0,0,0.0,0.0
1990,COL,3133,1607,0,1,0.0,0.6222775357809583
1990,DEU,5672,2986,1,3,0.3348961821835231,1.0046885465505693
1990,MDV,2821,1498,0,7,0.0,4.672897196261682
1990,KEN,3487,1856,0,0,0.0,0.0
1990,HND,2640,1356,0,0,0.0,0.0
1990,SGP,2722,1402,0,0,0.0,0.0
1990,KNA,2883,1511,0,0,0.0,0.0
1990,VUT,2455,1272,0,0,0.0,0.0
1990,ISR,2721,1386,0,1,0.0,0.7215007215007215
1990,CUB,3765,1918,0,0,0.0,0.0
1990,USA,2757,1423,0,0,0.0,0.0
1990,QAT,3363,1749,0,0,0.0,0.0
1990,MOZ,2948,1491,0,0,0.0,0.0
1990,SDN,4235,2192,0,1,0.0,0.4562043795620438
1990,GTM,4612,2383,0,2,0.0,0.839278220730172
1990,BWA,3517,1833,0,0,0.0,0.0
1990,TTO,3117,1690,0,0,0.0,0.0
1990,HTI,3156,1658,0,0,0.0,0.0
1990,ESP,3473,1822,0,0,0.0,0.0
1990,MRT,1563,814,0,0,0.0,0.0
1990,MAR,4447,2294,0,0,0.0,0.0
1990,CAN,4198,2190,0,0,0.0,0.0
1990,IRN,3689,1941,0,0,0.0,0.0
1990,NAM,3224,1686,0,0,0.0,0.0
1990,KWT,2273,1178,0,0,0.0,0.0
1990,JAM,3355,1748,0,0,0.0,0.0
1990,SOM,2916,1553,0,0,0.0,0.0
1990,YEM,2584,1313,0,0,0.0,0.0
1990,MLT,2452,1269,0,1,0.0,0.7880220646178093
1990,IRQ,3958,1936,0,0,0.0,0.0
1990,DMA,3627,1863,0,2,0.0,1.0735373054213635
1990,NGA,3136,1705,0,0,0.0,0.0
1990,SEN,3383,1765,0,0,0.0,0.0
1990,BHR,3252,1629,0,0,0.0,0.0
1990,GAB,2480,1243,0,0,0.0,0.0
1990,THA,1717,901,0,0,0.0,0.0
1990,PRY,2012,1042,0,1,0.0,0.9596928982725528
1990,UKR,2937,1623,0,0,0.0,0.0
1990,LAO,2135,1160,0,0,0.0,0.0
1990,NPL,2492,1308,0,0,0.0,0.0
1990,CMR,2779,1454,0,1,0.0,0.687757909215956
1990,LBR,2109,1139,1,0,0.8779631255487269,0.0
1990,GRD,2285,1250,0,1,0.0,0.8
1990,BEN,4023,2076,0,0,0.0,0.0
1990,LCA,3114,1673,0,1,0.0,0.5977286312014345
1990,MWI,4040,2125,1,0,0.47058823529411764,0.0
1990,ROU,2879,1457,0,0,0.0,0.0
1990,COD,3526,1834,0,2,0.0,1.0905125408942202
1990,LIE,1312,666,0,0,0.0,0.0
1990,VEN,3652,1974,0,1,0.0,0.5065856129685917
1990,GRC,4235,2277,0,0,0.0,0.0
1990,HUN,3405,1787,0,0,0.0,0.0
1990,ISL,2633,1434,0,2,0.0,1.3947001394700138
1990,YUG,2821,1435,0,0,0.0,0.0
1990,AFG,4563,2397,0,0,0.0,0.0
1990,PAN,3195,1617,0,0,0.0,0.0
1990,URY,3554,1852,0,1,0.0,0.5399568034557236
1990,SUR,2858,1525,0,1,0.0,0.6557377049180327
1990,COM,2517,1255,0,0,0.0,0.0
1990,ZWE,2221,1179,0,0,0.0,0.0
1990,VCT,1528,782,0,0,0.0,0.0
1990,ZMB,2907,1510,0,0,0.0,0.0
1990,LUX,2968,1531,0,3,0.0,1.959503592423253
1990,MNG,2476,1330,0,0,0.0,0.0
1990,OMN,2693,1372,0,2,0.0,1.4577259475218658
1990,IRL,4168,2148,0,0,0.0,0.0
1990,MUS,2664,1454,0,0,0.0,0.0
1990,NER,4940,2617,0,1,0.0,0.38211692777990064
1990,MLI,2688,1447,0,0,0.0,0.0
1990,PAK,3377,1833,0,0,0.0,0.0
1990,FRA,3909,1863,0,0,0.0,0.0
1990,BDI,3973,2055,0,0,0.0,0.0
1990,VNM,1963,1061,0,0,0.0,0.0
1990,TUR,2950,1577,0,1,0.0,0.6341154090044389
1990,ETH,2978,1633,1,0,0.612369871402327,0.0
1990,DOM,1811,928,0,0,0.0,0.0
1990,BRA,4391,2364,0,0,0.0,0.0
1990,LBY,3850,1881,0,0,0.0,0.0
1990,GUY,3072,1608,0,0,0.0,0.0
1990,JPN,5056,2789,0,4,0.0,1.4342058085335248
1990,RWA,3090,1646,0,0,0.0,0.0
1990,WSM,2729,1403,0,1,0.0,0.7127583749109052
1990,GHA,3365,1875,0,0,0.0,0.0
1990,BEL,3626,1932,0,0,0.0,0.0
1990,BLR,2823,1446,0,0,0.0,0.0
1990,BOL,2225,1184,0,1,0.0,0.8445945945945946
1990,GNQ,2761,1423,0,0,0.0,0.0
1990,SYR,1748,904,0,0,0.0,0.0
1990,IDN,4646,2550,0,0,0.0,0.0
1990,DJI,2919,1639,0,0,0.0,0.0
1990,RUS,5613,2832,0,0,0.0,0.0
1990,GIN,3342,1813,0,2,0.0,1.1031439602868176
1990,BHS,2040,1099,0,0,0.0,0.0
1990,DNK,2923,1610,0,4,0.0,2.4844720496894412
1990,BRB,2294,1224,0,0,0.0,0.0
1990,JOR,3516,1758,0,1,0.0,0.5688282138794084
1990,SWE,2583,1321,0,0,0.0,0.0
1990,IND,4031,2198,0,1,0.0,0.45495905368516837
1990,ARG,2635,1373,0,1,0.0,0.7283321194464676
1990,MDG,2357,1209,0,0,0.0,0.0
1990,SWZ,2974,1590,0,0,0.0,0.0
1990,ALB,3471,1707,0,0,0.0,0.0
1990,BTN,2810,1535,0,0,0.0,0.0
1990,NOR,2982,1645,0,2,0.0,1.2158054711246202
1990,TUN,4928,2532,0,0,0.0,0.0
1990,LKA,3728,2022,0,0,0.0,0.0
1990,POL,2460,1311,0,0,0.0,0.0
1990,PHL,2094,1074,0,0,0.0,0.0
1990,DZA,3094,1625,0,0,0.0,0.0
1990,BFA,2695,1405,0,1,0.0,0.7117437722419929
1990,PRT,3055,1613,0,1,0.0,0.6199628022318661
1990,CRI,4821,2533,1,1,0.3947887879984208,0.3947887879984208
1990,ECU,2784,1466,0,1,0.0,0.6821282401091405
1990,CHN,2773,1528,0,1,0.0,0.6544502617801048
1990,GNB,1249,624,0,1,0.0,1.6025641025641024
1990,GBR,3393,1673,0,1,0.0,0.5977286312014345
1990,BGR,2826,1483,0,0,0.0,0.0
1990,DDR,495,249,0,1,0.0,4.016064257028112
1990,BGD,2814,1561,0,1,0.0,0.6406149903907751
1990,CAF,2041,1039,0,0,0.0,0.0
1990,MYS,3179,1687,0,0,0.0,0.0
1990,BRN,1180,620,0,0,0.0,0.0
1990,AUT,4380,2374,1,2,0.42122999157540014,0.8424599831508003
1990,MEX,5172,2680,0,0,0.0,0.0
1990,COG,3978,2065,0,0,0.0,0.0
1990,CYP,3551,1854,0,2,0.0,1.0787486515641855
1990,SLB,2233,1149,0,0,0.0,0.0
1990,ATG,2895,1601,0,2,0.0,1.2492192379762648
1991,BLR,4214,2159,0,0,0.0,0.0
1991,BEL,3303,1779,0,0,0.0,0.0
1991,GHA,3181,1709,0,1,0.0,0.5851375073142189
1991,WSM,2986,1540,0,2,0.0,1.2987012987012987
1991,JPN,4595,2461,0,4,0.0,1.6253555465258025
1991,RWA,5614,2942,0,0,0.0,0.0
1991,GUY,4118,2134,0,0,0.0,0.0
1991,LBY,3771,1943,0,2,0.0,1.029336078229542
1991,BRA,3312,1683,0,0,0.0,0.0
1991,ETH,2894,1568,0,0,0.0,0.0
1991,DOM,1900,931,0,0,0.0,0.0
1991,FSM,3003,1541,1,17,0.6489292667099286,11.031797534068787
1991,TUR,3591,1915,0,0,0.0,0.0
1991,VNM,2735,1449,0,1,0.0,0.6901311249137336
1991,BDI,3471,1774,0,0,0.0,0.0
1991,MUS,4705,2376,0,0,0.0,0.0
1991,IRL,3736,1925,0,2,0.0,1.0389610389610389
1991,FRA,3410,1735,0,0,0.0,0.0
1991,PAK,3966,2200,0,0,0.0,0.0
1991,MLI,2828,1530,0,0,0.0,0.0
1991,OMN,2691,1398,0,0,0.0,0.0
1991,MNG,2462,1267,0,0,0.0,0.0
1991,LUX,3014,1488,0,0,0.0,0.0
1991,ZMB,2393,1292,0,1,0.0,0.7739938080495357
1991,VCT,2746,1476,0,1,0.0,0.6775067750677507
1991,ZWE,3201,1674,0,1,0.0,0.5973715651135005
1991,COM,2467,1236,0,0,0.0,0.0
1991,URY,3873,2053,0,0,0.0,0.0
1991,PAN,2703,1324,0,1,0.0,0.7552870090634441
1991,SUR,2837,1496,0,0,0.0,0.0
1991,AFG,4391,2280,0,1,0.0,0.4385964912280702
1991,HUN,2773,1438,0,0,0.0,0.0
1991,YUG,2150,1106,0,0,0.0,0.0
1991,ISL,2545,1375,0,3,0.0,2.181818181818182
1991,GRC,2958,1580,0,0,0.0,0.0
1991,VEN,2759,1435,0,0,0.0,0.0
1991,LIE,2210,1155,0,1,0.0,0.8658008658008658
1991,ATG,3103,1727,0,6,0.0,3.4742327735958307
1991,SLB,4260,2251,0,6,0.0,2.665482007996446
1991,CYP,2763,1422,0,0,0.0,0.0
1991,COG,3376,1758,0,2,0.0,1.1376564277588168
1991,AUT,2658,1456,0,1,0.0,0.6868131868131868
1991,MEX,2331,1227,0,0,0.0,0.0
1991,MYS,3667,1878,0,0,0.0,0.0
1991,BRN,1370,734,0,0,0.0,0.0
1991,BGD,3501,1948,0,2,0.0,1.026694045174538
1991,CAF,1727,898,0,0,0.0,0.0
1991,BGR,3804,2026,0,0,0.0,0.0
1991,GBR,2868,1412,0,1,0.0,0.708215297450425
1991,GNB,2544,1311,0,1,0.0,0.7627765064836003
1991,CHN,4369,2397,0,0,0.0,0.0
1991,CRI,3220,1694,0,0,0.0,0.0
1991,PRT,2366,1213,0,2,0.0,1.6488046166529267
1991,BFA,3172,1586,0,0,0.0,0.0
1991,ECU,2118,1126,0,0,0.0,0.0
1991,DZA,3015,1489,0,0,0.0,0.0
1991,PHL,2013,1030,0,1,0.0,0.970873786407767
1991,POL,2986,1582,0,0,0.0,0.0
1991,LKA,2435,1296,0,0,0.0,0.0
1991,PRK,3565,1845,0,0,0.0,0.0
1991,BTN,2666,1461,0,0,0.0,0.0
1991,TUN,4830,2558,0,0,0.0,0.0
1991,NOR,2306,1245,0,1,0.0,0.8032128514056225
1991,SWZ,2370,1192,0,1,0.0,0.8389261744966443
1991,ALB,3557,1799,0,0,0.0,0.0
1991,EST,1891,988,0,0,0.0,0.0
1991,MDG,3037,1528,0,1,0.0,0.6544502617801048
1991,IND,4126,2225,0,0,0.0,0.0
1991,ARG,2741,1400,0,0,0.0,0.0
1991,JOR,3480,1809,0,0,0.0,0.0
1991,SWE,3431,1831,0,1,0.0,0.5461496450027307
1991,BRB,2828,1542,0,0,0.0,0.0
1991,DNK,3618,1994,0,2,0.0,1.0030090270812437
1991,GIN,1929,1013,0,0,0.0,0.0
1991,BHS,1914,1023,0,1,0.0,0.9775171065493646
1991,RUS,4389,2401,0,0,0.0,0.0
1991,DJI,2311,1253,0,1,0.0,0.7980845969672786
1991,IDN,5323,2898,0,0,0.0,0.0
1991,BOL,1952,1019,0,1,0.0,0.9813542688910696
1991,SYR,2088,1075,0,0,0.0,0.0
1991,GNQ,2796,1434,0,0,0.0,0.0
1991,CUB,4991,2479,0,0,0.0,0.0
1991,VUT,3049,1642,0,4,0.0,2.4360535931790497
1991,KNA,2764,1460,0,1,0.0,0.684931506849315
1991,ISR,2485,1254,0,1,0.0,0.7974481658692185
1991,SGP,2035,1090,0,0,0.0,0.0
1991,KOR,3693,1981,0,0,0.0,0.0
1991,HND,2646,1413,0,1,0.0,0.7077140835102619
1991,CIV,3641,1889,0,0,0.0,0.0
1991,KEN,3219,1688,0,1,0.0,0.5924170616113744
1991,MDV,2342,1203,0,2,0.0,1.6625103906899419
1991,KHM,2120,1122,0,1,0.0,0.8912655971479501
1991,DEU,4373,2329,0,0,0.0,0.0
1991,COL,3062,1547,0,0,0.0,0.0
1991,CHL,2869,1448,0,0,0.0,0.0
1991,SYC,1696,856,0,1,0.0,1.1682242990654206
1991,LTU,2399,1295,0,0,0.0,0.0
1991,PER,3862,2043,0,1,0.0,0.4894762604013706
1991,SAU,3638,1883,0,0,0.0,0.0
1991,FIN,1859,1045,0,5,0.0,4.784688995215311
1991,SLV,2094,1061,0,0,0.0,0.0
1991,GMB,3421,1777,1,0,0.5627462014631401,0.0
1991,PNG,3174,1730,0,3,0.0,1.7341040462427746
1991,NIC,3480,1847,0,0,0.0,0.0
1991,TZA,3528,1978,0,0,0.0,0.0
1991,FJI,3027,1617,0,3,0.0,1.8552875695732838
1991,BLZ,2543,1376,0,1,0.0,0.7267441860465116
1991,LSO,1553,857,0,0,0.0,0.0
1991,AGO,2736,1425,0,1,0.0,0.7017543859649122
1991,ITA,3728,1898,0,0,0.0,0.0
1991,TCD,3697,1890,0,2,0.0,1.0582010582010584
1991,LVA,1253,639,0,0,0.0,0.0
1991,ARE,2760,1406,0,0,0.0,0.0
1991,LBN,2346,1195,0,0,0.0,0.0
1991,SLE,2446,1265,0,0,0.0,0.0
1991,MMR,4847,2573,0,0,0.0,0.0
1991,TGO,3325,1756,0,0,0.0,0.0
1991,NLD,4441,2426,0,1,0.0,0.41220115416323166
1991,AUS,4485,2333,0,2,0.0,0.8572653236176596
1991,CPV,3312,1744,0,0,0.0,0.0
1991,UGA,4554,2370,0,0,0.0,0.0
1991,CSK,3150,1639,0,0,0.0,0.0
1991,EGY,3596,1875,0,0,0.0,0.0
1991,NZL,2232,1126,0,1,0.0,0.8880994671403197
1991,STP,2730,1339,0,1,0.0,0.7468259895444362
1991,ROU,3375,1747,0,0,0.0,0.0
1991,GRD,2497,1374,0,2,0.0,1.455604075691412
1991,MWI,2451,1269,0,0,0.0,0.0
1991,LCA,2002,1033,0,0,0.0,0.0
1991,BEN,4206,2188,0,2,0.0,0.9140767824497258
1991,LBR,2735,1440,0,0,0.0,0.0
1991,CMR,2781,1440,0,1,0.0,0.6944444444444444
1991,NPL,2027,1093,0,0,0.0,0.0
1991,LAO,2000,1062,0,0,0.0,0.0
1991,UKR,3286,1793,0,0,0.0,0.0
1991,PRY,2001,1041,0,0,0.0,0.0
1991,THA,2536,1371,0,0,0.0,0.0
1991,GAB,2084,1052,0,0,0.0,0.0
1991,BHR,3053,1578,0,1,0.0,0.6337135614702154
1991,NGA,3094,1644,0,1,0.0,0.6082725060827251
1991,DMA,1844,941,0,1,0.0,1.0626992561105206
1991,SEN,4177,2105,0,1,0.0,0.4750593824228028
1991,MLT,3450,1735,0,3,0.0,1.7291066282420748
1991,IRQ,4074,2149,0,0,0.0,0.0
1991,JAM,3387,1771,0,0,0.0,0.0
1991,YEM,2382,1191,0,0,0.0,0.0
1991,KWT,2509,1270,0,1,0.0,0.7874015748031495
1991,IRN,3071,1646,0,1,0.0,0.6075334143377885
1991,NAM,2738,1481,0,1,0.0,0.675219446320054
1991,MHL,2946,1496,0,4,0.0,2.6737967914438503
1991,CAN,3800,2050,0,3,0.0,1.4634146341463414
1991,MAR,3225,1605,0,1,0.0,0.6230529595015577
1991,ESP,2916,1441,0,2,0.0,1.3879250520471893
1991,MRT,2274,1170,0,1,0.0,0.8547008547008547
1991,HTI,5903,2980,0,0,0.0,0.0
1991,TTO,3160,1738,0,1,0.0,0.5753739930955121
1991,BWA,3404,1795,0,0,0.0,0.0
1991,GTM,3682,1854,0,2,0.0,1.0787486515641855
1991,SDN,5373,2707,0,2,0.0,0.7388252678241596
1991,MOZ,2458,1301,0,0,0.0,0.0
1991,QAT,1704,884,0,0,0.0,0.0
1991,USA,2568,1432,0,0,0.0,0.0
1992,LBY,5257,2733,0,1,0.0,0.3658982802780827
1992,BRA,3847,2041,0,0,0.0,0.0
1992,ETH,3979,2092,0,1,0.0,0.4780114722753346
1992,DOM,2290,1170,0,1,0.0,0.8547008547008547
1992,FSM,3257,1732,0,10,0.0,5.773672055427252
1992,TUR,2879,1536,0,0,0.0,0.0
1992,VNM,3004,1619,0,0,0.0,0.0
1992,BDI,3642,1835,0,0,0.0,0.0
1992,MUS,4491,2276,0,0,0.0,0.0
1992,NER,2194,1183,0,1,0.0,0.8453085376162299
1992,IRL,2919,1515,0,0,0.0,0.0
1992,FRA,3615,1875,0,0,0.0,0.0
1992,PAK,4231,2378,0,0,0.0,0.0
1992,MLI,2346,1247,0,0,0.0,0.0
1992,OMN,2553,1314,0,1,0.0,0.76103500761035
1992,MNG,2787,1521,0,0,0.0,0.0
1992,BLR,3767,1935,0,0,0.0,0.0
1992,BEL,2627,1438,0,1,0.0,0.6954102920723226
1992,GHA,4086,2180,0,2,0.0,0.9174311926605505
1992,ARM,1272,665,2,0,3.0075187969924815,0.0
1992,JPN,3816,2090,0,0,0.0,0.0
1992,RWA,2575,1344,0,0,0.0,0.0
1992,HUN,3236,1683,0,0,0.0,0.0
1992,ISL,2520,1384,0,0,0.0,0.0
1992,AZE,4970,2592,0,0,0.0,0.0
1992,GRC,4579,2375,0,0,0.0,0.0
1992,VEN,1777,914,0,0,0.0,0.0
1992,LIE,2534,1319,0,0,0.0,0.0
1992,UZB,1456,747,0,1,0.0,1.3386880856760375
1992,COD,1951,1023,0,2,0.0,1.9550342130987293
1992,SMR,1457,730,0,0,0.0,0.0
1992,LUX,2710,1403,0,1,0.0,0.7127583749109052
1992,VCT,2851,1549,0,2,0.0,1.2911555842479019
1992,ZWE,3808,1955,0,1,0.0,0.5115089514066495
1992,COM,3238,1599,0,1,0.0,0.6253908692933083
1992,PAN,2310,1192,0,0,0.0,0.0
1992,URY,3709,1945,0,0,0.0,0.0
1992,SUR,1910,1007,0,0,0.0,0.0
1992,MDA,1944,983,0,0,0.0,0.0
1992,AFG,3702,1989,0,1,0.0,0.5027652086475616
1992,GBR,3821,1965,0,0,0.0,0.0
1992,BGR,2852,1479,0,0,0.0,0.0
1992,GNB,4108,2119,0,1,0.0,0.47192071731949037
1992,CHN,3366,1846,0,2,0.0,1.0834236186348862
1992,CRI,3062,1618,0,0,0.0,0.0
1992,PRT,2260,1199,0,1,0.0,0.8340283569641368
1992,BFA,2627,1350,0,2,0.0,1.4814814814814814
1992,ECU,3026,1562,0,1,0.0,0.6402048655569782
1992,DZA,3379,1708,0,0,0.0,0.0
1992,PHL,3587,1901,0,0,0.0,0.0
1992,POL,2628,1448,0,0,0.0,0.0
1992,LKA,2528,1408,0,1,0.0,0.7102272727272727
1992,PRK,3386,1825,0,0,0.0,0.0
1992,ATG,2804,1593,0,2,0.0,1.2554927809165097
1992,TJK,1878,966,0,0,0.0,0.0
1992,SLB,1629,893,0,5,0.0,5.599104143337066
1992,COG,2853,1497,0,0,0.0,0.0
1992,CYP,3022,1555,0,0,0.0,0.0
1992,AUT,3177,1707,0,0,0.0,0.0
1992,MEX,2434,1264,0,0,0.0,0.0
1992,MYS,2937,1602,0,0,0.0,0.0
1992,BRN,1023,527,0,0,0.0,0.0
1992,BGD,4147,2317,0,1,0.0,0.43159257660768235
1992,DNK,3479,1896,0,1,0.0,0.5274261603375527
1992,GIN,2686,1443,0,1,0.0,0.693000693000693
1992,BHS,2995,1606,0,4,0.0,2.4906600249066004
1992,RUS,2074,1107,0,0,0.0,0.0
1992,DJI,3115,1618,0,1,0.0,0.6180469715698392
1992,IDN,4125,2198,0,0,0.0,0.0
1992,BOL,3390,1717,0,0,0.0,0.0
1992,SYR,2283,1126,0,0,0.0,0.0
1992,GNQ,2734,1432,0,1,0.0,0.6983240223463687
1992,BTN,2291,1207,0,1,0.0,0.828500414250207
1992,TUN,3976,2073,0,0,0.0,0.0
1992,NOR,2232,1231,0,0,0.0,0.0
1992,SWZ,2870,1469,0,3,0.0,2.0422055820285907
1992,ALB,2242,1147,0,0,0.0,0.0
1992,EST,1738,968,0,0,0.0,0.0
1992,MDG,2336,1196,0,1,0.0,0.8361204013377926
1992,IND,2594,1354,0,0,0.0,0.0
1992,ARG,4001,2067,1,0,0.4837929366231253,0.0
1992,JOR,3753,1921,0,0,0.0,0.0
1992,SWE,3124,1696,0,2,0.0,1.1792452830188678
1992,BRB,2319,1247,0,4,0.0,3.2076984763432237
1992,DEU,4157,2150,0,1,0.0,0.4651162790697675
1992,COL,2938,1506,0,0,0.0,0.0
1992,CHL,2953,1498,0,1,0.0,0.6675567423230975
1992,SYC,1062,518,0,0,0.0,0.0
1992,LTU,2210,1131,0,0,0.0,0.0
1992,SVN,3431,1750,0,0,0.0,0.0
1992,PER,2141,1133,0,0,0.0,0.0
1992,KAZ,3102,1614,0,0,0.0,0.0
1992,FIN,2026,1098,0,1,0.0,0.9107468123861566
1992,SAU,3525,1812,1,0,0.5518763796909493,0.0
1992,GEO,4862,2450,0,0,0.0,0.0
1992,SLV,3048,1510,0,0,0.0,0.0
1992,GMB,3406,1822,0,1,0.0,0.5488474204171241
1992,CUB,4062,1990,0,1,0.0,0.5025125628140704
1992,VUT,2006,1029,0,1,0.0,0.9718172983479105
1992,KNA,2841,1519,0,3,0.0,1.9749835418038184
1992,ISR,2812,1489,0,0,0.0,0.0
1992,SGP,2007,1064,0,0,0.0,0.0
1992,KOR,2980,1617,0,1,0.0,0.6184291898577613
1992,HND,1920,1024,0,1,0.0,0.9765625
1992,CIV,3642,1900,0,1,0.0,0.5263157894736842
1992,KEN,3106,1671,0,0,0.0,0.0
1992,MDV,2264,1182,0,1,0.0,0.8460236886632826
1992,KGZ,983,530,0,1,0.0,1.8867924528301887
1992,LBN,2586,1350,0,0,0.0,0.0
1992,SLE,4992,2537,0,2,0.0,0.7883326763894363
1992,MMR,4072,2151,0,1,0.0,0.46490004649000466
1992,TGO,3355,1786,0,0,0.0,0.0
1992,AUS,4559,2448,0,1,0.0,0.4084967320261438
1992,NLD,3267,1682,0,0,0.0,0.0
1992,CPV,2651,1381,1,0,0.724112961622013,0.0
1992,UGA,4581,2418,0,0,0.0,0.0
1992,CSK,2407,1230,0,0,0.0,0.0
1992,EGY,4256,2187,0,0,0.0,0.0
1992,NZL,2721,1434,0,1,0.0,0.6973500697350069
1992,PNG,3402,1731,0,0,0.0,0.0
1992,NIC,2416,1251,0,1,0.0,0.7993605115907274
1992,TZA,3249,1836,0,0,0.0,0.0
1992,FJI,2973,1602,0,6,0.0,3.745318352059925
1992,BLZ,2981,1519,0,0,0.0,0.0
1992,LSO,2021,1099,0,0,0.0,0.0
1992,AGO,2293,1199,0,1,0.0,0.8340283569641368
1992,ITA,3832,2003,0,0,0.0,0.0
1992,TCD,2520,1311,0,0,0.0,0.0
1992,LVA,2142,1112,0,0,0.0,0.0
1992,ARE,3705,1977,0,2,0.0,1.0116337885685383
1992,DMA,2151,1156,0,1,0.0,0.8650519031141869
1992,NGA,1846,1002,0,0,0.0,0.0
1992,SEN,5201,2556,0,0,0.0,0.0
1992,MLT,2902,1536,0,1,0.0,0.6510416666666666
1992,IRQ,3591,1833,0,0,0.0,0.0
1992,JAM,3278,1762,0,0,0.0,0.0
1992,YEM,2310,1190,0,0,0.0,0.0
1992,KWT,3266,1738,0,0,0.0,0.0
1992,BIH,1649,884,0,0,0.0,0.0
1992,IRN,3530,1897,0,0,0.0,0.0
1992,NAM,3987,2122,0,3,0.0,1.413760603204524
1992,STP,2081,1039,1,0,0.9624639076034649,0.0
1992,ROU,3170,1672,0,0,0.0,0.0
1992,GRD,1903,1044,0,1,0.0,0.9578544061302682
1992,MWI,2634,1413,1,1,0.7077140835102619,0.7077140835102619
1992,BEN,4491,2317,0,0,0.0,0.0
1992,CMR,2412,1293,0,2,0.0,1.5467904098994587
1992,LBR,3961,2104,0,1,0.0,0.4752851711026616
1992,NPL,2832,1546,0,0,0.0,0.0
1992,LAO,1636,893,0,1,0.0,1.1198208286674132
1992,UKR,2733,1469,0,0,0.0,0.0
1992,PRY,2572,1296,0,0,0.0,0.0
1992,HRV,4302,2307,0,0,0.0,0.0
1992,GAB,2772,1434,0,0,0.0,0.0
1992,BHR,3225,1681,0,0,0.0,0.0
1992,BWA,2889,1496,0,1,0.0,0.6684491978609626
1992,GTM,3561,1830,0,0,0.0,0.0
1992,SDN,3742,1871,0,1,0.0,0.5344735435595938
1992,MOZ,3693,1988,0,1,0.0,0.5030181086519115
1992,QAT,1800,916,0,0,0.0,0.0
1992,USA,3353,1895,0,1,0.0,0.5277044854881267
1992,MHL,1222,622,0,3,0.0,4.82315112540193
1992,CAN,3726,1955,0,1,0.0,0.5115089514066495
1992,MAR,3633,1861,0,2,0.0,1.0746910263299303
1992,ESP,3936,2050,0,1,0.0,0.4878048780487805
1992,MRT,3348,1670,0,2,0.0,1.1976047904191616
1992,HTI,3393,1809,0,0,0.0,0.0
1993,BIH,2161,1097,0,0,0.0,0.0
1993,KWT,4076,2177,0,0,0.0,0.0
1993,NAM,2941,1595,0,0,0.0,0.0
1993,IRN,4402,2374,0,0,0.0,0.0
1993,SEN,2943,1482,0,0,0.0,0.0
1993,NGA,3107,1661,0,0,0.0,0.0
1993,DMA,2349,1234,0,1,0.0,0.8103727714748784
1993,YEM,4309,2193,0,1,0.0,0.45599635202918376
1993,JAM,2900,1584,0,0,0.0,0.0
1993,IRQ,4364,2323,0,1,0.0,0.4304778303917348
1993,MLT,3017,1535,0,0,0.0,0.0
1993,HRV,5699,3052,0,0,0.0,0.0
1993,PRY,3314,1689,0,0,0.0,0.0
1993,THA,2466,1389,0,0,0.0,0.0
1993,MCO,860,432,0,0,0.0,0.0
1993,BHR,4001,2050,0,0,0.0,0.0
1993,GAB,1856,976,0,0,0.0,0.0
1993,LCA,2745,1482,0,1,0.0,0.6747638326585694
1993,BEN,4094,2151,0,0,0.0,0.0
1993,MWI,3674,1963,0,0,0.0,0.0
1993,GRD,1849,1029,0,1,0.0,0.9718172983479105
1993,ROU,2997,1598,0,0,0.0,0.0
1993,UKR,4533,2400,0,0,0.0,0.0
1993,LAO,1817,971,0,1,0.0,1.0298661174047374
1993,NPL,2206,1205,0,0,0.0,0.0
1993,LBR,3269,1793,0,0,0.0,0.0
1993,CMR,3118,1637,0,0,0.0,0.0
1993,SDN,4626,2456,0,0,0.0,0.0
1993,MOZ,2599,1379,0,1,0.0,0.7251631617113851
1993,GTM,2610,1381,0,1,0.0,0.724112961622013
1993,USA,4904,2604,0,0,0.0,0.0
1993,QAT,2939,1516,1,0,0.6596306068601583,0.0
1993,TTO,3017,1642,0,0,0.0,0.0
1993,BWA,2884,1527,1,0,0.6548788474132285,0.0
1993,HTI,2720,1408,0,0,0.0,0.0
1993,MRT,3198,1568,0,1,0.0,0.6377551020408163
1993,ESP,3882,2022,0,1,0.0,0.4945598417408506
1993,CZE,2898,1566,0,0,0.0,0.0
1993,CAN,3703,2031,0,0,0.0,0.0
1993,MHL,2584,1345,0,5,0.0,3.717472118959108
1993,MAR,3472,1819,0,0,0.0,0.0
1993,FIN,2274,1212,0,0,0.0,0.0
1993,SAU,4019,2105,0,1,0.0,0.4750593824228028
1993,KAZ,2682,1437,0,0,0.0,0.0
1993,SLV,2970,1468,0,0,0.0,0.0
1993,GMB,2810,1487,0,0,0.0,0.0
1993,CHL,2912,1475,0,0,0.0,0.0
1993,DEU,3851,2132,0,0,0.0,0.0
1993,COL,2473,1269,0,1,0.0,0.7880220646178093
1993,PER,1282,662,0,0,0.0,0.0
1993,SVN,2051,1064,0,0,0.0,0.0
1993,LTU,2986,1593,0,0,0.0,0.0
1993,SYC,1612,811,0,0,0.0,0.0
1993,KEN,3562,1961,0,0,0.0,0.0
1993,KHM,2477,1352,0,0,0.0,0.0
1993,MDV,2632,1392,0,0,0.0,0.0
1993,ISR,2248,1124,0,0,0.0,0.0
1993,KNA,3382,1759,0,0,0.0,0.0
1993,CUB,3571,1779,0,0,0.0,0.0
1993,ERI,2275,1164,0,0,0.0,0.0
1993,CIV,3682,1981,0,0,0.0,0.0
1993,HND,1986,1042,0,1,0.0,0.9596928982725528
1993,MKD,2180,1130,0,0,0.0,0.0
1993,SGP,2212,1142,0,0,0.0,0.0
1993,KOR,2980,1625,0,3,0.0,1.846153846153846
1993,UGA,4479,2389,0,1,0.0,0.4185851820845542
1993,CPV,3497,1787,0,0,0.0,0.0
1993,NZL,3995,2068,0,4,0.0,1.9342359767891684
1993,EGY,4916,2523,0,1,0.0,0.39635354736424894
1993,SLE,4726,2462,0,0,0.0,0.0
1993,LBN,3292,1731,1,0,0.5777007510109763,0.0
1993,KGZ,1220,612,1,0,1.6339869281045751,0.0
1993,AUS,4215,2164,0,0,0.0,0.0
1993,NLD,3365,1800,0,0,0.0,0.0
1993,TGO,4041,2097,0,0,0.0,0.0
1993,MMR,3929,2095,0,0,0.0,0.0
1993,LSO,2750,1499,0,1,0.0,0.66711140760507
1993,BLZ,3426,1819,0,1,0.0,0.5497526113249038
1993,ARE,2881,1552,0,1,0.0,0.6443298969072165
1993,LVA,3618,1975,0,0,0.0,0.0
1993,TCD,2141,1117,0,0,0.0,0.0
1993,AGO,3658,1906,0,0,0.0,0.0
1993,ITA,2354,1265,0,0,0.0,0.0
1993,NIC,1657,846,0,0,0.0,0.0
1993,SVK,2128,1173,0,0,0.0,0.0
1993,PNG,4043,2158,0,4,0.0,1.8535681186283597
1993,FJI,3879,2069,0,2,0.0,0.9666505558240696
1993,TZA,4271,2242,0,0,0.0,0.0
1993,DZA,3860,2011,0,0,0.0,0.0
1993,PRK,4109,2202,0,0,0.0,0.0
1993,LKA,2176,1219,0,0,0.0,0.0
1993,POL,2731,1476,0,0,0.0,0.0
1993,PHL,2744,1453,0,0,0.0,0.0
1993,GNB,3667,1941,0,2,0.0,1.0303967027305514
1993,BGR,2140,1178,0,0,0.0,0.0
1993,GBR,2988,1509,0,0,0.0,0.0
1993,ECU,2887,1542,0,0,0.0,0.0
1993,PRT,3724,1936,0,1,0.0,0.5165289256198348
1993,BFA,2121,1063,0,3,0.0,2.8222013170272815
1993,CRI,3194,1656,0,1,0.0,0.6038647342995169
1993,CHN,3175,1731,0,0,0.0,0.0
1993,CAF,1427,749,0,0,0.0,0.0
1993,BGD,3293,1801,0,1,0.0,0.5552470849528041
1993,BRN,1017,539,0,0,0.0,0.0
1993,MYS,3320,1609,0,0,0.0,0.0
1993,SLB,3946,2199,0,3,0.0,1.364256480218281
1993,TJK,2719,1361,0,2,0.0,1.4695077149155031
1993,ATG,2751,1533,0,4,0.0,2.609262883235486
1993,MEX,2608,1371,0,0,0.0,0.0
1993,AUT,3446,1913,1,0,0.5227391531625718,0.0
1993,CYP,3102,1630,0,0,0.0,0.0
1993,COG,3296,1724,0,2,0.0,1.160092807424594
1993,DJI,2398,1264,0,0,0.0,0.0
1993,RUS,2294,1227,0,0,0.0,0.0
1993,SYR,2286,1135,0,0,0.0,0.0
1993,GNQ,2477,1301,0,0,0.0,0.0
1993,BOL,2913,1431,0,1,0.0,0.6988120195667366
1993,IDN,5105,2762,0,1,0.0,0.3620564808110065
1993,DNK,2740,1529,0,0,0.0,0.0
1993,BHS,2269,1206,0,0,0.0,0.0
1993,GIN,3165,1658,0,0,0.0,0.0
1993,SWE,2777,1512,0,0,0.0,0.0
1993,JOR,2351,1231,0,0,0.0,0.0
1993,ARG,3302,1711,0,0,0.0,0.0
1993,IND,4006,2186,0,0,0.0,0.0
1993,BRB,3137,1716,0,4,0.0,2.331002331002331
1993,ALB,3132,1644,0,0,0.0,0.0
1993,SWZ,4738,2426,0,0,0.0,0.0
1993,NOR,2620,1441,0,4,0.0,2.7758501040943786
1993,TUN,2947,1520,0,1,0.0,0.6578947368421052
1993,BTN,1825,1003,0,2,0.0,1.9940179461615153
1993,EST,3199,1631,0,0,0.0,0.0
1993,PAK,3897,2148,0,0,0.0,0.0
1993,MLI,3150,1722,0,1,0.0,0.5807200929152149
1993,FRA,3856,2025,0,0,0.0,0.0
1993,IRL,3259,1698,0,1,0.0,0.5889281507656066
1993,NER,3029,1594,0,0,0.0,0.0
1993,MUS,4640,2508,0,2,0.0,0.7974481658692185
1993,BDI,5420,2792,0,1,0.0,0.35816618911174786
1993,VNM,2978,1635,0,0,0.0,0.0
1993,MNG,1716,961,0,1,0.0,1.040582726326743
1993,OMN,3104,1613,0,0,0.0,0.0
1993,DOM,2559,1325,0,0,0.0,0.0
1993,ETH,2796,1470,0,0,0.0,0.0
1993,LBY,4704,2421,0,0,0.0,0.0
1993,BRA,4175,2162,0,0,0.0,0.0
1993,TUR,3467,1898,0,0,0.0,0.0
1993,FSM,3562,1870,0,8,0.0,4.278074866310161
1993,RWA,3971,2038,0,0,0.0,0.0
1993,JPN,2078,1189,0,0,0.0,0.0
1993,GUY,4118,2237,0,1,0.0,0.4470272686633885
1993,BLR,4283,2227,2,1,0.8980691513246519,0.44903457566232596
1993,ARM,2202,1205,1,0,0.8298755186721991,0.0
1993,GHA,2782,1434,0,0,0.0,0.0
1993,WSM,2800,1466,0,2,0.0,1.364256480218281
1993,BEL,3735,1970,0,0,0.0,0.0
1993,SMR,1713,869,0,0,0.0,0.0
1993,COD,3476,1789,0,0,0.0,0.0
1993,GRC,2816,1540,0,0,0.0,0.0
1993,AZE,1884,1021,0,1,0.0,0.9794319294809011
1993,ISL,3257,1780,0,0,0.0,0.0
1993,HUN,2078,1106,0,0,0.0,0.0
1993,UZB,3305,1812,1,1,0.5518763796909493,0.5518763796909493
1993,LIE,2171,1112,0,0,0.0,0.0
1993,VEN,2146,1127,0,0,0.0,0.0
1993,COM,2359,1206,0,2,0.0,1.658374792703151
1993,AFG,3294,1742,0,0,0.0,0.0
1993,MDA,2337,1247,0,0,0.0,0.0
1993,SUR,2771,1532,0,0,0.0,0.0
1993,URY,2956,1578,0,0,0.0,0.0
1993,PAN,2861,1481,0,0,0.0,0.0
1993,ZWE,3543,1867,0,1,0.0,0.5356186395286556
1993,VCT,3654,1937,0,0,0.0,0.0
1993,LUX,2771,1446,0,0,0.0,0.0
1993,TKM,2906,1502,0,1,0.0,0.6657789613848203
1994,BWA,2439,1257,1,0,0.7955449482895784,0.0
1994,TTO,3120,1644,0,0,0.0,0.0
1994,QAT,3768,1917,0,1,0.0,0.5216484089723527
1994,USA,3225,1706,0,0,0.0,0.0
1994,ZAF,2887,1385,0,0,0.0,0.0
1994,GTM,3210,1643,0,0,0.0,0.0
1994,MOZ,3404,1807,0,0,0.0,0.0
1994,SDN,3955,2046,0,0,0.0,0.0
1994,MAR,3725,1906,0,0,0.0,0.0
1994,MHL,2453,1288,0,5,0.0,3.8819875776397517
1994,CAN,3570,1906,0,0,0.0,0.0
1994,CZE,2290,1218,0,0,0.0,0.0
1994,ESP,3142,1632,0,0,0.0,0.0
1994,MRT,2853,1440,0,0,0.0,0.0
1994,HTI,2842,1505,0,0,0.0,0.0
1994,MLT,3322,1765,0,0,0.0,0.0
1994,IRQ,3608,1863,0,0,0.0,0.0
1994,JAM,2624,1429,0,0,0.0,0.0
1994,YEM,3482,1760,0,0,0.0,0.0
1994,NGA,2450,1332,0,0,0.0,0.0
1994,DMA,2308,1193,0,0,0.0,0.0
1994,SEN,3063,1560,0,0,0.0,0.0
1994,IRN,3990,2138,0,0,0.0,0.0
1994,NAM,3300,1828,0,0,0.0,0.0
1994,KWT,3487,1848,0,0,0.0,0.0
1994,BIH,2409,1179,0,0,0.0,0.0
1994,NPL,2901,1629,0,1,0.0,0.6138735420503376
1994,LBR,3103,1746,1,0,0.5727376861397481,0.0
1994,CMR,2054,1064,0,1,0.0,0.9398496240601504
1994,UKR,4139,2203,0,0,0.0,0.0
1994,LAO,2004,1078,0,0,0.0,0.0
1994,ROU,2620,1364,0,0,0.0,0.0
1994,GRD,2533,1359,0,1,0.0,0.7358351729212657
1994,BEN,3848,2042,0,0,0.0,0.0
1994,LCA,2622,1427,0,0,0.0,0.0
1994,MWI,3672,1928,0,1,0.0,0.5186721991701245
1994,GAB,2564,1327,0,0,0.0,0.0
1994,AND,1984,988,0,0,0.0,0.0
1994,BHR,4018,2083,0,0,0.0,0.0
1994,MCO,1658,855,0,1,0.0,1.1695906432748537
1994,THA,1592,879,0,0,0.0,0.0
1994,PRY,3693,1930,0,0,0.0,0.0
1994,HRV,5210,2760,0,0,0.0,0.0
1994,TGO,3489,1818,0,1,0.0,0.55005500550055
1994,MMR,5815,3113,0,1,0.0,0.32123353678124
1994,NLD,2597,1307,0,0,0.0,0.0
1994,AUS,5506,2983,0,0,0.0,0.0
1994,KGZ,2271,1210,0,2,0.0,1.6528925619834711
1994,LBN,2586,1259,0,0,0.0,0.0
1994,SLE,4834,2561,0,0,0.0,0.0
1994,EGY,4694,2406,0,0,0.0,0.0
1994,NZL,3659,1898,0,0,0.0,0.0
1994,CPV,2479,1247,0,0,0.0,0.0
1994,UGA,3401,1891,0,0,0.0,0.0
1994,TZA,4763,2483,0,0,0.0,0.0
1994,FJI,4293,2238,0,0,0.0,0.0
1994,PNG,3249,1763,0,6,0.0,3.403289846851957
1994,SVK,2955,1567,0,0,0.0,0.0
1994,NIC,1756,942,0,0,0.0,0.0
1994,ITA,2393,1320,0,0,0.0,0.0
1994,AGO,3106,1589,0,0,0.0,0.0
1994,LVA,3067,1682,0,0,0.0,0.0
1994,TCD,2237,1176,1,0,0.8503401360544217,0.0
1994,ARE,2556,1331,1,0,0.7513148009015778,0.0
1994,BLZ,2898,1536,0,1,0.0,0.6510416666666666
1994,LSO,1722,900,0,0,0.0,0.0
1994,SYC,1704,864,0,0,0.0,0.0
1994,SVN,1988,1025,0,0,0.0,0.0
1994,LTU,3824,2079,0,0,0.0,0.0
1994,PER,1587,858,0,0,0.0,0.0
1994,COL,2093,1050,1,0,0.9523809523809523,0.0
1994,DEU,4142,2225,0,1,0.0,0.44943820224719105
1994,CHL,3196,1667,0,0,0.0,0.0
1994,GEO,3897,2022,0,0,0.0,0.0
1994,GMB,3481,1836,0,2,0.0,1.0893246187363836
1994,SLV,3521,1821,0,1,0.0,0.5491488193300385
1994,KAZ,3487,1867,0,0,0.0,0.0
1994,SAU,3886,2060,0,1,0.0,0.4854368932038835
1994,FIN,1406,749,0,0,0.0,0.0
1994,KOR,2668,1475,0,1,0.0,0.6779661016949153
1994,SGP,1762,947,0,0,0.0,0.0
1994,HND,3297,1732,0,1,0.0,0.5773672055427251
1994,MKD,1693,865,0,0,0.0,0.0
1994,CIV,2658,1365,0,0,0.0,0.0
1994,ERI,1362,730,0,0,0.0,0.0
1994,CUB,2747,1411,0,0,0.0,0.0
1994,KNA,3561,1916,0,3,0.0,1.5657620041753655
1994,ISR,2203,1205,0,0,0.0,0.0
1994,MDV,3112,1635,0,0,0.0,0.0
1994,KHM,2032,1091,0,0,0.0,0.0
1994,KEN,3955,2171,0,1,0.0,0.460617227084293
1994,GIN,1898,1001,0,2,0.0,1.998001998001998
1994,BHS,2451,1301,0,0,0.0,0.0
1994,DNK,2079,1139,0,0,0.0,0.0
1994,IDN,4056,2171,0,0,0.0,0.0
1994,BOL,2372,1254,0,0,0.0,0.0
1994,GNQ,1810,936,0,0,0.0,0.0
1994,SYR,2553,1256,0,0,0.0,0.0
1994,RUS,3190,1668,0,0,0.0,0.0
1994,DJI,4006,2175,0,0,0.0,0.0
1994,EST,1669,876,0,0,0.0,0.0
1994,MDG,2991,1591,0,1,0.0,0.6285355122564426
1994,BTN,2080,1122,0,0,0.0,0.0
1994,NOR,2465,1372,0,0,0.0,0.0
1994,TUN,3991,1983,0,0,0.0,0.0
1994,SWZ,3107,1613,0,1,0.0,0.6199628022318661
1994,ALB,3875,2023,0,0,0.0,0.0
1994,BRB,3873,2081,0,0,0.0,0.0
1994,IND,2863,1510,0,0,0.0,0.0
1994,ARG,2689,1366,0,0,0.0,0.0
1994,JOR,2532,1345,0,0,0.0,0.0
1994,SWE,2365,1294,0,0,0.0,0.0
1994,CHN,2576,1409,0,0,0.0,0.0
1994,BFA,2558,1286,0,0,0.0,0.0
1994,PRT,3968,2001,0,0,0.0,0.0
1994,CRI,2704,1395,0,2,0.0,1.4336917562724014
1994,ECU,2334,1223,0,0,0.0,0.0
1994,BGR,2624,1409,0,0,0.0,0.0
1994,GBR,3450,1711,0,0,0.0,0.0
1994,GNB,1834,965,0,0,0.0,0.0
1994,PHL,3345,1735,0,2,0.0,1.1527377521613833
1994,PRK,3812,2017,0,0,0.0,0.0
1994,POL,2451,1333,0,0,0.0,0.0
1994,LKA,3213,1773,0,0,0.0,0.0
1994,DZA,3453,1734,0,0,0.0,0.0
1994,CYP,3713,1972,0,0,0.0,0.0
1994,COG,2977,1594,0,1,0.0,0.6273525721455457
1994,AUT,3171,1650,0,0,0.0,0.0
1994,MEX,3071,1649,0,2,0.0,1.2128562765312312
1994,TJK,3156,1665,0,0,0.0,0.0
1994,ATG,3742,1925,0,0,0.0,0.0
1994,SLB,2707,1519,0,5,0.0,3.291639236339697
1994,MYS,2135,1180,0,0,0.0,0.0
1994,BRN,1185,630,0,0,0.0,0.0
1994,BGD,4575,2621,0,2,0.0,0.7630675314765357
1994,CAF,2721,1428,0,0,0.0,0.0
1994,LIE,1831,931,0,0,0.0,0.0
1994,VEN,2864,1487,0,1,0.0,0.6724949562878278
1994,UZB,2889,1477,0,0,0.0,0.0
1994,HUN,2376,1273,0,0,0.0,0.0
1994,ISL,2528,1352,0,0,0.0,0.0
1994,GRC,2963,1535,0,0,0.0,0.0
1994,AZE,3854,2045,0,1,0.0,0.4889975550122249
1994,COD,2651,1400,0,0,0.0,0.0
1994,SMR,1548,802,0,0,0.0,0.0
1994,LUX,2554,1342,0,0,0.0,0.0
1994,ZMB,3862,2091,0,0,0.0,0.0
1994,ZWE,3144,1657,0,0,0.0,0.0
1994,VCT,2360,1268,0,0,0.0,0.0
1994,URY,3954,2056,0,3,0.0,1.4591439688715953
1994,PAN,2461,1295,0,0,0.0,0.0
1994,SUR,2793,1409,0,1,0.0,0.7097232079489
1994,AFG,5062,2717,0,1,0.0,0.368052999631947
1994,MDA,2793,1426,1,1,0.7012622720897616,0.7012622720897616
1994,COM,2667,1414,0,0,0.0,0.0
1994,FSM,3093,1644,0,13,0.0,7.907542579075426
1994,TUR,4094,2197,0,0,0.0,0.0
1994,BRA,3435,1794,0,0,0.0,0.0
1994,LBY,5064,2601,0,0,0.0,0.0
1994,ETH,2857,1399,0,2,0.0,1.4295925661186561
1994,DOM,2028,1101,1,1,0.9082652134423251,0.9082652134423251
1994,OMN,3389,1732,0,0,0.0,0.0
1994,MNG,2429,1307,0,0,0.0,0.0
1994,BDI,3393,1799,0,2,0.0,1.1117287381878822
1994,VNM,2687,1451,0,0,0.0,0.0
1994,IRL,4360,2239,0,0,0.0,0.0
1994,NER,3759,1942,0,1,0.0,0.5149330587023687
1994,MUS,4514,2290,0,1,0.0,0.4366812227074236
1994,MLI,2227,1159,0,0,0.0,0.0
1994,PAK,3972,2196,0,0,0.0,0.0
1994,FRA,4112,2164,0,0,0.0,0.0
1994,BEL,2763,1485,0,0,0.0,0.0
1994,GHA,2199,1170,0,0,0.0,0.0
1994,ARM,2427,1305,0,0,0.0,0.0
1994,BLR,2115,1168,0,0,0.0,0.0
1994,GUY,1510,795,0,0,0.0,0.0
1994,JPN,2391,1323,0,0,0.0,0.0
1994,RWA,2816,1468,0,0,0.0,0.0
1995,BDI,3075,1595,0,0,0.0,0.0
1995,VNM,3082,1632,0,0,0.0,0.0
1995,PAK,4954,2651,0,0,0.0,0.0
1995,MLI,4080,2236,0,1,0.0,0.4472271914132379
1995,FRA,4123,2067,0,0,0.0,0.0
1995,IRL,4661,2390,0,0,0.0,0.0
1995,NER,3410,1786,0,0,0.0,0.0
1995,MUS,3292,1753,0,0,0.0,0.0
1995,OMN,2941,1565,0,2,0.0,1.2779552715654952
1995,MNG,2012,1089,0,0,0.0,0.0
1995,LBY,5073,2559,0,0,0.0,0.0
1995,BRA,3507,1917,0,0,0.0,0.0
1995,DOM,2206,1193,0,0,0.0,0.0
1995,ETH,2433,1200,0,0,0.0,0.0
1995,TUR,3825,2058,0,1,0.0,0.48590864917395526
1995,FSM,2515,1312,0,15,0.0,11.432926829268293
1995,RWA,3243,1606,0,0,0.0,0.0
1995,JPN,3082,1654,0,1,0.0,0.6045949214026601
1995,GUY,2743,1471,0,1,0.0,0.6798096532970768
1995,BLR,2969,1519,0,0,0.0,0.0
1995,BEL,2129,1121,0,0,0.0,0.0
1995,ARM,2121,1189,1,0,0.8410428931875525,0.0
1995,WSM,2552,1308,0,5,0.0,3.8226299694189603
1995,GHA,2040,1070,0,0,0.0,0.0
1995,SMR,1661,861,0,1,0.0,1.1614401858304297
1995,COD,7042,3626,0,0,0.0,0.0
1995,ISL,1874,976,0,3,0.0,3.0737704918032787
1995,HUN,2366,1292,0,0,0.0,0.0
1995,GRC,4051,2111,0,0,0.0,0.0
1995,AZE,2461,1304,0,0,0.0,0.0
1995,LIE,1365,709,0,0,0.0,0.0
1995,VEN,3402,1744,0,0,0.0,0.0
1995,SUR,2407,1279,0,2,0.0,1.563721657544957
1995,PAN,2627,1322,0,0,0.0,0.0
1995,URY,2860,1450,0,2,0.0,1.379310344827586
1995,AFG,5759,3062,0,1,0.0,0.32658393207054215
1995,MDA,2845,1439,0,0,0.0,0.0
1995,LUX,2644,1388,0,1,0.0,0.7204610951008645
1995,ZMB,1970,1090,0,0,0.0,0.0
1995,TKM,2380,1246,0,1,0.0,0.8025682182985554
1995,VCT,2024,1099,0,0,0.0,0.0
1995,DZA,2833,1466,0,0,0.0,0.0
1995,PHL,2578,1329,0,0,0.0,0.0
1995,PRK,4023,2132,0,0,0.0,0.0
1995,POL,4686,2479,0,0,0.0,0.0
1995,LKA,3775,2084,0,0,0.0,0.0
1995,BGR,2246,1238,0,0,0.0,0.0
1995,GBR,3321,1851,0,2,0.0,1.0804970286331712
1995,GNB,1232,637,0,1,0.0,1.5698587127158556
1995,CHN,2422,1337,0,0,0.0,0.0
1995,ECU,2753,1486,0,0,0.0,0.0
1995,PRT,4165,2106,0,0,0.0,0.0
1995,BFA,2429,1265,0,1,0.0,0.7905138339920948
1995,CRI,2598,1371,0,0,0.0,0.0
1995,BRN,1454,725,0,0,0.0,0.0
1995,MYS,3392,1767,1,1,0.5659309564233164,0.5659309564233164
1995,CAF,2421,1262,0,2,0.0,1.5847860538827259
1995,BGD,1783,980,0,0,0.0,0.0
1995,ATG,2620,1486,0,11,0.0,7.402422611036339
1995,TJK,2180,1123,0,1,0.0,0.8904719501335707
1995,SLB,2013,1138,0,3,0.0,2.6362038664323375
1995,COG,2709,1374,0,0,0.0,0.0
1995,CYP,2365,1226,0,0,0.0,0.0
1995,MEX,2402,1262,0,0,0.0,0.0
1995,AUT,2499,1407,0,0,0.0,0.0
1995,RUS,2011,1072,0,0,0.0,0.0
1995,DJI,3330,1755,0,1,0.0,0.5698005698005698
1995,IDN,3634,1947,0,0,0.0,0.0
1995,SYR,2189,1078,0,0,0.0,0.0
1995,GNQ,1796,971,0,0,0.0,0.0
1995,BOL,1968,1057,0,1,0.0,0.9460737937559129
1995,DNK,1744,996,0,0,0.0,0.0
1995,BHS,2251,1143,0,3,0.0,2.6246719160104988
1995,GIN,2814,1502,0,1,0.0,0.6657789613848203
1995,ARG,2576,1326,0,0,0.0,0.0
1995,IND,3710,1914,0,0,0.0,0.0
1995,SWE,2704,1510,0,0,0.0,0.0
1995,JOR,3167,1664,0,0,0.0,0.0
1995,BRB,2493,1391,0,1,0.0,0.7189072609633358
1995,NOR,1810,1051,0,2,0.0,1.9029495718363465
1995,TUN,2675,1391,0,0,0.0,0.0
1995,BTN,1568,862,0,1,0.0,1.160092807424594
1995,ALB,2440,1241,0,0,0.0,0.0
1995,SWZ,2672,1335,0,0,0.0,0.0
1995,MDG,2245,1190,0,3,0.0,2.521008403361345
1995,EST,1073,611,0,0,0.0,0.0
1995,KAZ,1993,1065,0,0,0.0,0.0
1995,FIN,1521,805,0,1,0.0,1.2422360248447206
1995,GEO,3471,1832,0,0,0.0,0.0
1995,SLV,3453,1808,0,0,0.0,0.0
1995,GMB,4115,2131,0,1,0.0,0.46926325668700136
1995,DEU,3836,1959,0,0,0.0,0.0
1995,COL,1464,769,0,0,0.0,0.0
1995,CHL,2703,1383,0,0,0.0,0.0
1995,LTU,2107,1180,1,0,0.847457627118644,0.0
1995,SVN,1849,931,0,0,0.0,0.0
1995,PER,1428,756,0,0,0.0,0.0
1995,KEN,2998,1631,0,0,0.0,0.0
1995,KHM,2177,1189,0,1,0.0,0.8410428931875525
1995,MDV,2130,1108,0,0,0.0,0.0
1995,CUB,3747,1875,0,0,0.0,0.0
1995,ERI,1135,595,0,0,0.0,0.0
1995,ISR,2020,1008,0,1,0.0,0.992063492063492
1995,KNA,2724,1459,0,1,0.0,0.6854009595613434
1995,SGP,2869,1558,0,0,0.0,0.0
1995,KOR,2743,1499,0,0,0.0,0.0
1995,HND,2440,1321,0,0,0.0,0.0
1995,MKD,2245,1125,0,0,0.0,0.0
1995,UGA,2671,1407,0,0,0.0,0.0
1995,EGY,5863,3010,0,0,0.0,0.0
1995,NZL,2256,1182,0,0,0.0,0.0
1995,LBN,2302,1147,0,0,0.0,0.0
1995,KGZ,1827,996,0,2,0.0,2.008032128514056
1995,SLE,4085,2145,0,0,0.0,0.0
1995,TGO,4959,2613,0,1,0.0,0.3827018752391887
1995,MMR,2237,1170,0,0,0.0,0.0
1995,AUS,5223,2679,0,0,0.0,0.0
1995,NLD,2552,1342,0,0,0.0,0.0
1995,LSO,3572,1905,0,1,0.0,0.5249343832020997
1995,BLZ,2562,1385,0,1,0.0,0.7220216606498194
1995,AGO,2949,1531,0,1,0.0,0.6531678641410843
1995,ITA,1502,811,0,0,0.0,0.0
1995,ARE,2143,1114,0,0,0.0,0.0
1995,LVA,1932,1063,0,0,0.0,0.0
1995,TCD,2041,1068,0,0,0.0,0.0
1995,PNG,3653,1901,0,4,0.0,2.1041557075223567
1995,NIC,2447,1263,0,0,0.0,0.0
1995,SVK,3294,1712,0,0,0.0,0.0
1995,FJI,4773,2588,0,5,0.0,1.9319938176197837
1995,TZA,3003,1610,0,0,0.0,0.0
1995,BIH,1667,822,0,0,0.0,0.0
1995,KWT,3557,1897,0,0,0.0,0.0
1995,NAM,2993,1678,0,0,0.0,0.0
1995,IRN,4659,2535,1,1,0.3944773175542406,0.3944773175542406
1995,SEN,2535,1295,0,0,0.0,0.0
1995,NGA,2690,1412,0,0,0.0,0.0
1995,IRQ,3804,1872,0,0,0.0,0.0
1995,MLT,3094,1634,0,0,0.0,0.0
1995,YEM,2170,1128,0,0,0.0,0.0
1995,JAM,3073,1646,0,0,0.0,0.0
1995,PRY,3702,1879,0,0,0.0,0.0
1995,THA,2346,1280,0,0,0.0,0.0
1995,HRV,2833,1529,0,0,0.0,0.0
1995,GAB,2715,1359,0,0,0.0,0.0
1995,MCO,3007,1532,0,0,0.0,0.0
1995,BHR,3904,2037,0,0,0.0,0.0
1995,AND,3536,1765,0,0,0.0,0.0
1995,ROU,2553,1362,0,0,0.0,0.0
1995,LCA,3923,2085,0,4,0.0,1.9184652278177459
1995,BEN,2607,1323,1,0,0.7558578987150416,0.0
1995,MWI,3216,1654,0,0,0.0,0.0
1995,GRD,2392,1321,0,0,0.0,0.0
1995,NPL,2871,1578,0,0,0.0,0.0
1995,CMR,2652,1358,0,1,0.0,0.7363770250368188
1995,LBR,4393,2389,0,0,0.0,0.0
1995,UKR,3495,1859,0,0,0.0,0.0
1995,LAO,1622,873,0,0,0.0,0.0
1995,GTM,2475,1282,0,0,0.0,0.0
1995,SDN,2917,1451,0,0,0.0,0.0
1995,MOZ,3468,1848,0,0,0.0,0.0
1995,QAT,2914,1464,0,1,0.0,0.6830601092896175
1995,USA,3368,1860,0,0,0.0,0.0
1995,ZAF,3688,2008,0,1,0.0,0.49800796812749004
1995,TTO,2556,1389,0,0,0.0,0.0
1995,BWA,2797,1478,0,0,0.0,0.0
1995,MRT,2142,1108,0,0,0.0,0.0
1995,ESP,3913,2074,0,1,0.0,0.4821600771456124
1995,HTI,3235,1672,0,2,0.0,1.1961722488038278
1995,CZE,2876,1545,0,0,0.0,0.0
1995,CAN,3899,2191,0,2,0.0,0.9128251939753537
1995,MHL,3355,1750,0,2,0.0,1.142857142857143
1995,MAR,2991,1518,0,0,0.0,0.0
1996,RWA,1621,833,0,0,0.0,0.0
1996,JPN,3501,1889,0,2,0.0,1.0587612493382743
1996,GUY,2581,1377,0,0,0.0,0.0
1996,BLR,2067,1123,0,0,0.0,0.0
1996,BEL,2539,1360,0,0,0.0,0.0
1996,ARM,1689,938,0,0,0.0,0.0
1996,GHA,2781,1451,0,0,0.0,0.0
1996,WSM,1698,887,0,6,0.0,6.764374295377677
1996,BDI,3497,1844,0,0,0.0,0.0
1996,VNM,2662,1430,0,1,0.0,0.6993006993006993
1996,PAK,2537,1367,0,0,0.0,0.0
1996,MLI,2987,1671,0,0,0.0,0.0
1996,FRA,3523,1841,0,0,0.0,0.0
1996,IRL,5117,2737,0,0,0.0,0.0
1996,MUS,3187,1618,0,1,0.0,0.6180469715698392
1996,NER,2269,1169,0,0,0.0,0.0
1996,OMN,2865,1541,0,0,0.0,0.0
1996,MNG,1752,986,0,2,0.0,2.028397565922921
1996,LBY,4648,2393,0,1,0.0,0.41788549937317176
1996,BRA,2930,1542,0,0,0.0,0.0
1996,DOM,2193,1168,0,0,0.0,0.0
1996,ETH,2026,1018,0,0,0.0,0.0
1996,TUR,3995,2132,0,1,0.0,0.46904315196998125
1996,FSM,3251,1683,0,4,0.0,2.3767082590612003
1996,PLW,786,412,0,0,0.0,0.0
1996,COM,2465,1315,0,1,0.0,0.7604562737642585
1996,SUR,1794,928,0,0,0.0,0.0
1996,URY,2585,1354,0,0,0.0,0.0
1996,PAN,3883,2035,0,1,0.0,0.4914004914004914
1996,AFG,4143,2162,0,0,0.0,0.0
1996,MDA,1921,973,1,0,1.027749229188078,0.0
1996,ZMB,2841,1515,0,0,0.0,0.0
1996,LUX,2759,1485,0,0,0.0,0.0
1996,TKM,2163,1144,1,1,0.8741258741258742,0.8741258741258742
1996,ZWE,3358,1827,1,2,0.5473453749315819,1.0946907498631637
1996,VCT,1327,659,0,1,0.0,1.5174506828528074
1996,SMR,1245,651,0,0,0.0,0.0
1996,COD,2300,1224,0,0,0.0,0.0
1996,ISL,1467,821,0,0,0.0,0.0
1996,HUN,1899,1053,0,0,0.0,0.0
1996,GRC,3827,2034,0,0,0.0,0.0
1996,AZE,1966,1063,0,0,0.0,0.0
1996,UZB,1114,585,0,0,0.0,0.0
1996,LIE,1571,806,0,0,0.0,0.0
1996,VEN,2442,1276,0,2,0.0,1.567398119122257
1996,BRN,1367,681,0,0,0.0,0.0
1996,MYS,3602,1970,0,1,0.0,0.5076142131979696
1996,CAF,2448,1273,0,0,0.0,0.0
1996,BGD,4111,2237,1,4,0.4470272686633885,1.788109074653554
1996,TJK,2839,1533,0,0,0.0,0.0
1996,ATG,3125,1668,0,5,0.0,2.997601918465228
1996,SLB,2121,1190,2,5,1.680672268907563,4.201680672268908
1996,CYP,2371,1240,0,0,0.0,0.0
1996,COG,2299,1192,0,0,0.0,0.0
1996,MEX,2777,1436,0,0,0.0,0.0
1996,AUT,2547,1448,0,0,0.0,0.0
1996,DZA,3486,1844,0,0,0.0,0.0
1996,PHL,2979,1600,0,0,0.0,0.0
1996,PRK,3061,1659,0,1,0.0,0.6027727546714888
1996,POL,2789,1509,0,0,0.0,0.0
1996,LKA,3567,1921,0,0,0.0,0.0
1996,GBR,2476,1309,0,1,0.0,0.7639419404125286
1996,BGR,3259,1832,0,0,0.0,0.0
1996,GNB,1811,995,0,1,0.0,1.0050251256281408
1996,CHN,2859,1612,0,1,0.0,0.6203473945409429
1996,ECU,2434,1302,0,0,0.0,0.0
1996,PRT,3942,2008,0,1,0.0,0.49800796812749004
1996,BFA,1533,767,0,0,0.0,0.0
1996,CRI,2815,1465,0,1,0.0,0.6825938566552902
1996,ARG,1910,1017,0,1,0.0,0.9832841691248771
1996,IND,3180,1772,0,0,0.0,0.0
1996,SWE,1682,939,0,0,0.0,0.0
1996,JOR,3392,1811,0,0,0.0,0.0
1996,BRB,2441,1294,0,0,0.0,0.0
1996,NOR,1703,902,0,1,0.0,1.1086474501108647
1996,TUN,2809,1522,0,0,0.0,0.0
1996,BTN,2239,1188,0,0,0.0,0.0
1996,ALB,2050,1099,0,0,0.0,0.0
1996,SWZ,2220,1087,0,0,0.0,0.0
1996,MDG,2016,1076,0,0,0.0,0.0
1996,EST,1306,733,0,0,0.0,0.0
1996,RUS,2674,1406,0,0,0.0,0.0
1996,DJI,3074,1684,1,0,0.5938242280285035,0.0
1996,IDN,3293,1763,0,1,0.0,0.5672149744753262
1996,SYR,2013,1017,0,0,0.0,0.0
1996,GNQ,1281,682,0,0,0.0,0.0
1996,BOL,2927,1591,0,0,0.0,0.0
1996,DNK,2076,1197,1,0,0.835421888053467,0.0
1996,BHS,2733,1448,0,1,0.0,0.6906077348066298
1996,GIN,3217,1696,0,0,0.0,0.0
1996,KEN,2500,1375,0,1,0.0,0.7272727272727272
1996,KHM,3426,1925,0,0,0.0,0.0
1996,MDV,2728,1430,0,1,0.0,0.6993006993006993
1996,CUB,3594,1800,0,0,0.0,0.0
1996,ERI,1754,917,0,0,0.0,0.0
1996,ISR,2002,1061,0,0,0.0,0.0
1996,VUT,1339,698,0,1,0.0,1.4326647564469914
1996,KNA,2569,1382,0,2,0.0,1.447178002894356
1996,SGP,3468,1773,0,0,0.0,0.0
1996,KOR,3170,1795,0,1,0.0,0.5571030640668524
1996,CIV,2800,1502,0,0,0.0,0.0
1996,MKD,1233,631,0,0,0.0,0.0
1996,HND,2377,1240,0,0,0.0,0.0
1996,KAZ,2252,1205,0,0,0.0,0.0
1996,SAU,3240,1739,0,0,0.0,0.0
1996,FIN,2156,1192,0,0,0.0,0.0
1996,GEO,2757,1466,0,1,0.0,0.6821282401091405
1996,SLV,1733,932,0,0,0.0,0.0
1996,GMB,4037,2190,0,0,0.0,0.0
1996,DEU,3599,1912,0,4,0.0,2.092050209205021
1996,COL,2153,1136,0,0,0.0,0.0
1996,CHL,3206,1689,0,0,0.0,0.0
1996,SVN,1337,717,0,0,0.0,0.0
1996,LTU,1961,1101,0,0,0.0,0.0
1996,SYC,1420,715,0,1,0.0,1.3986013986013985
1996,PER,1493,784,0,0,0.0,0.0
1996,LSO,3164,1644,0,0,0.0,0.0
1996,BLZ,2392,1298,0,0,0.0,0.0
1996,AGO,4243,2217,0,1,0.0,0.4510599909788002
1996,ITA,2422,1368,0,0,0.0,0.0
1996,ARE,2531,1383,0,2,0.0,1.4461315979754157
1996,LVA,1579,877,0,0,0.0,0.0
1996,TCD,1709,906,0,0,0.0,0.0
1996,PNG,3016,1674,0,2,0.0,1.194743130227001
1996,NIC,2137,1123,0,0,0.0,0.0
1996,SVK,2413,1331,0,0,0.0,0.0
1996,FJI,4831,2582,0,10,0.0,3.8729666924864445
1996,TZA,3699,1922,0,1,0.0,0.5202913631633715
1996,UGA,3318,1838,0,0,0.0,0.0
1996,CPV,3828,1975,0,1,0.0,0.5063291139240507
1996,EGY,4721,2517,0,0,0.0,0.0
1996,NZL,2251,1222,0,0,0.0,0.0
1996,LBN,2769,1403,0,1,0.0,0.7127583749109052
1996,KGZ,1839,1028,0,0,0.0,0.0
1996,SLE,2839,1502,1,0,0.6657789613848203,0.0
1996,TGO,3051,1627,0,0,0.0,0.0
1996,MMR,2462,1334,0,0,0.0,0.0
1996,NLD,2720,1413,0,0,0.0,0.0
1996,AUS,3910,2117,0,0,0.0,0.0
1996,PRY,2536,1344,0,0,0.0,0.0
1996,THA,3566,1824,0,0,0.0,0.0
1996,HRV,2337,1256,0,0,0.0,0.0
1996,GAB,3252,1752,1,0,0.5707762557077625,0.0
1996,MCO,2264,1164,0,1,0.0,0.8591065292096219
1996,AND,3275,1699,0,0,0.0,0.0
1996,BHR,3548,1865,0,0,0.0,0.0
1996,ROU,2576,1369,0,0,0.0,0.0
1996,LCA,2157,1104,0,2,0.0,1.8115942028985508
1996,BEN,2845,1516,0,1,0.0,0.6596306068601583
1996,MWI,2545,1306,0,0,0.0,0.0
1996,GRD,3134,1614,0,1,0.0,0.6195786864931846
1996,NPL,3109,1724,0,1,0.0,0.580046403712297
1996,LBR,2327,1239,0,0,0.0,0.0
1996,UKR,2819,1523,0,0,0.0,0.0
1996,LAO,1910,1057,0,1,0.0,0.9460737937559129
1996,BIH,1922,942,0,0,0.0,0.0
1996,KWT,2905,1598,0,1,0.0,0.6257822277847309
1996,NAM,2651,1467,0,0,0.0,0.0
1996,IRN,3249,1785,1,0,0.5602240896358543,0.0
1996,SEN,3027,1615,0,0,0.0,0.0
1996,NGA,3414,1805,0,0,0.0,0.0
1996,DMA,1577,827,0,0,0.0,0.0
1996,IRQ,2922,1473,0,0,0.0,0.0
1996,MLT,3026,1714,0,0,0.0,0.0
1996,YEM,3132,1669,0,0,0.0,0.0
1996,JAM,3075,1632,0,0,0.0,0.0
1996,MRT,2508,1310,0,0,0.0,0.0
1996,ESP,2821,1451,0,0,0.0,0.0
1996,HTI,2128,1144,0,1,0.0,0.8741258741258742
1996,CZE,2260,1243,0,0,0.0,0.0
1996,CAN,3488,1884,1,1,0.5307855626326964,0.5307855626326964
1996,MHL,2721,1456,0,8,0.0,5.4945054945054945
1996,MAR,3353,1775,0,0,0.0,0.0
1996,GTM,2998,1486,0,1,0.0,0.6729475100942126
1996,SDN,3791,1983,0,0,0.0,0.0
1996,MOZ,2861,1550,0,0,0.0,0.0
1996,QAT,2328,1235,0,1,0.0,0.8097165991902834
1996,USA,2705,1450,0,1,0.0,0.689655172413793
1996,ZAF,2384,1281,0,0,0.0,0.0
1996,TTO,2649,1447,0,0,0.0,0.0
1996,BWA,1993,1066,0,0,0.0,0.0
1997,NLD,2815,1443,0,0,0.0,0.0
1997,AUS,3910,2152,0,2,0.0,0.929368029739777
1997,MMR,2644,1434,0,0,0.0,0.0
1997,TGO,3016,1582,0,0,0.0,0.0
1997,SLE,4278,2128,0,0,0.0,0.0
1997,LBN,2463,1258,0,0,0.0,0.0
1997,KGZ,2113,1129,0,0,0.0,0.0
1997,NZL,2115,1097,0,0,0.0,0.0
1997,EGY,4702,2484,0,0,0.0,0.0
1997,UGA,1998,1072,0,0,0.0,0.0
1997,CPV,2560,1359,0,0,0.0,0.0
1997,FJI,4638,2506,0,7,0.0,2.793296089385475
1997,TZA,3413,1810,0,1,0.0,0.5524861878453039
1997,NIC,1195,617,0,0,0.0,0.0
1997,SVK,2512,1360,0,0,0.0,0.0
1997,PNG,3340,1826,0,7,0.0,3.8335158817086525
1997,ARE,2637,1409,0,0,0.0,0.0
1997,TCD,2650,1352,0,1,0.0,0.7396449704142012
1997,LVA,1828,1020,0,0,0.0,0.0
1997,ITA,1761,956,0,0,0.0,0.0
1997,AGO,1915,1007,0,1,0.0,0.9930486593843098
1997,LSO,2423,1275,0,0,0.0,0.0
1997,BLZ,2794,1519,0,3,0.0,1.9749835418038184
1997,PER,2786,1502,0,1,0.0,0.6657789613848203
1997,LTU,1923,1051,0,2,0.0,1.9029495718363465
1997,SVN,2593,1351,0,0,0.0,0.0
1997,SYC,599,314,0,1,0.0,3.1847133757961785
1997,CHL,2661,1374,0,0,0.0,0.0
1997,COL,1633,857,0,0,0.0,0.0
1997,DEU,4372,2194,0,6,0.0,2.734731084776664
1997,GMB,4284,2311,0,1,0.0,0.4327131112072696
1997,SLV,999,505,0,0,0.0,0.0
1997,GEO,2189,1167,0,0,0.0,0.0
1997,FIN,1726,948,0,0,0.0,0.0
1997,KAZ,2043,1086,0,0,0.0,0.0
1997,CIV,3692,1922,0,0,0.0,0.0
1997,HND,1973,957,0,0,0.0,0.0
1997,MKD,1453,721,0,0,0.0,0.0
1997,KOR,2740,1501,0,1,0.0,0.6662225183211192
1997,SGP,3066,1529,0,0,0.0,0.0
1997,ISR,2918,1510,0,0,0.0,0.0
1997,KNA,3061,1633,0,0,0.0,0.0
1997,VUT,2198,1159,0,3,0.0,2.588438308886971
1997,CUB,4414,2241,0,0,0.0,0.0
1997,ERI,2642,1357,0,0,0.0,0.0
1997,MDV,2860,1520,0,10,0.0,6.578947368421052
1997,KEN,3213,1762,0,1,0.0,0.5675368898978433
1997,BWA,2723,1433,0,0,0.0,0.0
1997,TTO,3538,1950,0,4,0.0,2.051282051282051
1997,ZAF,2864,1580,0,0,0.0,0.0
1997,USA,2976,1613,1,3,0.6199628022318661,1.8598884066955983
1997,QAT,2870,1524,0,0,0.0,0.0
1997,MOZ,3150,1647,0,0,0.0,0.0
1997,SDN,2697,1392,0,0,0.0,0.0
1997,GTM,1366,727,0,0,0.0,0.0
1997,MAR,2103,1072,0,0,0.0,0.0
1997,CAN,3784,2072,0,0,0.0,0.0
1997,MHL,2149,1093,0,10,0.0,9.149130832570906
1997,CZE,2491,1339,0,0,0.0,0.0
1997,HTI,1805,975,0,0,0.0,0.0
1997,MRT,2395,1232,0,0,0.0,0.0
1997,ESP,2902,1535,0,0,0.0,0.0
1997,YEM,3553,1811,0,0,0.0,0.0
1997,JAM,2792,1476,0,2,0.0,1.3550135501355014
1997,IRQ,3189,1654,0,0,0.0,0.0
1997,MLT,3378,1803,0,2,0.0,1.1092623405435387
1997,SEN,3542,1815,0,0,0.0,0.0
1997,DMA,1983,977,0,2,0.0,2.0470829068577276
1997,NGA,3311,1719,0,0,0.0,0.0
1997,NAM,3353,1788,0,0,0.0,0.0
1997,IRN,2515,1380,0,0,0.0,0.0
1997,BIH,2143,1151,0,0,0.0,0.0
1997,KWT,3330,1819,0,0,0.0,0.0
1997,LAO,1898,1036,0,1,0.0,0.9652509652509653
1997,UKR,2820,1464,0,0,0.0,0.0
1997,LBR,4604,2437,0,1,0.0,0.4103405826836274
1997,NPL,2633,1422,0,0,0.0,0.0
1997,MWI,2756,1490,0,0,0.0,0.0
1997,BEN,2668,1425,0,1,0.0,0.7017543859649122
1997,LCA,3212,1676,0,1,0.0,0.5966587112171838
1997,GRD,2608,1353,0,1,0.0,0.7390983000739099
1997,ROU,2541,1349,0,0,0.0,0.0
1997,MCO,1948,1056,0,0,0.0,0.0
1997,BHR,3770,1964,0,0,0.0,0.0
1997,AND,2810,1383,0,0,0.0,0.0
1997,GAB,3794,1931,0,1,0.0,0.5178663904712584
1997,HRV,2592,1353,0,0,0.0,0.0
1997,THA,2219,1218,0,0,0.0,0.0
1997,PRY,3061,1608,0,1,0.0,0.6218905472636815
1997,UZB,1643,930,0,0,0.0,0.0
1997,VEN,3007,1513,0,0,0.0,0.0
1997,LIE,1577,811,0,0,0.0,0.0
1997,AZE,2932,1603,0,2,0.0,1.2476606363069245
1997,GRC,2578,1391,0,0,0.0,0.0
1997,ISL,1744,954,0,0,0.0,0.0
1997,HUN,1856,1016,0,0,0.0,0.0
1997,SMR,1320,696,0,0,0.0,0.0
1997,COD,3703,1873,0,1,0.0,0.5339028296849972
1997,VCT,1599,815,0,0,0.0,0.0
1997,ZWE,2354,1238,0,0,0.0,0.0
1997,TKM,1690,907,0,1,0.0,1.1025358324145536
1997,LUX,4813,2499,0,3,0.0,1.2004801920768307
1997,ZMB,1874,1018,0,0,0.0,0.0
1997,MDA,2233,1140,0,0,0.0,0.0
1997,AFG,3476,1959,0,0,0.0,0.0
1997,SUR,1835,991,0,1,0.0,1.0090817356205852
1997,PAN,2988,1469,0,0,0.0,0.0
1997,URY,2252,1145,0,0,0.0,0.0
1997,COM,2675,1409,0,1,0.0,0.7097232079489
1997,TUR,3189,1704,0,0,0.0,0.0
1997,DOM,2853,1518,0,2,0.0,1.3175230566534915
1997,ETH,3554,1773,0,0,0.0,0.0
1997,BRA,2581,1400,0,0,0.0,0.0
1997,LBY,5976,2893,0,1,0.0,0.3456619426201175
1997,MNG,1864,1056,0,1,0.0,0.946969696969697
1997,OMN,3977,2074,0,2,0.0,0.9643201542912248
1997,FRA,2867,1473,0,0,0.0,0.0
1997,MLI,2668,1374,0,0,0.0,0.0
1997,PAK,2781,1455,0,0,0.0,0.0
1997,NER,2390,1276,0,1,0.0,0.7836990595611285
1997,MUS,2966,1621,0,3,0.0,1.8507094386181369
1997,IRL,3637,1878,0,0,0.0,0.0
1997,VNM,2208,1191,0,0,0.0,0.0
1997,BDI,3446,1805,0,0,0.0,0.0
1997,ARM,1749,1016,0,0,0.0,0.0
1997,GHA,2805,1488,0,0,0.0,0.0
1997,BEL,2376,1250,0,0,0.0,0.0
1997,BLR,2823,1485,0,0,0.0,0.0
1997,GUY,3217,1674,0,1,0.0,0.5973715651135005
1997,RWA,2599,1327,0,0,0.0,0.0
1997,JPN,2300,1233,0,3,0.0,2.4330900243309004
1997,BHS,2050,1079,0,4,0.0,3.7071362372567194
1997,GIN,2874,1459,0,0,0.0,0.0
1997,DNK,2649,1388,0,0,0.0,0.0
1997,GNQ,2320,1201,0,0,0.0,0.0
1997,SYR,2637,1382,0,0,0.0,0.0
1997,BOL,2202,1126,0,0,0.0,0.0
1997,IDN,3249,1809,0,0,0.0,0.0
1997,DJI,3135,1742,0,0,0.0,0.0
1997,RUS,2512,1320,0,0,0.0,0.0
1997,MDG,3644,1923,0,5,0.0,2.6001040041601664
1997,EST,1576,888,0,0,0.0,0.0
1997,ALB,2832,1486,0,0,0.0,0.0
1997,SWZ,2940,1499,0,0,0.0,0.0
1997,TUN,3144,1657,0,0,0.0,0.0
1997,NOR,1826,1010,0,0,0.0,0.0
1997,BTN,1567,824,0,0,0.0,0.0
1997,BRB,2740,1547,0,1,0.0,0.6464124111182935
1997,SWE,2206,1272,0,2,0.0,1.5723270440251573
1997,JOR,3847,2080,0,0,0.0,0.0
1997,ARG,1915,1010,0,0,0.0,0.0
1997,IND,3197,1640,0,1,0.0,0.6097560975609756
1997,ECU,3296,1752,0,1,0.0,0.5707762557077625
1997,CRI,1087,579,0,0,0.0,0.0
1997,BFA,2110,1135,0,0,0.0,0.0
1997,PRT,3049,1617,0,1,0.0,0.6184291898577613
1997,CHN,2355,1313,0,0,0.0,0.0
1997,GNB,1807,980,0,1,0.0,1.0204081632653061
1997,BGR,2355,1290,0,0,0.0,0.0
1997,GBR,1912,990,0,4,0.0,4.040404040404041
1997,LKA,4642,2473,0,0,0.0,0.0
1997,POL,3108,1650,0,4,0.0,2.4242424242424243
1997,PRK,3042,1678,0,0,0.0,0.0
1997,PHL,2586,1387,0,1,0.0,0.7209805335255948
1997,DZA,3104,1572,0,0,0.0,0.0
1997,MEX,2617,1326,0,0,0.0,0.0
1997,AUT,2287,1285,0,0,0.0,0.0
1997,COG,2337,1171,0,0,0.0,0.0
1997,CYP,2965,1531,0,0,0.0,0.0
1997,SLB,1862,1059,1,2,0.9442870632672333,1.8885741265344667
1997,ATG,2936,1548,0,2,0.0,1.2919896640826873
1997,TJK,1730,946,0,1,0.0,1.0570824524312896
1997,CAF,1997,1050,0,0,0.0,0.0
1997,BGD,2676,1407,0,0,0.0,0.0
1997,BRN,1203,599,0,0,0.0,0.0
1997,MYS,3396,1800,0,1,0.0,0.5555555555555556
1998,ECU,2102,989,0,0,0.0,0.0
1998,CRI,3315,1741,0,0,0.0,0.0
1998,PRT,2100,1073,0,0,0.0,0.0
1998,BFA,2166,1096,0,0,0.0,0.0
1998,CHN,3506,1905,0,2,0.0,1.0498687664041995
1998,GNB,1877,940,0,0,0.0,0.0
1998,BGR,3188,1737,0,0,0.0,0.0
1998,GBR,2559,1310,0,0,0.0,0.0
1998,LKA,4154,2217,0,0,0.0,0.0
1998,POL,3020,1545,0,1,0.0,0.6472491909385113
1998,PRK,2456,1326,0,1,0.0,0.7541478129713424
1998,PHL,2676,1474,0,1,0.0,0.6784260515603798
1998,DZA,2364,1201,0,0,0.0,0.0
1998,MEX,2324,1204,0,0,0.0,0.0
1998,AUT,6753,3749,0,2,0.0,0.5334755934915977
1998,CYP,2863,1497,0,1,0.0,0.6680026720106881
1998,COG,1787,910,0,0,0.0,0.0
1998,SLB,2071,1213,2,4,1.6488046166529267,3.2976092333058533
1998,TJK,2420,1288,0,1,0.0,0.7763975155279502
1998,ATG,2559,1361,0,0,0.0,0.0
1998,CAF,1717,880,0,0,0.0,0.0
1998,BGD,2658,1426,0,4,0.0,2.805049088359046
1998,BRN,742,369,0,1,0.0,2.710027100271003
1998,MYS,3187,1692,0,0,0.0,0.0
1998,BHS,2105,1130,0,2,0.0,1.7699115044247788
1998,GIN,2483,1332,0,0,0.0,0.0
1998,DNK,2387,1318,0,0,0.0,0.0
1998,SYR,2402,1281,0,0,0.0,0.0
1998,GNQ,1889,949,0,0,0.0,0.0
1998,BOL,2690,1347,0,0,0.0,0.0
1998,IDN,3045,1626,0,0,0.0,0.0
1998,DJI,3407,1858,0,0,0.0,0.0
1998,RUS,2752,1518,0,0,0.0,0.0
1998,MDG,1823,969,0,0,0.0,0.0
1998,EST,1119,597,0,0,0.0,0.0
1998,ALB,2780,1464,0,0,0.0,0.0
1998,SWZ,3262,1606,0,2,0.0,1.2453300124533002
1998,TUN,3665,1970,0,0,0.0,0.0
1998,NOR,2330,1331,0,0,0.0,0.0
1998,BTN,1615,843,0,1,0.0,1.1862396204033216
1998,BRB,2409,1353,1,0,0.7390983000739099,0.0
1998,SWE,2589,1494,0,0,0.0,0.0
1998,JOR,3152,1672,0,0,0.0,0.0
1998,ARG,2205,1188,0,1,0.0,0.8417508417508417
1998,IND,2901,1513,0,0,0.0,0.0
1998,TUR,2350,1238,0,0,0.0,0.0
1998,FSM,3266,1781,0,8,0.0,4.491858506457047
1998,DOM,2138,1165,0,0,0.0,0.0
1998,ETH,2793,1345,0,0,0.0,0.0
1998,LBY,5814,2854,0,0,0.0,0.0
1998,BRA,2960,1539,1,0,0.649772579597141,0.0
1998,MNG,2127,1187,0,1,0.0,0.8424599831508003
1998,OMN,3656,1920,0,1,0.0,0.5208333333333334
1998,FRA,3202,1685,0,0,0.0,0.0
1998,PAK,2632,1436,0,0,0.0,0.0
1998,MLI,2631,1417,0,0,0.0,0.0
1998,NER,2257,1202,0,0,0.0,0.0
1998,MUS,2215,1190,0,3,0.0,2.521008403361345
1998,IRL,4190,2170,0,1,0.0,0.4608294930875576
1998,VNM,3013,1683,1,1,0.5941770647653001,0.5941770647653001
1998,BDI,2042,1042,0,0,0.0,0.0
1998,ARM,1424,785,0,0,0.0,0.0
1998,GHA,2420,1253,0,0,0.0,0.0
1998,WSM,2570,1333,0,12,0.0,9.00225056264066
1998,BEL,2685,1387,0,0,0.0,0.0
1998,BLR,2571,1407,0,0,0.0,0.0
1998,GUY,1938,1003,0,4,0.0,3.9880358923230306
1998,RWA,3151,1601,0,0,0.0,0.0
1998,JPN,2813,1547,0,0,0.0,0.0
1998,UZB,1597,853,0,0,0.0,0.0
1998,VEN,1998,1027,0,0,0.0,0.0
1998,LIE,1665,831,0,0,0.0,0.0
1998,AZE,3046,1579,0,0,0.0,0.0
1998,GRC,3107,1761,0,0,0.0,0.0
1998,ISL,1803,994,7,6,7.042253521126761,6.036217303822937
1998,HUN,2125,1113,0,1,0.0,0.8984725965858041
1998,SMR,1264,629,0,0,0.0,0.0
1998,COD,1940,1019,0,1,0.0,0.9813542688910696
1998,VCT,2585,1404,0,3,0.0,2.136752136752137
1998,ZWE,2839,1493,1,0,0.6697923643670461,0.0
1998,LUX,2798,1462,0,3,0.0,2.0519835841313268
1998,ZMB,2525,1352,0,1,0.0,0.7396449704142012
1998,TKM,1951,1058,3,1,2.835538752362949,0.945179584120983
1998,MDA,2193,1140,0,0,0.0,0.0
1998,AFG,2376,1308,0,0,0.0,0.0
1998,SUR,1359,719,0,0,0.0,0.0
1998,URY,2311,1123,0,0,0.0,0.0
1998,PAN,2119,1111,0,0,0.0,0.0
1998,COM,1266,644,0,0,0.0,0.0
1998,YEM,1865,1003,0,0,0.0,0.0
1998,JAM,3047,1634,0,2,0.0,1.2239902080783354
1998,IRQ,2017,1071,0,0,0.0,0.0
1998,MLT,4190,2278,0,0,0.0,0.0
1998,SEN,3468,1805,0,0,0.0,0.0
1998,NGA,2378,1244,0,0,0.0,0.0
1998,DMA,1252,631,0,3,0.0,4.754358161648177
1998,NAM,3471,1834,0,0,0.0,0.0
1998,IRN,3752,1974,0,0,0.0,0.0
1998,BIH,1804,933,0,0,0.0,0.0
1998,KWT,3508,1879,1,1,0.532197977647685,0.532197977647685
1998,LAO,1555,837,0,0,0.0,0.0
1998,UKR,3317,1857,0,0,0.0,0.0
1998,LBR,3125,1663,0,0,0.0,0.0
1998,CMR,3059,1621,0,0,0.0,0.0
1998,NPL,2106,1123,0,0,0.0,0.0
1998,MWI,2668,1447,0,2,0.0,1.38217000691085
1998,LCA,3161,1647,0,1,0.0,0.6071645415907712
1998,BEN,2066,1063,0,1,0.0,0.9407337723424272
1998,GRD,2226,1157,0,1,0.0,0.8643042350907519
1998,ROU,2246,1210,0,0,0.0,0.0
1998,STP,1218,638,0,0,0.0,0.0
1998,MCO,3354,1780,0,0,0.0,0.0
1998,AND,2573,1315,0,0,0.0,0.0
1998,BHR,3159,1678,0,1,0.0,0.5959475566150179
1998,GAB,3498,1843,0,0,0.0,0.0
1998,HRV,2667,1449,0,0,0.0,0.0
1998,PRY,1721,884,0,0,0.0,0.0
1998,THA,2956,1599,0,0,0.0,0.0
1998,BWA,2302,1230,0,0,0.0,0.0
1998,TTO,3237,1722,0,3,0.0,1.7421602787456445
1998,ZAF,2532,1255,0,0,0.0,0.0
1998,USA,2652,1347,0,0,0.0,0.0
1998,QAT,3751,1890,0,0,0.0,0.0
1998,SDN,2797,1418,0,0,0.0,0.0
1998,MOZ,2928,1583,0,0,0.0,0.0
1998,GTM,2219,1157,0,0,0.0,0.0
1998,MAR,1933,1029,0,0,0.0,0.0
1998,CAN,2694,1474,0,1,0.0,0.6784260515603798
1998,CZE,2515,1344,0,2,0.0,1.488095238095238
1998,HTI,1940,1038,0,1,0.0,0.9633911368015414
1998,MRT,2102,1118,0,0,0.0,0.0
1998,ESP,2137,1156,0,0,0.0,0.0
1998,PER,2029,1102,0,1,0.0,0.9074410163339383
1998,PSE,3572,1832,0,1,0.0,0.5458515283842794
1998,SVN,1753,947,0,0,0.0,0.0
1998,LTU,2037,1134,0,5,0.0,4.409171075837742
1998,SYC,1914,964,0,1,0.0,1.037344398340249
1998,CHL,2733,1440,0,1,0.0,0.6944444444444444
1998,DEU,3343,1757,0,3,0.0,1.707455890722823
1998,COL,2655,1335,0,1,0.0,0.7490636704119851
1998,SLV,1753,899,0,1,0.0,1.1123470522803114
1998,GMB,4409,2231,0,0,0.0,0.0
1998,GEO,1877,983,0,0,0.0,0.0
1998,SAU,3525,1855,0,0,0.0,0.0
1998,FIN,1540,861,0,0,0.0,0.0
1998,KAZ,2115,1140,0,0,0.0,0.0
1998,CIV,3948,2082,0,2,0.0,0.9606147934678194
1998,HND,3308,1670,0,0,0.0,0.0
1998,MKD,2518,1280,0,0,0.0,0.0
1998,SGP,1738,967,0,0,0.0,0.0
1998,KOR,2864,1630,0,2,0.0,1.2269938650306749
1998,ISR,2837,1418,0,0,0.0,0.0
1998,VUT,1669,882,0,2,0.0,2.2675736961451247
1998,KNA,2687,1476,0,0,0.0,0.0
1998,CUB,4782,2459,0,0,0.0,0.0
1998,ERI,3280,1698,1,0,0.5889281507656066,0.0
1998,MDV,2429,1307,0,10,0.0,7.651109410864575
1998,KEN,3035,1716,0,0,0.0,0.0
1998,NLD,2064,1070,0,0,0.0,0.0
1998,AUS,3359,1736,0,0,0.0,0.0
1998,MMR,2581,1319,0,0,0.0,0.0
1998,TGO,2641,1375,0,0,0.0,0.0
1998,SLE,2958,1535,0,0,0.0,0.0
1998,LBN,3085,1584,0,0,0.0,0.0
1998,KGZ,1388,768,0,0,0.0,0.0
1998,NZL,2729,1456,0,1,0.0,0.6868131868131868
1998,EGY,4026,2067,0,0,0.0,0.0
1998,UGA,2252,1201,0,0,0.0,0.0
1998,CPV,2304,1229,0,0,0.0,0.0
1998,FJI,2714,1466,0,2,0.0,1.364256480218281
1998,TZA,4862,2510,0,0,0.0,0.0
1998,NIC,1681,887,0,2,0.0,2.254791431792559
1998,SVK,1889,1044,0,0,0.0,0.0
1998,PNG,3305,1820,0,17,0.0,9.340659340659341
1998,ARE,2133,1120,0,0,0.0,0.0
1998,TCD,3145,1646,0,0,0.0,0.0
1998,LVA,1299,720,0,0,0.0,0.0
1998,AGO,3198,1718,0,0,0.0,0.0
1998,ITA,2258,1176,0,0,0.0,0.0
1998,LSO,2699,1446,0,0,0.0,0.0
1998,BLZ,1671,879,0,3,0.0,3.4129692832764507
1999,COD,3295,1546,0,1,0.0,0.646830530401035
1999,SMR,1384,738,0,0,0.0,0.0
1999,GRC,2888,1543,0,1,0.0,0.6480881399870383
1999,AZE,2386,1256,0,1,0.0,0.7961783439490446
1999,HUN,1870,1007,0,0,0.0,0.0
1999,ISL,2145,1097,0,2,0.0,1.8231540565177757
1999,LIE,1313,642,0,0,0.0,0.0
1999,VEN,2141,1079,0,0,0.0,0.0
1999,UZB,2099,1143,0,0,0.0,0.0
1999,COM,2808,1434,0,0,0.0,0.0
1999,AFG,2127,1159,0,0,0.0,0.0
1999,MDA,2281,1203,0,0,0.0,0.0
1999,URY,2153,1110,0,0,0.0,0.0
1999,PAN,2084,1038,0,1,0.0,0.9633911368015414
1999,SUR,1624,873,0,2,0.0,2.2909507445589923
1999,ZWE,1909,1023,0,0,0.0,0.0
1999,VCT,1978,1071,0,1,0.0,0.9337068160597572
1999,TKM,1606,855,1,0,1.1695906432748537,0.0
1999,LUX,2909,1487,0,0,0.0,0.0
1999,ZMB,2783,1426,0,0,0.0,0.0
1999,IRL,3916,2005,0,2,0.0,0.997506234413965
1999,NER,2597,1403,0,0,0.0,0.0
1999,MUS,3728,2004,0,0,0.0,0.0
1999,MLI,2536,1329,0,0,0.0,0.0
1999,PAK,3141,1841,0,0,0.0,0.0
1999,FRA,2995,1605,0,2,0.0,1.2461059190031154
1999,BDI,2644,1327,0,0,0.0,0.0
1999,VNM,3184,1694,0,0,0.0,0.0
1999,MNG,2880,1627,0,0,0.0,0.0
1999,OMN,3182,1749,0,1,0.0,0.5717552887364208
1999,ETH,4566,2172,0,0,0.0,0.0
1999,DOM,1836,949,0,0,0.0,0.0
1999,BRA,2429,1279,0,0,0.0,0.0
1999,LBY,4602,2355,0,0,0.0,0.0
1999,PLW,1429,803,2,21,2.4906600249066004,26.151930261519304
1999,FSM,4118,2158,0,9,0.0,4.170528266913809
1999,TUR,1568,830,0,2,0.0,2.4096385542168677
1999,JPN,3610,2008,0,5,0.0,2.49003984063745
1999,RWA,2015,1013,0,0,0.0,0.0
1999,GUY,2302,1228,0,0,0.0,0.0
1999,BLR,2251,1215,0,1,0.0,0.823045267489712
1999,GHA,3253,1724,0,0,0.0,0.0
1999,WSM,1770,904,0,7,0.0,7.743362831858407
1999,ARM,2076,1120,0,0,0.0,0.0
1999,BEL,3354,1749,0,0,0.0,0.0
1999,DJI,5012,2658,0,1,0.0,0.3762227238525207
1999,RUS,2900,1539,0,0,0.0,0.0
1999,BOL,1989,1011,0,0,0.0,0.0
1999,GNQ,2430,1257,0,2,0.0,1.591089896579157
1999,SYR,2823,1469,0,0,0.0,0.0
1999,IDN,2497,1260,0,0,0.0,0.0
1999,DNK,2288,1272,0,0,0.0,0.0
1999,GIN,2079,1045,0,0,0.0,0.0
1999,BHS,2293,1238,0,0,0.0,0.0
1999,JOR,3456,1823,0,1,0.0,0.5485463521667581
1999,SWE,2025,1101,0,0,0.0,0.0
1999,IND,4271,2183,0,0,0.0,0.0
1999,ARG,1495,778,0,1,0.0,1.2853470437017993
1999,BRB,2725,1442,0,0,0.0,0.0
1999,SWZ,3896,1950,0,0,0.0,0.0
1999,ALB,2594,1375,0,0,0.0,0.0
1999,BTN,1472,822,0,0,0.0,0.0
1999,NOR,2037,1158,0,2,0.0,1.7271157167530224
1999,TUN,3608,1881,0,0,0.0,0.0
1999,EST,1272,701,0,0,0.0,0.0
1999,MDG,3153,1685,0,1,0.0,0.5934718100890207
1999,DZA,3854,1975,0,0,0.0,0.0
1999,PRK,2833,1503,0,0,0.0,0.0
1999,LKA,4711,2469,0,0,0.0,0.0
1999,POL,2561,1341,0,1,0.0,0.7457121551081282
1999,PHL,2676,1457,0,0,0.0,0.0
1999,GNB,1491,793,0,0,0.0,0.0
1999,BGR,1788,924,0,1,0.0,1.0822510822510822
1999,GBR,1758,897,0,0,0.0,0.0
1999,BFA,2371,1221,0,0,0.0,0.0
1999,PRT,1854,925,0,0,0.0,0.0
1999,CRI,2988,1574,0,3,0.0,1.9059720457433291
1999,ECU,2162,1194,0,3,0.0,2.512562814070352
1999,CHN,3155,1710,0,0,0.0,0.0
1999,BGD,2063,1071,0,0,0.0,0.0
1999,MYS,3612,1828,0,0,0.0,0.0
1999,BRN,1274,609,0,0,0.0,0.0
1999,SLB,2306,1321,0,4,0.0,3.028009084027252
1999,TJK,2695,1434,0,1,0.0,0.6973500697350069
1999,ATG,2843,1473,0,2,0.0,1.357773251866938
1999,AUT,3230,1737,0,0,0.0,0.0
1999,MEX,2394,1256,0,8,0.0,6.369426751592357
1999,CYP,2401,1249,0,1,0.0,0.8006405124099278
1999,COG,2073,1047,0,0,0.0,0.0
1999,CPV,2864,1478,0,0,0.0,0.0
1999,UGA,2703,1436,0,0,0.0,0.0
1999,NZL,3242,1742,0,2,0.0,1.1481056257175661
1999,EGY,4139,2114,0,0,0.0,0.0
1999,SLE,1576,838,0,1,0.0,1.1933174224343677
1999,KGZ,1968,1080,0,1,0.0,0.9259259259259259
1999,LBN,3125,1598,0,0,0.0,0.0
1999,AUS,3671,1874,0,1,0.0,0.5336179295624334
1999,NLD,1903,958,0,0,0.0,0.0
1999,TGO,2930,1532,0,0,0.0,0.0
1999,MMR,3073,1610,0,0,0.0,0.0
1999,BLZ,2511,1241,0,0,0.0,0.0
1999,LSO,3165,1649,0,0,0.0,0.0
1999,LVA,1742,922,0,0,0.0,0.0
1999,TCD,3109,1619,0,0,0.0,0.0
1999,ARE,2469,1339,0,3,0.0,2.2404779686333085
1999,ITA,2001,1052,0,0,0.0,0.0
1999,AGO,3068,1598,0,0,0.0,0.0
1999,SVK,2362,1302,0,0,0.0,0.0
1999,NIC,1837,1008,0,3,0.0,2.976190476190476
1999,PNG,2892,1544,0,5,0.0,3.238341968911917
1999,TZA,3088,1720,0,1,0.0,0.5813953488372093
1999,FJI,2670,1428,0,0,0.0,0.0
1999,FIN,2919,1621,0,1,0.0,0.6169031462060457
1999,SAU,4066,2150,0,0,0.0,0.0
1999,KAZ,2146,1174,0,2,0.0,1.7035775127768313
1999,GMB,6127,3138,0,0,0.0,0.0
1999,SLV,1476,681,0,2,0.0,2.936857562408223
1999,GEO,5507,2914,0,0,0.0,0.0
1999,CHL,2837,1474,0,1,0.0,0.6784260515603798
1999,COL,2309,1221,0,0,0.0,0.0
1999,DEU,3529,1961,1,3,0.5099439061703213,1.5298317185109638
1999,PER,791,418,0,0,0.0,0.0
1999,PSE,2849,1427,0,0,0.0,0.0
1999,SVN,1909,1031,0,0,0.0,0.0
1999,LTU,1628,884,0,0,0.0,0.0
1999,KEN,3828,2071,0,0,0.0,0.0
1999,MDV,1990,1092,0,2,0.0,1.8315018315018314
1999,KHM,2694,1437,0,1,0.0,0.6958942240779402
1999,KNA,3748,1920,0,0,0.0,0.0
1999,VUT,1838,951,0,0,0.0,0.0
1999,ISR,3408,1721,0,1,0.0,0.5810575246949448
1999,ERI,2520,1296,0,0,0.0,0.0
1999,CUB,5532,2872,0,0,0.0,0.0
1999,HND,3196,1611,0,1,0.0,0.6207324643078833
1999,MKD,2983,1545,0,1,0.0,0.6472491909385113
1999,CIV,3053,1606,0,0,0.0,0.0
1999,KOR,2850,1593,0,0,0.0,0.0
1999,SGP,2870,1498,0,0,0.0,0.0
1999,MOZ,3579,1901,0,0,0.0,0.0
1999,SDN,3936,2049,0,2,0.0,0.9760858955588092
1999,GTM,2708,1388,0,0,0.0,0.0
1999,USA,3242,1689,0,2,0.0,1.1841326228537594
1999,ZAF,2371,1156,0,0,0.0,0.0
1999,QAT,2712,1357,0,2,0.0,1.4738393515106853
1999,TTO,2558,1310,0,1,0.0,0.7633587786259541
1999,BWA,2801,1437,0,0,0.0,0.0
1999,HTI,1605,823,0,1,0.0,1.215066828675577
1999,ESP,2467,1289,0,0,0.0,0.0
1999,MRT,1973,1012,0,0,0.0,0.0
1999,CZE,3659,1959,0,1,0.0,0.5104645227156713
1999,MHL,2084,1078,1,7,0.9276437847866419,6.493506493506494
1999,CAN,2234,1191,0,0,0.0,0.0
1999,MAR,2504,1335,0,0,0.0,0.0
1999,KWT,4361,2414,0,1,0.0,0.4142502071251035
1999,BIH,2205,1117,0,0,0.0,0.0
1999,IRN,2475,1372,0,0,0.0,0.0
1999,NAM,2726,1437,0,1,0.0,0.6958942240779402
1999,NGA,2804,1531,0,0,0.0,0.0
1999,DMA,2047,1098,0,0,0.0,0.0
1999,SEN,3044,1601,0,0,0.0,0.0
1999,JAM,3005,1574,0,2,0.0,1.2706480304955527
1999,YEM,2215,1167,0,0,0.0,0.0
1999,MLT,2794,1490,0,1,0.0,0.6711409395973154
1999,IRQ,3944,2081,0,0,0.0,0.0
1999,HRV,2208,1186,0,1,0.0,0.8431703204047217
1999,THA,1812,975,0,1,0.0,1.0256410256410255
1999,PRY,2143,1102,0,2,0.0,1.8148820326678765
1999,AND,2671,1297,0,0,0.0,0.0
1999,BHR,3411,1807,0,0,0.0,0.0
1999,MCO,2764,1441,0,0,0.0,0.0
1999,GAB,2450,1274,0,0,0.0,0.0
1999,GRD,1563,842,0,0,0.0,0.0
1999,BEN,2290,1176,0,0,0.0,0.0
1999,LCA,2326,1237,0,1,0.0,0.8084074373484236
1999,MWI,3097,1713,0,0,0.0,0.0
1999,ROU,2019,1038,0,0,0.0,0.0
1999,UKR,3330,1836,0,0,0.0,0.0
1999,LAO,1726,927,0,0,0.0,0.0
1999,NPL,2258,1211,0,0,0.0,0.0
1999,LBR,3256,1769,0,0,0.0,0.0
1999,CMR,3597,1901,0,2,0.0,1.0520778537611783
2000,BHS,1946,1075,0,2,0.0,1.86046511627907
2000,GIN,1863,953,0,0,0.0,0.0
2000,DNK,1723,1002,0,0,0.0,0.0
2000,SYR,1974,1073,0,0,0.0,0.0
2000,GNQ,1768,920,0,0,0.0,0.0
2000,BOL,1651,866,0,0,0.0,0.0
2000,IDN,1762,957,0,1,0.0,1.0449320794148382
2000,DJI,3428,1841,0,1,0.0,0.5431830526887561
2000,RUS,2440,1352,0,0,0.0,0.0
2000,MDG,1890,999,0,0,0.0,0.0
2000,EST,998,541,0,0,0.0,0.0
2000,ALB,2242,1183,0,0,0.0,0.0
2000,SWZ,1754,906,0,0,0.0,0.0
2000,NOR,1235,691,0,0,0.0,0.0
2000,TUN,3536,1907,0,0,0.0,0.0
2000,NRU,3118,1654,0,1,0.0,0.6045949214026601
2000,BRB,3293,1747,0,1,0.0,0.5724098454493417
2000,SWE,2620,1464,0,0,0.0,0.0
2000,JOR,2751,1455,0,0,0.0,0.0
2000,ARG,3010,1627,0,2,0.0,1.229256299938537
2000,IND,2680,1463,0,0,0.0,0.0
2000,ECU,2392,1285,0,3,0.0,2.3346303501945527
2000,PRT,2318,1191,1,1,0.8396305625524769,0.8396305625524769
2000,BFA,1588,830,0,0,0.0,0.0
2000,CRI,2835,1488,0,0,0.0,0.0
2000,CHN,2888,1546,0,0,0.0,0.0
2000,GNB,2191,1147,0,0,0.0,0.0
2000,GBR,1996,1003,0,2,0.0,1.9940179461615153
2000,BGR,3384,1837,0,0,0.0,0.0
2000,PRK,2296,1243,0,0,0.0,0.0
2000,LKA,4552,2356,0,0,0.0,0.0
2000,POL,3952,2086,0,0,0.0,0.0
2000,PHL,1689,922,0,1,0.0,1.0845986984815619
2000,DZA,2836,1458,0,0,0.0,0.0
2000,MEX,1770,871,0,0,0.0,0.0
2000,AUT,2464,1330,0,0,0.0,0.0
2000,COG,1418,702,0,0,0.0,0.0
2000,CYP,2186,1157,0,1,0.0,0.8643042350907519
2000,SLB,1457,846,2,1,2.3640661938534278,1.1820330969267139
2000,ATG,1582,767,0,1,0.0,1.303780964797914
2000,TJK,2102,1146,0,1,0.0,0.8726003490401396
2000,CAF,2363,1226,0,0,0.0,0.0
2000,BGD,1700,936,0,1,0.0,1.0683760683760686
2000,BRN,813,393,0,0,0.0,0.0
2000,MYS,2645,1383,0,0,0.0,0.0
2000,LIE,1121,618,0,0,0.0,0.0
2000,VEN,1268,685,0,0,0.0,0.0
2000,GRC,3155,1626,0,0,0.0,0.0
2000,AZE,2050,1086,0,1,0.0,0.9208103130755064
2000,ISL,2177,1123,2,1,1.7809439002671414,0.8904719501335707
2000,HUN,1581,803,0,0,0.0,0.0
2000,SMR,989,531,0,0,0.0,0.0
2000,COD,3231,1494,0,0,0.0,0.0
2000,ZWE,2385,1286,0,0,0.0,0.0
2000,VCT,3826,2047,0,2,0.0,0.9770395701025891
2000,LUX,2795,1424,0,1,0.0,0.7022471910112359
2000,TKM,1720,911,0,0,0.0,0.0
2000,AFG,2896,1600,0,0,0.0,0.0
2000,MDA,2008,1124,0,0,0.0,0.0
2000,SUR,1519,812,0,0,0.0,0.0
2000,PAN,2912,1548,0,1,0.0,0.6459948320413437
2000,URY,2439,1246,0,0,0.0,0.0
2000,COM,2670,1358,0,0,0.0,0.0
2000,PLW,1291,708,0,9,0.0,12.711864406779663
2000,TUR,2701,1439,0,0,0.0,0.0
2000,FSM,1620,933,0,3,0.0,3.215434083601286
2000,DOM,1859,937,0,0,0.0,0.0
2000,ETH,1780,829,0,0,0.0,0.0
2000,LBY,3530,1785,0,0,0.0,0.0
2000,BRA,2402,1235,0,0,0.0,0.0
2000,MNG,3368,1907,0,2,0.0,1.048767697954903
2000,OMN,2423,1298,0,2,0.0,1.5408320493066257
2000,PAK,3288,1787,0,1,0.0,0.5595970900951316
2000,MLI,2243,1203,0,0,0.0,0.0
2000,FRA,3774,2047,0,1,0.0,0.48851978505129456
2000,IRL,3184,1671,0,0,0.0,0.0
2000,MUS,3650,1913,0,1,0.0,0.5227391531625718
2000,NER,2435,1306,0,0,0.0,0.0
2000,BDI,3098,1552,0,0,0.0,0.0
2000,VNM,1647,878,0,0,0.0,0.0
2000,ARM,1909,1034,0,0,0.0,0.0
2000,GHA,2954,1564,0,0,0.0,0.0
2000,BEL,2966,1519,0,0,0.0,0.0
2000,BLR,1752,932,0,1,0.0,1.0729613733905579
2000,GUY,1811,995,0,0,0.0,0.0
2000,RWA,3047,1508,0,0,0.0,0.0
2000,JPN,3299,1857,0,2,0.0,1.0770059235325795
2000,BWA,1914,996,0,0,0.0,0.0
2000,TTO,2225,1179,0,1,0.0,0.8481764206955047
2000,USA,2466,1280,0,2,0.0,1.5625
2000,ZAF,1387,695,0,0,0.0,0.0
2000,QAT,3043,1572,0,0,0.0,0.0
2000,SDN,3245,1732,0,0,0.0,0.0
2000,GTM,2365,1205,0,0,0.0,0.0
2000,MAR,3227,1662,0,0,0.0,0.0
2000,CAN,2801,1457,0,0,0.0,0.0
2000,MHL,1939,1018,0,3,0.0,2.9469548133595285
2000,CZE,3095,1651,0,0,0.0,0.0
2000,HTI,1750,920,0,1,0.0,1.0869565217391304
2000,MRT,1569,797,0,0,0.0,0.0
2000,ESP,3181,1686,0,0,0.0,0.0
2000,SOM,1414,766,0,0,0.0,0.0
2000,YEM,1531,825,0,0,0.0,0.0
2000,JAM,2300,1319,0,1,0.0,0.7581501137225171
2000,IRQ,3026,1557,0,0,0.0,0.0
2000,MLT,2151,1111,0,2,0.0,1.8001800180018002
2000,SEN,2285,1212,0,1,0.0,0.8250825082508251
2000,DMA,2153,1143,0,0,0.0,0.0
2000,NGA,1537,788,0,2,0.0,2.5380710659898473
2000,NAM,4780,2468,0,0,0.0,0.0
2000,IRN,2142,1179,0,0,0.0,0.0
2000,BIH,2527,1288,0,0,0.0,0.0
2000,KWT,3952,2133,0,0,0.0,0.0
2000,UKR,3154,1725,0,0,0.0,0.0
2000,LAO,1607,869,0,0,0.0,0.0
2000,NPL,2698,1497,0,1,0.0,0.6680026720106881
2000,LBR,3582,1976,0,0,0.0,0.0
2000,LCA,3823,2077,0,0,0.0,0.0
2000,BEN,993,514,0,0,0.0,0.0
2000,MWI,2637,1464,0,0,0.0,0.0
2000,GRD,1490,850,0,1,0.0,1.176470588235294
2000,ROU,2507,1341,0,0,0.0,0.0
2000,MCO,1813,904,0,0,0.0,0.0
2000,BHR,3217,1677,0,2,0.0,1.1926058437686344
2000,AND,2911,1451,0,0,0.0,0.0
2000,GAB,3080,1636,0,2,0.0,1.2224938875305624
2000,HRV,4404,2336,0,0,0.0,0.0
2000,PRY,2804,1417,0,0,0.0,0.0
2000,THA,3072,1645,0,1,0.0,0.6079027355623101
2000,AUS,2635,1445,0,0,0.0,0.0
2000,NLD,2116,1083,0,1,0.0,0.9233610341643582
2000,TGO,1821,978,0,0,0.0,0.0
2000,MMR,2628,1375,0,0,0.0,0.0
2000,SLE,1192,640,0,0,0.0,0.0
2000,LBN,2893,1547,0,0,0.0,0.0
2000,KGZ,1923,1033,0,2,0.0,1.936108422071636
2000,NZL,2288,1246,0,1,0.0,0.8025682182985554
2000,EGY,3818,1989,0,1,0.0,0.5027652086475616
2000,UGA,3099,1632,0,0,0.0,0.0
2000,CPV,1440,731,0,0,0.0,0.0
2000,FJI,2371,1190,0,0,0.0,0.0
2000,TZA,2366,1311,0,0,0.0,0.0
2000,NIC,2241,1196,0,3,0.0,2.508361204013378
2000,SVK,1878,999,0,0,0.0,0.0
2000,PNG,3531,1971,0,3,0.0,1.5220700152207
2000,ARE,1713,921,0,0,0.0,0.0
2000,LVA,936,488,0,0,0.0,0.0
2000,TCD,2969,1503,0,0,0.0,0.0
2000,AGO,2533,1345,0,0,0.0,0.0
2000,ITA,2072,1132,0,0,0.0,0.0
2000,LSO,2558,1393,0,1,0.0,0.7178750897343863
2000,BLZ,1579,824,0,5,0.0,6.067961165048543
2000,PSE,3261,1642,0,0,0.0,0.0
2000,PER,2296,1180,0,1,0.0,0.847457627118644
2000,LTU,2100,1192,0,0,0.0,0.0
2000,SVN,1290,677,0,0,0.0,0.0
2000,CHL,2668,1451,0,1,0.0,0.6891798759476223
2000,DEU,2301,1243,2,1,1.6090104585679805,0.8045052292839903
2000,COL,2227,1167,0,2,0.0,1.7137960582690661
2000,SLV,3123,1593,0,1,0.0,0.6277463904582549
2000,GMB,3910,2038,0,1,0.0,0.4906771344455348
2000,GEO,1845,1021,0,0,0.0,0.0
2000,FIN,2614,1444,0,0,0.0,0.0
2000,SAU,2482,1339,0,0,0.0,0.0
2000,KAZ,2327,1204,0,2,0.0,1.6611295681063123
2000,CIV,1621,815,0,0,0.0,0.0
2000,MKD,2981,1515,0,0,0.0,0.0
2000,HND,1704,873,0,3,0.0,3.4364261168384878
2000,SGP,2215,1176,0,0,0.0,0.0
2000,KOR,1894,1026,0,0,0.0,0.0
2000,ISR,2663,1345,0,0,0.0,0.0
2000,VUT,2129,1159,1,3,0.8628127696289906,2.588438308886971
2000,KNA,2008,1118,0,0,0.0,0.0
2000,CUB,2281,1187,0,0,0.0,0.0
2000,ERI,1893,951,0,1,0.0,1.0515247108307044
2000,KHM,1186,631,0,0,0.0,0.0
2000,MDV,2136,1161,0,1,0.0,0.8613264427217916
2000,KEN,2639,1482,0,0,0.0,0.0
2001,THA,1384,787,0,0,0.0,0.0
2001,PRY,1923,972,0,0,0.0,0.0
2001,HRV,1203,581,0,0,0.0,0.0
2001,GAB,1402,730,0,1,0.0,1.36986301369863
2001,MCO,1827,933,0,0,0.0,0.0
2001,AND,2413,1178,0,0,0.0,0.0
2001,BHR,2129,1120,0,0,0.0,0.0
2001,ROU,1909,1054,0,0,0.0,0.0
2001,STP,1605,857,0,1,0.0,1.1668611435239205
2001,MWI,2494,1374,0,0,0.0,0.0
2001,BEN,2460,1279,0,0,0.0,0.0
2001,LCA,2089,1110,0,0,0.0,0.0
2001,GRD,2361,1257,0,0,0.0,0.0
2001,LBR,2479,1330,0,0,0.0,0.0
2001,CMR,1777,909,0,1,0.0,1.1001100110011
2001,NPL,2254,1236,0,0,0.0,0.0
2001,LAO,1681,951,0,0,0.0,0.0
2001,UKR,1875,994,0,0,0.0,0.0
2001,BIH,1522,778,0,0,0.0,0.0
2001,KWT,2487,1368,1,0,0.7309941520467835,0.0
2001,NAM,2434,1319,0,1,0.0,0.7581501137225171
2001,IRN,1862,997,0,0,0.0,0.0
2001,SEN,2571,1374,0,0,0.0,0.0
2001,NGA,1636,888,0,0,0.0,0.0
2001,DMA,1847,980,0,0,0.0,0.0
2001,IRQ,2602,1340,0,0,0.0,0.0
2001,MLT,2370,1251,0,4,0.0,3.1974420463629096
2001,YEM,2268,1211,0,0,0.0,0.0
2001,SOM,1433,759,0,0,0.0,0.0
2001,JAM,2459,1235,0,0,0.0,0.0
2001,MRT,1093,570,0,0,0.0,0.0
2001,ESP,2731,1390,0,0,0.0,0.0
2001,HTI,1827,964,0,0,0.0,0.0
2001,CZE,2656,1397,0,0,0.0,0.0
2001,CAN,2079,1068,0,0,0.0,0.0
2001,MHL,1253,665,0,2,0.0,3.0075187969924815
2001,MAR,2045,1059,0,2,0.0,1.8885741265344667
2001,GTM,1860,940,0,0,0.0,0.0
2001,MOZ,2937,1583,0,0,0.0,0.0
2001,SDN,2362,1242,0,0,0.0,0.0
2001,QAT,1830,922,0,0,0.0,0.0
2001,ZAF,1810,922,0,0,0.0,0.0
2001,USA,2469,1250,0,0,0.0,0.0
2001,TTO,2554,1367,0,1,0.0,0.731528895391368
2001,BWA,1801,939,0,0,0.0,0.0
2001,KEN,1209,655,0,0,0.0,0.0
2001,KHM,1676,883,0,0,0.0,0.0
2001,MDV,2173,1203,0,3,0.0,2.493765586034913
2001,CUB,2436,1203,0,0,0.0,0.0
2001,ERI,2067,1106,0,0,0.0,0.0
2001,ISR,2673,1418,0,1,0.0,0.7052186177715092
2001,KNA,1715,957,0,0,0.0,0.0
2001,VUT,1686,914,0,3,0.0,3.282275711159737
2001,KOR,2218,1218,0,0,0.0,0.0
2001,SGP,1932,1111,0,0,0.0,0.0
2001,CIV,2081,1097,0,0,0.0,0.0
2001,HND,1926,1004,0,2,0.0,1.9920318725099602
2001,MKD,1622,851,0,0,0.0,0.0
2001,KAZ,1442,794,0,0,0.0,0.0
2001,TUV,2232,1196,0,9,0.0,7.525083612040134
2001,FIN,1562,833,0,0,0.0,0.0
2001,SAU,1930,973,0,0,0.0,0.0
2001,GEO,1734,908,0,0,0.0,0.0
2001,GMB,3157,1622,0,1,0.0,0.6165228113440198
2001,SLV,2115,1092,0,2,0.0,1.8315018315018314
2001,COL,2190,1104,0,0,0.0,0.0
2001,DEU,2408,1261,0,2,0.0,1.5860428231562251
2001,CHL,1893,983,0,1,0.0,1.0172939979654119
2001,TON,1409,762,0,3,0.0,3.937007874015748
2001,SVN,1645,856,0,0,0.0,0.0
2001,LTU,1954,1086,1,0,0.9208103130755064,0.0
2001,SYC,920,523,0,0,0.0,0.0
2001,PER,1374,701,0,0,0.0,0.0
2001,PSE,2495,1333,0,0,0.0,0.0
2001,LSO,2848,1554,0,2,0.0,1.287001287001287
2001,BLZ,1514,811,0,5,0.0,6.165228113440198
2001,ITA,1513,825,0,0,0.0,0.0
2001,AGO,1811,972,0,0,0.0,0.0
2001,ARE,1989,1081,0,1,0.0,0.9250693802035153
2001,TCD,2253,1188,0,0,0.0,0.0
2001,LVA,1293,712,0,0,0.0,0.0
2001,PNG,2525,1376,0,10,0.0,7.267441860465116
2001,NIC,1377,737,0,2,0.0,2.7137042062415193
2001,SVK,1572,840,0,0,0.0,0.0
2001,FJI,2111,1200,0,1,0.0,0.8333333333333334
2001,TZA,2827,1459,0,0,0.0,0.0
2001,UGA,2361,1225,0,0,0.0,0.0
2001,CPV,2407,1298,0,0,0.0,0.0
2001,EGY,2520,1294,0,0,0.0,0.0
2001,NZL,1792,981,0,0,0.0,0.0
2001,LBN,2679,1381,0,0,0.0,0.0
2001,KGZ,1422,755,0,0,0.0,0.0
2001,SLE,2069,1138,0,1,0.0,0.8787346221441125
2001,MMR,1944,1032,0,0,0.0,0.0
2001,TGO,1854,959,0,0,0.0,0.0
2001,AUS,1406,808,0,0,0.0,0.0
2001,NLD,2128,1059,0,0,0.0,0.0
2001,BRN,685,352,0,0,0.0,0.0
2001,MYS,3439,1783,0,0,0.0,0.0
2001,CAF,1692,895,0,0,0.0,0.0
2001,BGD,2438,1338,0,0,0.0,0.0
2001,TJK,3286,1805,1,3,0.554016620498615,1.6620498614958448
2001,ATG,1899,1017,1,11,0.9832841691248771,10.81612586037365
2001,SLB,1984,1114,0,3,0.0,2.6929982046678638
2001,CYP,1689,890,0,0,0.0,0.0
2001,COG,1819,918,0,0,0.0,0.0
2001,MEX,1665,877,0,0,0.0,0.0
2001,AUT,2709,1484,0,2,0.0,1.3477088948787064
2001,DZA,2183,1175,0,0,0.0,0.0
2001,PHL,1673,835,0,0,0.0,0.0
2001,POL,1764,906,0,0,0.0,0.0
2001,LKA,2279,1181,0,0,0.0,0.0
2001,PRK,2315,1278,0,0,0.0,0.0
2001,BGR,978,500,0,0,0.0,0.0
2001,GBR,1548,779,0,0,0.0,0.0
2001,GNB,2668,1421,0,0,0.0,0.0
2001,CHN,1578,899,0,0,0.0,0.0
2001,ECU,2837,1533,0,0,0.0,0.0
2001,CRI,2201,1195,0,3,0.0,2.510460251046025
2001,BFA,1567,835,0,0,0.0,0.0
2001,PRT,1680,869,0,0,0.0,0.0
2001,ARG,1614,842,0,0,0.0,0.0
2001,IND,1218,676,0,1,0.0,1.4792899408284024
2001,SWE,2102,1219,0,1,0.0,0.8203445447087777
2001,JOR,2057,1106,0,0,0.0,0.0
2001,BRB,2344,1251,0,0,0.0,0.0
2001,NRU,1363,729,0,3,0.0,4.11522633744856
2001,TUN,2008,1037,0,0,0.0,0.0
2001,NOR,1135,610,0,0,0.0,0.0
2001,BTN,1171,567,1,0,1.763668430335097,0.0
2001,ALB,1832,962,1,1,1.0395010395010396,1.0395010395010396
2001,SWZ,2375,1191,0,0,0.0,0.0
2001,MDG,2142,1144,0,0,0.0,0.0
2001,EST,2283,1199,0,0,0.0,0.0
2001,RUS,1041,565,0,0,0.0,0.0
2001,DJI,2698,1458,0,2,0.0,1.371742112482853
2001,IDN,2534,1274,0,2,0.0,1.5698587127158556
2001,GNQ,1822,966,0,0,0.0,0.0
2001,SYR,2128,1104,0,0,0.0,0.0
2001,BOL,1475,732,0,0,0.0,0.0
2001,DNK,1637,938,0,0,0.0,0.0
2001,BHS,2500,1360,0,2,0.0,1.4705882352941175
2001,GIN,2778,1476,0,2,0.0,1.3550135501355014
2001,RWA,1689,868,0,0,0.0,0.0
2001,JPN,1029,561,0,0,0.0,0.0
2001,GUY,2111,1080,0,0,0.0,0.0
2001,BLR,2630,1402,0,0,0.0,0.0
2001,BEL,3415,1829,0,2,0.0,1.0934937124111537
2001,ARM,1882,963,0,0,0.0,0.0
2001,GHA,1403,744,0,0,0.0,0.0
2001,WSM,1903,1003,0,6,0.0,5.982053838484546
2001,VNM,1470,802,0,0,0.0,0.0
2001,BDI,2658,1407,0,0,0.0,0.0
2001,FRA,2472,1257,0,0,0.0,0.0
2001,MLI,2346,1228,0,0,0.0,0.0
2001,PAK,2419,1258,0,0,0.0,0.0
2001,NER,2567,1370,0,0,0.0,0.0
2001,MUS,1957,1015,0,1,0.0,0.9852216748768472
2001,IRL,2641,1405,1,1,0.7117437722419929,0.7117437722419929
2001,OMN,2659,1361,0,0,0.0,0.0
2001,MNG,2406,1331,0,1,0.0,0.7513148009015778
2001,BRA,2182,1109,0,1,0.0,0.9017132551848511
2001,LBY,4103,2091,0,0,0.0,0.0
2001,DOM,1904,956,0,0,0.0,0.0
2001,ETH,1591,763,1,0,1.3106159895150722,0.0
2001,TUR,2046,1082,0,0,0.0,0.0
2001,FSM,2283,1164,0,15,0.0,12.886597938144329
2001,PLW,1536,779,0,2,0.0,2.567394094993581
2001,COM,2297,1188,0,0,0.0,0.0
2001,SUR,1661,855,0,1,0.0,1.1695906432748537
2001,URY,1256,631,0,0,0.0,0.0
2001,PAN,2032,1068,0,1,0.0,0.9363295880149812
2001,MDA,2059,1108,0,0,0.0,0.0
2001,AFG,2079,1096,0,0,0.0,0.0
2001,TKM,1452,772,1,0,1.2953367875647668,0.0
2001,LUX,1928,984,0,1,0.0,1.016260162601626
2001,ZMB,2083,1101,0,0,0.0,0.0
2001,VCT,1506,792,0,0,0.0,0.0
2001,ZWE,2073,1076,0,0,0.0,0.0
2001,SMR,1817,985,0,0,0.0,0.0
2001,COD,1270,639,0,0,0.0,0.0
2001,YUG,1416,735,0,0,0.0,0.0
2001,ISL,1676,895,0,2,0.0,2.2346368715083798
2001,HUN,1850,946,0,0,0.0,0.0
2001,AZE,2201,1194,0,1,0.0,0.8375209380234506
2001,GRC,2433,1268,0,1,0.0,0.7886435331230284
2001,UZB,1448,768,0,0,0.0,0.0
2001,VEN,2282,1129,0,0,0.0,0.0
2001,LIE,1422,718,0,0,0.0,0.0
2002,BIH,1737,915,0,0,0.0,0.0
2002,KWT,2816,1514,0,0,0.0,0.0
2002,NAM,1960,1026,0,1,0.0,0.9746588693957114
2002,IRN,2083,1131,0,0,0.0,0.0
2002,SEN,2646,1410,0,0,0.0,0.0
2002,DMA,2116,1160,0,2,0.0,1.7241379310344827
2002,NGA,1641,845,1,0,1.183431952662722,0.0
2002,IRQ,2231,1150,0,0,0.0,0.0
2002,MLT,2213,1131,0,1,0.0,0.8841732979664013
2002,SOM,1541,789,0,0,0.0,0.0
2002,YEM,1415,757,0,0,0.0,0.0
2002,JAM,2148,1144,0,2,0.0,1.7482517482517483
2002,THA,2447,1392,0,0,0.0,0.0
2002,PRY,2664,1352,0,0,0.0,0.0
2002,HRV,1814,985,0,0,0.0,0.0
2002,GAB,1867,988,0,0,0.0,0.0
2002,MCO,2368,1264,0,3,0.0,2.3734177215189876
2002,BHR,2305,1235,0,0,0.0,0.0
2002,AND,2103,1022,0,0,0.0,0.0
2002,ROU,2029,1084,0,0,0.0,0.0
2002,STP,1584,803,0,3,0.0,3.7359900373599007
2002,MWI,2406,1351,0,1,0.0,0.7401924500370096
2002,BEN,2156,1146,0,0,0.0,0.0
2002,LCA,1649,904,0,1,0.0,1.1061946902654867
2002,GRD,1854,1047,0,1,0.0,0.9551098376313276
2002,CMR,1215,646,0,0,0.0,0.0
2002,LBR,3344,1804,0,0,0.0,0.0
2002,NPL,1831,1042,0,0,0.0,0.0
2002,LAO,1143,620,0,0,0.0,0.0
2002,UKR,2225,1182,0,0,0.0,0.0
2002,GTM,2027,1064,0,0,0.0,0.0
2002,MOZ,2089,1088,0,2,0.0,1.838235294117647
2002,SDN,2051,1106,0,1,0.0,0.9041591320072332
2002,QAT,1857,1021,0,0,0.0,0.0
2002,ZAF,1491,764,0,0,0.0,0.0
2002,USA,2724,1494,0,0,0.0,0.0
2002,TTO,2486,1339,0,5,0.0,3.734129947722181
2002,BWA,1681,855,1,0,1.1695906432748537,0.0
2002,MRT,1128,608,0,0,0.0,0.0
2002,ESP,2114,1095,0,0,0.0,0.0
2002,HTI,1506,784,0,0,0.0,0.0
2002,CZE,1726,936,0,0,0.0,0.0
2002,CAN,1992,1049,0,0,0.0,0.0
2002,MHL,1768,921,0,3,0.0,3.257328990228013
2002,MAR,2437,1336,0,1,0.0,0.7485029940119761
2002,TUV,1653,890,0,3,0.0,3.370786516853933
2002,KAZ,2263,1256,0,0,0.0,0.0
2002,SAU,2502,1330,0,0,0.0,0.0
2002,FIN,1382,718,0,0,0.0,0.0
2002,GEO,1897,979,0,0,0.0,0.0
2002,GMB,3869,1997,0,0,0.0,0.0
2002,SLV,1918,1010,0,2,0.0,1.9801980198019802
2002,COL,1545,864,0,0,0.0,0.0
2002,DEU,2242,1230,2,0,1.6260162601626016,0.0
2002,CHL,2573,1349,0,0,0.0,0.0
2002,TON,1661,905,0,2,0.0,2.2099447513812156
2002,LTU,767,426,0,0,0.0,0.0
2002,SVN,1244,658,0,0,0.0,0.0
2002,PSE,1775,956,0,0,0.0,0.0
2002,PER,1854,946,0,1,0.0,1.0570824524312896
2002,KEN,1894,1065,0,0,0.0,0.0
2002,KHM,1488,804,0,6,0.0,7.462686567164179
2002,MDV,1510,821,0,1,0.0,1.2180267965895248
2002,CHE,1476,799,0,0,0.0,0.0
2002,CUB,1890,935,0,0,0.0,0.0
2002,ERI,1826,1015,0,0,0.0,0.0
2002,ISR,1775,911,0,0,0.0,0.0
2002,KNA,1600,857,0,0,0.0,0.0
2002,VUT,1904,1013,0,1,0.0,0.9871668311944718
2002,KOR,1500,843,0,0,0.0,0.0
2002,SGP,1593,897,0,0,0.0,0.0
2002,CIV,2393,1251,0,0,0.0,0.0
2002,MKD,1811,965,0,0,0.0,0.0
2002,HND,1878,959,0,0,0.0,0.0
2002,UGA,2171,1198,0,0,0.0,0.0
2002,CPV,1918,1020,0,1,0.0,0.9803921568627451
2002,EGY,2954,1505,0,1,0.0,0.6644518272425249
2002,NZL,1521,802,0,2,0.0,2.493765586034913
2002,LBN,2981,1584,0,0,0.0,0.0
2002,KGZ,1854,958,0,0,0.0,0.0
2002,SLE,2091,1085,0,0,0.0,0.0
2002,MMR,1846,976,0,0,0.0,0.0
2002,TGO,1882,941,0,0,0.0,0.0
2002,NLD,1563,806,0,1,0.0,1.2406947890818858
2002,AUS,1683,959,0,0,0.0,0.0
2002,LSO,1485,766,0,0,0.0,0.0
2002,BLZ,1373,704,0,0,0.0,0.0
2002,ITA,1280,653,0,0,0.0,0.0
2002,AGO,1247,677,0,0,0.0,0.0
2002,ARE,1950,1092,0,1,0.0,0.9157509157509157
2002,TCD,1605,830,0,0,0.0,0.0
2002,LVA,1951,1077,0,3,0.0,2.785515320334262
2002,PNG,2407,1364,0,9,0.0,6.5982404692082115
2002,NIC,1847,1018,0,0,0.0,0.0
2002,SVK,1616,897,0,0,0.0,0.0
2002,FJI,2615,1364,0,1,0.0,0.7331378299120235
2002,TZA,2331,1225,0,0,0.0,0.0
2002,DZA,1785,926,0,0,0.0,0.0
2002,PHL,1549,850,0,0,0.0,0.0
2002,POL,1671,853,0,0,0.0,0.0
2002,LKA,2019,1096,0,0,0.0,0.0
2002,PRK,2033,1110,0,0,0.0,0.0
2002,GBR,1616,832,0,0,0.0,0.0
2002,BGR,1106,623,0,0,0.0,0.0
2002,GNB,1035,541,0,0,0.0,0.0
2002,CHN,1772,1006,0,0,0.0,0.0
2002,ECU,1234,612,0,1,0.0,1.6339869281045751
2002,CRI,1696,932,0,0,0.0,0.0
2002,BFA,1532,807,0,0,0.0,0.0
2002,PRT,1061,564,0,0,0.0,0.0
2002,BRN,1172,569,0,0,0.0,0.0
2002,MYS,2121,1100,0,0,0.0,0.0
2002,CAF,1412,726,0,0,0.0,0.0
2002,BGD,1682,908,0,0,0.0,0.0
2002,ATG,2076,1103,1,0,0.9066183136899365,0.0
2002,TJK,2179,1232,0,1,0.0,0.8116883116883118
2002,SLB,2131,1197,0,4,0.0,3.341687552213868
2002,COG,1388,737,0,0,0.0,0.0
2002,CYP,1582,856,0,0,0.0,0.0
2002,MEX,2443,1341,0,0,0.0,0.0
2002,AUT,1912,1036,1,0,0.9652509652509653,0.0
2002,RUS,2143,1137,0,2,0.0,1.759014951627089
2002,DJI,2006,1117,0,0,0.0,0.0
2002,IDN,2194,1130,0,0,0.0,0.0
2002,GNQ,1187,615,0,1,0.0,1.6260162601626016
2002,SYR,1845,941,0,0,0.0,0.0
2002,BOL,1537,794,0,0,0.0,0.0
2002,DNK,1737,926,0,0,0.0,0.0
2002,BHS,2046,1024,0,1,0.0,0.9765625
2002,GIN,1832,993,0,2,0.0,2.014098690835851
2002,ARG,1700,875,0,0,0.0,0.0
2002,IND,1496,791,0,1,0.0,1.2642225031605563
2002,SWE,1932,1072,0,0,0.0,0.0
2002,JOR,1903,1039,0,0,0.0,0.0
2002,BRB,2056,1129,0,1,0.0,0.8857395925597874
2002,TUN,2084,1117,0,0,0.0,0.0
2002,NRU,1328,702,0,4,0.0,5.698005698005698
2002,NOR,1481,823,0,0,0.0,0.0
2002,BTN,976,505,0,0,0.0,0.0
2002,ALB,2563,1364,0,0,0.0,0.0
2002,SWZ,1981,992,0,0,0.0,0.0
2002,MDG,1564,833,0,1,0.0,1.2004801920768307
2002,EST,1215,671,0,0,0.0,0.0
2002,VNM,1347,745,0,0,0.0,0.0
2002,BDI,1180,612,0,0,0.0,0.0
2002,FRA,2401,1274,0,1,0.0,0.7849293563579278
2002,MLI,1969,1069,0,1,0.0,0.9354536950420954
2002,PAK,1485,849,0,0,0.0,0.0
2002,MUS,1813,959,0,0,0.0,0.0
2002,NER,1988,1075,0,0,0.0,0.0
2002,IRL,2961,1578,0,0,0.0,0.0
2002,OMN,1999,1087,0,0,0.0,0.0
2002,MNG,2044,1138,0,3,0.0,2.6362038664323375
2002,BRA,1449,782,0,0,0.0,0.0
2002,DOM,1709,898,0,0,0.0,0.0
2002,ETH,1690,805,0,0,0.0,0.0
2002,TUR,2267,1248,0,0,0.0,0.0
2002,FSM,1690,895,1,6,1.1173184357541899,6.70391061452514
2002,PLW,1773,953,0,6,0.0,6.295907660020987
2002,RWA,1510,783,0,0,0.0,0.0
2002,JPN,1513,830,0,0,0.0,0.0
2002,GUY,1591,850,0,1,0.0,1.176470588235294
2002,BLR,1965,1104,0,0,0.0,0.0
2002,BEL,2423,1248,0,1,0.0,0.8012820512820512
2002,ARM,2027,1080,0,0,0.0,0.0
2002,WSM,1350,704,0,3,0.0,4.261363636363636
2002,GHA,1804,931,0,0,0.0,0.0
2002,SMR,1757,925,0,0,0.0,0.0
2002,COD,1531,757,0,0,0.0,0.0
2002,YUG,1372,721,0,0,0.0,0.0
2002,ISL,1622,873,4,0,4.581901489117985,0.0
2002,HUN,1554,851,0,0,0.0,0.0
2002,AZE,2558,1406,0,1,0.0,0.7112375533428166
2002,GRC,1755,936,0,0,0.0,0.0
2002,UZB,1280,725,0,0,0.0,0.0
2002,VEN,2678,1337,0,0,0.0,0.0
2002,LIE,1056,554,0,0,0.0,0.0
2002,COM,1514,755,0,0,0.0,0.0
2002,SUR,2129,1189,0,1,0.0,0.8410428931875525
2002,PAN,1139,587,0,0,0.0,0.0
2002,URY,1529,791,0,0,0.0,0.0
2002,MDA,1698,965,0,0,0.0,0.0
2002,AFG,1702,913,0,0,0.0,0.0
2002,TKM,1659,901,3,1,3.329633740288568,1.1098779134295227
2002,ZMB,1345,744,0,0,0.0,0.0
2002,LUX,2262,1196,0,0,0.0,0.0
2002,VCT,2305,1193,0,0,0.0,0.0
2002,ZWE,2090,1075,0,2,0.0,1.86046511627907
2003,ETH,1680,817,0,0,0.0,0.0
2003,DOM,1368,744,0,0,0.0,0.0
2003,BRA,2503,1355,0,0,0.0,0.0
2003,PLW,1125,645,0,4,0.0,6.2015503875969
2003,FSM,2587,1327,0,7,0.0,5.275056518462698
2003,TUR,1782,947,0,0,0.0,0.0
2003,IRL,3765,1890,0,0,0.0,0.0
2003,NER,2161,1139,0,0,0.0,0.0
2003,MUS,2496,1307,0,0,0.0,0.0
2003,MLI,2349,1225,0,0,0.0,0.0
2003,PAK,1800,992,0,0,0.0,0.0
2003,FRA,1768,930,0,0,0.0,0.0
2003,BDI,2294,1270,0,2,0.0,1.574803149606299
2003,VNM,1670,962,0,0,0.0,0.0
2003,MNG,1836,1067,0,3,0.0,2.8116213683223994
2003,OMN,2761,1493,0,1,0.0,0.6697923643670461
2003,BLR,2056,1077,0,1,0.0,0.9285051067780873
2003,GHA,1674,877,0,0,0.0,0.0
2003,WSM,1337,750,0,0,0.0,0.0
2003,ARM,1695,905,0,0,0.0,0.0
2003,BEL,2211,1104,0,0,0.0,0.0
2003,JPN,2796,1547,0,2,0.0,1.292824822236587
2003,RWA,2067,1041,0,0,0.0,0.0
2003,GUY,1394,739,0,0,0.0,0.0
2003,GRC,2594,1359,0,0,0.0,0.0
2003,AZE,1805,974,0,0,0.0,0.0
2003,HUN,1239,677,0,0,0.0,0.0
2003,ISL,1596,824,0,0,0.0,0.0
2003,YUG,910,405,0,0,0.0,0.0
2003,LIE,1296,651,0,0,0.0,0.0
2003,VEN,1856,982,0,0,0.0,0.0
2003,UZB,1430,805,0,0,0.0,0.0
2003,COD,1296,688,0,0,0.0,0.0
2003,SMR,1822,971,0,0,0.0,0.0
2003,ZWE,2180,1162,0,0,0.0,0.0
2003,VCT,1797,946,0,0,0.0,0.0
2003,LUX,2584,1376,0,0,0.0,0.0
2003,ZMB,1527,839,0,0,0.0,0.0
2003,COM,1747,891,0,0,0.0,0.0
2003,AFG,1629,849,0,0,0.0,0.0
2003,MDA,1335,680,0,0,0.0,0.0
2003,URY,1712,866,0,2,0.0,2.3094688221709005
2003,PAN,1891,1000,0,0,0.0,0.0
2003,SUR,1117,613,0,0,0.0,0.0
2003,GNB,2044,1005,0,0,0.0,0.0
2003,BGR,1291,669,0,0,0.0,0.0
2003,GBR,1549,793,0,0,0.0,0.0
2003,BFA,1632,842,0,0,0.0,0.0
2003,PRT,1933,966,0,0,0.0,0.0
2003,CRI,1636,900,0,0,0.0,0.0
2003,ECU,1847,969,0,0,0.0,0.0
2003,CHN,2182,1241,0,0,0.0,0.0
2003,DZA,1611,894,0,1,0.0,1.1185682326621924
2003,PRK,1964,1060,0,0,0.0,0.0
2003,LKA,1894,989,0,0,0.0,0.0
2003,POL,2020,1084,0,0,0.0,0.0
2003,PHL,1221,655,0,0,0.0,0.0
2003,SLB,1815,1048,0,1,0.0,0.9541984732824427
2003,TJK,3226,1727,0,1,0.0,0.5790387955993052
2003,ATG,2456,1315,0,3,0.0,2.2813688212927756
2003,AUT,2073,1136,2,0,1.7605633802816902,0.0
2003,MEX,1871,1012,0,0,0.0,0.0
2003,CYP,1933,985,0,0,0.0,0.0
2003,COG,2711,1438,0,0,0.0,0.0
2003,BGD,2915,1584,0,1,0.0,0.6313131313131314
2003,CAF,1196,655,0,0,0.0,0.0
2003,MYS,1414,714,0,0,0.0,0.0
2003,BRN,1185,572,0,0,0.0,0.0
2003,DNK,1515,810,0,0,0.0,0.0
2003,GIN,2422,1323,0,0,0.0,0.0
2003,BHS,2190,1071,0,0,0.0,0.0
2003,RUS,2197,1139,0,1,0.0,0.8779631255487269
2003,BOL,1899,939,0,0,0.0,0.0
2003,GNQ,1080,563,0,0,0.0,0.0
2003,SYR,2590,1355,0,0,0.0,0.0
2003,IDN,1556,801,0,0,0.0,0.0
2003,SWZ,1782,922,1,0,1.0845986984815619,0.0
2003,ALB,1553,815,0,0,0.0,0.0
2003,BTN,820,442,0,0,0.0,0.0
2003,NOR,1829,993,0,1,0.0,1.0070493454179255
2003,NRU,2644,1368,0,4,0.0,2.923976608187134
2003,TUN,2579,1366,0,0,0.0,0.0
2003,EST,1829,1025,0,5,0.0,4.878048780487805
2003,MDG,1410,743,0,0,0.0,0.0
2003,JOR,2749,1465,0,0,0.0,0.0
2003,SWE,1846,1026,0,1,0.0,0.9746588693957114
2003,IND,2067,1106,0,3,0.0,2.7124773960216997
2003,ARG,1879,1004,0,1,0.0,0.9960159362549801
2003,BRB,2246,1181,0,0,0.0,0.0
2003,CHL,1553,794,0,0,0.0,0.0
2003,TON,1384,761,0,0,0.0,0.0
2003,COL,2393,1240,0,0,0.0,0.0
2003,DEU,1602,859,0,0,0.0,0.0
2003,TLS,3953,2019,0,0,0.0,0.0
2003,PER,1389,742,0,0,0.0,0.0
2003,PSE,2060,1107,0,0,0.0,0.0
2003,SYC,1757,941,0,5,0.0,5.313496280552604
2003,SVN,1481,793,0,0,0.0,0.0
2003,LTU,999,572,0,0,0.0,0.0
2003,SAU,1889,993,0,0,0.0,0.0
2003,FIN,1420,782,0,0,0.0,0.0
2003,KAZ,1797,1033,0,1,0.0,0.968054211035818
2003,TUV,1996,1098,0,9,0.0,8.196721311475411
2003,GMB,4615,2457,1,1,0.40700040700040696,0.40700040700040696
2003,SLV,1527,753,0,2,0.0,2.6560424966799467
2003,GEO,1742,956,0,0,0.0,0.0
2003,KNA,1777,972,0,0,0.0,0.0
2003,VUT,1744,914,0,1,0.0,1.0940919037199124
2003,ISR,2197,1097,0,0,0.0,0.0
2003,ERI,2260,1208,0,0,0.0,0.0
2003,CUB,2000,988,0,1,0.0,1.0121457489878543
2003,CHE,1485,798,0,0,0.0,0.0
2003,HND,2137,1115,0,0,0.0,0.0
2003,MKD,1591,856,0,0,0.0,0.0
2003,CIV,2536,1397,0,0,0.0,0.0
2003,KOR,1998,1117,0,0,0.0,0.0
2003,SGP,2026,1045,0,0,0.0,0.0
2003,KEN,2073,1116,0,0,0.0,0.0
2003,MDV,1878,1022,0,0,0.0,0.0
2003,KHM,1869,1052,0,0,0.0,0.0
2003,SLE,1716,904,0,0,0.0,0.0
2003,KGZ,1572,840,0,0,0.0,0.0
2003,LBN,2131,1086,0,1,0.0,0.9208103130755064
2003,NLD,1654,884,0,0,0.0,0.0
2003,AUS,1621,901,0,0,0.0,0.0
2003,TGO,2522,1331,0,0,0.0,0.0
2003,MMR,1645,876,0,0,0.0,0.0
2003,CPV,2091,1136,0,0,0.0,0.0
2003,UGA,1344,785,0,0,0.0,0.0
2003,NZL,1735,960,0,0,0.0,0.0
2003,EGY,2809,1458,0,0,0.0,0.0
2003,SVK,1715,959,0,1,0.0,1.0427528675703859
2003,NIC,1598,861,0,0,0.0,0.0
2003,PNG,2315,1340,0,7,0.0,5.223880597014926
2003,TZA,2573,1352,0,0,0.0,0.0
2003,FJI,2469,1310,0,0,0.0,0.0
2003,BLZ,836,427,0,0,0.0,0.0
2003,LSO,2160,1147,0,1,0.0,0.8718395815170009
2003,LVA,1684,943,0,3,0.0,3.181336161187699
2003,TCD,2520,1297,0,0,0.0,0.0
2003,ARE,1802,978,0,1,0.0,1.0224948875255624
2003,ITA,2515,1375,0,1,0.0,0.7272727272727272
2003,AGO,1920,1015,0,1,0.0,0.9852216748768472
2003,KIR,1315,719,0,5,0.0,6.954102920723227
2003,NGA,2381,1239,0,0,0.0,0.0
2003,DMA,2693,1536,1,2,0.6510416666666666,1.3020833333333333
2003,SEN,2895,1521,0,0,0.0,0.0
2003,JAM,2600,1359,0,0,0.0,0.0
2003,YEM,1912,1000,0,0,0.0,0.0
2003,SOM,1673,869,0,0,0.0,0.0
2003,MLT,2191,1167,0,0,0.0,0.0
2003,IRQ,2904,1394,0,0,0.0,0.0
2003,KWT,2562,1400,0,0,0.0,0.0
2003,BIH,2275,1181,0,0,0.0,0.0
2003,IRN,1898,1013,0,0,0.0,0.0
2003,NAM,1638,852,0,0,0.0,0.0
2003,GRD,1677,918,1,1,1.0893246187363836,1.0893246187363836
2003,BEN,2589,1394,0,0,0.0,0.0
2003,LCA,2333,1182,0,0,0.0,0.0
2003,MWI,1705,931,0,0,0.0,0.0
2003,STP,1324,703,0,1,0.0,1.4224751066856332
2003,ROU,1994,1069,0,0,0.0,0.0
2003,UKR,1334,721,0,0,0.0,0.0
2003,LAO,1403,769,0,2,0.0,2.6007802340702213
2003,NPL,2196,1229,0,0,0.0,0.0
2003,LBR,1954,1048,0,1,0.0,0.9541984732824427
2003,CMR,1943,1033,0,2,0.0,1.936108422071636
2003,HRV,2064,1088,0,0,0.0,0.0
2003,THA,2247,1255,0,0,0.0,0.0
2003,PRY,1390,740,1,0,1.3513513513513513,0.0
2003,AND,1832,955,0,1,0.0,1.0471204188481678
2003,BHR,2264,1263,0,1,0.0,0.7917656373713381
2003,MCO,1416,738,0,0,0.0,0.0
2003,GAB,1118,614,0,0,0.0,0.0
2003,TTO,2976,1562,0,0,0.0,0.0
2003,BWA,1858,988,0,0,0.0,0.0
2003,MOZ,2267,1211,0,2,0.0,1.6515276630883566
2003,SDN,2332,1228,0,1,0.0,0.8143322475570033
2003,GTM,2157,1141,0,0,0.0,0.0
2003,USA,2843,1526,0,0,0.0,0.0
2003,ZAF,2691,1281,0,0,0.0,0.0
2003,QAT,1919,1014,0,0,0.0,0.0
2003,MHL,1394,764,1,3,1.3089005235602096,3.926701570680628
2003,CAN,1546,848,0,0,0.0,0.0
2003,MAR,1291,681,0,0,0.0,0.0
2003,HTI,1164,629,0,0,0.0,0.0
2003,ESP,1084,535,0,0,0.0,0.0
2003,MRT,1436,800,0,0,0.0,0.0
2003,CZE,2357,1270,0,0,0.0,0.0
2004,SMR,1574,892,0,0,0.0,0.0
2004,COD,1018,506,0,1,0.0,1.976284584980237
2004,UZB,1154,650,0,0,0.0,0.0
2004,LIE,1358,690,0,0,0.0,0.0
2004,VEN,1708,924,0,0,0.0,0.0
2004,ISL,1841,977,2,1,2.0470829068577276,1.0235414534288638
2004,YUG,851,431,0,0,0.0,0.0
2004,HUN,1599,871,0,0,0.0,0.0
2004,GRC,1650,905,0,0,0.0,0.0
2004,AZE,1495,809,0,1,0.0,1.2360939431396785
2004,SUR,1561,846,0,0,0.0,0.0
2004,URY,1472,748,0,1,0.0,1.3368983957219251
2004,PAN,1373,667,0,2,0.0,2.998500749625187
2004,AFG,1089,606,0,0,0.0,0.0
2004,MDA,1796,975,0,0,0.0,0.0
2004,COM,1562,783,0,0,0.0,0.0
2004,LUX,2750,1451,0,0,0.0,0.0
2004,ZMB,1535,840,0,0,0.0,0.0
2004,TKM,2291,1226,1,0,0.8156606851549756,0.0
2004,ZWE,1700,908,0,0,0.0,0.0
2004,VCT,1941,1026,0,4,0.0,3.898635477582846
2004,OMN,1482,779,0,0,0.0,0.0
2004,MNG,2237,1272,0,1,0.0,0.7861635220125787
2004,BDI,1919,1017,0,1,0.0,0.9832841691248771
2004,VNM,2008,1121,0,0,0.0,0.0
2004,PAK,1950,1082,0,1,0.0,0.9242144177449169
2004,MLI,1946,1050,1,0,0.9523809523809523,0.0
2004,FRA,2366,1214,0,0,0.0,0.0
2004,IRL,3773,2005,0,0,0.0,0.0
2004,NER,2057,1111,0,0,0.0,0.0
2004,MUS,2783,1520,0,5,0.0,3.289473684210526
2004,TUR,2039,1117,0,0,0.0,0.0
2004,FSM,2400,1263,0,4,0.0,3.1670625494853524
2004,PLW,1359,724,0,0,0.0,0.0
2004,LBY,902,482,0,0,0.0,0.0
2004,BRA,1981,1073,0,1,0.0,0.9319664492078285
2004,DOM,2081,1065,0,1,0.0,0.9389671361502347
2004,ETH,1992,934,0,0,0.0,0.0
2004,GUY,1927,1029,0,1,0.0,0.9718172983479105
2004,RWA,1735,883,0,0,0.0,0.0
2004,JPN,1624,943,0,1,0.0,1.0604453870625663
2004,BEL,1153,608,0,0,0.0,0.0
2004,ARM,1441,777,1,0,1.287001287001287,0.0
2004,GHA,1851,1037,0,0,0.0,0.0
2004,WSM,1663,920,0,0,0.0,0.0
2004,BLR,1972,1036,1,0,0.9652509652509653,0.0
2004,IDN,1851,966,0,0,0.0,0.0
2004,SYR,3183,1699,0,0,0.0,0.0
2004,GNQ,2021,989,0,0,0.0,0.0
2004,BOL,2005,1004,1,0,0.9960159362549801,0.0
2004,RUS,2360,1279,0,0,0.0,0.0
2004,DJI,3213,1765,0,1,0.0,0.56657223796034
2004,BHS,2261,1169,0,3,0.0,2.5662959794696323
2004,GIN,1925,1035,0,1,0.0,0.966183574879227
2004,DNK,1637,919,0,2,0.0,2.176278563656148
2004,BRB,2607,1440,0,5,0.0,3.472222222222222
2004,ARG,2455,1297,0,2,0.0,1.5420200462606013
2004,IND,1973,1070,0,0,0.0,0.0
2004,SWE,1859,1035,0,0,0.0,0.0
2004,JOR,2812,1541,0,1,0.0,0.6489292667099286
2004,MDG,1375,723,0,1,0.0,1.3831258644536653
2004,EST,1921,1045,0,0,0.0,0.0
2004,NOR,1842,1019,0,3,0.0,2.944062806673209
2004,NRU,3007,1594,0,4,0.0,2.509410288582183
2004,TUN,1753,949,0,0,0.0,0.0
2004,BTN,1045,573,0,0,0.0,0.0
2004,ALB,2482,1343,0,0,0.0,0.0
2004,SWZ,2374,1232,0,0,0.0,0.0
2004,PHL,2207,1197,0,0,0.0,0.0
2004,PRK,2241,1203,0,0,0.0,0.0
2004,POL,1614,834,0,0,0.0,0.0
2004,LKA,2069,1122,0,0,0.0,0.0
2004,DZA,921,476,0,0,0.0,0.0
2004,CHN,2058,1186,0,0,0.0,0.0
2004,ECU,1825,1015,0,1,0.0,0.9852216748768472
2004,PRT,2072,1026,0,1,0.0,0.9746588693957114
2004,BFA,1121,617,0,0,0.0,0.0
2004,CRI,2291,1246,0,0,0.0,0.0
2004,BGR,2089,1153,0,0,0.0,0.0
2004,GBR,2130,1092,0,3,0.0,2.7472527472527473
2004,GNB,2004,1019,0,1,0.0,0.9813542688910696
2004,BRN,1324,697,0,0,0.0,0.0
2004,MYS,2352,1257,0,0,0.0,0.0
2004,CAF,2647,1437,0,1,0.0,0.6958942240779402
2004,BGD,1799,968,0,1,0.0,1.0330578512396695
2004,CYP,1868,958,0,0,0.0,0.0
2004,COG,1612,856,0,0,0.0,0.0
2004,MEX,2195,1125,0,0,0.0,0.0
2004,AUT,1996,1099,2,1,1.8198362147406735,0.9099181073703367
2004,TJK,2087,1135,0,2,0.0,1.762114537444934
2004,ATG,2457,1316,0,1,0.0,0.7598784194528876
2004,SLB,2514,1448,0,1,0.0,0.6906077348066298
2004,EGY,2927,1490,0,0,0.0,0.0
2004,NZL,1840,993,0,0,0.0,0.0
2004,UGA,1936,1082,0,0,0.0,0.0
2004,CPV,1675,886,0,0,0.0,0.0
2004,TGO,2302,1229,0,0,0.0,0.0
2004,MMR,2024,1113,0,0,0.0,0.0
2004,AUS,1878,1020,1,0,0.9803921568627451,0.0
2004,NLD,2260,1278,0,1,0.0,0.7824726134585289
2004,LBN,1329,683,0,0,0.0,0.0
2004,KGZ,1723,914,0,0,0.0,0.0
2004,SLE,2274,1224,0,0,0.0,0.0
2004,KIR,2122,1122,0,5,0.0,4.45632798573975
2004,AGO,1726,883,0,1,0.0,1.1325028312570782
2004,ITA,1292,707,0,0,0.0,0.0
2004,ARE,1760,998,0,1,0.0,1.002004008016032
2004,LVA,1366,750,0,0,0.0,0.0
2004,TCD,2728,1406,0,2,0.0,1.4224751066856332
2004,LSO,2094,1103,0,0,0.0,0.0
2004,BLZ,1856,952,0,1,0.0,1.050420168067227
2004,FJI,2329,1246,0,2,0.0,1.6051364365971108
2004,TZA,1963,1060,0,0,0.0,0.0
2004,PNG,2128,1181,0,6,0.0,5.080440304826418
2004,NIC,1434,736,0,1,0.0,1.358695652173913
2004,SVK,2014,1106,0,0,0.0,0.0
2004,GEO,3792,1962,0,0,0.0,0.0
2004,SLV,2146,1137,0,0,0.0,0.0
2004,GMB,1633,772,0,0,0.0,0.0
2004,KAZ,2640,1435,0,0,0.0,0.0
2004,TUV,2005,1142,1,10,0.8756567425569177,8.756567425569177
2004,FIN,745,407,0,0,0.0,0.0
2004,SAU,2591,1384,0,0,0.0,0.0
2004,SVN,1462,771,0,1,0.0,1.297016861219196
2004,LTU,1087,596,0,0,0.0,0.0
2004,SYC,1244,643,0,2,0.0,3.1104199066874028
2004,PER,972,566,0,0,0.0,0.0
2004,PSE,1705,895,0,0,0.0,0.0
2004,TLS,2044,1088,0,0,0.0,0.0
2004,DEU,2091,1112,0,0,0.0,0.0
2004,COL,1713,927,0,0,0.0,0.0
2004,TON,1527,824,0,0,0.0,0.0
2004,CHL,1809,906,0,0,0.0,0.0
2004,KHM,925,474,0,0,0.0,0.0
2004,MDV,1690,924,0,3,0.0,3.246753246753247
2004,KEN,1946,1077,1,0,0.9285051067780873,0.0
2004,SGP,2119,1130,0,2,0.0,1.7699115044247788
2004,KOR,2225,1200,0,1,0.0,0.8333333333333334
2004,CIV,2322,1246,0,0,0.0,0.0
2004,HND,1826,907,0,0,0.0,0.0
2004,MKD,1773,932,0,0,0.0,0.0
2004,CUB,1529,768,0,0,0.0,0.0
2004,CHE,1364,720,0,0,0.0,0.0
2004,ERI,2466,1271,0,0,0.0,0.0
2004,ISR,1772,885,0,0,0.0,0.0
2004,VUT,2199,1196,0,1,0.0,0.8361204013377926
2004,KNA,1677,940,0,1,0.0,1.0638297872340425
2004,QAT,2145,1121,0,0,0.0,0.0
2004,USA,3061,1674,0,0,0.0,0.0
2004,ZAF,2244,1100,0,0,0.0,0.0
2004,GTM,1612,852,0,0,0.0,0.0
2004,SDN,2769,1447,0,0,0.0,0.0
2004,MOZ,2022,1087,0,1,0.0,0.9199632014719411
2004,BWA,2046,1050,0,0,0.0,0.0
2004,TTO,2767,1524,0,1,0.0,0.6561679790026247
2004,CZE,1575,851,0,0,0.0,0.0
2004,MRT,1562,846,0,0,0.0,0.0
2004,ESP,2396,1237,0,0,0.0,0.0
2004,HTI,1274,651,0,0,0.0,0.0
2004,MAR,1268,700,0,0,0.0,0.0
2004,CAN,2072,1142,0,0,0.0,0.0
2004,MHL,1579,902,1,7,1.1086474501108647,7.760532150776053
2004,NAM,2891,1635,0,0,0.0,0.0
2004,IRN,1617,886,0,0,0.0,0.0
2004,BIH,1961,1032,0,1,0.0,0.9689922480620154
2004,KWT,1404,761,0,0,0.0,0.0
2004,IRQ,2475,1305,0,0,0.0,0.0
2004,MLT,2667,1424,0,1,0.0,0.7022471910112359
2004,YEM,3197,1739,0,0,0.0,0.0
2004,JAM,2066,1070,0,3,0.0,2.803738317757009
2004,SEN,2071,1131,0,0,0.0,0.0
2004,NGA,2243,1238,0,0,0.0,0.0
2004,DMA,2122,1124,0,3,0.0,2.6690391459074734
2004,GAB,890,465,0,0,0.0,0.0
2004,MCO,1505,780,0,0,0.0,0.0
2004,AND,1978,1001,0,0,0.0,0.0
2004,BHR,1906,1020,0,0,0.0,0.0
2004,PRY,1335,731,0,0,0.0,0.0
2004,THA,2060,1099,0,0,0.0,0.0
2004,HRV,1422,764,0,1,0.0,1.3089005235602096
2004,NPL,2695,1526,0,0,0.0,0.0
2004,LBR,1720,953,0,0,0.0,0.0
2004,CMR,2124,1166,0,0,0.0,0.0
2004,VAT,1833,961,0,0,0.0,0.0
2004,UKR,1630,895,0,0,0.0,0.0
2004,LAO,1444,833,0,1,0.0,1.2004801920768307
2004,ROU,1534,845,0,0,0.0,0.0
2004,STP,1700,914,0,4,0.0,4.3763676148796495
2004,LCA,2397,1256,0,0,0.0,0.0
2004,BEN,2592,1406,0,2,0.0,1.4224751066856332
2004,MWI,1863,1011,0,1,0.0,0.9891196834817012
2004,GRD,932,507,0,1,0.0,1.9723865877712032
2005,DZA,1896,997,0,0,0.0,0.0
2005,PHL,2145,1200,1,0,0.8333333333333334,0.0
2005,PRK,1810,973,0,0,0.0,0.0
2005,POL,1882,1010,0,1,0.0,0.9900990099009901
2005,LKA,2027,1100,0,1,0.0,0.9090909090909091
2005,BGR,1816,923,0,0,0.0,0.0
2005,GBR,1602,815,0,0,0.0,0.0
2005,GNB,1195,636,0,1,0.0,1.5723270440251573
2005,CHN,2046,1162,0,0,0.0,0.0
2005,ECU,1534,838,0,1,0.0,1.1933174224343677
2005,BFA,1067,568,0,0,0.0,0.0
2005,PRT,1752,935,0,3,0.0,3.2085561497326203
2005,CRI,1861,1000,0,3,0.0,3.0
2005,BRN,1092,565,0,0,0.0,0.0
2005,MYS,2126,1176,0,1,0.0,0.8503401360544217
2005,CAF,2142,1111,0,0,0.0,0.0
2005,BGD,1458,827,0,3,0.0,3.6275695284159615
2005,TJK,1905,1049,0,1,0.0,0.9532888465204957
2005,ATG,1691,897,0,4,0.0,4.459308807134894
2005,SLB,2089,1220,2,6,1.639344262295082,4.918032786885246
2005,CYP,1789,910,0,0,0.0,0.0
2005,COG,1528,819,0,1,0.0,1.221001221001221
2005,MEX,1451,777,0,0,0.0,0.0
2005,AUT,1304,700,1,1,1.4285714285714286,1.4285714285714286
2005,RUS,1643,861,0,0,0.0,0.0
2005,IDN,1754,936,0,1,0.0,1.0683760683760686
2005,GNQ,1290,653,0,0,0.0,0.0
2005,SYR,2298,1238,0,0,0.0,0.0
2005,BOL,1062,573,0,0,0.0,0.0
2005,DNK,1554,860,0,0,0.0,0.0
2005,BHS,2588,1319,0,5,0.0,3.790750568612585
2005,GIN,1585,868,0,0,0.0,0.0
2005,ARG,2051,1098,0,0,0.0,0.0
2005,IND,2269,1194,0,0,0.0,0.0
2005,SWE,1510,829,0,3,0.0,3.6188178528347406
2005,JOR,2103,1128,0,0,0.0,0.0
2005,BRB,2029,1129,0,3,0.0,2.657218777679362
2005,NOR,1836,1015,0,0,0.0,0.0
2005,NRU,808,407,0,0,0.0,0.0
2005,TUN,1280,696,0,0,0.0,0.0
2005,BTN,1613,858,0,1,0.0,1.1655011655011656
2005,ALB,2331,1262,0,0,0.0,0.0
2005,SWZ,1965,1037,0,2,0.0,1.9286403085824495
2005,MDG,1601,849,0,2,0.0,2.3557126030624262
2005,EST,1234,694,0,2,0.0,2.881844380403458
2005,BDI,1537,838,0,0,0.0,0.0
2005,VNM,1395,772,0,1,0.0,1.2953367875647668
2005,PAK,2284,1264,0,0,0.0,0.0
2005,FRA,2280,1229,1,1,0.8136696501220504,0.8136696501220504
2005,IRL,2215,1165,0,1,0.0,0.8583690987124463
2005,NER,1502,812,0,0,0.0,0.0
2005,MUS,2185,1180,0,0,0.0,0.0
2005,MNG,1896,1105,0,1,0.0,0.9049773755656109
2005,BRA,1982,1079,0,1,0.0,0.9267840593141798
2005,LBY,2055,1103,0,0,0.0,0.0
2005,DOM,1409,783,0,2,0.0,2.554278416347382
2005,ETH,1306,651,0,0,0.0,0.0
2005,TUR,1866,1010,0,0,0.0,0.0
2005,FSM,1435,735,0,2,0.0,2.7210884353741496
2005,PLW,1574,828,0,3,0.0,3.6231884057971016
2005,RWA,2012,1061,0,0,0.0,0.0
2005,JPN,1714,956,0,0,0.0,0.0
2005,GUY,2116,1088,0,1,0.0,0.9191176470588235
2005,BLR,1263,619,0,0,0.0,0.0
2005,BEL,1539,789,0,1,0.0,1.2674271229404308
2005,ARM,1735,815,0,2,0.0,2.4539877300613497
2005,GHA,749,392,0,0,0.0,0.0
2005,WSM,1315,720,0,0,0.0,0.0
2005,SMR,1671,893,0,2,0.0,2.2396416573348263
2005,COD,2174,1140,0,2,0.0,1.7543859649122808
2005,ISL,798,435,0,0,0.0,0.0
2005,YUG,712,381,0,0,0.0,0.0
2005,HUN,1603,901,0,0,0.0,0.0
2005,GRC,1342,718,0,1,0.0,1.392757660167131
2005,AZE,1702,949,0,1,0.0,1.053740779768177
2005,UZB,1339,745,0,1,0.0,1.3422818791946307
2005,LIE,1505,787,0,0,0.0,0.0
2005,VEN,1038,512,0,0,0.0,0.0
2005,COM,2193,1133,0,3,0.0,2.64783759929391
2005,SUR,1326,733,0,0,0.0,0.0
2005,URY,1349,652,0,1,0.0,1.5337423312883436
2005,PAN,1867,969,0,1,0.0,1.0319917440660473
2005,AFG,1430,805,0,0,0.0,0.0
2005,MDA,2164,1161,0,0,0.0,0.0
2005,TKM,1524,839,1,0,1.1918951132300357,0.0
2005,LUX,2098,1087,0,0,0.0,0.0
2005,ZMB,1237,644,0,0,0.0,0.0
2005,ZWE,1518,781,0,0,0.0,0.0
2005,VCT,2036,1094,0,3,0.0,2.742230347349177
2005,BIH,2154,1140,0,0,0.0,0.0
2005,KWT,1790,998,0,0,0.0,0.0
2005,NAM,1274,677,0,0,0.0,0.0
2005,IRN,3564,1871,1,2,0.5344735435595938,1.0689470871191875
2005,SEN,2760,1433,0,0,0.0,0.0
2005,NGA,2804,1518,0,0,0.0,0.0
2005,DMA,2059,1147,0,4,0.0,3.4873583260680037
2005,IRQ,1865,967,0,2,0.0,2.0682523267838677
2005,MLT,2717,1453,0,2,0.0,1.3764624913971093
2005,YEM,1359,699,0,0,0.0,0.0
2005,SOM,1824,977,0,0,0.0,0.0
2005,JAM,2156,1232,0,6,0.0,4.87012987012987
2005,THA,1437,788,1,0,1.2690355329949237,0.0
2005,PRY,1768,930,0,1,0.0,1.075268817204301
2005,HRV,2098,1117,0,0,0.0,0.0
2005,GAB,1777,980,0,2,0.0,2.0408163265306123
2005,MCO,1629,872,0,2,0.0,2.293577981651376
2005,AND,1151,600,0,1,0.0,1.6666666666666667
2005,BHR,1824,1002,0,1,0.0,0.998003992015968
2005,ROU,2051,1099,0,0,0.0,0.0
2005,STP,1399,758,0,2,0.0,2.638522427440633
2005,BEN,2439,1345,0,0,0.0,0.0
2005,LCA,2001,1056,0,2,0.0,1.893939393939394
2005,MWI,2007,1100,0,0,0.0,0.0
2005,GRD,1768,973,0,6,0.0,6.166495375128468
2005,NPL,1907,1082,0,1,0.0,0.9242144177449169
2005,CMR,1375,729,0,0,0.0,0.0
2005,VAT,1533,823,0,1,0.0,1.215066828675577
2005,UKR,1025,555,0,0,0.0,0.0
2005,LAO,1756,979,0,0,0.0,0.0
2005,GTM,2056,1078,0,0,0.0,0.0
2005,MOZ,1762,976,0,0,0.0,0.0
2005,SDN,2395,1241,0,0,0.0,0.0
2005,QAT,1552,838,0,0,0.0,0.0
2005,USA,1790,996,0,0,0.0,0.0
2005,ZAF,2203,1131,0,0,0.0,0.0
2005,TTO,2380,1287,0,1,0.0,0.777000777000777
2005,MRT,1386,722,0,0,0.0,0.0
2005,ESP,1564,834,0,0,0.0,0.0
2005,HTI,1327,689,0,0,0.0,0.0
2005,CZE,1153,615,0,0,0.0,0.0
2005,CAN,2156,1128,0,1,0.0,0.8865248226950354
2005,MHL,2049,1144,2,7,1.7482517482517483,6.118881118881119
2005,MAR,1789,974,0,0,0.0,0.0
2005,KAZ,1883,1034,0,0,0.0,0.0
2005,TUV,1728,975,0,12,0.0,12.307692307692308
2005,FIN,1342,749,1,3,1.335113484646195,4.005340453938585
2005,GEO,1258,671,0,0,0.0,0.0
2005,GMB,2085,1076,0,1,0.0,0.929368029739777
2005,SLV,2056,1091,0,1,0.0,0.9165902841429882
2005,TLS,2007,1099,0,1,0.0,0.9099181073703367
2005,COL,1865,981,0,0,0.0,0.0
2005,DEU,2297,1264,0,5,0.0,3.9556962025316458
2005,CHL,1867,991,0,0,0.0,0.0
2005,TON,1614,908,0,0,0.0,0.0
2005,SVN,1695,902,0,0,0.0,0.0
2005,LTU,1115,611,0,2,0.0,3.273322422258593
2005,PER,1193,646,0,1,0.0,1.5479876160990713
2005,PSE,1961,1003,0,0,0.0,0.0
2005,KEN,1499,844,0,0,0.0,0.0
2005,KHM,1803,999,0,0,0.0,0.0
2005,MDV,1664,878,0,3,0.0,3.416856492027335
2005,CUB,794,390,0,0,0.0,0.0
2005,CHE,1557,837,0,0,0.0,0.0
2005,ERI,1130,589,0,0,0.0,0.0
2005,ISR,1895,970,0,0,0.0,0.0
2005,KNA,1942,1088,0,2,0.0,1.838235294117647
2005,VUT,2097,1146,0,1,0.0,0.8726003490401396
2005,KOR,2807,1540,0,2,0.0,1.2987012987012987
2005,SGP,1990,1039,0,0,0.0,0.0
2005,CIV,1955,1067,0,0,0.0,0.0
2005,MKD,1635,861,0,0,0.0,0.0
2005,UGA,2491,1301,0,0,0.0,0.0
2005,CPV,1308,680,0,2,0.0,2.941176470588235
2005,EGY,2455,1347,0,0,0.0,0.0
2005,NZL,1538,827,0,0,0.0,0.0
2005,LBN,1899,1005,0,0,0.0,0.0
2005,KGZ,1843,1030,0,6,0.0,5.825242718446602
2005,SLE,2124,1134,0,0,0.0,0.0
2005,TGO,1503,806,0,2,0.0,2.4813895781637716
2005,MMR,1530,862,0,0,0.0,0.0
2005,NLD,1291,639,0,0,0.0,0.0
2005,AUS,1933,1057,0,0,0.0,0.0
2005,LSO,1261,716,0,0,0.0,0.0
2005,BLZ,1149,609,0,5,0.0,8.210180623973727
2005,KIR,1089,584,1,3,1.7123287671232876,5.136986301369863
2005,ITA,1526,818,0,0,0.0,0.0
2005,AGO,1225,638,0,1,0.0,1.567398119122257
2005,ARE,1140,644,0,1,0.0,1.5527950310559004
2005,LVA,1800,977,0,6,0.0,6.1412487205731825
2005,TCD,2041,1052,0,0,0.0,0.0
2005,PNG,2678,1584,1,12,0.6313131313131314,7.575757575757576
2005,NIC,1635,875,1,0,1.142857142857143,0.0
2005,SVK,2199,1173,0,1,0.0,0.8525149190110827
2005,FJI,1929,1011,0,1,0.0,0.9891196834817012
2005,TZA,2200,1188,0,0,0.0,0.0
2006,BRN,922,477,0,0,0.0,0.0
2006,MYS,1782,911,0,0,0.0,0.0
2006,CAF,1636,909,0,4,0.0,4.4004400440044
2006,BGD,1831,1016,0,3,0.0,2.952755905511811
2006,ATG,1728,924,0,2,0.0,2.1645021645021645
2006,TJK,2013,1140,0,2,0.0,1.7543859649122808
2006,SLB,2396,1355,0,0,0.0,0.0
2006,COG,1633,837,0,0,0.0,0.0
2006,CYP,1942,1040,0,0,0.0,0.0
2006,MEX,1586,809,0,0,0.0,0.0
2006,AUT,1861,976,0,2,0.0,2.0491803278688527
2006,DZA,1773,917,0,0,0.0,0.0
2006,PHL,1466,788,0,2,0.0,2.5380710659898473
2006,PRK,1596,871,0,0,0.0,0.0
2006,POL,1705,892,1,0,1.1210762331838564,0.0
2006,LKA,1956,1060,0,0,0.0,0.0
2006,GBR,1941,1000,0,14,0.0,14.0
2006,BGR,1739,944,0,0,0.0,0.0
2006,GNB,2311,1240,0,0,0.0,0.0
2006,CHN,2008,1140,0,0,0.0,0.0
2006,ECU,1680,951,0,0,0.0,0.0
2006,BFA,1254,661,1,0,1.5128593040847202,0.0
2006,PRT,1584,778,0,0,0.0,0.0
2006,CRI,2449,1209,0,0,0.0,0.0
2006,ARG,2297,1220,0,1,0.0,0.819672131147541
2006,IND,2234,1258,0,0,0.0,0.0
2006,SWE,1378,759,0,0,0.0,0.0
2006,JOR,570,313,0,0,0.0,0.0
2006,BRB,1915,1009,0,1,0.0,0.9910802775024776
2006,NOR,1101,589,0,0,0.0,0.0
2006,TUN,1614,881,0,0,0.0,0.0
2006,NRU,1468,803,2,2,2.4906600249066004,2.4906600249066004
2006,BTN,1233,663,0,0,0.0,0.0
2006,ALB,1579,875,0,0,0.0,0.0
2006,SWZ,2042,1072,0,0,0.0,0.0
2006,MDG,1673,842,0,0,0.0,0.0
2006,EST,1381,784,0,0,0.0,0.0
2006,RUS,2536,1408,0,0,0.0,0.0
2006,IDN,1969,1020,0,2,0.0,1.9607843137254901
2006,SRB,1435,742,0,0,0.0,0.0
2006,GNQ,1191,615,0,2,0.0,3.252032520325203
2006,SYR,1887,962,1,0,1.0395010395010396,0.0
2006,BOL,2226,1091,0,9,0.0,8.249312557286892
2006,DNK,1661,909,0,0,0.0,0.0
2006,BHS,2207,1111,0,2,0.0,1.8001800180018002
2006,GIN,1784,996,0,0,0.0,0.0
2006,RWA,1639,891,1,0,1.122334455667789,0.0
2006,JPN,2295,1266,0,0,0.0,0.0
2006,GUY,1717,927,0,0,0.0,0.0
2006,BLR,1982,1004,0,1,0.0,0.9960159362549801
2006,BEL,1885,981,0,0,0.0,0.0
2006,ARM,1499,759,0,1,0.0,1.3175230566534915
2006,WSM,1819,987,0,5,0.0,5.065856129685917
2006,GHA,1482,791,0,0,0.0,0.0
2006,BDI,2143,1135,0,0,0.0,0.0
2006,VNM,1455,822,0,1,0.0,1.2165450121654502
2006,MLI,2438,1310,0,0,0.0,0.0
2006,PAK,1546,870,0,1,0.0,1.1494252873563218
2006,FRA,1065,565,0,0,0.0,0.0
2006,IRL,2131,1126,0,1,0.0,0.8880994671403197
2006,MUS,2358,1260,0,4,0.0,3.1746031746031744
2006,NER,1338,709,0,0,0.0,0.0
2006,OMN,1245,669,0,1,0.0,1.4947683109118086
2006,MNG,2046,1159,0,0,0.0,0.0
2006,BRA,1946,1014,0,0,0.0,0.0
2006,LBY,1740,921,0,0,0.0,0.0
2006,DOM,1038,543,0,0,0.0,0.0
2006,ETH,2100,1071,0,0,0.0,0.0
2006,TUR,2094,1140,0,0,0.0,0.0
2006,FSM,1407,771,2,9,2.594033722438392,11.673151750972762
2006,PLW,1327,750,0,4,0.0,5.333333333333333
2006,COM,2175,1136,0,1,0.0,0.8802816901408451
2006,SUR,1035,573,0,0,0.0,0.0
2006,PAN,1631,794,0,0,0.0,0.0
2006,URY,1677,838,0,1,0.0,1.1933174224343677
2006,AFG,1185,654,0,0,0.0,0.0
2006,MDA,1756,937,0,0,0.0,0.0
2006,TKM,1686,919,0,0,0.0,0.0
2006,ZMB,1801,1000,0,0,0.0,0.0
2006,LUX,2417,1271,0,0,0.0,0.0
2006,ZWE,2352,1225,0,0,0.0,0.0
2006,VCT,1860,992,0,1,0.0,1.0080645161290323
2006,SMR,1350,708,0,0,0.0,0.0
2006,COD,1125,592,0,0,0.0,0.0
2006,ISL,1421,801,2,2,2.4968789013732833,2.4968789013732833
2006,HUN,1532,870,0,0,0.0,0.0
2006,GRC,1794,911,0,1,0.0,1.0976948408342482
2006,AZE,2017,1114,0,0,0.0,0.0
2006,UZB,889,516,0,0,0.0,0.0
2006,LIE,1381,699,0,0,0.0,0.0
2006,VEN,2566,1265,0,0,0.0,0.0
2006,THA,1969,1089,0,0,0.0,0.0
2006,PRY,1821,961,0,1,0.0,1.040582726326743
2006,HRV,2842,1600,0,0,0.0,0.0
2006,GAB,1713,925,0,0,0.0,0.0
2006,MCO,1392,763,0,3,0.0,3.931847968545216
2006,BHR,2352,1292,0,0,0.0,0.0
2006,AND,1894,950,0,0,0.0,0.0
2006,ROU,2768,1507,0,0,0.0,0.0
2006,STP,1986,1053,0,4,0.0,3.7986704653371324
2006,BEN,1148,592,0,0,0.0,0.0
2006,LCA,1791,977,2,4,2.0470829068577276,4.094165813715455
2006,MWI,1418,770,0,1,0.0,1.2987012987012987
2006,GRD,1638,870,0,1,0.0,1.1494252873563218
2006,NPL,2692,1497,0,1,0.0,0.6680026720106881
2006,CMR,1641,837,0,0,0.0,0.0
2006,LBR,2460,1305,0,0,0.0,0.0
2006,VAT,1905,1007,0,0,0.0,0.0
2006,UKR,2407,1338,1,0,0.7473841554559043,0.0
2006,LAO,1071,610,0,0,0.0,0.0
2006,MNE,992,494,0,0,0.0,0.0
2006,BIH,2456,1283,0,0,0.0,0.0
2006,KWT,1650,897,0,0,0.0,0.0
2006,NAM,1576,846,0,0,0.0,0.0
2006,IRN,3249,1635,0,0,0.0,0.0
2006,SEN,1911,993,1,1,1.0070493454179255,1.0070493454179255
2006,DMA,2035,1126,2,5,1.7761989342806395,4.440497335701599
2006,NGA,2113,1136,1,0,0.8802816901408451,0.0
2006,IRQ,3048,1615,0,0,0.0,0.0
2006,MLT,2611,1426,0,5,0.0,3.506311360448808
2006,SOM,1864,1035,0,0,0.0,0.0
2006,YEM,1676,881,0,0,0.0,0.0
2006,JAM,2809,1530,0,0,0.0,0.0
2006,MRT,1092,587,0,0,0.0,0.0
2006,ESP,1749,956,0,0,0.0,0.0
2006,HTI,2293,1239,0,1,0.0,0.8071025020177562
2006,CZE,1938,1040,0,0,0.0,0.0
2006,CAN,1575,827,0,0,0.0,0.0
2006,MHL,1814,993,0,3,0.0,3.0211480362537766
2006,MAR,2121,1174,0,0,0.0,0.0
2006,GTM,2256,1171,0,0,0.0,0.0
2006,MOZ,1703,898,0,1,0.0,1.1135857461024499
2006,SDN,3158,1643,0,0,0.0,0.0
2006,QAT,952,525,0,0,0.0,0.0
2006,USA,2752,1410,0,0,0.0,0.0
2006,ZAF,2045,1039,0,0,0.0,0.0
2006,TTO,2942,1550,1,1,0.6451612903225806,0.6451612903225806
2006,BWA,2286,1191,0,1,0.0,0.8396305625524769
2006,KEN,1869,989,0,0,0.0,0.0
2006,KHM,1232,658,0,0,0.0,0.0
2006,MDV,1598,870,0,5,0.0,5.747126436781609
2006,CUB,1931,1007,0,1,0.0,0.9930486593843098
2006,CHE,1801,915,0,2,0.0,2.185792349726776
2006,ERI,1992,1084,0,0,0.0,0.0
2006,ISR,2200,1019,0,0,0.0,0.0
2006,KNA,1832,952,2,2,2.100840336134454,2.100840336134454
2006,VUT,2053,1091,0,3,0.0,2.749770852428964
2006,KOR,2040,1140,0,0,0.0,0.0
2006,SGP,1977,1091,0,1,0.0,0.9165902841429882
2006,CIV,2538,1375,0,1,0.0,0.7272727272727272
2006,MKD,1209,643,0,0,0.0,0.0
2006,HND,1316,690,0,0,0.0,0.0
2006,TUV,1902,1048,1,19,0.9541984732824427,18.12977099236641
2006,KAZ,2179,1191,1,0,0.8396305625524769,0.0
2006,FIN,2034,1167,0,2,0.0,1.7137960582690661
2006,SAU,2654,1443,0,1,0.0,0.693000693000693
2006,GEO,2903,1473,0,0,0.0,0.0
2006,GMB,2957,1575,0,0,0.0,0.0
2006,SLV,3123,1663,0,0,0.0,0.0
2006,TLS,1767,968,0,0,0.0,0.0
2006,COL,1391,764,0,0,0.0,0.0
2006,DEU,2076,1059,0,0,0.0,0.0
2006,CHL,1194,629,0,0,0.0,0.0
2006,TON,1312,739,0,0,0.0,0.0
2006,LTU,1277,698,0,1,0.0,1.4326647564469914
2006,SVN,1735,926,0,0,0.0,0.0
2006,SYC,932,489,0,0,0.0,0.0
2006,PSE,1525,773,0,0,0.0,0.0
2006,PER,1668,916,0,0,0.0,0.0
2006,LSO,1923,1051,0,1,0.0,0.9514747859181732
2006,BLZ,2283,1179,0,0,0.0,0.0
2006,KIR,1394,733,0,3,0.0,4.092769440654843
2006,ITA,2255,1153,0,0,0.0,0.0
2006,AGO,1631,858,0,0,0.0,0.0
2006,ARE,1706,937,0,0,0.0,0.0
2006,LVA,2542,1324,0,0,0.0,0.0
2006,TCD,1737,874,0,1,0.0,1.1441647597254005
2006,PNG,2319,1309,0,9,0.0,6.875477463712758
2006,NIC,2085,1110,0,0,0.0,0.0
2006,SVK,1781,983,0,0,0.0,0.0
2006,FJI,1795,934,0,0,0.0,0.0
2006,TZA,1725,927,0,0,0.0,0.0
2006,UGA,1598,831,0,0,0.0,0.0
2006,CPV,1764,970,0,2,0.0,2.061855670103093
2006,EGY,2499,1300,0,0,0.0,0.0
2006,NZL,1772,979,0,3,0.0,3.0643513789581203
2006,LBN,1953,1025,0,0,0.0,0.0
2006,KGZ,1754,959,0,1,0.0,1.0427528675703859
2006,SLE,1147,605,0,1,0.0,1.6528925619834711
2006,TGO,2160,1163,0,0,0.0,0.0
2006,MMR,1394,752,0,0,0.0,0.0
2006,AUS,1944,1061,1,8,0.942507068803016,7.540056550424128
2006,NLD,1657,880,0,0,0.0,0.0
2007,BWA,2006,1082,0,4,0.0,3.6968576709796674
2007,TTO,2835,1521,0,15,0.0,9.861932938856016
2007,ZAF,1872,987,0,17,0.0,17.223910840932117
2007,USA,2455,1365,0,2,0.0,1.465201465201465
2007,QAT,959,499,0,1,0.0,2.004008016032064
2007,SDN,3184,1708,0,7,0.0,4.0983606557377055
2007,MOZ,1670,875,0,24,0.0,27.428571428571427
2007,GTM,2002,1051,0,1,0.0,0.9514747859181732
2007,MAR,2132,1169,0,2,0.0,1.7108639863130881
2007,CAN,1065,574,0,0,0.0,0.0
2007,MHL,2024,1099,0,7,0.0,6.369426751592357
2007,CZE,1169,601,0,3,0.0,4.9916805324459235
2007,HTI,1483,770,0,0,0.0,0.0
2007,MRT,1444,772,0,1,0.0,1.2953367875647668
2007,ESP,1691,901,0,1,0.0,1.1098779134295227
2007,YEM,1993,1060,0,3,0.0,2.830188679245283
2007,SOM,1015,550,0,1,0.0,1.8181818181818181
2007,JAM,2880,1561,0,8,0.0,5.124919923126201
2007,IRQ,2604,1391,0,0,0.0,0.0
2007,MLT,2065,1145,0,12,0.0,10.480349344978166
2007,SEN,1749,887,1,2,1.1273957158962795,2.254791431792559
2007,NGA,1176,660,0,5,0.0,7.575757575757576
2007,DMA,2115,1170,1,12,0.8547008547008547,10.256410256410257
2007,NAM,1365,738,2,8,2.710027100271003,10.840108401084011
2007,IRN,4339,2162,0,0,0.0,0.0
2007,BIH,2453,1384,0,2,0.0,1.445086705202312
2007,KWT,1645,912,0,2,0.0,2.1929824561403506
2007,MNE,1791,963,0,8,0.0,8.307372793354102
2007,LAO,1288,740,1,7,1.3513513513513513,9.45945945945946
2007,UKR,1769,1001,0,4,0.0,3.996003996003996
2007,LBR,1944,1086,0,2,0.0,1.8416206261510129
2007,CMR,1831,919,0,5,0.0,5.4406964091403704
2007,NPL,2804,1586,0,12,0.0,7.566204287515763
2007,VAT,1965,1034,0,1,0.0,0.9671179883945842
2007,MWI,1748,980,0,3,0.0,3.061224489795918
2007,LCA,2807,1526,0,10,0.0,6.55307994757536
2007,BEN,1824,950,2,6,2.1052631578947367,6.315789473684211
2007,GRD,1925,1040,0,13,0.0,12.5
2007,ROU,2327,1318,0,5,0.0,3.7936267071320184
2007,STP,1356,691,0,1,0.0,1.447178002894356
2007,MCO,1860,985,0,7,0.0,7.106598984771574
2007,AND,1479,774,0,2,0.0,2.5839793281653747
2007,BHR,1694,917,0,4,0.0,4.362050163576881
2007,GAB,1873,1004,0,7,0.0,6.972111553784861
2007,HRV,1136,558,0,3,0.0,5.376344086021506
2007,PRY,2294,1200,0,1,0.0,0.8333333333333334
2007,THA,1621,915,2,5,2.185792349726776,5.46448087431694
2007,AUS,1934,1137,0,9,0.0,7.9155672823219
2007,NLD,1807,965,0,6,0.0,6.217616580310881
2007,MMR,1891,1076,0,20,0.0,18.58736059479554
2007,TGO,2665,1399,0,4,0.0,2.8591851322373123
2007,SLE,1562,843,0,2,0.0,2.3724792408066433
2007,LBN,1589,827,0,0,0.0,0.0
2007,KGZ,1129,619,0,1,0.0,1.6155088852988693
2007,NZL,1944,1127,0,9,0.0,7.985803016858917
2007,EGY,2351,1207,0,0,0.0,0.0
2007,UGA,2037,1132,5,17,4.41696113074205,15.017667844522967
2007,CPV,1158,590,0,9,0.0,15.254237288135593
2007,FJI,3016,1602,0,1,0.0,0.6242197253433208
2007,TZA,1515,838,0,5,0.0,5.966587112171838
2007,NIC,2801,1352,0,1,0.0,0.7396449704142012
2007,SVK,1478,807,0,0,0.0,0.0
2007,PNG,1459,839,0,8,0.0,9.535160905840286
2007,ARE,1523,852,0,0,0.0,0.0
2007,TCD,2119,1087,0,3,0.0,2.7598896044158234
2007,LVA,1501,801,0,1,0.0,1.2484394506866416
2007,KIR,1288,684,0,5,0.0,7.309941520467836
2007,AGO,1532,801,0,4,0.0,4.9937578027465666
2007,ITA,1860,961,2,5,2.081165452653486,5.202913631633715
2007,LSO,1746,932,0,14,0.0,15.021459227467812
2007,BLZ,1062,565,0,13,0.0,23.008849557522122
2007,PER,2156,1194,0,5,0.0,4.187604690117253
2007,PSE,2115,1060,0,0,0.0,0.0
2007,SVN,867,480,0,1,0.0,2.0833333333333335
2007,LTU,1483,787,2,7,2.5412960609911055,8.89453621346887
2007,SYC,2169,1155,0,20,0.0,17.316017316017316
2007,TON,1914,1068,0,4,0.0,3.745318352059925
2007,CHL,1553,785,0,6,0.0,7.643312101910828
2007,TLS,2370,1280,0,2,0.0,1.5625
2007,DEU,1890,974,0,3,0.0,3.080082135523614
2007,COL,2158,1130,0,1,0.0,0.8849557522123894
2007,SLV,2572,1384,3,7,2.167630057803468,5.057803468208093
2007,GMB,2103,1123,0,1,0.0,0.8904719501335707
2007,GEO,3185,1606,0,1,0.0,0.6226650062266501
2007,FIN,1072,624,0,4,0.0,6.41025641025641
2007,KAZ,1884,1034,1,2,0.9671179883945842,1.9342359767891684
2007,TUV,1996,1113,0,22,0.0,19.766397124887693
2007,CIV,1412,760,0,0,0.0,0.0
2007,HND,2182,1133,0,1,0.0,0.88261253309797
2007,MKD,1394,765,0,5,0.0,6.5359477124183005
2007,SGP,1670,883,0,12,0.0,13.590033975084937
2007,KOR,1920,1044,1,2,0.9578544061302682,1.9157088122605364
2007,ISR,2378,1145,0,0,0.0,0.0
2007,VUT,1468,768,0,4,0.0,5.208333333333333
2007,KNA,1748,917,0,6,0.0,6.543075245365322
2007,CHE,1756,941,0,7,0.0,7.438894792773645
2007,CUB,2570,1292,0,5,0.0,3.869969040247678
2007,ERI,1511,819,0,1,0.0,1.221001221001221
2007,KHM,1701,925,0,9,0.0,9.72972972972973
2007,MDV,1785,991,0,12,0.0,12.108980827447022
2007,KEN,2460,1266,0,2,0.0,1.5797788309636651
2007,BHS,2248,1261,0,6,0.0,4.758128469468676
2007,GIN,2345,1202,0,3,0.0,2.4958402662229617
2007,DNK,2024,1094,0,10,0.0,9.140767824497258
2007,SYR,1684,894,0,0,0.0,0.0
2007,GNQ,1615,823,0,4,0.0,4.860267314702308
2007,SRB,1967,1069,0,4,0.0,3.7418147801683816
2007,BOL,2777,1311,0,14,0.0,10.678871090770405
2007,IDN,1233,668,0,17,0.0,25.449101796407184
2007,RUS,1808,1025,0,1,0.0,0.975609756097561
2007,MDG,1407,719,1,11,1.3908205841446453,15.2990264255911
2007,EST,1160,647,1,7,1.5455950540958268,10.819165378670787
2007,ALB,1574,833,0,0,0.0,0.0
2007,SWZ,1538,794,0,4,0.0,5.037783375314861
2007,NRU,2261,1197,0,6,0.0,5.012531328320802
2007,TUN,1872,1015,0,4,0.0,3.940886699507389
2007,NOR,1255,702,0,5,0.0,7.122507122507122
2007,BTN,1418,770,0,5,0.0,6.493506493506494
2007,BRB,2137,1154,0,9,0.0,7.79896013864818
2007,SWE,1465,783,0,2,0.0,2.554278416347382
2007,JOR,1492,825,0,1,0.0,1.2121212121212122
2007,ARG,3356,1752,0,1,0.0,0.5707762557077625
2007,IND,2087,1171,0,10,0.0,8.539709649871904
2007,ECU,1593,797,0,3,0.0,3.764115432873275
2007,CRI,1576,785,2,4,2.5477707006369426,5.095541401273885
2007,PRT,1904,992,0,6,0.0,6.048387096774193
2007,BFA,2035,1048,0,3,0.0,2.8625954198473282
2007,CHN,2325,1351,1,9,0.7401924500370096,6.661732050333087
2007,GNB,1275,687,0,0,0.0,0.0
2007,BGR,1809,1004,0,4,0.0,3.9840637450199203
2007,GBR,1931,1048,0,8,0.0,7.633587786259541
2007,LKA,1618,907,0,2,0.0,2.205071664829107
2007,POL,1083,554,0,12,0.0,21.660649819494584
2007,PRK,1631,883,0,0,0.0,0.0
2007,PHL,1450,796,0,5,0.0,6.28140703517588
2007,DZA,2512,1341,0,7,0.0,5.219985085756898
2007,MEX,2326,1269,0,9,0.0,7.092198581560283
2007,AUT,1782,999,0,3,0.0,3.003003003003003
2007,CYP,1899,977,1,5,1.0235414534288638,5.117707267144319
2007,COG,1997,1058,0,5,0.0,4.725897920604915
2007,SLB,2754,1470,0,1,0.0,0.6802721088435374
2007,TJK,1886,1059,0,6,0.0,5.6657223796034
2007,ATG,2757,1439,0,6,0.0,4.169562195969423
2007,CAF,1623,894,0,11,0.0,12.304250559284117
2007,BGD,2101,1168,0,5,0.0,4.280821917808219
2007,BRN,769,370,0,3,0.0,8.108108108108109
2007,MYS,1839,955,0,10,0.0,10.471204188481677
2007,UZB,1051,557,1,2,1.7953321364452424,3.5906642728904847
2007,VEN,1778,905,0,2,0.0,2.2099447513812156
2007,LIE,1121,567,0,2,0.0,3.527336860670194
2007,AZE,1578,866,1,1,1.1547344110854503,1.1547344110854503
2007,GRC,2107,1164,0,4,0.0,3.4364261168384878
2007,ISL,2238,1220,2,15,1.639344262295082,12.295081967213115
2007,HUN,2887,1597,0,3,0.0,1.878522229179712
2007,SMR,2268,1213,2,4,1.6488046166529267,3.2976092333058533
2007,COD,1355,716,0,6,0.0,8.379888268156424
2007,VCT,2020,1117,0,14,0.0,12.533572068039392
2007,ZWE,2055,1041,0,3,0.0,2.881844380403458
2007,LUX,2396,1253,0,5,0.0,3.9904229848363926
2007,ZMB,1814,1012,0,14,0.0,13.83399209486166
2007,TKM,1837,967,2,0,2.0682523267838677,0.0
2007,MDA,1138,622,0,2,0.0,3.215434083601286
2007,AFG,1284,700,0,1,0.0,1.4285714285714286
2007,SUR,837,469,0,5,0.0,10.660980810234541
2007,URY,2136,1121,0,5,0.0,4.460303300624442
2007,PAN,1450,759,0,0,0.0,0.0
2007,COM,2291,1170,0,1,0.0,0.8547008547008547
2007,PLW,1062,577,0,3,0.0,5.199306759098787
2007,TUR,2145,1153,1,4,0.8673026886383347,3.469210754553339
2007,FSM,1851,997,0,10,0.0,10.030090270812437
2007,DOM,1225,645,0,2,0.0,3.10077519379845
2007,ETH,1646,822,1,5,1.2165450121654502,6.082725060827251
2007,LBY,2227,1244,0,0,0.0,0.0
2007,BRA,1565,897,1,9,1.1148272017837235,10.033444816053512
2007,MNG,2532,1444,0,26,0.0,18.005540166204987
2007,OMN,1172,626,0,1,0.0,1.5974440894568689
2007,FRA,1816,875,0,0,0.0,0.0
2007,PAK,2151,1193,0,3,0.0,2.5146689019279127
2007,NER,2022,1116,0,4,0.0,3.5842293906810037
2007,MUS,3009,1628,0,14,0.0,8.5995085995086
2007,IRL,2334,1239,0,2,0.0,1.6142050040355125
2007,VNM,1721,991,0,2,0.0,2.0181634712411705
2007,BDI,1791,932,0,0,0.0,0.0
2007,ARM,1369,663,0,2,0.0,3.0165912518853695
2007,GHA,1662,922,0,1,0.0,1.0845986984815619
2007,WSM,2068,1112,0,15,0.0,13.489208633093524
2007,BEL,2312,1233,0,3,0.0,2.4330900243309004
2007,BLR,1538,831,6,5,7.220216606498195,6.016847172081829
2007,GUY,1810,985,0,13,0.0,13.197969543147208
2007,RWA,988,537,0,4,0.0,7.4487895716946
2007,JPN,2168,1243,0,10,0.0,8.045052292839904
2008,PLW,1222,685,2,6,2.9197080291970803,8.75912408759124
2008,TUR,1523,851,0,3,0.0,3.5252643948296125
2008,FSM,1685,917,5,16,5.452562704471101,17.448200654307524
2008,DOM,1593,795,0,0,0.0,0.0
2008,ETH,1144,637,0,0,0.0,0.0
2008,BRA,1615,897,2,1,2.229654403567447,1.1148272017837235
2008,LBY,2184,1209,0,4,0.0,3.3085194375516958
2008,MNG,1209,686,3,1,4.373177842565598,1.4577259475218658
2008,OMN,1401,764,0,4,0.0,5.235602094240838
2008,FRA,1455,691,0,2,0.0,2.894356005788712
2008,MLI,1465,792,1,5,1.2626262626262628,6.313131313131313
2008,PAK,2712,1309,0,0,0.0,0.0
2008,NER,2281,1241,1,2,0.8058017727639001,1.6116035455278002
2008,MUS,2892,1610,4,10,2.4844720496894412,6.211180124223602
2008,IRL,2584,1341,1,2,0.7457121551081282,1.4914243102162563
2008,VNM,906,501,0,4,0.0,7.984031936127744
2008,BDI,1635,911,1,1,1.0976948408342482,1.0976948408342482
2008,ARM,1610,829,0,0,0.0,0.0
2008,WSM,1936,1031,0,12,0.0,11.639185257032008
2008,GHA,1361,732,0,1,0.0,1.366120218579235
2008,BEL,1975,1003,0,5,0.0,4.985044865403789
2008,BLR,1608,866,1,6,1.1547344110854503,6.928406466512702
2008,GUY,1945,1059,1,13,0.9442870632672333,12.27573182247403
2008,RWA,623,346,0,3,0.0,8.670520231213873
2008,JPN,2305,1235,0,2,0.0,1.6194331983805668
2008,UZB,1029,553,0,1,0.0,1.8083182640144664
2008,VEN,2642,1422,1,1,0.7032348804500703,0.7032348804500703
2008,LIE,1277,688,1,3,1.4534883720930232,4.3604651162790695
2008,AZE,1445,806,0,0,0.0,0.0
2008,GRC,2033,1093,0,2,0.0,1.8298261665141813
2008,ISL,1456,807,0,5,0.0,6.195786864931847
2008,HUN,1943,1077,0,2,0.0,1.8570102135561746
2008,SMR,1605,884,0,3,0.0,3.3936651583710407
2008,COD,2373,1242,0,2,0.0,1.6103059581320451
2008,VCT,2125,1134,0,3,0.0,2.6455026455026456
2008,ZWE,1813,994,2,3,2.012072434607646,3.0181086519114686
2008,TKM,1943,1077,2,1,1.8570102135561746,0.9285051067780873
2008,LUX,2269,1167,0,5,0.0,4.284490145672665
2008,ZMB,1913,1046,0,3,0.0,2.868068833652008
2008,MDA,1305,727,1,3,1.375515818431912,4.126547455295736
2008,AFG,1351,723,0,1,0.0,1.3831258644536653
2008,SUR,1257,699,2,5,2.8612303290414878,7.15307582260372
2008,PAN,1723,829,0,4,0.0,4.8250904704463204
2008,URY,1881,1041,1,0,0.9606147934678194,0.0
2008,COM,1817,964,0,0,0.0,0.0
2008,ECU,2564,1363,0,2,0.0,1.467351430667645
2008,CRI,1770,884,0,1,0.0,1.1312217194570138
2008,BFA,1171,649,2,1,3.0816640986132513,1.5408320493066257
2008,PRT,1548,842,0,3,0.0,3.5629453681710217
2008,CHN,1348,713,0,2,0.0,2.805049088359046
2008,GNB,1369,715,0,3,0.0,4.195804195804196
2008,BGR,1398,797,0,1,0.0,1.2547051442910915
2008,GBR,2005,1034,1,3,0.9671179883945842,2.9013539651837523
2008,LKA,2275,1221,3,4,2.457002457002457,3.276003276003276
2008,POL,2273,1171,3,8,2.5619128949615715,6.831767719897523
2008,PRK,1747,954,0,0,0.0,0.0
2008,PHL,1192,662,1,0,1.5105740181268883,0.0
2008,DZA,1211,634,0,1,0.0,1.5772870662460567
2008,MEX,1700,890,0,3,0.0,3.370786516853933
2008,AUT,1908,1072,1,5,0.9328358208955224,4.664179104477611
2008,COG,2059,1097,0,3,0.0,2.734731084776664
2008,CYP,1491,775,0,2,0.0,2.5806451612903225
2008,SLB,2780,1632,1,12,0.6127450980392157,7.352941176470588
2008,ATG,1603,863,2,11,2.317497103128621,12.746234067207416
2008,TJK,2210,1230,1,4,0.8130081300813008,3.252032520325203
2008,CAF,1610,858,0,4,0.0,4.662004662004662
2008,BGD,2088,1154,0,2,0.0,1.7331022530329288
2008,BRN,1055,523,0,1,0.0,1.9120458891013383
2008,MYS,1839,1001,2,3,1.998001998001998,2.997002997002997
2008,BHS,1620,901,0,4,0.0,4.439511653718091
2008,GIN,1873,1026,0,0,0.0,0.0
2008,DNK,2001,1129,0,6,0.0,5.314437555358724
2008,GNQ,1445,769,1,3,1.3003901170351106,3.9011703511053315
2008,SYR,2009,1060,0,0,0.0,0.0
2008,SRB,1821,946,0,0,0.0,0.0
2008,BOL,2857,1369,0,6,0.0,4.382761139517896
2008,IDN,1740,930,3,9,3.225806451612903,9.67741935483871
2008,RUS,2408,1272,1,1,0.7861635220125787,0.7861635220125787
2008,MDG,1786,954,0,5,0.0,5.241090146750524
2008,EST,1356,735,0,2,0.0,2.7210884353741496
2008,ALB,1824,989,0,2,0.0,2.0222446916076846
2008,SWZ,1379,724,1,4,1.3812154696132597,5.524861878453039
2008,TUN,2106,1154,0,7,0.0,6.065857885615252
2008,NRU,2187,1207,5,10,4.142502071251036,8.285004142502071
2008,NOR,1278,674,1,8,1.483679525222552,11.869436201780417
2008,BTN,1668,843,0,5,0.0,5.931198102016607
2008,BRB,2159,1164,0,10,0.0,8.591065292096221
2008,SWE,1491,846,0,4,0.0,4.7281323877068555
2008,JOR,2215,1203,1,1,0.8312551953449709,0.8312551953449709
2008,ARG,2143,1031,0,0,0.0,0.0
2008,IND,1266,726,3,5,4.132231404958678,6.887052341597796
2008,PSE,2292,1160,0,1,0.0,0.8620689655172413
2008,PER,1921,1047,0,2,0.0,1.9102196752626552
2008,LTU,1422,737,0,0,0.0,0.0
2008,SVN,2066,1103,0,2,0.0,1.813236627379873
2008,SYC,1774,899,0,7,0.0,7.78642936596218
2008,CHL,2079,1046,0,2,0.0,1.9120458891013383
2008,TON,1376,757,0,7,0.0,9.247027741083224
2008,TLS,1925,1032,0,3,0.0,2.9069767441860463
2008,COL,1730,937,1,4,1.0672358591248667,4.268943436499467
2008,DEU,1782,946,0,1,0.0,1.0570824524312896
2008,GMB,1920,1018,2,1,1.9646365422396854,0.9823182711198427
2008,SLV,2975,1599,1,7,0.6253908692933083,4.377736085053158
2008,GEO,3332,1726,0,1,0.0,0.5793742757821553
2008,FIN,1224,695,0,12,0.0,17.26618705035971
2008,KAZ,1376,764,1,1,1.3089005235602096,1.3089005235602096
2008,TUV,1936,1135,3,26,2.643171806167401,22.90748898678414
2008,CIV,1592,840,1,0,1.1904761904761907,0.0
2008,HND,2822,1402,1,0,0.7132667617689016,0.0
2008,MKD,1463,747,0,1,0.0,1.3386880856760375
2008,KOR,2101,1159,1,10,0.8628127696289906,8.628127696289905
2008,SGP,2173,1173,0,3,0.0,2.557544757033248
2008,ISR,1643,895,1,1,1.1173184357541899,1.1173184357541899
2008,KNA,2733,1465,2,5,1.3651877133105803,3.4129692832764507
2008,VUT,2320,1242,0,4,0.0,3.2206119162640903
2008,CHE,1822,962,0,5,0.0,5.197505197505198
2008,CUB,2249,1169,0,4,0.0,3.4217279726261762
2008,ERI,1569,839,0,0,0.0,0.0
2008,KHM,1703,953,0,21,0.0,22.035676810073454
2008,MDV,1912,1040,2,15,1.9230769230769231,14.423076923076923
2008,KEN,1367,766,1,2,1.3054830287206267,2.6109660574412534
2008,AUS,2713,1450,1,5,0.689655172413793,3.4482758620689653
2008,NLD,1574,834,0,0,0.0,0.0
2008,MMR,1750,958,0,3,0.0,3.131524008350731
2008,TGO,1597,863,0,0,0.0,0.0
2008,SLE,1290,687,0,0,0.0,0.0
2008,LBN,2055,1106,0,3,0.0,2.7124773960216997
2008,KGZ,995,552,1,1,1.8115942028985508,1.8115942028985508
2008,NZL,1528,887,1,1,1.1273957158962795,1.1273957158962795
2008,EGY,1978,1051,1,4,0.9514747859181732,3.805899143672693
2008,UGA,1445,788,0,0,0.0,0.0
2008,CPV,1011,560,0,2,0.0,3.571428571428571
2008,FJI,3314,1712,0,6,0.0,3.5046728971962615
2008,TZA,2493,1335,0,1,0.0,0.7490636704119851
2008,NIC,2417,1225,1,4,0.8163265306122449,3.2653061224489797
2008,SVK,1209,680,0,2,0.0,2.941176470588235
2008,PNG,1985,1173,0,12,0.0,10.230179028132993
2008,ARE,1476,807,0,1,0.0,1.2391573729863692
2008,TCD,1717,897,0,0,0.0,0.0
2008,LVA,1784,975,2,6,2.051282051282051,6.153846153846154
2008,KIR,2651,1399,0,30,0.0,21.443888491779845
2008,ITA,1201,690,2,4,2.898550724637681,5.797101449275362
2008,AGO,1674,901,0,2,0.0,2.2197558268590454
2008,LSO,1746,901,0,2,0.0,2.2197558268590454
2008,BLZ,2091,1033,0,3,0.0,2.904162633107454
2008,SOM,1348,710,0,0,0.0,0.0
2008,YEM,1844,989,0,1,0.0,1.0111223458038423
2008,JAM,2137,1156,0,5,0.0,4.325259515570934
2008,IRQ,2022,1125,0,1,0.0,0.888888888888889
2008,MLT,1817,994,0,9,0.0,9.054325955734408
2008,SEN,2262,1113,0,0,0.0,0.0
2008,DMA,2064,1124,2,7,1.779359430604982,6.227758007117438
2008,NGA,1661,887,1,1,1.1273957158962795,1.1273957158962795
2008,NAM,1312,725,1,4,1.379310344827586,5.517241379310344
2008,IRN,3088,1580,0,0,0.0,0.0
2008,BIH,1429,709,0,0,0.0,0.0
2008,KWT,1661,914,0,2,0.0,2.1881838074398248
2008,MNE,1212,686,1,3,1.4577259475218658,4.373177842565598
2008,LAO,1349,777,0,4,0.0,5.148005148005148
2008,UKR,1167,618,0,0,0.0,0.0
2008,CMR,1594,861,0,2,0.0,2.3228803716608595
2008,LBR,2293,1214,1,1,0.8237232289950577,0.8237232289950577
2008,NPL,2326,1244,0,3,0.0,2.411575562700965
2008,VAT,1198,635,0,3,0.0,4.724409448818897
2008,MWI,1161,686,0,4,0.0,5.830903790087463
2008,BEN,1932,1049,0,3,0.0,2.859866539561487
2008,LCA,2693,1462,2,8,1.3679890560875512,5.471956224350205
2008,GRD,2053,1139,0,9,0.0,7.901668129938543
2008,ROU,2130,1175,2,3,1.702127659574468,2.553191489361702
2008,STP,1372,698,0,1,0.0,1.4326647564469914
2008,MCO,1565,864,1,8,1.1574074074074074,9.25925925925926
2008,BHR,2313,1272,2,7,1.5723270440251573,5.50314465408805
2008,AND,1207,649,1,4,1.5408320493066257,6.163328197226503
2008,GAB,1736,937,0,10,0.0,10.672358591248667
2008,HRV,2188,1196,0,1,0.0,0.8361204013377926
2008,THA,2285,1211,1,2,0.8257638315441783,1.6515276630883566
2008,PRY,2774,1424,0,3,0.0,2.106741573033708
2008,BWA,2470,1308,0,1,0.0,0.764525993883792
2008,TTO,2297,1260,4,4,3.1746031746031744,3.1746031746031744
2008,ZAF,2141,1141,1,7,0.8764241893076249,6.134969325153374
2008,USA,2862,1573,0,0,0.0,0.0
2008,QAT,567,292,0,0,0.0,0.0
2008,MOZ,1317,719,0,4,0.0,5.563282336578581
2008,SDN,3060,1600,0,4,0.0,2.5
2008,GTM,1644,833,0,1,0.0,1.2004801920768307
2008,MAR,1458,851,1,1,1.1750881316098707,1.1750881316098707
2008,CAN,2119,1183,0,8,0.0,6.762468300929839
2008,MHL,1588,848,3,10,3.5377358490566038,11.79245283018868
2008,CZE,2077,1131,0,3,0.0,2.6525198938992043
2008,HTI,1718,840,0,2,0.0,2.3809523809523814
2008,MRT,1977,1058,0,4,0.0,3.780718336483932
2008,ESP,1542,778,0,0,0.0,0.0
2009,DJI,1892,1030,1,2,0.970873786407767,1.941747572815534
2009,RUS,2606,1363,0,1,0.0,0.7336757153338225
2009,BOL,2391,1157,0,5,0.0,4.32152117545376
2009,SRB,2411,1276,0,2,0.0,1.567398119122257
2009,SYR,1932,1024,0,0,0.0,0.0
2009,GNQ,1489,795,1,3,1.2578616352201257,3.7735849056603774
2009,IDN,1800,950,1,7,1.0526315789473684,7.368421052631579
2009,DNK,1891,1020,0,9,0.0,8.823529411764707
2009,GIN,2214,1243,0,3,0.0,2.413515687851971
2009,BHS,1600,883,0,6,0.0,6.795016987542469
2009,JOR,2123,1154,0,1,0.0,0.8665511265164644
2009,SWE,1833,967,0,2,0.0,2.0682523267838677
2009,IND,1890,1047,2,9,1.9102196752626552,8.595988538681949
2009,ARG,2253,1097,0,3,0.0,2.734731084776664
2009,BRB,2325,1275,1,8,0.7843137254901961,6.2745098039215685
2009,SWZ,1545,807,0,5,0.0,6.195786864931847
2009,ALB,1993,1085,1,1,0.9216589861751152,0.9216589861751152
2009,BTN,1538,887,1,6,1.1273957158962795,6.764374295377677
2009,NOR,1075,611,0,2,0.0,3.273322422258593
2009,TUN,2225,1236,0,3,0.0,2.4271844660194173
2009,NRU,2131,1173,0,13,0.0,11.082693947144074
2009,EST,1330,763,3,5,3.931847968545216,6.55307994757536
2009,MDG,1427,748,0,3,0.0,4.010695187165775
2009,DZA,1135,580,0,1,0.0,1.7241379310344827
2009,PRK,1939,1027,0,2,0.0,1.9474196689386563
2009,LKA,2710,1534,0,3,0.0,1.955671447196871
2009,POL,1437,666,0,2,0.0,3.003003003003003
2009,PHL,1741,997,2,7,2.0060180541624875,7.021063189568706
2009,GNB,2323,1195,0,1,0.0,0.8368200836820083
2009,BGR,1750,953,0,2,0.0,2.0986358866736623
2009,GBR,2273,1168,0,7,0.0,5.993150684931506
2009,PRT,2281,1172,2,10,1.7064846416382253,8.532423208191126
2009,BFA,1089,593,0,7,0.0,11.804384485666104
2009,CRI,2319,1173,2,7,1.7050298380221653,5.967604433077579
2009,ECU,3278,1754,4,11,2.280501710376283,6.271379703534778
2009,CHN,1560,925,3,5,3.243243243243243,5.405405405405405
2009,BGD,2622,1538,0,14,0.0,9.102730819245773
2009,CAF,2459,1370,0,18,0.0,13.138686131386862
2009,MYS,1861,983,2,9,2.0345879959308237,9.155645981688709
2009,BRN,865,387,0,0,0.0,0.0
2009,SLB,2485,1407,1,7,0.7107320540156361,4.975124378109452
2009,ATG,2673,1448,0,13,0.0,8.977900552486188
2009,TJK,2456,1382,3,9,2.1707670043415344,6.512301013024602
2009,AUT,1700,952,0,4,0.0,4.201680672268908
2009,MEX,1406,785,0,6,0.0,7.643312101910828
2009,COG,1412,747,0,8,0.0,10.7095046854083
2009,CYP,1853,943,0,4,0.0,4.241781548250265
2009,COD,2649,1381,0,7,0.0,5.068790731354091
2009,SMR,1906,1042,0,6,0.0,5.758157389635317
2009,GRC,2979,1605,0,8,0.0,4.984423676012462
2009,AZE,1837,1031,2,0,1.9398642095053347,0.0
2009,HUN,1398,753,0,3,0.0,3.9840637450199203
2009,ISL,2072,1039,2,6,1.9249278152069298,5.7747834456207885
2009,LIE,1311,677,0,2,0.0,2.9542097488921715
2009,VEN,6115,2938,0,4,0.0,1.3614703880190604
2009,UZB,1122,632,0,1,0.0,1.5822784810126582
2009,COM,1560,821,0,0,0.0,0.0
2009,AFG,1186,666,0,0,0.0,0.0
2009,MDA,2399,1354,1,8,0.7385524372230429,5.908419497784343
2009,PAN,2059,1049,0,3,0.0,2.859866539561487
2009,URY,1568,813,0,0,0.0,0.0
2009,SUR,1124,640,0,6,0.0,9.375
2009,ZWE,1718,921,0,1,0.0,1.0857763300760044
2009,VCT,2454,1298,0,8,0.0,6.163328197226503
2009,LUX,2575,1341,2,10,1.4914243102162563,7.457121551081283
2009,ZMB,2172,1208,0,11,0.0,9.105960264900663
2009,TKM,2145,1162,0,0,0.0,0.0
2009,IRL,2662,1468,0,3,0.0,2.0435967302452314
2009,NER,2164,1105,0,2,0.0,1.8099547511312217
2009,MUS,4131,2207,4,7,1.8124150430448573,3.1717263253285
2009,PAK,1234,664,0,0,0.0,0.0
2009,MLI,1155,629,0,2,0.0,3.179650238473768
2009,FRA,1481,678,0,3,0.0,4.424778761061947
2009,BDI,2616,1416,2,4,1.4124293785310735,2.824858757062147
2009,VNM,1377,769,0,3,0.0,3.9011703511053315
2009,MNG,1655,954,0,7,0.0,7.337526205450734
2009,OMN,838,467,0,2,0.0,4.282655246252677
2009,ETH,1831,880,0,5,0.0,5.681818181818182
2009,DOM,1615,864,0,0,0.0,0.0
2009,LBY,10283,4801,0,1,0.0,0.20828993959591752
2009,BRA,1897,1025,0,9,0.0,8.78048780487805
2009,PLW,1414,766,2,6,2.6109660574412534,7.832898172323759
2009,FSM,1640,900,0,18,0.0,20.0
2009,TUR,2748,1423,0,4,0.0,2.8109627547434997
2009,JPN,2320,1292,1,6,0.7739938080495357,4.643962848297213
2009,RWA,1047,568,0,4,0.0,7.042253521126761
2009,GUY,1749,897,0,16,0.0,17.837235228539576
2009,BLR,2046,1076,4,1,3.717472118959108,0.929368029739777
2009,WSM,1737,942,2,13,2.1231422505307855,13.800424628450106
2009,GHA,1730,970,0,4,0.0,4.123711340206186
2009,ARM,1517,811,0,0,0.0,0.0
2009,BEL,1559,836,0,2,0.0,2.3923444976076556
2009,SDN,2431,1284,0,6,0.0,4.672897196261682
2009,MOZ,1258,691,0,5,0.0,7.23589001447178
2009,GTM,2176,1077,0,2,0.0,1.8570102135561746
2009,USA,5128,2506,3,5,1.1971268954509178,1.9952114924181963
2009,ZAF,1515,811,0,3,0.0,3.6991368680641186
2009,QAT,1374,734,7,6,9.536784741144414,8.174386920980925
2009,TTO,2069,1103,0,8,0.0,7.252946509519492
2009,BWA,1952,1038,0,5,0.0,4.816955684007707
2009,HTI,1080,564,0,3,0.0,5.319148936170213
2009,ESP,2272,1153,0,5,0.0,4.336513443191674
2009,MRT,1263,673,0,7,0.0,10.401188707280832
2009,CZE,992,522,0,2,0.0,3.8314176245210727
2009,MHL,1678,854,0,6,0.0,7.02576112412178
2009,CAN,1962,1088,0,11,0.0,10.11029411764706
2009,MAR,2160,1200,2,4,1.6666666666666667,3.3333333333333335
2009,KWT,2498,1403,0,3,0.0,2.138275124732716
2009,BIH,2300,1258,0,2,0.0,1.589825119236884
2009,MNE,2026,1156,3,9,2.5951557093425603,7.7854671280276815
2009,IRN,3454,1808,0,0,0.0,0.0
2009,NAM,1367,743,2,8,2.6917900403768504,10.767160161507402
2009,DMA,2113,1153,3,9,2.6019080659150045,7.805724197745013
2009,NGA,2381,1261,0,4,0.0,3.1720856463124503
2009,SEN,3096,1658,0,5,0.0,3.0156815440289506
2009,JAM,2295,1268,0,17,0.0,13.406940063091483
2009,SOM,1517,807,0,0,0.0,0.0
2009,YEM,1810,981,0,0,0.0,0.0
2009,MLT,2066,1057,0,6,0.0,5.676442762535478
2009,IRQ,2026,1135,0,0,0.0,0.0
2009,HRV,824,402,0,0,0.0,0.0
2009,PRY,1978,1050,0,4,0.0,3.8095238095238093
2009,THA,2233,1214,1,7,0.8237232289950577,5.766062602965404
2009,BHR,2186,1202,1,8,0.831946755407654,6.655574043261232
2009,AND,1309,678,0,2,0.0,2.949852507374631
2009,MCO,1755,926,0,11,0.0,11.879049676025918
2009,GAB,1144,589,0,3,0.0,5.093378607809847
2009,GRD,2321,1254,0,17,0.0,13.556618819776714
2009,LCA,3012,1667,1,10,0.5998800239952009,5.99880023995201
2009,BEN,1974,1094,0,7,0.0,6.39853747714808
2009,MWI,755,435,1,4,2.2988505747126435,9.195402298850574
2009,STP,1415,741,0,9,0.0,12.145748987854251
2009,ROU,2190,1168,0,6,0.0,5.136986301369863
2009,UKR,1478,790,0,0,0.0,0.0
2009,LAO,1748,993,1,7,1.0070493454179255,7.049345417925478
2009,VAT,1416,739,0,1,0.0,1.3531799729364007
2009,NPL,3042,1702,0,11,0.0,6.462984723854289
2009,CMR,1671,882,0,6,0.0,6.802721088435374
2009,LBR,2423,1369,0,5,0.0,3.652300949598247
2009,CPV,1941,1040,1,8,0.9615384615384616,7.6923076923076925
2009,UGA,1278,656,0,0,0.0,0.0
2009,NZL,2051,1103,0,9,0.0,8.159564823209429
2009,EGY,2662,1448,1,4,0.6906077348066298,2.7624309392265194
2009,SLE,1684,952,0,10,0.0,10.504201680672269
2009,KGZ,1659,946,0,1,0.0,1.0570824524312896
2009,LBN,1801,954,0,0,0.0,0.0
2009,NLD,1458,780,1,2,1.2820512820512822,2.5641025641025643
2009,AUS,2344,1303,1,14,0.7674597083653109,10.744435917114352
2009,TGO,2324,1222,0,2,0.0,1.6366612111292964
2009,MMR,1710,962,0,10,0.0,10.395010395010395
2009,BLZ,2541,1372,0,9,0.0,6.559766763848397
2009,LSO,1983,1019,0,8,0.0,7.850834151128557
2009,LVA,1791,979,0,2,0.0,2.042900919305414
2009,TCD,1647,844,0,2,0.0,2.3696682464454977
2009,ARE,1535,875,1,0,1.142857142857143,0.0
2009,AGO,2373,1318,0,2,0.0,1.5174506828528074
2009,ITA,1131,592,0,4,0.0,6.756756756756757
2009,KIR,1639,846,1,18,1.1820330969267139,21.27659574468085
2009,SVK,1877,1027,0,2,0.0,1.9474196689386563
2009,NIC,2100,1075,2,4,1.86046511627907,3.72093023255814
2009,PNG,2436,1396,0,15,0.0,10.744985673352435
2009,TZA,2097,1104,0,2,0.0,1.8115942028985508
2009,FJI,2404,1223,0,16,0.0,13.082583810302536
2009,FIN,1151,629,0,9,0.0,14.308426073131956
2009,KAZ,1752,966,0,0,0.0,0.0
2009,TUV,1884,1016,0,18,0.0,17.716535433070867
2009,SLV,2944,1537,0,3,0.0,1.951854261548471
2009,GMB,2557,1338,0,5,0.0,3.7369207772795217
2009,GEO,3254,1641,0,1,0.0,0.6093845216331506
2009,TON,1281,680,5,11,7.352941176470588,16.176470588235297
2009,CHL,1927,969,0,6,0.0,6.191950464396285
2009,DEU,2145,1160,0,3,0.0,2.586206896551724
2009,COL,1972,1057,2,6,1.8921475875118259,5.676442762535478
2009,TLS,1702,865,0,3,0.0,3.468208092485549
2009,PSE,1467,769,0,2,0.0,2.6007802340702213
2009,PER,1922,1042,0,8,0.0,7.677543186180422
2009,SYC,1293,672,0,17,0.0,25.297619047619047
2009,LTU,900,502,0,5,0.0,9.9601593625498
2009,SVN,1788,963,1,3,1.0384215991692627,3.115264797507788
2009,KEN,1875,994,0,5,0.0,5.030181086519114
2009,MDV,1576,857,0,5,0.0,5.834305717619603
2009,KHM,1870,1062,2,22,1.8832391713747645,20.715630885122412
2009,VUT,2310,1308,0,18,0.0,13.761467889908257
2009,KNA,2689,1447,0,9,0.0,6.2197650310988255
2009,ISR,2723,1427,0,0,0.0,0.0
2009,ERI,1089,561,0,1,0.0,1.7825311942959001
2009,CUB,2501,1340,1,4,0.746268656716418,2.985074626865672
2009,CHE,1266,696,0,3,0.0,4.310344827586206
2009,HND,3191,1576,0,0,0.0,0.0
2009,MKD,1788,916,0,6,0.0,6.550218340611353
2009,CIV,1862,946,1,4,1.0570824524312896,4.2283298097251585
2009,SGP,1845,1025,0,6,0.0,5.853658536585366
2009,KOR,2039,1141,0,10,0.0,8.76424189307625
2010,SGP,1851,1021,0,1,0.0,0.9794319294809011
2010,KOR,1914,1121,0,2,0.0,1.784121320249777
2010,CIV,2222,1190,0,8,0.0,6.722689075630252
2010,HND,2013,1076,1,4,0.929368029739777,3.717472118959108
2010,MKD,1603,852,1,4,1.1737089201877935,4.694835680751174
2010,CHE,1306,701,0,5,0.0,7.132667617689016
2010,CUB,1751,945,0,5,0.0,5.291005291005291
2010,ERI,1011,527,0,0,0.0,0.0
2010,ISR,1364,712,0,0,0.0,0.0
2010,VUT,2466,1357,0,12,0.0,8.843036109064112
2010,KNA,1779,993,0,3,0.0,3.0211480362537766
2010,KHM,1617,941,1,9,1.0626992561105206,9.564293304994687
2010,MDV,2301,1268,1,5,0.7886435331230284,3.943217665615142
2010,KEN,1183,648,0,4,0.0,6.172839506172839
2010,SVN,1126,593,0,4,0.0,6.745362563237774
2010,LTU,770,420,0,1,0.0,2.3809523809523814
2010,SYC,1517,795,1,4,1.2578616352201257,5.031446540880503
2010,PER,3545,1886,0,8,0.0,4.241781548250265
2010,PSE,2226,1177,0,3,0.0,2.548853016142736
2010,TLS,2341,1210,0,2,0.0,1.6528925619834711
2010,DEU,1707,922,1,9,1.0845986984815619,9.761388286334057
2010,COL,2297,1140,0,2,0.0,1.7543859649122808
2010,TON,1758,964,2,3,2.074688796680498,3.1120331950207465
2010,CHL,2180,1115,0,3,0.0,2.690582959641256
2010,GEO,3910,2048,0,0,0.0,0.0
2010,SLV,1961,1015,0,1,0.0,0.9852216748768472
2010,GMB,2457,1305,0,2,0.0,1.5325670498084292
2010,KAZ,2064,1137,0,0,0.0,0.0
2010,TUV,1402,794,1,11,1.2594458438287153,13.853904282115868
2010,FIN,1098,628,0,6,0.0,9.554140127388534
2010,FJI,1494,830,0,2,0.0,2.4096385542168677
2010,TZA,2078,1140,0,0,0.0,0.0
2010,PNG,1763,981,0,9,0.0,9.174311926605505
2010,NIC,2458,1302,0,6,0.0,4.608294930875576
2010,SVK,1996,1127,0,0,0.0,0.0
2010,KIR,1840,949,0,20,0.0,21.07481559536354
2010,AGO,1731,920,0,3,0.0,3.260869565217391
2010,ITA,1483,814,0,2,0.0,2.457002457002457
2010,ARE,1480,832,1,2,1.201923076923077,2.403846153846154
2010,TCD,1665,909,2,3,2.2002200220022,3.3003300330033003
2010,LVA,1956,1086,0,5,0.0,4.6040515653775325
2010,LSO,1391,740,0,5,0.0,6.756756756756757
2010,BLZ,1279,729,0,0,0.0,0.0
2010,MMR,1463,847,0,13,0.0,15.348288075560802
2010,TGO,1574,818,0,3,0.0,3.667481662591687
2010,AUS,3058,1718,1,21,0.5820721769499417,12.223515715948778
2010,NLD,1955,1008,0,3,0.0,2.976190476190476
2010,LBN,1470,798,0,0,0.0,0.0
2010,KGZ,1930,1103,1,2,0.9066183136899365,1.813236627379873
2010,SLE,1555,861,0,0,0.0,0.0
2010,EGY,2468,1301,0,0,0.0,0.0
2010,NZL,1980,1083,0,6,0.0,5.54016620498615
2010,UGA,822,451,0,0,0.0,0.0
2010,CPV,2689,1454,1,9,0.687757909215956,6.189821182943604
2010,LBR,1818,970,0,1,0.0,1.0309278350515465
2010,CMR,1305,656,0,1,0.0,1.524390243902439
2010,NPL,2961,1693,0,8,0.0,4.725339633786178
2010,VAT,2260,1218,0,1,0.0,0.8210180623973727
2010,LAO,1627,903,0,1,0.0,1.1074197120708749
2010,UKR,1500,845,0,1,0.0,1.183431952662722
2010,ROU,1689,940,0,3,0.0,3.1914893617021276
2010,STP,1697,934,0,5,0.0,5.353319057815845
2010,MWI,2392,1340,0,16,0.0,11.940298507462687
2010,LCA,3035,1661,1,15,0.6020469596628537,9.030704394942806
2010,BEN,2431,1320,0,4,0.0,3.0303030303030303
2010,GRD,1816,1005,0,5,0.0,4.975124378109452
2010,GAB,1896,987,0,5,0.0,5.065856129685917
2010,MCO,952,486,0,1,0.0,2.05761316872428
2010,AND,1680,889,0,10,0.0,11.248593925759279
2010,BHR,1662,911,0,2,0.0,2.1953896816684964
2010,PRY,1657,879,0,5,0.0,5.688282138794084
2010,THA,2695,1501,1,7,0.6662225183211192,4.663557628247834
2010,HRV,1554,837,0,2,0.0,2.389486260454002
2010,IRQ,1695,918,0,0,0.0,0.0
2010,MLT,2357,1275,0,4,0.0,3.1372549019607843
2010,YEM,2471,1332,0,7,0.0,5.255255255255256
2010,SOM,2250,1226,0,4,0.0,3.2626427406199023
2010,JAM,2671,1368,0,8,0.0,5.847953216374268
2010,SEN,3110,1602,1,0,0.6242197253433208,0.0
2010,NGA,1783,957,0,0,0.0,0.0
2010,DMA,2198,1183,1,8,0.8453085376162299,6.762468300929839
2010,NAM,1375,776,0,8,0.0,10.309278350515465
2010,IRN,3701,1907,0,1,0.0,0.5243838489774515
2010,MNE,1231,694,0,6,0.0,8.645533141210375
2010,BIH,1034,529,0,0,0.0,0.0
2010,KWT,2010,1070,0,4,0.0,3.7383177570093458
2010,MAR,1278,708,0,2,0.0,2.824858757062147
2010,CAN,1844,910,0,1,0.0,1.098901098901099
2010,MHL,1272,745,1,9,1.3422818791946307,12.080536912751677
2010,CZE,1048,526,0,2,0.0,3.802281368821293
2010,MRT,1197,632,0,0,0.0,0.0
2010,ESP,2201,1190,1,6,0.8403361344537815,5.04201680672269
2010,HTI,1644,847,0,2,0.0,2.3612750885478158
2010,BWA,1330,717,0,3,0.0,4.184100418410042
2010,TTO,2678,1419,0,11,0.0,7.751937984496124
2010,QAT,1359,707,3,3,4.243281471004243,4.243281471004243
2010,ZAF,1873,970,0,3,0.0,3.092783505154639
2010,USA,4077,2010,2,1,0.9950248756218905,0.49751243781094523
2010,GTM,1658,864,0,4,0.0,4.62962962962963
2010,SDN,2256,1224,0,7,0.0,5.718954248366012
2010,MOZ,1843,998,1,11,1.002004008016032,11.022044088176353
2010,BEL,1676,863,0,0,0.0,0.0
2010,ARM,1433,781,0,1,0.0,1.2804097311139564
2010,GHA,1507,820,0,5,0.0,6.097560975609756
2010,WSM,1742,939,0,15,0.0,15.974440894568689
2010,BLR,1854,1007,5,4,4.96524329692155,3.972194637537239
2010,GUY,2061,1052,2,12,1.9011406844106464,11.406844106463879
2010,RWA,762,393,0,1,0.0,2.544529262086514
2010,JPN,2437,1368,0,4,0.0,2.923976608187134
2010,TUR,2243,1231,0,4,0.0,3.249390739236393
2010,FSM,1815,985,1,14,1.0152284263959392,14.213197969543147
2010,PLW,1693,908,0,4,0.0,4.405286343612335
2010,LBY,1176,609,0,0,0.0,0.0
2010,BRA,2154,1182,0,3,0.0,2.5380710659898473
2010,DOM,1417,794,0,8,0.0,10.075566750629722
2010,ETH,2173,1106,0,2,0.0,1.8083182640144664
2010,OMN,922,505,0,0,0.0,0.0
2010,MNG,2473,1399,0,7,0.0,5.003573981415297
2010,VNM,1984,1163,0,2,0.0,1.7196904557179709
2010,BDI,1513,845,0,4,0.0,4.733727810650888
2010,FRA,2060,1018,0,2,0.0,1.9646365422396854
2010,PAK,2037,1136,0,9,0.0,7.922535211267605
2010,MLI,1612,846,0,4,0.0,4.7281323877068555
2010,NER,2508,1303,0,2,0.0,1.5349194167306217
2010,MUS,2353,1309,1,7,0.7639419404125286,5.347593582887701
2010,IRL,3271,1768,0,1,0.0,0.5656108597285069
2010,LUX,2505,1349,0,1,0.0,0.7412898443291327
2010,ZMB,1387,773,0,4,0.0,5.17464424320828
2010,VCT,3251,1696,0,7,0.0,4.127358490566038
2010,ZWE,1568,855,0,4,0.0,4.678362573099415
2010,SUR,1752,928,0,5,0.0,5.387931034482759
2010,URY,2165,1157,0,1,0.0,0.8643042350907519
2010,PAN,1673,894,0,2,0.0,2.237136465324385
2010,MDA,2280,1260,0,4,0.0,3.1746031746031744
2010,AFG,1643,908,0,0,0.0,0.0
2010,COM,1624,850,0,0,0.0,0.0
2010,VEN,1493,806,0,2,0.0,2.4813895781637716
2010,LIE,1471,715,0,1,0.0,1.3986013986013985
2010,ISL,1519,812,0,3,0.0,3.694581280788177
2010,HUN,1575,884,1,4,1.1312217194570138,4.524886877828055
2010,AZE,1459,848,0,2,0.0,2.3584905660377355
2010,GRC,1695,895,0,2,0.0,2.2346368715083798
2010,SMR,1874,1038,1,2,0.9633911368015414,1.9267822736030829
2010,COD,1466,768,0,3,0.0,3.90625
2010,CYP,1855,975,0,4,0.0,4.102564102564102
2010,COG,1554,810,0,2,0.0,2.4691358024691357
2010,MEX,2502,1356,0,4,0.0,2.949852507374631
2010,AUT,2137,1217,0,6,0.0,4.930156121610517
2010,TJK,2007,1145,4,14,3.493449781659389,12.22707423580786
2010,ATG,3148,1665,1,9,0.6006006006006006,5.405405405405405
2010,SLB,1984,1137,0,7,0.0,6.156552330694811
2010,BRN,644,320,0,1,0.0,3.125
2010,MYS,1559,823,0,2,0.0,2.430133657351154
2010,CAF,1705,954,0,2,0.0,2.0964360587002098
2010,BGD,2546,1526,1,17,0.6553079947575361,11.140235910878113
2010,CHN,1570,854,1,0,1.17096018735363,0.0
2010,ECU,1622,850,0,4,0.0,4.705882352941176
2010,CRI,1983,1061,2,3,1.885014137606032,2.827521206409048
2010,PRT,1764,935,2,3,2.1390374331550803,3.2085561497326203
2010,BFA,1233,669,0,3,0.0,4.484304932735426
2010,BGR,3169,1665,0,2,0.0,1.2012012012012012
2010,GBR,2233,1179,0,3,0.0,2.544529262086514
2010,GNB,1892,986,0,1,0.0,1.0141987829614605
2010,PHL,1079,532,0,4,0.0,7.518796992481203
2010,POL,2132,1191,1,5,0.8396305625524769,4.198152812762385
2010,LKA,1816,943,0,3,0.0,3.181336161187699
2010,PRK,1773,963,0,0,0.0,0.0
2010,DZA,1532,829,0,4,0.0,4.8250904704463204
2010,EST,1480,847,0,0,0.0,0.0
2010,NRU,1849,1010,0,7,0.0,6.930693069306931
2010,TUN,2983,1661,0,8,0.0,4.81637567730283
2010,NOR,1345,723,0,2,0.0,2.7662517289073305
2010,BTN,1744,946,0,11,0.0,11.627906976744185
2010,ALB,2051,1110,0,2,0.0,1.8018018018018018
2010,SWZ,1639,869,0,4,0.0,4.602991944764097
2010,BRB,2459,1374,0,9,0.0,6.550218340611353
2010,ARG,2632,1266,0,5,0.0,3.9494470774091623
2010,IND,1312,713,0,5,0.0,7.012622720897616
2010,SWE,2338,1312,0,4,0.0,3.048780487804878
2010,JOR,566,305,0,0,0.0,0.0
2010,BHS,1943,1084,1,6,0.9225092250922509,5.535055350553505
2010,GIN,1763,988,0,2,0.0,2.0242914979757085
2010,DNK,2219,1206,1,4,0.8291873963515755,3.316749585406302
2010,IDN,1361,748,0,5,0.0,6.684491978609626
2010,SYR,1663,869,0,5,0.0,5.753739930955121
2010,GNQ,1886,1001,1,1,0.999000999000999,0.999000999000999
2010,SRB,2163,1055,0,0,0.0,0.0
2010,BOL,3127,1514,0,16,0.0,10.568031704095112
2010,RUS,2152,1203,0,1,0.0,0.8312551953449709
2011,SMR,2632,1434,0,5,0.0,3.486750348675035
2011,COD,1205,624,0,2,0.0,3.205128205128205
2011,GRC,1951,1041,0,1,0.0,0.9606147934678194
2011,AZE,1523,839,0,2,0.0,2.3837902264600714
2011,ISL,1479,761,3,4,3.9421813403416555,5.256241787122208
2011,HUN,1317,717,0,1,0.0,1.3947001394700138
2011,UZB,1412,755,0,1,0.0,1.3245033112582782
2011,LIE,1515,813,0,0,0.0,0.0
2011,VEN,3282,1703,1,1,0.5871990604815032,0.5871990604815032
2011,COM,1851,989,0,4,0.0,4.044489383215369
2011,AFG,2463,1255,0,2,0.0,1.5936254980079683
2011,MDA,2421,1315,0,1,0.0,0.7604562737642585
2011,SUR,1543,835,0,6,0.0,7.18562874251497
2011,PAN,2244,1212,0,6,0.0,4.9504950495049505
2011,URY,2761,1509,1,7,0.6626905235255136,4.638833664678596
2011,ZWE,1555,826,0,3,0.0,3.6319612590799033
2011,VCT,2386,1315,0,3,0.0,2.2813688212927756
2011,TKM,1821,997,1,4,1.0030090270812437,4.012036108324975
2011,ZMB,2164,1205,0,12,0.0,9.95850622406639
2011,LUX,2257,1193,0,8,0.0,6.705783738474434
2011,MLI,1618,896,0,1,0.0,1.1160714285714286
2011,PAK,3465,1836,0,0,0.0,0.0
2011,FRA,1386,719,0,0,0.0,0.0
2011,IRL,2481,1325,0,2,0.0,1.5094339622641508
2011,MUS,3634,2009,1,15,0.49776007964161273,7.466401194624191
2011,NER,2724,1406,0,5,0.0,3.5561877667140824
2011,BDI,1228,633,0,1,0.0,1.5797788309636651
2011,VNM,1997,1156,0,6,0.0,5.190311418685121
2011,MNG,2661,1496,0,10,0.0,6.684491978609626
2011,SSD,1350,666,0,0,0.0,0.0
2011,OMN,898,478,0,2,0.0,4.184100418410042
2011,DOM,1557,850,0,2,0.0,2.352941176470588
2011,ETH,1701,810,0,3,0.0,3.7037037037037037
2011,EU,1932,983,0,3,0.0,3.051881993896236
2011,BRA,2484,1278,1,4,0.7824726134585289,3.1298904538341157
2011,LBY,2284,1154,0,0,0.0,0.0
2011,PLW,2107,1149,0,11,0.0,9.573542210617928
2011,TUR,3420,1720,0,0,0.0,0.0
2011,FSM,1604,878,0,15,0.0,17.084282460136674
2011,RWA,728,376,0,0,0.0,0.0
2011,JPN,2844,1585,1,3,0.6309148264984228,1.8927444794952681
2011,GUY,1969,1011,2,7,1.9782393669634024,6.9238377843719086
2011,BLR,1930,1028,1,1,0.9727626459143969,0.9727626459143969
2011,ARM,1870,1001,0,1,0.0,0.999000999000999
2011,WSM,2042,1116,0,6,0.0,5.376344086021506
2011,GHA,1849,1009,1,8,0.9910802775024776,7.928642220019821
2011,BEL,1699,875,0,2,0.0,2.285714285714286
2011,DJI,1652,868,0,0,0.0,0.0
2011,RUS,2779,1552,1,0,0.6443298969072165,0.0
2011,SRB,2653,1343,0,1,0.0,0.7446016381236039
2011,GNQ,1580,848,0,2,0.0,2.3584905660377355
2011,SYR,1739,921,0,0,0.0,0.0
2011,BOL,3647,1779,0,13,0.0,7.307476110174256
2011,IDN,1629,910,0,6,0.0,6.593406593406593
2011,DNK,1782,968,0,2,0.0,2.066115702479339
2011,BHS,2477,1379,1,4,0.7251631617113851,2.9006526468455403
2011,GIN,1582,884,0,1,0.0,1.1312217194570138
2011,SWE,1768,946,0,5,0.0,5.2854122621564485
2011,JOR,1014,554,0,0,0.0,0.0
2011,ARG,3171,1487,0,2,0.0,1.3449899125756557
2011,IND,1648,890,0,0,0.0,0.0
2011,BRB,2176,1103,0,2,0.0,1.813236627379873
2011,ALB,3105,1654,4,4,2.4183796856106405,2.4183796856106405
2011,SWZ,1273,682,0,2,0.0,2.932551319648094
2011,NOR,1665,925,2,1,2.1621621621621623,1.0810810810810811
2011,TUN,2370,1294,0,0,0.0,0.0
2011,NRU,1768,975,0,17,0.0,17.435897435897434
2011,BTN,1214,639,0,1,0.0,1.5649452269170578
2011,MDG,1180,612,0,0,0.0,0.0
2011,EST,2106,1140,0,4,0.0,3.5087719298245617
2011,DZA,1628,850,0,2,0.0,2.352941176470588
2011,PRK,2061,1104,0,0,0.0,0.0
2011,LKA,1672,855,0,2,0.0,2.3391812865497075
2011,POL,2443,1277,0,1,0.0,0.7830853563038371
2011,PHL,1614,889,0,0,0.0,0.0
2011,GNB,1627,862,0,0,0.0,0.0
2011,GBR,2361,1122,0,0,0.0,0.0
2011,BGR,2791,1464,0,1,0.0,0.6830601092896175
2011,ECU,2697,1501,0,7,0.0,4.663557628247834
2011,BFA,1834,1015,0,4,0.0,3.940886699507389
2011,PRT,2331,1218,0,0,0.0,0.0
2011,CRI,2178,1160,1,2,0.8620689655172413,1.7241379310344827
2011,CHN,2824,1627,0,0,0.0,0.0
2011,CAF,1449,782,0,3,0.0,3.8363171355498724
2011,BGD,2141,1232,0,7,0.0,5.681818181818182
2011,BRN,1129,585,0,1,0.0,1.7094017094017093
2011,MYS,1544,820,0,2,0.0,2.4390243902439024
2011,SLB,2476,1436,2,7,1.392757660167131,4.874651810584958
2011,ATG,3242,1754,0,2,0.0,1.1402508551881414
2011,TJK,1470,828,4,5,4.830917874396135,6.038647342995169
2011,MEX,2309,1203,0,12,0.0,9.975062344139651
2011,AUT,1546,873,1,0,1.1454753722794961,0.0
2011,COG,1806,971,0,3,0.0,3.089598352214212
2011,CYP,1870,984,1,0,1.016260162601626,0.0
2011,UGA,1204,682,0,0,0.0,0.0
2011,CPV,1445,769,0,1,0.0,1.3003901170351106
2011,NZL,2446,1345,0,7,0.0,5.204460966542751
2011,EGY,2812,1505,0,0,0.0,0.0
2011,SLE,1799,960,0,2,0.0,2.0833333333333335
2011,LBN,1788,958,0,2,0.0,2.08768267223382
2011,KGZ,1402,750,0,2,0.0,2.6666666666666665
2011,AUS,2711,1450,0,3,0.0,2.0689655172413794
2011,NLD,1508,826,0,0,0.0,0.0
2011,TGO,1728,931,0,0,0.0,0.0
2011,MMR,1807,1027,0,6,0.0,5.8422590068159685
2011,LSO,1801,940,0,1,0.0,1.0638297872340425
2011,BLZ,1322,729,1,11,1.371742112482853,15.089163237311386
2011,ARE,1448,795,0,1,0.0,1.2578616352201257
2011,LVA,1485,825,0,4,0.0,4.848484848484849
2011,TCD,1476,756,0,1,0.0,1.3227513227513228
2011,KIR,1234,617,0,14,0.0,22.690437601296598
2011,ITA,1447,774,0,0,0.0,0.0
2011,AGO,1771,938,0,0,0.0,0.0
2011,NIC,3387,1825,0,4,0.0,2.191780821917808
2011,SVK,1434,786,0,0,0.0,0.0
2011,PNG,1433,825,0,4,0.0,4.848484848484849
2011,FJI,2095,1180,0,5,0.0,4.237288135593221
2011,TZA,2242,1132,0,0,0.0,0.0
2011,FIN,1293,691,0,1,0.0,1.447178002894356
2011,TUV,1648,922,1,7,1.0845986984815619,7.592190889370932
2011,KAZ,1710,956,0,0,0.0,0.0
2011,GMB,2742,1454,0,6,0.0,4.126547455295736
2011,SLV,2178,1086,0,1,0.0,0.9208103130755064
2011,GEO,3049,1588,0,0,0.0,0.0
2011,CHL,2531,1253,0,3,0.0,2.3942537909018355
2011,TON,1545,844,4,3,4.739336492890995,3.554502369668246
2011,TLS,2666,1412,0,2,0.0,1.41643059490085
2011,COL,1538,759,0,1,0.0,1.3175230566534915
2011,DEU,1644,866,0,3,0.0,3.464203233256351
2011,PSE,3982,2019,0,0,0.0,0.0
2011,PER,2209,1150,1,5,0.8695652173913044,4.3478260869565215
2011,LTU,855,479,0,1,0.0,2.08768267223382
2011,SVN,1562,836,0,5,0.0,5.980861244019139
2011,KEN,860,471,0,3,0.0,6.369426751592357
2011,KHM,1935,1156,3,17,2.5951557093425603,14.705882352941176
2011,MDV,1683,897,2,6,2.229654403567447,6.688963210702341
2011,ISR,3997,1982,0,0,0.0,0.0
2011,KNA,1934,1075,0,4,0.0,3.72093023255814
2011,VUT,2781,1567,0,12,0.0,7.657945118059987
2011,CUB,2048,1089,0,4,0.0,3.6730945821854912
2011,CHE,1052,564,0,0,0.0,0.0
2011,ERI,1282,665,0,1,0.0,1.5037593984962407
2011,CIV,1817,986,1,3,1.0141987829614605,3.0425963488843815
2011,MKD,2129,1015,0,3,0.0,2.9556650246305423
2011,HND,1801,975,0,3,0.0,3.076923076923077
2011,KOR,2402,1352,1,3,0.7396449704142012,2.2189349112426036
2011,SGP,1612,916,0,1,0.0,1.0917030567685588
2011,MOZ,1557,831,0,1,0.0,1.203369434416366
2011,SDN,2367,1247,0,5,0.0,4.0096230954290295
2011,GTM,2095,1127,0,4,0.0,3.5492457852706303
2011,USA,4526,2237,0,1,0.0,0.4470272686633885
2011,ZAF,1519,798,0,3,0.0,3.7593984962406015
2011,QAT,819,395,0,0,0.0,0.0
2011,TTO,3276,1730,0,1,0.0,0.5780346820809249
2011,BWA,2326,1277,1,7,0.7830853563038371,5.481597494126859
2011,HTI,1594,807,0,3,0.0,3.717472118959108
2011,MRT,2345,1275,0,1,0.0,0.7843137254901961
2011,ESP,2476,1300,0,2,0.0,1.5384615384615385
2011,CZE,927,471,0,1,0.0,2.1231422505307855
2011,CAN,2385,1294,0,0,0.0,0.0
2011,MHL,1644,952,0,7,0.0,7.352941176470588
2011,MAR,2876,1607,0,2,0.0,1.2445550715619167
2011,BIH,2241,1212,0,4,0.0,3.3003300330033003
2011,KWT,2069,1108,0,2,0.0,1.8050541516245489
2011,MNE,2069,1137,0,7,0.0,6.156552330694811
2011,NAM,838,458,0,2,0.0,4.366812227074235
2011,IRN,3011,1581,0,1,0.0,0.6325110689437066
2011,SEN,2710,1333,0,1,0.0,0.7501875468867217
2011,DMA,2490,1350,4,11,2.962962962962963,8.148148148148147
2011,NGA,2406,1295,0,1,0.0,0.7722007722007722
2011,SOM,2932,1535,0,1,0.0,0.6514657980456027
2011,YEM,1714,927,0,1,0.0,1.0787486515641855
2011,JAM,3985,2234,0,12,0.0,5.371530886302597
2011,IRQ,2274,1166,0,0,0.0,0.0
2011,MLT,2033,1091,0,2,0.0,1.8331805682859763
2011,HRV,2267,1278,0,5,0.0,3.912363067292645
2011,THA,1595,879,0,1,0.0,1.1376564277588168
2011,PRY,3022,1576,2,1,1.2690355329949237,0.6345177664974618
2011,MCO,1234,664,1,2,1.5060240963855422,3.0120481927710845
2011,BHR,1256,669,0,1,0.0,1.4947683109118086
2011,AND,2101,1061,0,8,0.0,7.540056550424128
2011,GAB,1846,982,0,5,0.0,5.091649694501019
2011,BEN,2706,1461,0,2,0.0,1.3689253935660506
2011,LCA,2117,1189,9,9,7.5693860386879726,7.5693860386879726
2011,MWI,1286,678,0,7,0.0,10.32448377581121
2011,GRD,2098,1163,3,7,2.5795356835769563,6.0189165950128976
2011,ROU,1733,951,0,1,0.0,1.0515247108307044
2011,STP,2076,1140,0,5,0.0,4.385964912280701
2011,UKR,1866,1030,0,1,0.0,0.970873786407767
2011,LAO,1556,891,0,1,0.0,1.122334455667789
2011,NPL,2427,1321,0,2,0.0,1.514004542013626
2011,CMR,1509,787,0,0,0.0,0.0
2011,LBR,1714,973,0,0,0.0,0.0
2011,VAT,2283,1218,0,0,0.0,0.0
2012,COM,1826,973,0,5,0.0,5.138746145940391
2012,AFG,1552,817,0,0,0.0,0.0
2012,MDA,1863,1040,0,1,0.0,0.9615384615384616
2012,SUR,1865,1000,0,2,0.0,2.0
2012,URY,2685,1406,0,1,0.0,0.7112375533428166
2012,PAN,2804,1473,0,1,0.0,0.678886625933469
2012,ZWE,2157,1108,0,1,0.0,0.9025270758122744
2012,VCT,3612,1945,0,4,0.0,2.056555269922879
2012,TKM,1371,786,0,1,0.0,1.272264631043257
2012,LUX,2119,1144,1,6,0.8741258741258742,5.244755244755245
2012,ZMB,1609,892,0,1,0.0,1.1210762331838564
2012,SMR,2753,1485,0,3,0.0,2.0202020202020203
2012,COD,951,476,0,0,0.0,0.0
2012,GRC,2045,1090,0,0,0.0,0.0
2012,AZE,1914,1052,0,0,0.0,0.0
2012,ISL,1352,684,1,1,1.461988304093567,1.461988304093567
2012,HUN,1266,683,0,1,0.0,1.4641288433382138
2012,UZB,1362,747,0,1,0.0,1.3386880856760375
2012,LIE,1877,955,0,0,0.0,0.0
2012,VEN,1868,1032,0,1,0.0,0.9689922480620154
2012,RWA,769,406,0,0,0.0,0.0
2012,JPN,2919,1625,1,3,0.6153846153846154,1.846153846153846
2012,GUY,2408,1286,0,6,0.0,4.665629860031105
2012,BLR,1861,959,0,2,0.0,2.0855057351407718
2012,ARM,1626,852,0,0,0.0,0.0
2012,GHA,2228,1145,0,0,0.0,0.0
2012,WSM,2164,1168,0,7,0.0,5.993150684931506
2012,BEL,1782,961,1,1,1.040582726326743,1.040582726326743
2012,MLI,1953,1006,0,2,0.0,1.9880715705765406
2012,PAK,2275,1169,0,1,0.0,0.8554319931565441
2012,FRA,2183,1062,0,1,0.0,0.9416195856873822
2012,IRL,2353,1240,0,2,0.0,1.6129032258064515
2012,NER,1341,685,0,0,0.0,0.0
2012,MUS,1759,987,1,4,1.0131712259371835,4.052684903748734
2012,BDI,2001,1066,0,0,0.0,0.0
2012,VNM,1303,760,0,3,0.0,3.947368421052632
2012,MNG,1641,859,0,0,0.0,0.0
2012,SSD,2388,1281,0,0,0.0,0.0
2012,OMN,1409,754,0,0,0.0,0.0
2012,DOM,2019,1099,0,3,0.0,2.72975432211101
2012,ETH,1831,893,0,2,0.0,2.2396416573348263
2012,EU,1870,977,0,1,0.0,1.0235414534288638
2012,BRA,2253,1224,0,5,0.0,4.0849673202614385
2012,LBY,2766,1514,0,0,0.0,0.0
2012,PLW,1985,1121,0,12,0.0,10.70472792149866
2012,TUR,3077,1567,0,0,0.0,0.0
2012,FSM,1392,778,6,10,7.712082262210797,12.853470437017995
2012,SWE,1609,867,0,2,0.0,2.306805074971165
2012,JOR,1211,658,0,0,0.0,0.0
2012,ARG,4249,2012,0,0,0.0,0.0
2012,IND,1813,1028,0,1,0.0,0.9727626459143969
2012,BRB,2083,1164,5,10,4.295532646048111,8.591065292096221
2012,ALB,2248,1237,0,1,0.0,0.8084074373484236
2012,SWZ,1884,990,2,0,2.0202020202020203,0.0
2012,NOR,1335,671,0,0,0.0,0.0
2012,NRU,1962,1060,1,19,0.9433962264150944,17.92452830188679
2012,TUN,1532,791,0,0,0.0,0.0
2012,BTN,1428,740,0,1,0.0,1.3513513513513513
2012,MDG,1556,843,0,0,0.0,0.0
2012,EST,1865,1033,0,0,0.0,0.0
2012,DJI,2452,1316,0,2,0.0,1.5197568389057752
2012,RUS,2257,1198,0,0,0.0,0.0
2012,SRB,3413,1767,4,3,2.2637238256932655,1.697792869269949
2012,GNQ,1564,832,0,1,0.0,1.201923076923077
2012,SYR,2729,1441,0,0,0.0,0.0
2012,BOL,3669,1803,0,12,0.0,6.655574043261232
2012,IDN,1720,901,0,0,0.0,0.0
2012,DNK,2204,1226,3,1,2.446982055464926,0.8156606851549756
2012,BHS,2830,1515,1,1,0.6600660066006601,0.6600660066006601
2012,GIN,1639,916,0,1,0.0,1.0917030567685588
2012,CAF,1923,1052,0,1,0.0,0.9505703422053232
2012,BGD,2230,1324,0,10,0.0,7.552870090634442
2012,BRN,1280,665,0,0,0.0,0.0
2012,MYS,2117,1122,0,0,0.0,0.0
2012,SLB,2445,1428,0,9,0.0,6.302521008403361
2012,TJK,1454,813,1,2,1.2300123001230012,2.4600246002460024
2012,ATG,3526,1901,1,9,0.5260389268805892,4.734350341925302
2012,MEX,5216,2712,0,20,0.0,7.374631268436578
2012,AUT,1585,883,2,3,2.2650056625141564,3.3975084937712343
2012,CYP,1455,775,0,1,0.0,1.2903225806451613
2012,COG,2007,1065,0,1,0.0,0.9389671361502347
2012,DZA,1912,1010,1,1,0.9900990099009901,0.9900990099009901
2012,PRK,2066,1155,0,0,0.0,0.0
2012,LKA,2182,1238,0,3,0.0,2.4232633279483036
2012,POL,2122,1119,0,0,0.0,0.0
2012,PHL,2321,1257,0,6,0.0,4.773269689737471
2012,BGR,1992,1117,0,0,0.0,0.0
2012,GBR,2472,1251,0,1,0.0,0.7993605115907274
2012,ECU,3545,1888,0,7,0.0,3.707627118644068
2012,BFA,1978,1082,0,3,0.0,2.7726432532347505
2012,PRT,2216,1152,0,1,0.0,0.8680555555555555
2012,CRI,1933,1034,0,0,0.0,0.0
2012,CHN,2928,1707,0,0,0.0,0.0
2012,LSO,2019,1074,0,2,0.0,1.86219739292365
2012,BLZ,2013,1042,0,7,0.0,6.717850287907869
2012,ARE,1615,885,2,1,2.2598870056497176,1.1299435028248588
2012,LVA,1377,771,0,0,0.0,0.0
2012,TCD,1742,922,0,0,0.0,0.0
2012,KIR,2222,1083,0,14,0.0,12.927054478301015
2012,ITA,2079,1173,0,3,0.0,2.557544757033248
2012,AGO,1818,997,0,2,0.0,2.0060180541624875
2012,NIC,2278,1201,2,2,1.6652789342214822,1.6652789342214822
2012,SVK,1996,1099,1,3,0.9099181073703367,2.72975432211101
2012,PNG,1930,1059,0,3,0.0,2.8328611898017
2012,FJI,2351,1255,0,2,0.0,1.5936254980079683
2012,TZA,1734,936,0,0,0.0,0.0
2012,UGA,1141,639,0,0,0.0,0.0
2012,CPV,2233,1169,0,5,0.0,4.277159965782721
2012,NZL,2127,1065,4,4,3.755868544600939,3.755868544600939
2012,EGY,3395,1766,0,1,0.0,0.5662514156285391
2012,SLE,2501,1408,0,1,0.0,0.7102272727272727
2012,LBN,1878,1005,0,1,0.0,0.9950248756218905
2012,KGZ,3245,1786,0,4,0.0,2.2396416573348263
2012,NLD,1673,955,0,0,0.0,0.0
2012,AUS,1933,1071,0,1,0.0,0.9337068160597572
2012,TGO,2168,1126,0,0,0.0,0.0
2012,MMR,1625,900,1,0,1.1111111111111112,0.0
2012,KEN,1303,707,0,2,0.0,2.828854314002829
2012,KHM,1626,937,0,10,0.0,10.672358591248667
2012,MDV,1747,953,4,8,4.197271773347325,8.39454354669465
2012,ISR,3366,1723,0,0,0.0,0.0
2012,KNA,3003,1617,3,4,1.8552875695732838,2.473716759431045
2012,VUT,1789,990,0,5,0.0,5.050505050505051
2012,CUB,1586,841,0,3,0.0,3.5671819262782405
2012,CHE,1791,967,0,6,0.0,6.204756980351602
2012,ERI,743,399,1,0,2.506265664160401,0.0
2012,CIV,1964,1055,0,0,0.0,0.0
2012,HND,1566,819,0,1,0.0,1.221001221001221
2012,MKD,2937,1515,0,2,0.0,1.3201320132013201
2012,KOR,1666,938,0,1,0.0,1.0660980810234542
2012,SGP,1125,624,0,1,0.0,1.6025641025641024
2012,SAU,1670,893,0,0,0.0,0.0
2012,FIN,1541,823,0,1,0.0,1.215066828675577
2012,KAZ,1896,1062,1,0,0.9416195856873822,0.0
2012,TUV,2210,1213,1,10,0.8244023083264633,8.244023083264633
2012,GMB,3067,1583,0,2,0.0,1.2634238787113075
2012,SLV,2246,1136,0,0,0.0,0.0
2012,GEO,3410,1737,0,1,0.0,0.5757052389176742
2012,CHL,3053,1699,1,4,0.5885815185403178,2.3543260741612713
2012,TON,1787,1012,8,8,7.905138339920948,7.905138339920948
2012,TLS,2824,1499,0,2,0.0,1.33422281521014
2012,COL,1727,872,0,0,0.0,0.0
2012,DEU,1507,777,0,0,0.0,0.0
2012,PER,1889,1013,0,0,0.0,0.0
2012,PSE,3315,1711,0,0,0.0,0.0
2012,SVN,1115,597,0,0,0.0,0.0
2012,LTU,702,382,4,1,10.471204188481677,2.617801047120419
2012,SYC,1466,777,4,4,5.148005148005148,5.148005148005148
2012,HTI,1105,575,0,1,0.0,1.7391304347826089
2012,MRT,3009,1612,0,3,0.0,1.8610421836228288
2012,ESP,2765,1421,0,0,0.0,0.0
2012,CZE,708,387,0,0,0.0,0.0
2012,CAN,2776,1451,0,0,0.0,0.0
2012,MHL,1801,995,0,3,0.0,3.015075376884422
2012,MAR,1754,976,0,0,0.0,0.0
2012,MOZ,1949,1051,0,1,0.0,0.9514747859181732
2012,SDN,3376,1807,0,3,0.0,1.6602102933038185
2012,GTM,1751,931,0,0,0.0,0.0
2012,USA,4041,1956,0,0,0.0,0.0
2012,ZAF,2166,1172,0,1,0.0,0.8532423208191127
2012,QAT,1794,920,0,2,0.0,2.1739130434782608
2012,TTO,2022,1127,0,2,0.0,1.7746228926353151
2012,BWA,2124,1145,0,4,0.0,3.493449781659389
2012,HRV,2690,1511,0,0,0.0,0.0
2012,THA,1452,811,0,2,0.0,2.466091245376079
2012,PRY,2264,1188,0,0,0.0,0.0
2012,MCO,1514,757,0,1,0.0,1.321003963011889
2012,AND,2021,1055,0,0,0.0,0.0
2012,BHR,2660,1453,0,0,0.0,0.0
2012,GAB,1720,951,0,2,0.0,2.103049421661409
2012,BEN,2510,1367,0,1,0.0,0.731528895391368
2012,LCA,3229,1646,0,10,0.0,6.075334143377886
2012,MWI,1822,935,1,1,1.0695187165775402,1.0695187165775402
2012,GRD,2412,1340,1,3,0.746268656716418,2.238805970149254
2012,ROU,1775,960,0,1,0.0,1.0416666666666667
2012,STP,2054,1097,0,0,0.0,0.0
2012,UKR,2043,1153,3,3,2.6019080659150045,2.6019080659150045
2012,LAO,1192,693,0,3,0.0,4.329004329004329
2012,NPL,2653,1490,0,5,0.0,3.3557046979865772
2012,LBR,1880,1046,0,0,0.0,0.0
2012,CMR,1451,760,0,1,0.0,1.3157894736842104
2012,VAT,2783,1483,0,1,0.0,0.6743088334457181
2012,BIH,2146,1082,0,0,0.0,0.0
2012,KWT,2479,1341,0,2,0.0,1.4914243102162563
2012,MNE,1747,981,1,2,1.0193679918450562,2.0387359836901124
2012,NAM,1053,596,0,2,0.0,3.3557046979865772
2012,IRN,3866,1998,0,0,0.0,0.0
2012,SEN,1622,839,0,0,0.0,0.0
2012,NGA,1977,1083,0,0,0.0,0.0
2012,DMA,2316,1256,8,12,6.369426751592357,9.554140127388534
2012,YEM,2450,1330,0,0,0.0,0.0
2012,SOM,2471,1271,0,0,0.0,0.0
2012,JAM,2153,1203,0,2,0.0,1.6625103906899419
2012,IRQ,2337,1258,0,0,0.0,0.0
2012,MLT,1402,692,0,0,0.0,0.0
2013,MHL,1267,712,0,3,0.0,4.213483146067416
2013,CAN,3115,1653,0,0,0.0,0.0
2013,MAR,1865,975,0,0,0.0,0.0
2013,ESP,2741,1464,0,2,0.0,1.366120218579235
2013,MRT,2356,1272,0,1,0.0,0.7861635220125787
2013,HTI,2420,1289,0,3,0.0,2.3273855702094646
2013,CZE,1336,732,1,0,1.366120218579235,0.0
2013,TTO,3115,1687,1,3,0.5927682276229994,1.7783046828689981
2013,BWA,1765,981,0,9,0.0,9.174311926605505
2013,GTM,1969,961,0,0,0.0,0.0
2013,MOZ,1648,831,0,0,0.0,0.0
2013,SDN,2150,1088,0,5,0.0,4.595588235294118
2013,QAT,2080,1092,0,2,0.0,1.8315018315018314
2013,ZAF,1457,773,0,0,0.0,0.0
2013,USA,5653,2851,0,1,0.0,0.350754121360926
2013,STP,2112,1177,0,1,0.0,0.8496176720475787
2013,ROU,2422,1331,0,0,0.0,0.0
2013,GRD,1958,1076,1,7,0.929368029739777,6.5055762081784385
2013,MWI,1455,767,0,0,0.0,0.0
2013,BEN,2436,1298,0,0,0.0,0.0
2013,LCA,2396,1280,2,4,1.5625,3.125
2013,VAT,2827,1484,0,0,0.0,0.0
2013,CMR,1979,1040,0,1,0.0,0.9615384615384616
2013,LBR,2015,1101,0,3,0.0,2.7247956403269753
2013,NPL,3112,1764,0,6,0.0,3.401360544217687
2013,LAO,1580,900,0,1,0.0,1.1111111111111112
2013,UKR,1991,1071,1,0,0.9337068160597572,0.0
2013,THA,1654,918,0,5,0.0,5.446623093681917
2013,PRY,2097,1063,2,0,1.8814675446848543,0.0
2013,HRV,2462,1331,0,0,0.0,0.0
2013,GAB,2057,1116,0,2,0.0,1.7921146953405018
2013,BHR,2933,1591,0,1,0.0,0.6285355122564426
2013,AND,1486,742,0,0,0.0,0.0
2013,MCO,1953,1013,0,9,0.0,8.884501480750247
2013,DMA,2358,1294,16,6,12.364760432766614,4.63678516228748
2013,NGA,1857,983,0,1,0.0,1.0172939979654119
2013,SEN,1102,608,0,2,0.0,3.289473684210526
2013,MLT,2335,1191,0,4,0.0,3.3585222502099077
2013,IRQ,2303,1258,0,3,0.0,2.3847376788553256
2013,JAM,1684,926,0,3,0.0,3.239740820734341
2013,SOM,2235,1161,0,0,0.0,0.0
2013,YEM,1673,874,0,0,0.0,0.0
2013,MNE,2123,1162,0,4,0.0,3.442340791738382
2013,KWT,2055,1099,0,0,0.0,0.0
2013,BIH,2037,1084,0,1,0.0,0.9225092250922509
2013,IRN,2668,1443,0,0,0.0,0.0
2013,NAM,1012,567,0,1,0.0,1.763668430335097
2013,PNG,2164,1281,0,3,0.0,2.34192037470726
2013,SVK,2330,1272,0,0,0.0,0.0
2013,NIC,1783,993,0,1,0.0,1.0070493454179255
2013,TZA,2443,1269,0,0,0.0,0.0
2013,FJI,2225,1196,0,3,0.0,2.508361204013378
2013,BLZ,2876,1554,0,7,0.0,4.504504504504505
2013,LSO,1680,877,0,1,0.0,1.1402508551881414
2013,ITA,1734,969,0,0,0.0,0.0
2013,AGO,1667,918,0,0,0.0,0.0
2013,KIR,2077,1015,0,14,0.0,13.793103448275861
2013,TCD,1635,881,1,0,1.1350737797956867,0.0
2013,LVA,961,556,0,0,0.0,0.0
2013,ARE,2077,1118,2,1,1.7889087656529516,0.8944543828264758
2013,KGZ,1856,1007,0,3,0.0,2.9791459781529297
2013,LBN,1794,937,0,0,0.0,0.0
2013,SLE,1977,1097,0,1,0.0,0.9115770282588879
2013,MMR,2017,1100,0,0,0.0,0.0
2013,TGO,2562,1372,0,1,0.0,0.7288629737609329
2013,NLD,2257,1213,0,0,0.0,0.0
2013,AUS,1832,1030,0,0,0.0,0.0
2013,CPV,1701,902,0,4,0.0,4.434589800443459
2013,UGA,1473,806,0,0,0.0,0.0
2013,EGY,2154,1125,0,0,0.0,0.0
2013,NZL,2351,1216,1,4,0.8223684210526315,3.289473684210526
2013,ERI,1468,790,0,0,0.0,0.0
2013,CHE,1428,738,0,0,0.0,0.0
2013,CUB,1763,933,0,4,0.0,4.287245444801715
2013,KNA,3467,1865,0,5,0.0,2.680965147453083
2013,VUT,2053,1069,1,7,0.9354536950420954,6.548175865294668
2013,ISR,3090,1714,0,0,0.0,0.0
2013,KOR,2172,1216,0,3,0.0,2.4671052631578947
2013,SGP,1613,929,0,1,0.0,1.0764262648008611
2013,MKD,2778,1395,0,0,0.0,0.0
2013,HND,1808,962,0,0,0.0,0.0
2013,CIV,1300,692,0,0,0.0,0.0
2013,MDV,2257,1183,0,6,0.0,5.07185122569738
2013,KHM,1373,788,0,2,0.0,2.5380710659898473
2013,COL,2404,1146,0,1,0.0,0.8726003490401396
2013,DEU,1630,879,0,0,0.0,0.0
2013,TLS,2023,1115,0,0,0.0,0.0
2013,CHL,3089,1579,0,0,0.0,0.0
2013,TON,1109,684,9,3,13.157894736842104,4.385964912280701
2013,SYC,1428,753,0,2,0.0,2.6560424966799467
2013,LTU,790,426,0,0,0.0,0.0
2013,SVN,1021,552,0,0,0.0,0.0
2013,PSE,2983,1506,0,0,0.0,0.0
2013,PER,2273,1181,0,1,0.0,0.8467400508044031
2013,TUV,2133,1210,2,25,1.6528925619834711,20.66115702479339
2013,KAZ,2629,1497,2,5,1.3360053440213762,3.3400133600534403
2013,FIN,2079,1124,0,5,0.0,4.448398576512456
2013,GEO,4791,2331,0,0,0.0,0.0
2013,GMB,2992,1641,0,8,0.0,4.875076173065205
2013,SLV,2294,1223,0,3,0.0,2.4529844644317254
2013,BTN,1535,832,0,3,0.0,3.605769230769231
2013,TUN,1386,693,0,1,0.0,1.443001443001443
2013,NRU,1972,1083,3,11,2.770083102493075,10.156971375807942
2013,NOR,1329,724,0,1,0.0,1.3812154696132597
2013,SWZ,2085,1069,0,2,0.0,1.8709073900841908
2013,ALB,1732,853,0,0,0.0,0.0
2013,EST,1613,889,0,0,0.0,0.0
2013,MDG,1269,658,0,0,0.0,0.0
2013,IND,1549,877,0,2,0.0,2.280501710376283
2013,ARG,5196,2476,0,0,0.0,0.0
2013,JOR,1152,621,0,0,0.0,0.0
2013,SWE,1880,1056,0,5,0.0,4.734848484848485
2013,BRB,2768,1574,1,2,0.6353240152477764,1.2706480304955527
2013,DNK,2423,1414,2,9,1.4144271570014144,6.364922206506365
2013,GIN,1696,919,0,1,0.0,1.088139281828074
2013,BHS,2363,1177,1,4,0.8496176720475787,3.3984706881903146
2013,RUS,1766,931,0,0,0.0,0.0
2013,IDN,1077,620,0,2,0.0,3.225806451612903
2013,BOL,4252,2060,0,8,0.0,3.883495145631068
2013,GNQ,1991,1032,0,1,0.0,0.9689922480620154
2013,SYR,2291,1211,0,0,0.0,0.0
2013,SRB,3550,1870,0,1,0.0,0.5347593582887701
2013,ATG,2993,1587,0,5,0.0,3.15059861373661
2013,TJK,1918,1106,3,1,2.7124773960216997,0.9041591320072332
2013,SLB,2671,1581,6,8,3.795066413662239,5.0600885515496525
2013,COG,2286,1224,0,6,0.0,4.901960784313726
2013,CYP,2049,1067,0,2,0.0,1.8744142455482662
2013,AUT,1363,762,1,0,1.3123359580052494,0.0
2013,MEX,1673,881,0,2,0.0,2.2701475595913734
2013,MYS,1725,931,0,0,0.0,0.0
2013,BRN,966,514,0,2,0.0,3.8910505836575875
2013,BGD,2178,1252,0,5,0.0,3.993610223642172
2013,CAF,2999,1631,0,1,0.0,0.6131207847946045
2013,GBR,2711,1437,0,5,0.0,3.4794711203897006
2013,BGR,2139,1212,0,2,0.0,1.6501650165016502
2013,GNB,2382,1270,0,0,0.0,0.0
2013,CHN,2356,1346,0,3,0.0,2.2288261515601784
2013,CRI,1886,1022,0,3,0.0,2.935420743639922
2013,BFA,1077,608,0,2,0.0,3.289473684210526
2013,PRT,2448,1305,0,0,0.0,0.0
2013,ECU,1645,825,0,0,0.0,0.0
2013,DZA,1760,952,0,1,0.0,1.050420168067227
2013,PHL,2045,1174,0,4,0.0,3.4071550255536627
2013,POL,2161,1106,0,1,0.0,0.9041591320072332
2013,LKA,1677,944,0,0,0.0,0.0
2013,PRK,1835,1036,0,0,0.0,0.0
2013,TKM,2340,1303,2,5,1.5349194167306217,3.837298541826554
2013,ZMB,1311,706,0,0,0.0,0.0
2013,LUX,2372,1315,0,3,0.0,2.2813688212927756
2013,VCT,2853,1540,0,8,0.0,5.194805194805195
2013,ZWE,1634,879,1,0,1.1376564277588168,0.0
2013,COM,1899,975,0,0,0.0,0.0
2013,PAN,3253,1689,0,0,0.0,0.0
2013,URY,3439,1707,0,2,0.0,1.1716461628588166
2013,SUR,1509,849,0,3,0.0,3.5335689045936394
2013,MDA,2394,1309,0,0,0.0,0.0
2013,AFG,2999,1625,0,1,0.0,0.6153846153846154
2013,HUN,1377,750,0,2,0.0,2.6666666666666665
2013,ISL,1813,986,2,4,2.028397565922921,4.056795131845842
2013,AZE,1700,958,0,0,0.0,0.0
2013,GRC,1479,829,0,0,0.0,0.0
2013,VEN,2094,1046,0,0,0.0,0.0
2013,LIE,1563,815,0,0,0.0,0.0
2013,UZB,1277,711,0,1,0.0,1.4064697609001406
2013,COD,1587,838,1,5,1.1933174224343677,5.966587112171838
2013,SMR,1601,882,0,4,0.0,4.535147392290249
2013,BLR,1702,890,0,0,0.0,0.0
2013,BEL,1715,914,0,1,0.0,1.0940919037199124
2013,WSM,1819,1026,0,15,0.0,14.619883040935672
2013,GHA,2315,1181,0,0,0.0,0.0
2013,ARM,1513,833,0,0,0.0,0.0
2013,JPN,2771,1512,0,2,0.0,1.3227513227513228
2013,RWA,919,483,0,0,0.0,0.0
2013,GUY,1843,952,0,6,0.0,6.302521008403361
2013,BRA,2542,1354,0,0,0.0,0.0
2013,LBY,1938,1026,0,0,0.0,0.0
2013,EU,1886,982,0,2,0.0,2.0366598778004072
2013,ETH,2614,1355,0,1,0.0,0.7380073800738007
2013,DOM,2059,1024,0,3,0.0,2.9296875
2013,FSM,1869,1077,5,14,4.642525533890436,12.99907149489322
2013,TUR,2255,1213,0,0,0.0,0.0
2013,PLW,2038,1125,0,17,0.0,15.111111111111112
2013,VNM,1646,944,0,5,0.0,5.296610169491525
2013,BDI,2300,1244,0,0,0.0,0.0
2013,MUS,2793,1496,1,11,0.6684491978609626,7.352941176470588
2013,NER,1583,825,0,1,0.0,1.2121212121212122
2013,IRL,2085,1083,0,3,0.0,2.770083102493075
2013,FRA,1957,1016,1,3,0.984251968503937,2.952755905511811
2013,MLI,3259,1713,0,1,0.0,0.5837711617046117
2013,PAK,2332,1239,0,3,0.0,2.4213075060532687
2013,OMN,1373,745,0,2,0.0,2.6845637583892614
2013,MNG,1493,868,1,3,1.152073732718894,3.4562211981566824
2013,SSD,2066,1135,0,1,0.0,0.881057268722467
2014,MCO,1422,755,0,4,0.0,5.298013245033113
2014,BHR,2905,1560,0,2,0.0,1.2820512820512822
2014,AND,2292,1138,1,7,0.8787346221441125,6.151142355008787
2014,GAB,1969,1080,0,8,0.0,7.407407407407407
2014,HRV,1980,1071,0,6,0.0,5.602240896358543
2014,PRY,2119,1141,0,3,0.0,2.629272567922875
2014,THA,1349,669,0,2,0.0,2.9895366218236172
2014,LAO,1515,863,0,0,0.0,0.0
2014,UKR,843,442,0,0,0.0,0.0
2014,CMR,696,350,0,0,0.0,0.0
2014,LBR,2372,1309,0,1,0.0,0.7639419404125286
2014,NPL,1529,868,0,2,0.0,2.304147465437788
2014,VAT,2002,1067,0,0,0.0,0.0
2014,MWI,1713,934,0,0,0.0,0.0
2014,LCA,2849,1508,0,2,0.0,1.3262599469496021
2014,BEN,2530,1376,0,1,0.0,0.7267441860465116
2014,GRD,2648,1472,7,11,4.755434782608696,7.472826086956522
2014,ROU,1499,803,0,0,0.0,0.0
2014,STP,2286,1213,0,4,0.0,3.2976092333058533
2014,NAM,1144,635,0,2,0.0,3.149606299212598
2014,IRN,2457,1247,0,0,0.0,0.0
2014,BIH,1615,888,0,3,0.0,3.3783783783783785
2014,KWT,2363,1301,0,2,0.0,1.5372790161414296
2014,MNE,1030,592,0,0,0.0,0.0
2014,SOM,2413,1283,0,0,0.0,0.0
2014,YEM,2311,1218,0,0,0.0,0.0
2014,JAM,2157,1179,0,8,0.0,6.785411365564038
2014,IRQ,1818,957,0,0,0.0,0.0
2014,MLT,2133,1085,0,4,0.0,3.686635944700461
2014,SEN,1449,785,0,1,0.0,1.2738853503184713
2014,DMA,2701,1515,4,15,2.6402640264026402,9.900990099009901
2014,NGA,1367,764,0,3,0.0,3.926701570680628
2014,CZE,1593,881,0,1,0.0,1.1350737797956867
2014,HTI,1641,864,0,0,0.0,0.0
2014,MRT,2528,1436,1,0,0.6963788300835655,0.0
2014,ESP,2183,1151,0,1,0.0,0.8688097306689835
2014,MAR,1597,805,1,2,1.2422360248447206,2.4844720496894412
2014,CAN,1875,964,0,1,0.0,1.037344398340249
2014,MHL,1473,807,1,5,1.2391573729863692,6.195786864931847
2014,ZAF,1762,945,0,0,0.0,0.0
2014,USA,4579,2290,1,2,0.4366812227074236,0.8733624454148472
2014,QAT,2147,1115,0,0,0.0,0.0
2014,SDN,2058,1088,0,5,0.0,4.595588235294118
2014,MOZ,2248,1217,1,4,0.8216926869350862,3.286770747740345
2014,GTM,1747,948,1,5,1.0548523206751055,5.274261603375527
2014,BWA,1862,1054,0,6,0.0,5.692599620493358
2014,TTO,3585,1878,0,9,0.0,4.792332268370607
2014,KHM,1552,896,0,17,0.0,18.973214285714285
2014,MDV,1531,826,0,2,0.0,2.4213075060532687
2014,KEN,2269,1264,1,2,0.7911392405063291,1.5822784810126582
2014,CIV,1553,809,0,2,0.0,2.472187886279357
2014,MKD,3055,1636,0,12,0.0,7.334963325183374
2014,HND,2755,1412,0,1,0.0,0.708215297450425
2014,SGP,1468,830,0,1,0.0,1.2048192771084338
2014,KOR,2488,1403,0,4,0.0,2.851033499643621
2014,ISR,3575,1925,0,1,0.0,0.5194805194805194
2014,VUT,3054,1622,0,9,0.0,5.548705302096177
2014,KNA,2393,1330,2,7,1.5037593984962407,5.263157894736842
2014,CHE,2262,1187,0,0,0.0,0.0
2014,CUB,2121,1143,0,1,0.0,0.8748906386701663
2014,ERI,1056,570,0,1,0.0,1.7543859649122808
2014,SLV,1937,1068,0,3,0.0,2.8089887640449436
2014,GMB,3335,1795,0,9,0.0,5.013927576601671
2014,GEO,2627,1426,5,0,3.506311360448808,0.0
2014,FIN,1001,549,0,2,0.0,3.6429872495446265
2014,TUV,2253,1262,2,26,1.5847860538827259,20.602218700475436
2014,KAZ,2777,1579,2,5,1.266624445851805,3.1665611146295127
2014,PSE,3388,1702,0,1,0.0,0.5875440658049353
2014,PER,2244,1213,0,4,0.0,3.2976092333058533
2014,LTU,625,339,0,0,0.0,0.0
2014,SVN,688,369,0,0,0.0,0.0
2014,SYC,2013,1091,0,10,0.0,9.165902841429881
2014,TON,1154,652,0,11,0.0,16.87116564417178
2014,CHL,1921,1059,0,5,0.0,4.721435316336166
2014,TLS,3210,1670,0,1,0.0,0.5988023952095808
2014,DEU,1637,809,1,2,1.2360939431396785,2.472187886279357
2014,COL,1745,870,0,0,0.0,0.0
2014,ARE,2766,1549,5,3,3.2278889606197545,1.9367333763718528
2014,TCD,1508,824,0,0,0.0,0.0
2014,LVA,1549,880,0,3,0.0,3.4090909090909087
2014,KIR,2860,1504,1,18,0.6648936170212766,11.96808510638298
2014,AGO,1383,743,0,0,0.0,0.0
2014,ITA,2382,1134,0,1,0.0,0.8818342151675485
2014,LSO,1721,951,0,9,0.0,9.46372239747634
2014,BLZ,3203,1691,1,8,0.5913660555884093,4.730928444707274
2014,FJI,2057,1072,0,4,0.0,3.7313432835820897
2014,TZA,1713,893,0,3,0.0,3.3594624860022395
2014,NIC,2007,1128,0,4,0.0,3.5460992907801416
2014,SVK,1673,889,0,2,0.0,2.249718785151856
2014,PNG,2119,1211,1,6,0.8257638315441783,4.95458298926507
2014,NZL,2143,1108,5,1,4.512635379061372,0.9025270758122744
2014,EGY,2063,1045,0,0,0.0,0.0
2014,UGA,722,384,0,0,0.0,0.0
2014,CPV,2024,1085,0,10,0.0,9.216589861751151
2014,AUS,1500,794,0,1,0.0,1.2594458438287153
2014,NLD,1011,548,0,0,0.0,0.0
2014,MMR,2288,1262,0,2,0.0,1.5847860538827259
2014,TGO,1399,757,0,1,0.0,1.321003963011889
2014,SLE,2569,1395,1,1,0.7168458781362007,0.7168458781362007
2014,LBN,1744,933,0,0,0.0,0.0
2014,KGZ,1865,1052,2,7,1.9011406844106464,6.653992395437262
2014,CAF,2036,1083,0,2,0.0,1.8467220683287164
2014,BGD,2423,1427,0,5,0.0,3.50385423966363
2014,BRN,1368,756,0,4,0.0,5.291005291005291
2014,MYS,2240,1179,0,0,0.0,0.0
2014,MEX,1449,764,0,3,0.0,3.926701570680628
2014,AUT,1453,744,0,0,0.0,0.0
2014,COG,1219,641,0,3,0.0,4.6801872074882995
2014,CYP,1984,1042,0,1,0.0,0.9596928982725528
2014,SLB,2868,1651,0,9,0.0,5.451241671714113
2014,ATG,2753,1403,0,3,0.0,2.138275124732716
2014,TJK,1668,964,0,2,0.0,2.074688796680498
2014,LKA,1627,951,0,1,0.0,1.0515247108307044
2014,POL,2630,1359,0,5,0.0,3.679175864606328
2014,PRK,2179,1178,0,2,0.0,1.697792869269949
2014,PHL,2571,1451,0,2,0.0,1.3783597518952446
2014,DZA,1755,937,0,0,0.0,0.0
2014,ECU,3424,1822,2,5,1.0976948408342482,2.7442371020856204
2014,CRI,2581,1410,0,5,0.0,3.5460992907801416
2014,PRT,2346,1304,0,1,0.0,0.7668711656441718
2014,BFA,2107,1191,1,1,0.8396305625524769,0.8396305625524769
2014,CHN,2470,1368,1,5,0.7309941520467835,3.654970760233918
2014,GNB,2157,1185,0,5,0.0,4.219409282700422
2014,GBR,2014,1019,0,0,0.0,0.0
2014,BGR,1727,986,0,1,0.0,1.0141987829614605
2014,BRB,1984,1142,1,6,0.8756567425569177,5.253940455341506
2014,SWE,1810,993,0,3,0.0,3.0211480362537766
2014,JOR,847,481,0,0,0.0,0.0
2014,ARG,3767,1795,1,0,0.5571030640668524,0.0
2014,IND,2778,1418,1,2,0.7052186177715092,1.4104372355430184
2014,MDG,1628,893,1,7,1.1198208286674132,7.838745800671893
2014,EST,2016,1133,0,4,0.0,3.53045013239188
2014,ALB,1894,1046,0,0,0.0,0.0
2014,SWZ,1261,684,0,3,0.0,4.385964912280701
2014,TUN,1417,739,0,2,0.0,2.7063599458728014
2014,NRU,1767,943,2,12,2.1208907741251326,12.725344644750797
2014,NOR,1279,748,0,1,0.0,1.3368983957219251
2014,BTN,893,473,0,2,0.0,4.2283298097251585
2014,SYR,2620,1354,0,0,0.0,0.0
2014,GNQ,914,495,0,1,0.0,2.0202020202020203
2014,SRB,3113,1674,1,15,0.5973715651135005,8.960573476702509
2014,BOL,2193,1169,0,3,0.0,2.5662959794696323
2014,IDN,1765,951,0,3,0.0,3.1545741324921135
2014,RUS,2578,1357,0,0,0.0,0.0
2014,BHS,1575,816,0,5,0.0,6.127450980392156
2014,GIN,2158,1142,0,0,0.0,0.0
2014,DNK,1965,1068,0,8,0.0,7.49063670411985
2014,GUY,2090,1095,0,2,0.0,1.82648401826484
2014,RWA,527,284,0,1,0.0,3.5211267605633805
2014,JPN,2418,1308,0,2,0.0,1.529051987767584
2014,ARM,1709,922,0,0,0.0,0.0
2014,WSM,2683,1441,0,15,0.0,10.40943789035392
2014,GHA,2548,1345,0,0,0.0,0.0
2014,BEL,1712,871,0,0,0.0,0.0
2014,BLR,1702,888,0,1,0.0,1.1261261261261262
2014,SSD,2170,1178,0,3,0.0,2.5466893039049237
2014,MNG,1515,876,0,5,0.0,5.707762557077626
2014,OMN,1337,737,0,0,0.0,0.0
2014,FRA,1344,603,0,0,0.0,0.0
2014,PAK,1768,975,1,3,1.0256410256410255,3.076923076923077
2014,MLI,2510,1355,0,2,0.0,1.4760147601476015
2014,MUS,2307,1310,0,9,0.0,6.870229007633587
2014,NER,2159,1130,1,6,0.8849557522123894,5.3097345132743365
2014,IRL,2589,1390,0,1,0.0,0.7194244604316546
2014,VNM,1345,788,0,2,0.0,2.5380710659898473
2014,BDI,2422,1276,0,0,0.0,0.0
2014,PLW,1897,1017,1,13,0.9832841691248771,12.782694198623402
2014,TUR,2084,1066,0,1,0.0,0.9380863039399625
2014,FSM,1863,1102,6,24,5.44464609800363,21.77858439201452
2014,DOM,1906,917,0,0,0.0,0.0
2014,ETH,1271,621,1,2,1.6103059581320451,3.2206119162640903
2014,EU,1750,930,0,0,0.0,0.0
2014,LBY,1954,1055,0,0,0.0,0.0
2014,BRA,2735,1493,0,4,0.0,2.6791694574681846
2014,MDA,1443,798,0,0,0.0,0.0
2014,AFG,1552,855,0,1,0.0,1.1695906432748537
2014,SUR,1667,924,0,1,0.0,1.0822510822510822
2014,PAN,1726,903,0,1,0.0,1.1074197120708749
2014,URY,1558,819,0,4,0.0,4.884004884004884
2014,COM,1381,745,0,1,0.0,1.3422818791946307
2014,VCT,3055,1686,1,8,0.5931198102016608,4.744958481613287
2014,ZWE,1072,600,0,1,0.0,1.6666666666666667
2014,ZMB,1457,793,0,1,0.0,1.2610340479192939
2014,LUX,2657,1417,0,5,0.0,3.5285815102328866
2014,TKM,2455,1376,2,3,1.4534883720930232,2.1802325581395348
2014,SMR,1421,765,0,5,0.0,6.5359477124183005
2014,COD,1231,626,0,0,0.0,0.0
2014,UZB,972,566,0,0,0.0,0.0
2014,VEN,3242,1628,0,3,0.0,1.8427518427518428
2014,LIE,1737,888,0,0,0.0,0.0
2014,AZE,1300,743,0,0,0.0,0.0
2014,GRC,1415,812,0,1,0.0,1.2315270935960592
2014,ISL,1790,999,2,7,2.002002002002002,7.007007007007007
2014,HUN,1348,695,0,6,0.0,8.633093525179856
2015,VCT,2340,1287,1,6,0.777000777000777,4.662004662004662
2015,ZWE,1751,916,0,1,0.0,1.0917030567685588
2015,TKM,1204,637,0,2,0.0,3.1397174254317113
2015,ZMB,2206,1213,1,2,0.8244023083264633,1.6488046166529267
2015,LUX,2413,1268,0,3,0.0,2.365930599369085
2015,COM,1797,944,1,2,1.0593220338983051,2.1186440677966103
2015,MDA,2144,1174,1,3,0.8517887563884157,2.555366269165247
2015,AFG,1748,972,0,0,0.0,0.0
2015,URY,2164,1080,0,0,0.0,0.0
2015,PAN,1928,976,0,2,0.0,2.0491803278688527
2015,SUR,1291,739,0,6,0.0,8.119079837618402
2015,AZE,1647,931,0,0,0.0,0.0
2015,GRC,1712,904,0,0,0.0,0.0
2015,HUN,2052,1000,0,4,0.0,4.0
2015,ISL,1910,1005,2,8,1.990049751243781,7.960199004975124
2015,VEN,3429,1782,0,1,0.0,0.5611672278338945
2015,LIE,1605,825,0,0,0.0,0.0
2015,COD,2300,1212,0,7,0.0,5.775577557755775
2015,SMR,1048,561,0,1,0.0,1.7825311942959001
2015,BLR,2310,1213,0,1,0.0,0.8244023083264633
2015,GHA,2668,1356,0,2,0.0,1.4749262536873156
2015,WSM,2579,1361,0,41,0.0,30.124908155767816
2015,ARM,1536,799,0,1,0.0,1.2515644555694618
2015,BEL,1801,917,0,2,0.0,2.1810250817884405
2015,JPN,2420,1290,0,0,0.0,0.0
2015,RWA,537,290,0,0,0.0,0.0
2015,GUY,1641,877,0,1,0.0,1.1402508551881414
2015,ETH,1487,740,0,2,0.0,2.7027027027027026
2015,DOM,1906,996,0,1,0.0,1.004016064257028
2015,BRA,2500,1341,2,9,1.4914243102162563,6.7114093959731544
2015,LBY,2070,1085,0,2,0.0,1.8433179723502304
2015,EU,1029,501,0,6,0.0,11.976047904191617
2015,PLW,1832,1018,0,6,0.0,5.893909626719057
2015,FSM,1833,919,0,8,0.0,8.705114254624592
2015,TUR,2725,1496,0,0,0.0,0.0
2015,MUS,2697,1467,0,2,0.0,1.3633265167007498
2015,NER,2717,1445,0,2,0.0,1.3840830449826989
2015,IRL,2429,1325,0,0,0.0,0.0
2015,FRA,2438,1176,0,9,0.0,7.653061224489796
2015,MLI,3130,1619,0,3,0.0,1.8529956763434219
2015,PAK,1752,977,0,1,0.0,1.0235414534288638
2015,VNM,1568,882,0,3,0.0,3.401360544217687
2015,BDI,2530,1327,0,3,0.0,2.260738507912585
2015,MNG,3023,1729,0,2,0.0,1.156737998843262
2015,SSD,1206,630,0,0,0.0,0.0
2015,OMN,1312,706,0,1,0.0,1.41643059490085
2015,SWZ,1996,1046,1,5,0.9560229445506692,4.780114722753346
2015,ALB,1089,562,0,1,0.0,1.779359430604982
2015,BTN,1739,956,0,7,0.0,7.322175732217573
2015,NRU,1630,870,0,5,0.0,5.747126436781609
2015,TUN,1872,1024,0,1,0.0,0.9765625
2015,NOR,1492,832,0,4,0.0,4.807692307692308
2015,EST,1957,1089,0,2,0.0,1.8365472910927456
2015,MDG,2043,1106,0,10,0.0,9.041591320072333
2015,JOR,1400,733,0,0,0.0,0.0
2015,SWE,1473,819,0,4,0.0,4.884004884004884
2015,IND,2856,1473,0,2,0.0,1.357773251866938
2015,ARG,4276,2052,0,0,0.0,0.0
2015,BRB,2261,1205,0,7,0.0,5.809128630705394
2015,DNK,1529,808,0,3,0.0,3.7128712871287126
2015,GIN,1260,663,0,1,0.0,1.5082956259426847
2015,BHS,2022,1046,1,7,0.9560229445506692,6.692160611854685
2015,DJI,2689,1410,1,7,0.7092198581560284,4.964539007092199
2015,RUS,3118,1575,0,6,0.0,3.8095238095238093
2015,BOL,4087,1949,0,8,0.0,4.104669061056952
2015,GNQ,1340,697,0,3,0.0,4.30416068866571
2015,SYR,2181,1105,0,0,0.0,0.0
2015,SRB,4152,2123,0,11,0.0,5.181347150259067
2015,IDN,1211,700,0,4,0.0,5.714285714285714
2015,SLB,3028,1722,0,8,0.0,4.645760743321719
2015,TJK,2079,1186,3,16,2.5295109612141653,13.490725126475548
2015,ATG,2327,1187,1,7,0.8424599831508003,5.8972198820556025
2015,AUT,1443,754,0,0,0.0,0.0
2015,MEX,1586,853,0,5,0.0,5.861664712778429
2015,CYP,1968,1051,0,2,0.0,1.9029495718363465
2015,COG,1573,847,0,1,0.0,1.1806375442739079
2015,BGD,1557,902,0,5,0.0,5.543237250554324
2015,CAF,2480,1327,0,2,0.0,1.5071590052750565
2015,MYS,2359,1206,0,1,0.0,0.8291873963515755
2015,BRN,1425,758,0,1,0.0,1.3192612137203166
2015,GNB,1361,694,0,3,0.0,4.322766570605188
2015,GBR,1769,918,0,4,0.0,4.357298474945535
2015,BGR,1874,1027,0,2,0.0,1.9474196689386563
2015,CRI,3655,1965,1,3,0.5089058524173028,1.5267175572519083
2015,BFA,1203,645,0,2,0.0,3.10077519379845
2015,PRT,1502,811,0,3,0.0,3.6991368680641186
2015,ECU,2708,1404,0,9,0.0,6.41025641025641
2015,CHN,2050,1147,0,1,0.0,0.8718395815170009
2015,DZA,1650,875,0,3,0.0,3.4285714285714284
2015,LKA,1663,910,0,1,0.0,1.098901098901099
2015,POL,2300,1219,0,3,0.0,2.4610336341263332
2015,PRK,2161,1159,0,0,0.0,0.0
2015,PHL,2114,1219,0,4,0.0,3.281378178835111
2015,SVK,1908,1064,0,4,0.0,3.7593984962406015
2015,NIC,1446,758,0,5,0.0,6.596306068601583
2015,PNG,1671,1025,0,15,0.0,14.634146341463415
2015,TZA,1886,978,0,0,0.0,0.0
2015,FJI,2415,1230,0,8,0.0,6.504065040650406
2015,BLZ,2225,1214,1,15,0.8237232289950577,12.355848434925866
2015,LSO,2451,1335,1,4,0.7490636704119851,2.9962546816479403
2015,TCD,1756,926,0,2,0.0,2.1598272138228944
2015,LVA,1517,854,0,4,0.0,4.68384074941452
2015,ARE,1678,914,0,0,0.0,0.0
2015,ITA,2537,1244,0,2,0.0,1.607717041800643
2015,AGO,1645,910,0,3,0.0,3.2967032967032965
2015,KIR,2324,1236,0,25,0.0,20.22653721682848
2015,SLE,2525,1396,0,6,0.0,4.2979942693409745
2015,KGZ,3558,1916,0,2,0.0,1.04384133611691
2015,LBN,1655,893,0,0,0.0,0.0
2015,NLD,1877,996,0,3,0.0,3.0120481927710845
2015,AUS,1973,1114,0,1,0.0,0.8976660682226212
2015,MMR,2167,1241,0,7,0.0,5.640612409347301
2015,TGO,1971,1035,0,5,0.0,4.830917874396135
2015,CPV,1357,730,2,7,2.73972602739726,9.589041095890412
2015,UGA,991,512,0,0,0.0,0.0
2015,NZL,1891,923,0,1,0.0,1.0834236186348862
2015,EGY,2259,1140,0,0,0.0,0.0
2015,KNA,1945,1067,3,6,2.8116213683223994,5.623242736644799
2015,VUT,2673,1488,0,14,0.0,9.408602150537634
2015,ISR,3878,2053,0,1,0.0,0.4870920603994155
2015,ERI,833,457,0,0,0.0,0.0
2015,CHE,1260,670,0,5,0.0,7.462686567164179
2015,CUB,1413,738,0,3,0.0,4.065040650406504
2015,MKD,2591,1326,0,1,0.0,0.7541478129713424
2015,HND,647,310,0,0,0.0,0.0
2015,CIV,1818,983,0,3,0.0,3.051881993896236
2015,KOR,3070,1689,0,5,0.0,2.960331557134399
2015,KEN,2826,1604,0,6,0.0,3.740648379052369
2015,MDV,1541,784,0,4,0.0,5.1020408163265305
2015,KHM,786,444,0,7,0.0,15.765765765765764
2015,CHL,1285,642,0,1,0.0,1.557632398753894
2015,TON,1710,921,1,10,1.0857763300760044,10.857763300760043
2015,COL,1541,740,0,5,0.0,6.756756756756757
2015,DEU,1860,937,0,1,0.0,1.0672358591248667
2015,TLS,1972,1026,0,6,0.0,5.847953216374268
2015,PER,1375,738,0,3,0.0,4.065040650406504
2015,PSE,3821,1906,0,1,0.0,0.5246589716684156
2015,SYC,1526,785,0,6,0.0,7.643312101910828
2015,SVN,1392,780,0,1,0.0,1.2820512820512822
2015,LTU,799,425,0,0,0.0,0.0
2015,SAU,1107,579,0,0,0.0,0.0
2015,FIN,1112,617,0,2,0.0,3.2414910858995136
2015,TUV,2165,1204,2,10,1.6611295681063123,8.305647840531561
2015,KAZ,1655,905,1,0,1.1049723756906078,0.0
2015,GMB,2863,1551,0,6,0.0,3.8684719535783367
2015,SLV,1333,697,0,0,0.0,0.0
2015,GEO,2287,1278,0,0,0.0,0.0
2015,MHL,1777,967,0,3,0.0,3.102378490175801
2015,CAN,2263,1235,0,11,0.0,8.906882591093117
2015,MAR,1457,804,2,7,2.487562189054726,8.706467661691542
2015,HTI,1606,859,0,3,0.0,3.492433061699651
2015,ESP,2115,1054,0,1,0.0,0.9487666034155597
2015,MRT,1641,875,0,0,0.0,0.0
2015,CZE,688,351,0,0,0.0,0.0
2015,TTO,2371,1272,0,6,0.0,4.716981132075471
2015,BWA,2992,1687,0,5,0.0,2.9638411381149967
2015,MOZ,1894,995,0,2,0.0,2.0100502512562817
2015,SDN,1804,997,0,0,0.0,0.0
2015,GTM,2027,1059,0,4,0.0,3.7771482530689333
2015,ZAF,2174,1167,0,1,0.0,0.8568980291345331
2015,USA,4795,2411,1,1,0.41476565740356697,0.41476565740356697
2015,QAT,2542,1337,0,0,0.0,0.0
2015,GRD,1601,927,1,9,1.0787486515641855,9.70873786407767
2015,MWI,1541,822,0,0,0.0,0.0
2015,BEN,2069,1051,1,1,0.9514747859181732,0.9514747859181732
2015,LCA,2377,1267,0,3,0.0,2.3677979479084454
2015,STP,1848,997,0,6,0.0,6.018054162487462
2015,ROU,2063,1097,0,2,0.0,1.8231540565177757
2015,LAO,1749,976,0,7,0.0,7.172131147540984
2015,UKR,3389,1778,0,2,0.0,1.124859392575928
2015,VAT,2798,1467,0,5,0.0,3.408316291751875
2015,LBR,1040,592,0,0,0.0,0.0
2015,NPL,2147,1155,0,2,0.0,1.7316017316017316
2015,HRV,3338,1720,0,5,0.0,2.9069767441860463
2015,THA,1792,987,0,6,0.0,6.079027355623101
2015,PRY,2067,1116,2,4,1.7921146953405018,3.5842293906810037
2015,AND,2519,1277,0,6,0.0,4.698512137823023
2015,BHR,3638,1927,0,3,0.0,1.5568240788790868
2015,MCO,1636,877,0,7,0.0,7.98175598631699
2015,GAB,2389,1282,0,10,0.0,7.800312012480499
2015,NGA,1764,959,0,3,0.0,3.1282586027111576
2015,DMA,2735,1509,5,24,3.3134526176275676,15.904572564612325
2015,SEN,1089,584,0,2,0.0,3.4246575342465753
2015,JAM,2579,1411,0,6,0.0,4.252303330970943
2015,YEM,1709,909,0,0,0.0,0.0
2015,SOM,1826,924,0,0,0.0,0.0
2015,MLT,2444,1267,0,7,0.0,5.524861878453039
2015,IRQ,1757,932,0,0,0.0,0.0
2015,KWT,2427,1298,0,0,0.0,0.0
2015,BIH,2056,1076,0,5,0.0,4.646840148698885
2015,MNE,1462,804,0,2,0.0,2.487562189054726
2015,IRN,2353,1223,0,1,0.0,0.8176614881439085
2015,NAM,2657,1385,0,0,0.0,0.0
2016,AZE,1481,860,0,0,0.0,0.0
2016,GRC,1611,859,0,0,0.0,0.0
2016,HUN,1513,785,0,0,0.0,0.0
2016,ISL,1615,873,0,3,0.0,3.4364261168384878
2016,VEN,3055,1702,0,1,0.0,0.5875440658049353
2016,LIE,1326,672,0,0,0.0,0.0
2016,UZB,924,515,0,0,0.0,0.0
2016,COD,2300,1208,0,4,0.0,3.3112582781456954
2016,SMR,1336,715,0,2,0.0,2.797202797202797
2016,VCT,2122,1166,4,4,3.4305317324185247,3.4305317324185247
2016,ZWE,1049,545,0,1,0.0,1.834862385321101
2016,TKM,1991,1119,0,5,0.0,4.468275245755138
2016,LUX,3036,1632,0,5,0.0,3.063725490196078
2016,ZMB,2025,1129,0,7,0.0,6.200177147918512
2016,COM,1850,958,0,5,0.0,5.219206680584551
2016,MDA,2596,1399,0,3,0.0,2.144388849177984
2016,AFG,2914,1624,0,1,0.0,0.6157635467980296
2016,PAN,2299,1247,0,2,0.0,1.6038492381716118
2016,URY,1634,828,0,0,0.0,0.0
2016,SUR,1388,769,0,4,0.0,5.201560468140443
2016,ETH,1396,696,0,1,0.0,1.4367816091954022
2016,DOM,2021,1055,0,1,0.0,0.9478672985781991
2016,BRA,2290,1214,0,1,0.0,0.8237232289950577
2016,LBY,1690,888,0,0,0.0,0.0
2016,EU,1073,550,0,3,0.0,5.454545454545455
2016,PLW,2128,1170,1,13,0.8547008547008547,11.11111111111111
2016,FSM,2557,1408,0,16,0.0,11.363636363636363
2016,TUR,3224,1666,0,0,0.0,0.0
2016,NER,2142,1153,0,6,0.0,5.203816131830009
2016,MUS,2372,1242,0,8,0.0,6.4412238325281805
2016,IRL,2506,1388,0,2,0.0,1.440922190201729
2016,FRA,2212,1071,2,8,1.8674136321195145,7.469654528478058
2016,MLI,2001,1062,0,6,0.0,5.649717514124294
2016,PAK,1975,1086,0,0,0.0,0.0
2016,VNM,1416,834,0,5,0.0,5.995203836930456
2016,BDI,2574,1327,0,1,0.0,0.7535795026375283
2016,MNG,2511,1365,0,6,0.0,4.395604395604396
2016,SSD,1740,919,0,1,0.0,1.088139281828074
2016,OMN,973,501,0,0,0.0,0.0
2016,BLR,1718,850,0,0,0.0,0.0
2016,WSM,2539,1371,0,13,0.0,9.482129832239242
2016,GHA,3530,1904,0,4,0.0,2.100840336134454
2016,ARM,1534,861,0,0,0.0,0.0
2016,BEL,1827,954,0,3,0.0,3.1446540880503147
2016,JPN,2026,1056,0,1,0.0,0.946969696969697
2016,RWA,692,332,0,2,0.0,6.024096385542169
2016,GUY,2007,1082,0,16,0.0,14.78743068391867
2016,DNK,1934,1102,0,6,0.0,5.44464609800363
2016,GIN,1741,936,3,3,3.205128205128205,3.205128205128205
2016,BHS,2260,1125,0,2,0.0,1.777777777777778
2016,RUS,2517,1386,0,2,0.0,1.443001443001443
2016,BOL,1636,852,0,4,0.0,4.694835680751174
2016,GNQ,1665,881,0,0,0.0,0.0
2016,SYR,2036,1080,0,0,0.0,0.0
2016,SRB,1653,742,0,0,0.0,0.0
2016,IDN,1435,811,0,4,0.0,4.932182490752158
2016,SWZ,2258,1222,2,6,1.6366612111292964,4.909983633387888
2016,ALB,2024,1114,0,2,0.0,1.7953321364452424
2016,BTN,2024,1153,1,6,0.8673026886383347,5.203816131830009
2016,TUN,1348,708,0,0,0.0,0.0
2016,NRU,1754,955,0,9,0.0,9.424083769633508
2016,NOR,1616,906,2,1,2.207505518763797,1.1037527593818985
2016,EST,1753,951,0,1,0.0,1.0515247108307044
2016,MDG,1744,952,1,4,1.050420168067227,4.201680672268908
2016,JOR,1598,825,0,0,0.0,0.0
2016,SWE,1656,903,0,2,0.0,2.2148394241417497
2016,IND,2129,1129,0,4,0.0,3.5429583702391496
2016,ARG,1670,866,1,1,1.1547344110854503,1.1547344110854503
2016,BRB,1361,774,0,4,0.0,5.167958656330749
2016,GNB,1609,868,0,4,0.0,4.608294930875576
2016,BGR,2186,1233,0,1,0.0,0.8110300081103001
2016,GBR,2987,1528,0,3,0.0,1.963350785340314
2016,CRI,3126,1683,0,4,0.0,2.3767082590612003
2016,BFA,1884,987,0,3,0.0,3.0395136778115504
2016,PRT,1687,921,0,2,0.0,2.1715526601520088
2016,ECU,2210,1146,0,1,0.0,0.8726003490401396
2016,CHN,2330,1353,1,5,0.7390983000739099,3.695491500369549
2016,DZA,1486,785,0,0,0.0,0.0
2016,LKA,979,545,0,1,0.0,1.834862385321101
2016,POL,2266,1198,0,2,0.0,1.669449081803005
2016,PRK,2297,1263,0,0,0.0,0.0
2016,PHL,2165,1140,0,3,0.0,2.631578947368421
2016,SLB,2561,1457,1,10,0.6863417982155113,6.863417982155114
2016,ATG,2285,1181,0,7,0.0,5.927180355630822
2016,TJK,1545,870,2,4,2.2988505747126435,4.597701149425287
2016,AUT,1237,659,0,1,0.0,1.5174506828528074
2016,MEX,1572,855,0,1,0.0,1.1695906432748537
2016,COG,1121,601,0,0,0.0,0.0
2016,CYP,2040,1098,0,1,0.0,0.9107468123861566
2016,BGD,1841,1041,1,2,0.9606147934678194,1.9212295869356388
2016,CAF,2280,1215,0,2,0.0,1.646090534979424
2016,MYS,1746,1009,0,7,0.0,6.937561942517344
2016,SLE,1971,1100,0,7,0.0,6.363636363636364
2016,KGZ,2613,1431,5,8,3.4940600978336827,5.590496156533892
2016,LBN,1658,859,0,2,0.0,2.328288707799767
2016,AUS,2318,1223,0,6,0.0,4.905968928863451
2016,NLD,2874,1473,0,5,0.0,3.3944331296673456
2016,MMR,1629,832,0,1,0.0,1.201923076923077
2016,TGO,2297,1206,0,3,0.0,2.487562189054726
2016,CPV,1733,954,0,6,0.0,6.289308176100629
2016,UGA,955,491,0,0,0.0,0.0
2016,NZL,2099,1072,0,0,0.0,0.0
2016,EGY,2826,1551,2,5,1.2894906511927788,3.223726627981947
2016,SVK,1574,794,0,0,0.0,0.0
2016,NIC,1418,780,0,4,0.0,5.128205128205129
2016,PNG,2654,1498,0,2,0.0,1.335113484646195
2016,TZA,2832,1561,0,13,0.0,8.327994875080076
2016,FJI,2246,1175,0,8,0.0,6.808510638297872
2016,BLZ,2548,1409,0,4,0.0,2.8388928317956
2016,LSO,1967,1063,0,5,0.0,4.703668861712135
2016,TCD,2057,1123,0,7,0.0,6.233303650934996
2016,LVA,1545,888,0,3,0.0,3.3783783783783785
2016,ARE,2085,1110,0,1,0.0,0.9009009009009009
2016,ITA,1717,837,0,2,0.0,2.389486260454002
2016,AGO,1470,800,0,8,0.0,10.0
2016,KIR,2662,1321,0,10,0.0,7.57002271006813
2016,CHL,1306,675,0,1,0.0,1.4814814814814814
2016,TON,2219,1175,0,9,0.0,7.659574468085106
2016,COL,1475,729,0,1,0.0,1.371742112482853
2016,DEU,2079,1063,0,2,0.0,1.8814675446848543
2016,TLS,2325,1228,0,6,0.0,4.885993485342019
2016,PSE,2695,1362,0,0,0.0,0.0
2016,PER,985,517,0,1,0.0,1.9342359767891684
2016,SYC,1228,673,0,7,0.0,10.401188707280832
2016,LTU,733,409,0,1,0.0,2.444987775061125
2016,SVN,1055,548,0,4,0.0,7.299270072992701
2016,FIN,1207,666,0,5,0.0,7.5075075075075075
2016,SAU,1230,652,1,2,1.5337423312883436,3.067484662576687
2016,KAZ,2503,1453,3,2,2.064693737095664,1.3764624913971093
2016,TUV,2589,1395,0,21,0.0,15.053763440860216
2016,GMB,2404,1278,0,2,0.0,1.5649452269170578
2016,SLV,1672,867,0,0,0.0,0.0
2016,GEO,2355,1289,0,0,0.0,0.0
2016,KNA,1659,912,0,1,0.0,1.0964912280701753
2016,VUT,2353,1283,0,14,0.0,10.911925175370227
2016,ISR,3989,2094,0,1,0.0,0.4775549188156638
2016,ERI,1069,564,0,2,0.0,3.5460992907801416
2016,CHE,1518,822,0,4,0.0,4.866180048661801
2016,CUB,1591,852,0,6,0.0,7.042253521126761
2016,HND,1998,1033,0,7,0.0,6.7763794772507255
2016,MKD,2992,1529,0,2,0.0,1.3080444735120995
2016,CIV,1307,687,0,2,0.0,2.911208151382824
2016,KOR,1772,983,0,4,0.0,4.0691759918616475
2016,SGP,1662,957,0,8,0.0,8.359456635318706
2016,KEN,2532,1428,0,3,0.0,2.100840336134454
2016,MDV,1930,994,0,9,0.0,9.054325955734408
2016,KHM,1976,1004,0,4,0.0,3.9840637450199203
2016,TTO,3711,2062,0,9,0.0,4.364694471387003
2016,BWA,1807,987,0,4,0.0,4.052684903748734
2016,MOZ,1081,579,0,1,0.0,1.7271157167530224
2016,SDN,1580,799,0,0,0.0,0.0
2016,GTM,1887,1008,0,2,0.0,1.984126984126984
2016,ZAF,1553,856,0,2,0.0,2.336448598130841
2016,USA,5640,2806,0,4,0.0,1.4255167498218104
2016,QAT,2483,1308,0,0,0.0,0.0
2016,MHL,1861,989,1,1,1.0111223458038423,1.0111223458038423
2016,CAN,1452,702,0,1,0.0,1.4245014245014245
2016,MAR,2980,1607,0,5,0.0,3.1113876789047916
2016,HTI,2400,1241,0,1,0.0,0.8058017727639001
2016,ESP,2322,1161,0,3,0.0,2.5839793281653747
2016,MRT,1704,916,2,4,2.1834061135371177,4.366812227074235
2016,CZE,886,443,0,0,0.0,0.0
2016,DMA,2615,1470,5,16,3.401360544217687,10.884353741496598
2016,NGA,1958,1100,0,7,0.0,6.363636363636364
2016,SEN,1472,810,0,3,0.0,3.7037037037037037
2016,JAM,2305,1290,0,8,0.0,6.2015503875969
2016,SOM,2496,1370,0,1,0.0,0.7299270072992701
2016,YEM,2623,1341,0,0,0.0,0.0
2016,MLT,1862,1001,0,0,0.0,0.0
2016,IRQ,1767,978,0,0,0.0,0.0
2016,KWT,1970,1070,0,3,0.0,2.803738317757009
2016,BIH,2431,1357,0,11,0.0,8.106116433308769
2016,MNE,2289,1254,0,5,0.0,3.987240829346092
2016,IRN,1538,859,0,0,0.0,0.0
2016,NAM,1735,913,2,8,2.190580503833516,8.762322015334064
2016,GRD,2593,1487,6,7,4.034969737726968,4.707464694014795
2016,MWI,1677,899,0,6,0.0,6.674082313681869
2016,BEN,468,254,0,3,0.0,11.811023622047244
2016,LCA,1418,735,0,4,0.0,5.442176870748299
2016,STP,1264,693,0,1,0.0,1.443001443001443
2016,ROU,1333,769,0,5,0.0,6.501950585175552
2016,LAO,1499,842,0,8,0.0,9.501187648456057
2016,UKR,3664,1956,1,2,0.5112474437627812,1.0224948875255624
2016,VAT,1726,922,0,2,0.0,2.1691973969631237
2016,CMR,915,486,0,2,0.0,4.11522633744856
2016,LBR,1297,712,0,3,0.0,4.213483146067416
2016,NPL,2775,1593,0,2,0.0,1.2554927809165097
2016,HRV,2524,1379,0,4,0.0,2.9006526468455403
2016,THA,1635,930,0,2,0.0,2.150537634408602
2016,PRY,1725,937,0,3,0.0,3.2017075773746
2016,BHR,2986,1558,0,1,0.0,0.6418485237483953
2016,AND,2785,1381,0,7,0.0,5.068790731354091
2016,MCO,1822,900,1,5,1.1111111111111112,5.555555555555555
2016,GAB,2146,1122,0,7,0.0,6.238859180035651
2017,MDV,3177,1685,3,14,1.7804154302670623,8.30860534124629
2017,KHM,1621,884,0,7,0.0,7.918552036199094
2017,KEN,2135,1198,0,6,0.0,5.0083472454090145
2017,SGP,2014,1119,0,2,0.0,1.7873100983020553
2017,KOR,2580,1361,0,2,0.0,1.4695077149155031
2017,MKD,1742,922,0,2,0.0,2.1691973969631237
2017,HND,1593,867,0,2,0.0,2.306805074971165
2017,CIV,1565,820,0,6,0.0,7.317073170731708
2017,ERI,1142,623,0,4,0.0,6.420545746388443
2017,CUB,3620,1934,0,5,0.0,2.5853154084798344
2017,CHE,1264,684,0,5,0.0,7.309941520467836
2017,VUT,2534,1363,1,8,0.7336757153338225,5.86940572267058
2017,KNA,2715,1416,2,15,1.4124293785310735,10.59322033898305
2017,ISR,2452,1311,0,0,0.0,0.0
2017,GEO,2142,1197,0,2,0.0,1.670843776106934
2017,SLV,1480,773,0,4,0.0,5.17464424320828
2017,GMB,1703,950,0,2,0.0,2.1052631578947367
2017,TUV,2775,1532,2,26,1.3054830287206267,16.971279373368148
2017,KAZ,2855,1624,2,3,1.2315270935960592,1.8472906403940885
2017,FIN,1305,742,0,4,0.0,5.3908355795148255
2017,SAU,1005,530,0,0,0.0,0.0
2017,SYC,1401,727,0,8,0.0,11.004126547455297
2017,SVN,1530,839,0,1,0.0,1.1918951132300357
2017,LTU,540,291,0,0,0.0,0.0
2017,PER,858,462,0,4,0.0,8.658008658008658
2017,PSE,4181,2096,0,1,0.0,0.47709923664122134
2017,DEU,2622,1354,0,0,0.0,0.0
2017,COL,1727,835,0,2,0.0,2.395209580838323
2017,TLS,2008,1086,0,3,0.0,2.7624309392265194
2017,TON,1738,1004,5,5,4.9800796812749,4.9800796812749
2017,CHL,2540,1282,1,7,0.7800312012480499,5.46021840873635
2017,AGO,1784,987,0,6,0.0,6.079027355623101
2017,ITA,2350,1216,0,5,0.0,4.1118421052631575
2017,KIR,2269,1196,0,5,0.0,4.180602006688963
2017,LVA,1738,987,0,3,0.0,3.0395136778115504
2017,TCD,1698,907,0,1,0.0,1.1025358324145536
2017,ARE,2202,1162,0,0,0.0,0.0
2017,BLZ,2658,1484,0,3,0.0,2.0215633423180592
2017,LSO,2506,1340,0,3,0.0,2.238805970149254
2017,TZA,2194,1185,0,8,0.0,6.751054852320675
2017,FJI,2298,1121,0,11,0.0,9.812667261373774
2017,PNG,1707,926,0,9,0.0,9.719222462203025
2017,SVK,1504,741,0,4,0.0,5.398110661268555
2017,NIC,1928,1003,0,3,0.0,2.991026919242273
2017,EGY,2748,1450,0,2,0.0,1.379310344827586
2017,NZL,1484,842,2,5,2.375296912114014,5.938242280285036
2017,CPV,1771,948,0,5,0.0,5.274261603375527
2017,UGA,910,464,0,0,0.0,0.0
2017,TGO,2522,1322,0,3,0.0,2.26928895612708
2017,MMR,1804,963,0,4,0.0,4.153686396677051
2017,AUS,1699,944,0,2,0.0,2.1186440677966103
2017,NLD,2018,1086,0,4,0.0,3.6832412523020257
2017,KGZ,2565,1388,1,5,0.7204610951008645,3.6023054755043225
2017,LBN,1994,1049,0,0,0.0,0.0
2017,SLE,2526,1415,0,5,0.0,3.5335689045936394
2017,GAB,1833,965,0,5,0.0,5.181347150259067
2017,AND,2579,1353,0,16,0.0,11.825572801182558
2017,BHR,3727,2017,0,4,0.0,1.9831432821021318
2017,MCO,1726,917,0,3,0.0,3.271537622682661
2017,PRY,2295,1265,1,4,0.7905138339920948,3.1620553359683794
2017,THA,1529,844,0,2,0.0,2.3696682464454977
2017,HRV,2152,1224,0,4,0.0,3.2679738562091503
2017,VAT,3183,1764,0,3,0.0,1.7006802721088434
2017,NPL,2225,1262,0,6,0.0,4.754358161648177
2017,LBR,1602,894,0,1,0.0,1.1185682326621924
2017,CMR,1205,650,0,1,0.0,1.5384615384615385
2017,UKR,2631,1474,1,3,0.6784260515603798,2.03527815468114
2017,LAO,1716,930,0,1,0.0,1.075268817204301
2017,STP,2285,1182,0,5,0.0,4.230118443316413
2017,ROU,1123,605,0,1,0.0,1.6528925619834711
2017,GRD,1619,900,0,9,0.0,10.0
2017,LCA,2013,992,0,6,0.0,6.048387096774193
2017,BEN,1181,625,0,5,0.0,8.0
2017,MWI,1354,700,0,4,0.0,5.714285714285714
2017,IRN,2053,1083,0,0,0.0,0.0
2017,NAM,1612,861,0,3,0.0,3.484320557491289
2017,MNE,1350,787,0,5,0.0,6.353240152477763
2017,KWT,2274,1212,0,6,0.0,4.9504950495049505
2017,BIH,2277,1189,0,1,0.0,0.8410428931875525
2017,MLT,1248,674,0,1,0.0,1.483679525222552
2017,IRQ,2839,1561,0,1,0.0,0.6406149903907751
2017,JAM,2551,1419,0,11,0.0,7.751937984496124
2017,YEM,1995,1035,0,0,0.0,0.0
2017,SOM,1831,1007,0,3,0.0,2.9791459781529297
2017,NGA,1009,561,0,1,0.0,1.7825311942959001
2017,DMA,1683,868,0,17,0.0,19.585253456221196
2017,SEN,1193,624,0,2,0.0,3.205128205128205
2017,CZE,630,330,0,0,0.0,0.0
2017,ESP,2212,1192,0,2,0.0,1.6778523489932886
2017,MRT,1480,808,2,3,2.4752475247524752,3.7128712871287126
2017,HTI,2495,1366,2,15,1.4641288433382138,10.980966325036604
2017,MAR,1763,973,2,7,2.055498458376156,7.194244604316547
2017,MHL,2098,1105,0,5,0.0,4.524886877828055
2017,CAN,3282,1685,0,3,0.0,1.7804154302670623
2017,QAT,2980,1548,0,0,0.0,0.0
2017,USA,4602,2368,0,0,0.0,0.0
2017,ZAF,1835,1003,0,4,0.0,3.9880358923230306
2017,GTM,1902,990,0,4,0.0,4.040404040404041
2017,SDN,2324,1256,0,2,0.0,1.5923566878980893
2017,MOZ,2642,1435,0,7,0.0,4.878048780487805
2017,BWA,2505,1331,0,10,0.0,7.513148009015778
2017,TTO,2119,1172,0,10,0.0,8.532423208191126
2017,GUY,1647,893,0,4,0.0,4.479283314669653
2017,JPN,1716,941,0,0,0.0,0.0
2017,RWA,545,286,0,2,0.0,6.993006993006993
2017,BEL,1895,1008,0,3,0.0,2.976190476190476
2017,GHA,1577,793,0,0,0.0,0.0
2017,WSM,2642,1476,0,13,0.0,8.807588075880759
2017,ARM,1684,873,0,1,0.0,1.1454753722794961
2017,BLR,1728,896,0,0,0.0,0.0
2017,OMN,1171,649,0,3,0.0,4.622496147919877
2017,SSD,2356,1292,0,6,0.0,4.643962848297213
2017,MNG,2060,1188,2,8,1.6835016835016834,6.7340067340067336
2017,BDI,1805,965,0,3,0.0,3.1088082901554404
2017,VNM,1495,831,0,5,0.0,6.016847172081829
2017,IRL,3323,1748,1,3,0.5720823798627003,1.7162471395881005
2017,MUS,2081,1112,0,3,0.0,2.697841726618705
2017,NER,2260,1168,0,2,0.0,1.7123287671232876
2017,PAK,2350,1338,0,5,0.0,3.7369207772795217
2017,MLI,2597,1371,0,2,0.0,1.4587892049598834
2017,FRA,4562,2135,0,7,0.0,3.278688524590164
2017,FSM,1548,858,0,13,0.0,15.151515151515152
2017,TUR,2772,1419,0,1,0.0,0.7047216349541932
2017,PLW,1766,977,0,7,0.0,7.164790174002047
2017,LBY,1612,831,0,0,0.0,0.0
2017,BRA,2029,1048,2,3,1.9083969465648853,2.8625954198473282
2017,EU,1154,618,0,3,0.0,4.854368932038835
2017,ETH,1513,798,0,8,0.0,10.025062656641603
2017,DOM,1268,650,0,8,0.0,12.307692307692308
2017,URY,2618,1400,0,1,0.0,0.7142857142857143
2017,PAN,2073,1084,0,5,0.0,4.612546125461255
2017,SUR,2851,1578,0,7,0.0,4.435994930291509
2017,AFG,1901,1019,0,0,0.0,0.0
2017,MDA,1638,878,1,1,1.1389521640091116,1.1389521640091116
2017,COM,2070,1068,2,3,1.8726591760299625,2.8089887640449436
2017,ZMB,1544,846,0,9,0.0,10.638297872340425
2017,LUX,2819,1513,0,5,0.0,3.304692663582287
2017,TKM,1335,749,3,0,4.005340453938585,0.0
2017,ZWE,1535,802,0,5,0.0,6.234413965087282
2017,VCT,2444,1363,0,8,0.0,5.86940572267058
2017,COD,1475,735,0,1,0.0,1.3605442176870748
2017,SMR,2374,1324,1,4,0.7552870090634441,3.0211480362537766
2017,LIE,1752,923,0,3,0.0,3.2502708559046587
2017,VEN,3420,1838,0,8,0.0,4.352557127312296
2017,UZB,2011,1084,0,0,0.0,0.0
2017,HUN,1700,888,0,0,0.0,0.0
2017,ISL,1711,955,2,7,2.0942408376963355,7.329842931937173
2017,GRC,1741,953,0,0,0.0,0.0
2017,AZE,1808,1027,0,0,0.0,0.0
2017,MYS,1706,966,0,0,0.0,0.0
2017,BRN,1407,767,1,7,1.303780964797914,9.126466753585397
2017,BGD,1684,958,0,2,0.0,2.08768267223382
2017,CAF,2623,1377,0,6,0.0,4.357298474945535
2017,CYP,2322,1213,0,2,0.0,1.6488046166529267
2017,COG,1326,697,0,4,0.0,5.738880918220947
2017,AUT,1309,693,0,1,0.0,1.443001443001443
2017,MEX,2290,1193,0,6,0.0,5.029337803855825
2017,TJK,1869,1092,4,9,3.663003663003663,8.241758241758243
2017,ATG,2333,1232,0,4,0.0,3.246753246753247
2017,SLB,3136,1693,1,12,0.5906674542232723,7.088009450679268
2017,PHL,3642,1857,0,1,0.0,0.5385029617662898
2017,PRK,3136,1670,0,0,0.0,0.0
2017,POL,2253,1195,0,4,0.0,3.3472803347280333
2017,LKA,1468,764,0,1,0.0,1.3089005235602096
2017,DZA,1786,941,0,0,0.0,0.0
2017,CHN,2429,1354,0,2,0.0,1.4771048744460857
2017,PRT,1932,1049,0,4,0.0,3.813155386081983
2017,BFA,1786,941,0,1,0.0,1.0626992561105206
2017,CRI,5033,2673,1,5,0.3741114852225963,1.8705574261129816
2017,ECU,1689,879,0,4,0.0,4.550625711035267
2017,GBR,3293,1613,0,1,0.0,0.6199628022318661
2017,BGR,1724,984,0,3,0.0,3.048780487804878
2017,GNB,1768,911,0,3,0.0,3.293084522502744
2017,BRB,2664,1418,0,12,0.0,8.462623413258111
2017,IND,2583,1356,0,3,0.0,2.2123893805309733
2017,ARG,2274,1119,0,3,0.0,2.680965147453083
2017,JOR,1470,741,1,0,1.3495276653171389,0.0
2017,SWE,2319,1261,0,7,0.0,5.551149881046788
2017,EST,2047,1118,0,7,0.0,6.2611806797853315
2017,MDG,1843,992,0,4,0.0,4.032258064516129
2017,BTN,1783,965,1,16,1.0362694300518134,16.580310880829014
2017,NOR,1667,916,0,1,0.0,1.0917030567685588
2017,NRU,1906,1021,1,4,0.9794319294809011,3.9177277179236043
2017,TUN,1753,971,0,4,0.0,4.11946446961895
2017,SWZ,1767,956,0,4,0.0,4.184100418410042
2017,ALB,2070,1089,0,1,0.0,0.9182736455463728
2017,IDN,1467,831,0,3,0.0,3.6101083032490977
2017,BOL,2199,1161,0,6,0.0,5.167958656330749
2017,SRB,2146,1055,0,0,0.0,0.0
2017,SYR,2401,1278,0,0,0.0,0.0
2017,GNQ,1392,715,0,1,0.0,1.3986013986013985
2017,RUS,2871,1572,0,1,0.0,0.6361323155216285
2017,DJI,1493,837,0,3,0.0,3.5842293906810037
2017,GIN,1787,957,0,3,0.0,3.134796238244514
2017,BHS,2414,1313,1,7,0.7616146230007617,5.331302361005331
2017,DNK,1720,991,0,2,0.0,2.0181634712411705
2018,BRB,2227,1005,0,7,0.0,6.965174129353234
2018,IND,2383,1252,0,4,0.0,3.1948881789137378
2018,ARG,1160,606,0,2,0.0,3.3003300330033003
2018,JOR,1268,703,0,0,0.0,0.0
2018,SWE,1925,1073,0,3,0.0,2.7958993476234855
2018,EST,1829,960,0,5,0.0,5.208333333333333
2018,MDG,2275,1192,1,2,0.8389261744966443,1.6778523489932886
2018,BTN,1854,1033,0,20,0.0,19.36108422071636
2018,NOR,1865,1045,0,3,0.0,2.8708133971291865
2018,TUN,2429,1375,0,0,0.0,0.0
2018,NRU,1772,961,3,4,3.1217481789802286,4.162330905306972
2018,SWZ,2028,1076,0,0,0.0,0.0
2018,ALB,1853,1016,0,6,0.0,5.905511811023622
2018,IDN,1769,974,0,2,0.0,2.053388090349076
2018,BOL,2139,1126,1,7,0.8880994671403197,6.216696269982238
2018,SRB,1722,855,0,2,0.0,2.3391812865497075
2018,GNQ,1336,744,0,1,0.0,1.3440860215053765
2018,SYR,2962,1546,0,0,0.0,0.0
2018,RUS,2397,1284,0,1,0.0,0.778816199376947
2018,DJI,1458,798,0,0,0.0,0.0
2018,GIN,1797,990,1,1,1.0101010101010102,1.0101010101010102
2018,BHS,1305,708,1,4,1.4124293785310735,5.649717514124294
2018,DNK,1627,904,0,2,0.0,2.2123893805309733
2018,MYS,2320,1233,0,0,0.0,0.0
2018,BRN,1155,622,0,2,0.0,3.215434083601286
2018,BGD,2864,1615,0,5,0.0,3.0959752321981426
2018,CAF,1711,937,0,3,0.0,3.2017075773746
2018,COG,1619,830,0,2,0.0,2.4096385542168677
2018,CYP,2049,1094,0,2,0.0,1.8281535648994516
2018,AUT,1977,1018,0,1,0.0,0.9823182711198427
2018,MEX,1633,888,0,1,0.0,1.1261261261261262
2018,ATG,3162,1555,0,9,0.0,5.787781350482315
2018,TJK,1699,942,0,2,0.0,2.1231422505307855
2018,SLB,2914,1655,2,13,1.2084592145015105,7.85498489425982
2018,PHL,1547,733,0,1,0.0,1.364256480218281
2018,PRK,2098,1115,0,0,0.0,0.0
2018,POL,2042,1080,0,3,0.0,2.7777777777777777
2018,LKA,1369,729,0,4,0.0,5.486968449931412
2018,DZA,1843,959,0,0,0.0,0.0
2018,CHN,2798,1542,0,2,0.0,1.297016861219196
2018,BFA,2723,1518,0,2,0.0,1.3175230566534915
2018,PRT,1628,884,0,3,0.0,3.3936651583710407
2018,CRI,2602,1384,0,0,0.0,0.0
2018,ECU,3049,1473,0,0,0.0,0.0
2018,GBR,2714,1393,0,1,0.0,0.7178750897343863
2018,BGR,2958,1550,0,2,0.0,1.2903225806451613
2018,GNB,1380,743,0,2,0.0,2.6917900403768504
2018,PAN,2145,1131,0,1,0.0,0.8841732979664013
2018,URY,1548,766,0,4,0.0,5.221932114882507
2018,SUR,2540,1422,0,6,0.0,4.219409282700422
2018,AFG,1947,1087,0,1,0.0,0.9199632014719411
2018,MDA,2139,1174,1,1,0.8517887563884157,0.8517887563884157
2018,COM,2354,1242,0,2,0.0,1.6103059581320451
2018,TKM,1245,699,0,0,0.0,0.0
2018,ZMB,1529,850,0,1,0.0,1.176470588235294
2018,LUX,2768,1441,0,4,0.0,2.7758501040943786
2018,ZWE,1472,825,0,2,0.0,2.4242424242424243
2018,VCT,2479,1414,1,5,0.7072135785007072,3.536067892503536
2018,COD,1233,620,0,0,0.0,0.0
2018,SMR,2507,1366,0,8,0.0,5.856515373352855
2018,LIE,1613,784,0,2,0.0,2.5510204081632653
2018,VEN,4578,2306,0,1,0.0,0.43365134431916735
2018,UZB,1988,1104,0,0,0.0,0.0
2018,HUN,1947,995,0,0,0.0,0.0
2018,ISL,1845,1004,1,6,0.9960159362549801,5.9760956175298805
2018,GRC,2046,1102,0,1,0.0,0.9074410163339383
2018,AZE,2420,1373,0,1,0.0,0.7283321194464676
2018,GUY,1939,1041,0,2,0.0,1.9212295869356388
2018,JPN,2054,1055,0,1,0.0,0.9478672985781991
2018,RWA,842,457,0,0,0.0,0.0
2018,BEL,2754,1445,0,11,0.0,7.612456747404845
2018,WSM,2363,1256,0,20,0.0,15.92356687898089
2018,GHA,1553,770,0,0,0.0,0.0
2018,ARM,1787,914,0,0,0.0,0.0
2018,BLR,2166,1181,0,1,0.0,0.8467400508044031
2018,OMN,1036,540,0,0,0.0,0.0
2018,MNG,2596,1477,0,7,0.0,4.739336492890995
2018,SSD,2392,1304,0,0,0.0,0.0
2018,BDI,2638,1440,0,3,0.0,2.0833333333333335
2018,VNM,1851,1052,0,2,0.0,1.9011406844106464
2018,IRL,3623,1885,0,5,0.0,2.6525198938992043
2018,MUS,1972,1086,0,7,0.0,6.445672191528545
2018,NER,2331,1280,0,4,0.0,3.125
2018,MLI,2247,1177,0,3,0.0,2.548853016142736
2018,PAK,2939,1628,0,3,0.0,1.8427518427518428
2018,FRA,5571,2657,0,10,0.0,3.7636432066240117
2018,FSM,1468,763,0,5,0.0,6.55307994757536
2018,TUR,3114,1571,0,0,0.0,0.0
2018,PLW,2097,1155,3,10,2.5974025974025974,8.658008658008658
2018,BRA,2123,1108,0,0,0.0,0.0
2018,LBY,3339,1828,0,1,0.0,0.5470459518599562
2018,EU,1074,606,0,4,0.0,6.600660066006601
2018,ETH,1311,692,0,0,0.0,0.0
2018,DOM,2151,1088,1,15,0.9191176470588235,13.786764705882353
2018,CZE,1424,772,0,2,0.0,2.5906735751295336
2018,ESP,3759,1933,1,8,0.5173305742369374,4.138644593895499
2018,MRT,1857,1036,0,3,0.0,2.8957528957528957
2018,HTI,2013,1115,0,7,0.0,6.278026905829596
2018,MAR,1945,1085,0,4,0.0,3.686635944700461
2018,MHL,2159,1177,0,6,0.0,5.097706032285472
2018,CAN,2281,1204,0,4,0.0,3.3222591362126246
2018,QAT,2426,1296,0,0,0.0,0.0
2018,USA,3619,1933,0,0,0.0,0.0
2018,ZAF,1818,924,0,1,0.0,1.0822510822510822
2018,GTM,2769,1431,0,1,0.0,0.6988120195667366
2018,MOZ,1884,1049,1,4,0.9532888465204957,3.813155386081983
2018,SDN,3831,2053,0,0,0.0,0.0
2018,BWA,2046,1187,0,0,0.0,0.0
2018,TTO,2714,1511,0,11,0.0,7.27994705493051
2018,GAB,1843,992,0,7,0.0,7.056451612903226
2018,BHR,3131,1666,0,0,0.0,0.0
2018,AND,2567,1287,2,3,1.554001554001554,2.331002331002331
2018,MCO,1691,914,0,5,0.0,5.470459518599562
2018,THA,2061,1177,0,4,0.0,3.3984706881903146
2018,PRY,2213,1157,1,5,0.8643042350907519,4.32152117545376
2018,HRV,2807,1508,1,4,0.6631299734748011,2.6525198938992043
2018,VAT,4920,2684,0,6,0.0,2.235469448584203
2018,NPL,2656,1494,0,9,0.0,6.024096385542169
2018,CMR,2351,1273,0,2,0.0,1.5710919088766695
2018,LBR,1418,761,0,0,0.0,0.0
2018,UKR,3021,1605,0,0,0.0,0.0
2018,LAO,1468,819,0,6,0.0,7.326007326007326
2018,STP,1872,985,0,6,0.0,6.091370558375634
2018,ROU,1220,646,0,3,0.0,4.643962848297213
2018,GRD,1907,1078,2,7,1.8552875695732838,6.493506493506494
2018,BEN,1717,947,0,1,0.0,1.0559662090813093
2018,LCA,2301,1207,0,5,0.0,4.142502071251036
2018,MWI,1847,996,1,7,1.004016064257028,7.028112449799196
2018,IRN,2412,1239,0,0,0.0,0.0
2018,NAM,1930,1052,0,0,0.0,0.0
2018,MNE,2101,1106,0,3,0.0,2.7124773960216997
2018,KWT,2998,1628,0,2,0.0,1.2285012285012284
2018,BIH,1899,1038,0,3,0.0,2.890173410404624
2018,MLT,1749,892,0,1,0.0,1.1210762331838564
2018,IRQ,2006,1076,0,0,0.0,0.0
2018,JAM,2199,1249,0,6,0.0,4.803843074459567
2018,SOM,1870,1004,0,1,0.0,0.9960159362549801
2018,YEM,2113,1105,0,0,0.0,0.0
2018,DMA,2487,1311,0,30,0.0,22.88329519450801
2018,NGA,2027,1123,0,3,0.0,2.6714158504007126
2018,SEN,1815,963,0,5,0.0,5.192107995846314
2018,ITA,976,498,0,1,0.0,2.008032128514056
2018,AGO,1080,624,0,1,0.0,1.6025641025641024
2018,KIR,2146,1126,1,5,0.8880994671403197,4.440497335701599
2018,LVA,1904,1075,0,0,0.0,0.0
2018,TCD,2581,1437,0,5,0.0,3.4794711203897006
2018,ARE,1981,1066,1,0,0.9380863039399625,0.0
2018,BLZ,2303,1246,0,3,0.0,2.407704654895666
2018,LSO,2054,1067,0,2,0.0,1.8744142455482662
2018,TZA,2803,1503,0,3,0.0,1.996007984031936
2018,FJI,2197,1156,0,17,0.0,14.705882352941176
2018,PNG,2317,1277,0,7,0.0,5.481597494126859
2018,SVK,1529,799,0,2,0.0,2.5031289111389237
2018,NIC,1432,775,0,1,0.0,1.2903225806451613
2018,EGY,2148,1139,0,0,0.0,0.0
2018,NZL,2693,1268,1,8,0.7886435331230284,6.309148264984227
2018,CPV,1879,1005,0,4,0.0,3.980099502487562
2018,UGA,1777,994,0,3,0.0,3.0181086519114686
2018,TGO,2033,1102,0,4,0.0,3.629764065335753
2018,MMR,1895,1024,0,0,0.0,0.0
2018,AUS,2238,1242,0,5,0.0,4.025764895330112
2018,NLD,1824,952,0,4,0.0,4.201680672268908
2018,KGZ,1615,884,2,4,2.2624434389140275,4.524886877828055
2018,LBN,1872,968,0,0,0.0,0.0
2018,SLE,2452,1377,7,2,5.083514887436456,1.4524328249818446
2018,MDV,1251,691,0,3,0.0,4.341534008683069
2018,KHM,1408,807,0,5,0.0,6.195786864931847
2018,KEN,2297,1216,0,0,0.0,0.0
2018,KOR,2093,1187,1,4,0.8424599831508003,3.369839932603201
2018,SGP,2221,1186,0,2,0.0,1.6863406408094435
2018,MKD,3362,1668,0,2,0.0,1.199040767386091
2018,HND,2220,1122,0,2,0.0,1.7825311942959001
2018,CIV,1422,756,0,2,0.0,2.6455026455026456
2018,ERI,1066,549,0,0,0.0,0.0
2018,CUB,2654,1448,0,3,0.0,2.071823204419889
2018,CHE,1557,838,0,2,0.0,2.3866348448687353
2018,KNA,1983,1079,1,11,0.9267840593141798,10.194624652455978
2018,VUT,1925,1076,0,14,0.0,13.011152416356877
2018,ISR,3707,1892,0,0,0.0,0.0
2018,GEO,2292,1276,0,1,0.0,0.7836990595611285
2018,GMB,1754,952,0,1,0.0,1.050420168067227
2018,SLV,1760,974,0,7,0.0,7.186858316221766
2018,TUV,2237,1282,1,33,0.7800312012480499,25.741029641185648
2018,KAZ,2733,1540,0,1,0.0,0.6493506493506493
2018,FIN,1226,676,0,5,0.0,7.396449704142012
2018,SAU,1298,708,0,0,0.0,0.0
2018,SYC,1218,634,0,5,0.0,7.886435331230284
2018,LTU,504,278,0,1,0.0,3.5971223021582737
2018,SVN,1259,703,0,1,0.0,1.4224751066856332
2018,PSE,3685,1824,0,0,0.0,0.0
2018,PER,1420,767,0,9,0.0,11.734028683181226
2018,COL,1780,887,1,1,1.1273957158962795,1.1273957158962795
2018,DEU,2321,1215,0,2,0.0,1.646090534979424
2018,TLS,1729,955,0,3,0.0,3.141361256544503
2018,CHL,4359,2264,1,18,0.4416961130742049,7.950530035335689
2018,TON,1266,732,4,8,5.46448087431694,10.92896174863388
2019,BLR,2295,1266,0,6,0.0,4.739336492890995
2019,BEL,1982,1092,0,4,0.0,3.663003663003663
2019,ARM,2489,1320,0,2,0.0,1.5151515151515151
2019,WSM,2306,1280,0,20,0.0,15.625
2019,GHA,1609,793,0,1,0.0,1.2610340479192939
2019,RWA,615,338,0,2,0.0,5.9171597633136095
2019,JPN,1888,1027,0,0,0.0,0.0
2019,GUY,2684,1473,0,13,0.0,8.825526137135098
2019,EU,756,383,0,2,0.0,5.221932114882507
2019,LBY,2851,1493,0,0,0.0,0.0
2019,BRA,3433,1863,0,0,0.0,0.0
2019,DOM,1886,948,0,3,0.0,3.1645569620253164
2019,ETH,1624,932,0,3,0.0,3.218884120171674
2019,TUR,3912,2034,2,2,0.9832841691248771,0.9832841691248771
2019,FSM,2634,1447,1,28,0.691085003455425,19.350380096751902
2019,PLW,2138,1188,2,8,1.6835016835016834,6.7340067340067336
2019,VNM,1776,1030,0,3,0.0,2.912621359223301
2019,BDI,3069,1652,0,3,0.0,1.8159806295399517
2019,FRA,4921,2402,1,15,0.41631973355537055,6.244796003330557
2019,PAK,5256,2584,0,8,0.0,3.0959752321981426
2019,MLI,2824,1510,0,4,0.0,2.6490066225165565
2019,MUS,2164,1222,1,9,0.8183306055646482,7.364975450081833
2019,NER,2763,1471,0,9,0.0,6.118286879673692
2019,IRL,4264,2138,0,8,0.0,3.7418147801683816
2019,OMN,1490,805,0,0,0.0,0.0
2019,SSD,2263,1255,2,1,1.5936254980079683,0.7968127490039841
2019,MNG,2349,1336,2,7,1.4970059880239521,5.239520958083832
2019,ZMB,1735,988,0,8,0.0,8.097165991902834
2019,LUX,3332,1695,1,11,0.5899705014749262,6.489675516224189
2019,TKM,2100,1150,0,4,0.0,3.4782608695652177
2019,VCT,2750,1591,1,7,0.6285355122564426,4.3997485857950975
2019,ZWE,1312,724,0,4,0.0,5.524861878453039
2019,COM,1884,983,0,1,0.0,1.0172939979654119
2019,SUR,1808,1002,0,2,0.0,1.996007984031936
2019,PAN,1005,504,0,1,0.0,1.984126984126984
2019,URY,2965,1613,2,9,1.2399256044637321,5.579665220086794
2019,MDA,2869,1513,0,4,0.0,2.643754130865829
2019,AFG,2029,1066,0,5,0.0,4.690431519699813
2019,ISL,1861,1023,1,9,0.9775171065493646,8.797653958944283
2019,HUN,2231,1154,0,0,0.0,0.0
2019,AZE,1937,1104,0,6,0.0,5.434782608695652
2019,GRC,1990,1085,0,2,0.0,1.8433179723502304
2019,VEN,3823,2039,0,1,0.0,0.4904364884747425
2019,LIE,1568,804,0,1,0.0,1.243781094527363
2019,SMR,2741,1584,0,11,0.0,6.944444444444444
2019,COD,3543,1878,1,2,0.5324813631522897,1.0649627263045793
2019,ATG,3657,1829,0,22,0.0,12.02843083652269
2019,TJK,1578,912,1,6,1.0964912280701753,6.578947368421052
2019,SLB,3428,1906,0,18,0.0,9.44386149003148
2019,COG,1780,938,0,2,0.0,2.1321961620469083
2019,CYP,2240,1183,1,9,0.8453085376162299,7.607776838546069
2019,MEX,1699,871,0,0,0.0,0.0
2019,AUT,1364,731,0,6,0.0,8.207934336525307
2019,BRN,1140,624,0,3,0.0,4.807692307692308
2019,MYS,2921,1469,0,8,0.0,5.445881552076242
2019,CAF,1796,961,0,6,0.0,6.243496357960457
2019,BGD,2251,1295,0,1,0.0,0.7722007722007722
2019,GBR,2090,1060,1,1,0.9433962264150944,0.9433962264150944
2019,BGR,1759,997,0,4,0.0,4.012036108324975
2019,GNB,1833,1027,0,3,0.0,2.9211295034079843
2019,CHN,2773,1517,0,1,0.0,0.6591957811470006
2019,ECU,2351,1251,1,5,0.7993605115907274,3.9968025579536373
2019,CRI,2215,1175,0,5,0.0,4.25531914893617
2019,PRT,1629,873,0,1,0.0,1.1454753722794961
2019,BFA,2780,1533,0,6,0.0,3.9138943248532287
2019,DZA,2163,1151,0,5,0.0,4.344048653344918
2019,PHL,3559,1778,0,6,0.0,3.374578177727784
2019,POL,2539,1359,0,7,0.0,5.15084621044886
2019,LKA,2340,1338,0,5,0.0,3.7369207772795217
2019,PRK,1413,778,0,0,0.0,0.0
2019,TUN,2067,1144,0,1,0.0,0.8741258741258742
2019,NRU,2366,1285,4,9,3.11284046692607,7.003891050583658
2019,NOR,2219,1232,1,10,0.8116883116883118,8.116883116883116
2019,BTN,1439,783,1,4,1.277139208173691,5.108556832694764
2019,ALB,2469,1287,0,11,0.0,8.547008547008549
2019,SWZ,2112,1159,0,6,0.0,5.176876617773942
2019,MDG,2047,1143,1,9,0.8748906386701663,7.874015748031496
2019,EST,2006,1107,1,9,0.9033423667570009,8.130081300813009
2019,ARG,1724,906,1,2,1.1037527593818985,2.207505518763797
2019,IND,1216,626,1,4,1.5974440894568689,6.3897763578274756
2019,SWE,2053,1170,1,7,0.8547008547008547,5.982905982905983
2019,JOR,1020,558,0,1,0.0,1.7921146953405018
2019,BRB,3361,1594,0,12,0.0,7.52823086574655
2019,DNK,1910,1008,4,8,3.968253968253968,7.936507936507936
2019,BHS,1823,1014,0,4,0.0,3.9447731755424065
2019,GIN,1260,644,6,7,9.316770186335404,10.869565217391305
2019,RUS,3035,1639,0,1,0.0,0.6101281269066504
2019,DJI,1650,914,0,2,0.0,2.1881838074398248
2019,IDN,1486,844,0,0,0.0,0.0
2019,SYR,2962,1554,0,0,0.0,0.0
2019,GNQ,1728,903,0,8,0.0,8.859357696566999
2019,SRB,2395,1119,0,0,0.0,0.0
2019,BOL,1483,793,0,3,0.0,3.7831021437578816
2019,CHE,1050,553,0,2,0.0,3.6166365280289328
2019,CUB,2959,1634,0,2,0.0,1.2239902080783354
2019,ERI,743,430,0,1,0.0,2.3255813953488373
2019,ISR,1027,551,0,0,0.0,0.0
2019,VUT,2012,1130,1,17,0.8849557522123894,15.044247787610619
2019,KNA,1737,953,0,8,0.0,8.39454354669465
2019,SGP,1661,920,0,13,0.0,14.130434782608695
2019,KOR,2311,1292,0,2,0.0,1.5479876160990713
2019,CIV,1554,872,1,10,1.146788990825688,11.46788990825688
2019,MKD,1597,851,0,7,0.0,8.225616921269095
2019,HND,1815,970,0,7,0.0,7.216494845360825
2019,KEN,2081,1189,2,8,1.682085786375105,6.72834314550042
2019,KHM,1972,1044,0,6,0.0,5.747126436781609
2019,MDV,1697,903,0,5,0.0,5.537098560354375
2019,TLS,1740,993,2,10,2.014098690835851,10.070493454179255
2019,DEU,2196,1112,0,5,0.0,4.496402877697841
2019,COL,2871,1485,2,4,1.3468013468013469,2.6936026936026938
2019,TON,1585,902,4,15,4.434589800443459,16.62971175166297
2019,CHL,2721,1403,0,16,0.0,11.404133998574483
2019,LTU,1596,912,0,4,0.0,4.385964912280701
2019,SVN,1554,883,0,8,0.0,9.060022650056625
2019,SYC,1224,639,0,8,0.0,12.519561815336463
2019,PSE,2351,1177,0,0,0.0,0.0
2019,PER,2387,1278,0,9,0.0,7.042253521126761
2019,TUV,1958,1055,2,25,1.8957345971563981,23.696682464454973
2019,KAZ,1923,1117,0,1,0.0,0.8952551477170994
2019,SAU,1362,718,0,1,0.0,1.392757660167131
2019,FIN,1325,711,0,9,0.0,12.658227848101266
2019,GEO,3207,1706,0,9,0.0,5.275498241500586
2019,SLV,2459,1154,0,2,0.0,1.7331022530329288
2019,GMB,3362,1844,0,5,0.0,2.7114967462039044
2019,PNG,3326,1865,3,17,1.6085790884718498,9.115281501340482
2019,NIC,1288,724,0,5,0.0,6.906077348066298
2019,SVK,1051,520,0,6,0.0,11.538461538461538
2019,FJI,2163,1106,2,13,1.8083182640144664,11.754068716094032
2019,TZA,2156,1207,3,4,2.4855012427506216,3.314001657000828
2019,LSO,1958,1057,0,8,0.0,7.5685903500473035
2019,BLZ,3302,1761,2,8,1.135718341851221,4.542873367404884
2019,KIR,2145,1143,0,6,0.0,5.2493438320209975
2019,AGO,1266,693,0,3,0.0,4.329004329004329
2019,ITA,2455,1277,1,6,0.7830853563038371,4.698512137823023
2019,ARE,1763,970,1,1,1.0309278350515465,1.0309278350515465
2019,TCD,2021,1104,0,12,0.0,10.869565217391305
2019,LVA,1606,899,0,7,0.0,7.78642936596218
2019,LBN,1749,895,0,0,0.0,0.0
2019,KGZ,2731,1549,2,3,1.2911555842479019,1.9367333763718528
2019,SLE,2174,1272,1,5,0.7861635220125787,3.930817610062893
2019,MMR,2460,1331,0,5,0.0,3.756574004507889
2019,TGO,2053,1161,0,9,0.0,7.751937984496124
2019,NLD,1995,1045,0,5,0.0,4.784688995215311
2019,AUS,2468,1385,4,15,2.8880866425992777,10.830324909747292
2019,UGA,2445,1399,1,6,0.7147962830593281,4.288777698355968
2019,CPV,1263,697,2,4,2.8694404591104736,5.738880918220947
2019,EGY,1898,1032,0,0,0.0,0.0
2019,NZL,2769,1414,1,9,0.7072135785007072,6.364922206506365
2019,ROU,1050,608,0,11,0.0,18.092105263157894
2019,STP,1330,726,0,5,0.0,6.887052341597796
2019,MWI,2535,1362,0,5,0.0,3.671071953010279
2019,LCA,1727,873,0,5,0.0,5.727376861397479
2019,BEN,2184,1235,2,9,1.6194331983805668,7.28744939271255
2019,GRD,2842,1561,0,9,0.0,5.7655349135169764
2019,CMR,2831,1517,0,8,0.0,5.273566249176005
2019,LBR,2108,1099,0,1,0.0,0.9099181073703367
2019,NPL,2414,1384,0,7,0.0,5.057803468208093
2019,VAT,1791,987,0,2,0.0,2.026342451874367
2019,LAO,1524,889,0,12,0.0,13.498312710911136
2019,UKR,1542,749,0,0,0.0,0.0
2019,PRY,1858,1011,1,2,0.9891196834817012,1.9782393669634024
2019,THA,1609,853,0,5,0.0,5.861664712778429
2019,HRV,1715,932,0,4,0.0,4.291845493562231
2019,GAB,2000,1061,1,5,0.942507068803016,4.7125353440150795
2019,MCO,1769,939,0,7,0.0,7.454739084132056
2019,BHR,2505,1370,0,0,0.0,0.0
2019,AND,2335,1233,0,9,0.0,7.299270072992701
2019,SEN,1267,698,0,4,0.0,5.730659025787966
2019,DMA,2071,1111,2,11,1.8001800180018002,9.900990099009901
2019,NGA,1693,948,0,3,0.0,3.1645569620253164
2019,IRQ,2732,1449,0,1,0.0,0.6901311249137336
2019,MLT,1457,742,0,0,0.0,0.0
2019,SOM,2878,1593,0,8,0.0,5.021971123666039
2019,YEM,2072,1131,0,0,0.0,0.0
2019,JAM,2189,1257,0,6,0.0,4.773269689737471
2019,MNE,2134,1137,0,4,0.0,3.518029903254178
2019,BIH,2682,1502,0,1,0.0,0.6657789613848203
2019,KWT,1439,746,0,0,0.0,0.0
2019,NAM,1790,942,0,6,0.0,6.369426751592357
2019,IRN,1968,1005,1,0,0.9950248756218905,0.0
2019,CAN,3395,1855,0,6,0.0,3.234501347708895
2019,MHL,2123,1113,0,5,0.0,4.492362982929021
2019,MAR,2180,1226,0,3,0.0,2.446982055464926
2019,MRT,1520,829,4,1,4.8250904704463204,1.2062726176115801
2019,ESP,4581,2321,0,3,0.0,1.2925463162429986
2019,HTI,2055,1119,1,1,0.8936550491510277,0.8936550491510277
2019,CZE,2634,1396,1,15,0.7163323782234957,10.744985673352435
2019,TTO,3042,1653,0,5,0.0,3.0248033877797944
2019,BWA,2517,1429,0,14,0.0,9.79706088173548
2019,GTM,2955,1556,0,1,0.0,0.6426735218508997
2019,SDN,1656,866,0,1,0.0,1.1547344110854503
2019,MOZ,2199,1230,0,12,0.0,9.75609756097561
2019,QAT,2521,1353,0,3,0.0,2.2172949002217295
2019,ZAF,2420,1254,0,0,0.0,0.0
2019,USA,3844,2083,0,0,0.0,0.0
2020,ISL,1594,873,1,5,1.1454753722794961,5.727376861397479
2020,HUN,670,340,0,1,0.0,2.941176470588235
2020,AZE,3183,1928,0,6,0.0,3.1120331950207465
2020,GRC,1595,813,1,2,1.2300123001230012,2.4600246002460024
2020,UZB,1686,960,0,1,0.0,1.0416666666666667
2020,VEN,3946,2061,0,3,0.0,1.455604075691412
2020,LIE,2048,1036,0,4,0.0,3.8610038610038613
2020,SMR,1992,1139,0,5,0.0,4.389815627743635
2020,COD,2397,1252,0,7,0.0,5.5910543130990416
2020,TKM,2213,1247,0,1,0.0,0.8019246190858059
2020,ZMB,687,381,0,0,0.0,0.0
2020,LUX,2431,1254,0,1,0.0,0.7974481658692185
2020,VCT,2185,1249,0,2,0.0,1.6012810248198557
2020,ZWE,1263,712,0,1,0.0,1.4044943820224718
2020,COM,1881,987,0,0,0.0,0.0
2020,SUR,1227,687,0,5,0.0,7.278020378457059
2020,URY,2065,1101,0,3,0.0,2.7247956403269753
2020,PAN,1101,598,0,0,0.0,0.0
2020,MDA,2485,1384,0,1,0.0,0.722543352601156
2020,AFG,1891,985,3,3,3.045685279187817,3.045685279187817
2020,EU,1882,990,0,1,0.0,1.0101010101010102
2020,BRA,1840,1006,0,1,0.0,0.9940357852882703
2020,LBY,2852,1530,0,2,0.0,1.3071895424836601
2020,DOM,1791,930,0,2,0.0,2.150537634408602
2020,ETH,1093,576,0,4,0.0,6.944444444444444
2020,TUR,3093,1593,0,2,0.0,1.2554927809165097
2020,FSM,2381,1309,2,11,1.5278838808250572,8.403361344537815
2020,PLW,2874,1516,1,1,0.6596306068601583,0.6596306068601583
2020,VNM,1102,647,0,0,0.0,0.0
2020,BDI,1942,1062,0,3,0.0,2.824858757062147
2020,FRA,7077,3433,0,7,0.0,2.03903291581707
2020,PAK,2748,1596,0,6,0.0,3.7593984962406015
2020,MUS,2123,1082,0,1,0.0,0.9242144177449169
2020,NER,3266,1739,0,0,0.0,0.0
2020,IRL,2003,1139,0,3,0.0,2.633889376646181
2020,OMN,1147,621,0,0,0.0,0.0
2020,MNG,756,415,0,1,0.0,2.4096385542168677
2020,BLR,1836,989,0,1,0.0,1.0111223458038423
2020,BEL,2153,1159,0,4,0.0,3.4512510785159622
2020,ARM,1490,856,0,0,0.0,0.0
2020,GHA,1516,722,0,0,0.0,0.0
2020,WSM,1873,1058,0,7,0.0,6.616257088846881
2020,RWA,640,353,0,2,0.0,5.6657223796034
2020,JPN,1560,860,0,0,0.0,0.0
2020,GUY,1754,988,0,8,0.0,8.097165991902834
2020,DNK,604,325,0,1,0.0,3.076923076923077
2020,BHS,1324,757,0,0,0.0,0.0
2020,GIN,903,498,0,1,0.0,2.008032128514056
2020,RUS,2366,1321,0,1,0.0,0.757002271006813
2020,DJI,1588,870,0,5,0.0,5.747126436781609
2020,IDN,962,522,0,0,0.0,0.0
2020,GNQ,1533,815,0,2,0.0,2.4539877300613497
2020,SYR,2065,1092,1,1,0.9157509157509157,0.9157509157509157
2020,SRB,2617,1381,0,2,0.0,1.448225923244026
2020,BOL,1442,715,0,0,0.0,0.0
2020,NRU,2440,1330,0,9,0.0,6.7669172932330826
2020,TUN,783,434,0,0,0.0,0.0
2020,NOR,1768,997,0,5,0.0,5.015045135406218
2020,BTN,2258,1184,0,3,0.0,2.5337837837837838
2020,ALB,1765,1012,0,6,0.0,5.928853754940711
2020,SWZ,2247,1202,0,0,0.0,0.0
2020,MDG,1766,976,0,0,0.0,0.0
2020,EST,935,527,0,3,0.0,5.692599620493358
2020,ARG,1884,1019,0,1,0.0,0.9813542688910696
2020,IND,1637,841,0,0,0.0,0.0
2020,SWE,1584,921,0,2,0.0,2.1715526601520088
2020,JOR,752,391,0,0,0.0,0.0
2020,BRB,1889,1060,0,6,0.0,5.660377358490566
2020,GBR,2158,1096,0,1,0.0,0.9124087591240876
2020,BGR,1685,964,0,2,0.0,2.074688796680498
2020,GNB,1485,789,0,4,0.0,5.069708491761723
2020,CHN,1866,1056,0,2,0.0,1.893939393939394
2020,ECU,1288,708,0,2,0.0,2.824858757062147
2020,CRI,2361,1298,0,6,0.0,4.622496147919877
2020,BFA,1821,1019,0,3,0.0,2.944062806673209
2020,PRT,1659,926,0,4,0.0,4.319654427645789
2020,DZA,1292,709,0,0,0.0,0.0
2020,PHL,2019,1079,0,4,0.0,3.7071362372567194
2020,POL,2263,1209,0,0,0.0,0.0
2020,LKA,1669,954,0,0,0.0,0.0
2020,PRK,1373,724,0,1,0.0,1.3812154696132597
2020,TJK,2397,1394,3,6,2.152080344332855,4.30416068866571
2020,ATG,1672,885,0,4,0.0,4.519774011299435
2020,SLB,2360,1309,0,9,0.0,6.875477463712758
2020,CYP,2665,1392,0,1,0.0,0.7183908045977011
2020,COG,780,453,0,0,0.0,0.0
2020,MEX,1359,661,0,0,0.0,0.0
2020,AUT,1680,925,0,2,0.0,2.1621621621621623
2020,MYS,2489,1336,0,4,0.0,2.9940119760479043
2020,CAF,1417,783,0,1,0.0,1.277139208173691
2020,BGD,2034,1133,0,0,0.0,0.0
2020,LBN,1700,941,0,0,0.0,0.0
2020,KGZ,1104,627,2,3,3.189792663476874,4.784688995215311
2020,SLE,1814,1065,0,7,0.0,6.572769953051643
2020,MMR,3929,2268,0,0,0.0,0.0
2020,TGO,1561,846,0,1,0.0,1.1820330969267139
2020,NLD,926,487,0,1,0.0,2.053388090349076
2020,AUS,1985,1036,0,1,0.0,0.9652509652509653
2020,UGA,2584,1467,1,9,0.6816632583503749,6.134969325153374
2020,CPV,1314,719,1,1,1.3908205841446453,1.3908205841446453
2020,EGY,3423,1842,1,0,0.5428881650380022,0.0
2020,NZL,1542,828,1,4,1.2077294685990339,4.830917874396135
2020,PNG,2420,1371,0,5,0.0,3.6469730123997084
2020,NIC,1441,779,0,2,0.0,2.567394094993581
2020,SVK,958,479,0,4,0.0,8.35073068893528
2020,FJI,1712,940,0,4,0.0,4.25531914893617
2020,TZA,1930,1080,0,1,0.0,0.9259259259259259
2020,LSO,2570,1418,0,3,0.0,2.1156558533145278
2020,BLZ,2978,1612,0,6,0.0,3.7220843672456576
2020,KIR,1958,1063,0,6,0.0,5.644402634054563
2020,ITA,2549,1355,0,6,0.0,4.428044280442804
2020,AGO,1185,621,0,0,0.0,0.0
2020,ARE,1854,1018,0,1,0.0,0.9823182711198427
2020,TCD,2316,1280,0,5,0.0,3.90625
2020,LVA,1400,831,0,2,0.0,2.406738868832732
2020,TLS,1406,738,0,3,0.0,4.065040650406504
2020,COL,1775,936,1,2,1.0683760683760686,2.136752136752137
2020,DEU,1847,909,0,2,0.0,2.2002200220022
2020,CHL,3072,1671,2,15,1.196888090963495,8.976660682226212
2020,TON,1722,980,1,6,1.0204081632653061,6.122448979591836
2020,SVN,1235,685,0,2,0.0,2.9197080291970803
2020,LTU,1805,1049,2,3,1.9065776930409915,2.859866539561487
2020,SYC,1541,865,0,12,0.0,13.872832369942197
2020,PER,1757,970,0,3,0.0,3.092783505154639
2020,PSE,1119,567,0,0,0.0,0.0
2020,TUV,1422,807,0,8,0.0,9.913258983890954
2020,KAZ,1801,1062,0,4,0.0,3.766478342749529
2020,SAU,1763,971,0,1,0.0,1.0298661174047374
2020,FIN,1478,816,0,2,0.0,2.450980392156863
2020,GEO,1981,1091,0,1,0.0,0.9165902841429882
2020,GMB,1494,854,0,1,0.0,1.17096018735363
2020,SLV,2343,1101,0,1,0.0,0.9082652134423251
2020,CHE,1046,530,0,1,0.0,1.8867924528301887
2020,CUB,2548,1347,0,1,0.0,0.7423904974016332
2020,ERI,542,305,0,0,0.0,0.0
2020,ISR,1498,783,0,0,0.0,0.0
2020,KNA,1879,1047,0,6,0.0,5.730659025787966
2020,VUT,2237,1233,0,6,0.0,4.866180048661801
2020,KOR,2090,1217,0,6,0.0,4.930156121610517
2020,SGP,2130,1193,0,6,0.0,5.029337803855825
2020,CIV,1751,1005,0,2,0.0,1.990049751243781
2020,MKD,1602,858,0,1,0.0,1.1655011655011656
2020,HND,2036,1024,0,7,0.0,6.8359375
2020,KEN,2358,1293,0,3,0.0,2.320185614849188
2020,KHM,1624,898,0,4,0.0,4.4543429844097995
2020,MDV,2063,1158,0,4,0.0,3.454231433506045
2020,TTO,2384,1308,0,3,0.0,2.293577981651376
2020,BWA,2369,1356,0,4,0.0,2.949852507374631
2020,GTM,2035,1102,0,2,0.0,1.8148820326678765
2020,MOZ,1848,1018,0,5,0.0,4.911591355599214
2020,SDN,2048,1095,0,1,0.0,0.91324200913242
2020,QAT,2070,1093,0,3,0.0,2.7447392497712717
2020,ZAF,1505,782,0,2,0.0,2.557544757033248
2020,USA,984,520,0,2,0.0,3.8461538461538463
2020,CAN,1411,648,0,2,0.0,3.0864197530864197
2020,MHL,1646,955,0,5,0.0,5.235602094240838
2020,MAR,2493,1380,0,1,0.0,0.7246376811594203
2020,MRT,1347,770,0,0,0.0,0.0
2020,ESP,3288,1736,1,3,0.576036866359447,1.7281105990783412
2020,HTI,1078,600,0,1,0.0,1.6666666666666667
2020,CZE,1984,1047,0,1,0.0,0.9551098376313276
2020,SEN,2227,1245,0,7,0.0,5.622489959839358
2020,NGA,2036,1191,0,6,0.0,5.037783375314861
2020,DMA,1546,846,0,3,0.0,3.5460992907801416
2020,IRQ,1895,1002,0,1,0.0,0.998003992015968
2020,MLT,3014,1606,0,0,0.0,0.0
2020,YEM,1333,718,0,0,0.0,0.0
2020,SOM,1407,769,0,1,0.0,1.3003901170351106
2020,JAM,1469,848,0,1,0.0,1.1792452830188678
2020,MNE,1921,1035,0,0,0.0,0.0
2020,BIH,2396,1228,0,0,0.0,0.0
2020,KWT,2334,1298,0,1,0.0,0.7704160246533128
2020,NAM,1404,780,0,3,0.0,3.8461538461538463
2020,IRN,1569,827,0,0,0.0,0.0
2020,ROU,1948,1099,0,1,0.0,0.9099181073703367
2020,STP,1244,680,0,2,0.0,2.941176470588235
2020,MWI,1522,870,0,2,0.0,2.2988505747126435
2020,BEN,1344,734,0,4,0.0,5.449591280653951
2020,LCA,2253,1200,0,6,0.0,5.0
2020,GRD,1361,754,0,2,0.0,2.6525198938992043
2020,LBR,1406,762,0,0,0.0,0.0
2020,CMR,1284,705,0,4,0.0,5.673758865248227
2020,NPL,2543,1475,0,5,0.0,3.389830508474576
2020,VAT,2599,1401,0,2,0.0,1.4275517487508922
2020,LAO,1882,1057,0,8,0.0,7.5685903500473035
2020,UKR,1697,859,0,0,0.0,0.0
2020,THA,1849,1041,0,1,0.0,0.9606147934678194
2020,PRY,828,427,0,1,0.0,2.34192037470726
2020,HRV,2290,1249,1,2,0.8006405124099278,1.6012810248198557
2020,GAB,1712,927,1,3,1.0787486515641855,3.236245954692557
2020,MCO,1605,830,0,5,0.0,6.024096385542169
2020,AND,2498,1275,0,9,0.0,7.058823529411765
2020,BHR,1161,599,0,0,0.0,0.0
2021,KHM,1024,580,0,3,0.0,5.172413793103448
2021,MDV,1960,1044,0,6,0.0,5.747126436781609
2021,KEN,1513,873,0,6,0.0,6.8728522336769755
2021,CIV,2875,1572,2,6,1.272264631043257,3.8167938931297707
2021,HND,3254,1659,0,4,0.0,2.4110910186859553
2021,MKD,1776,958,0,5,0.0,5.219206680584551
2021,SGP,1882,1057,1,10,0.9460737937559129,9.460737937559129
2021,KOR,2136,1208,2,8,1.6556291390728477,6.622516556291391
2021,ISR,2484,1262,0,0,0.0,0.0
2021,VUT,2311,1351,0,8,0.0,5.921539600296077
2021,KNA,1525,859,0,4,0.0,4.656577415599534
2021,CUB,2182,1146,0,4,0.0,3.4904013961605584
2021,CHE,1249,732,0,5,0.0,6.830601092896175
2021,ERI,1249,696,0,2,0.0,2.8735632183908044
2021,SLV,1366,594,0,0,0.0,0.0
2021,GMB,2208,1237,0,2,0.0,1.6168148746968471
2021,GEO,2097,1121,0,0,0.0,0.0
2021,SAU,1192,671,0,2,0.0,2.9806259314456036
2021,FIN,1650,892,0,5,0.0,5.605381165919282
2021,KAZ,1727,1046,0,2,0.0,1.9120458891013383
2021,TUV,1631,918,0,22,0.0,23.965141612200433
2021,PSE,3027,1543,0,0,0.0,0.0
2021,PER,1874,998,0,4,0.0,4.008016032064128
2021,LTU,1709,989,1,4,1.0111223458038423,4.044489383215369
2021,SVN,1265,701,1,12,1.4265335235378032,17.118402282453637
2021,SYC,1373,732,1,5,1.366120218579235,6.830601092896175
2021,TON,1857,1081,2,20,1.8501387604070305,18.501387604070306
2021,CHL,2941,1569,4,12,2.5493945188017846,7.648183556405353
2021,TLS,2232,1252,0,7,0.0,5.5910543130990416
2021,DEU,2073,1040,0,2,0.0,1.9230769230769231
2021,COL,2661,1462,1,8,0.6839945280437756,5.471956224350205
2021,ARE,1995,1123,2,8,1.7809439002671414,7.123775601068566
2021,LVA,1703,1003,1,5,0.9970089730807576,4.985044865403789
2021,TCD,2317,1276,0,2,0.0,1.567398119122257
2021,KIR,1526,857,0,7,0.0,8.168028004667445
2021,AGO,1159,590,0,1,0.0,1.694915254237288
2021,ITA,2488,1376,1,13,0.7267441860465116,9.44767441860465
2021,LSO,3223,1799,0,18,0.0,10.00555864369094
2021,BLZ,2352,1323,0,9,0.0,6.802721088435374
2021,FJI,1859,1062,1,7,0.9416195856873822,6.5913370998116765
2021,TZA,1580,803,0,4,0.0,4.981320049813201
2021,NIC,2525,1396,0,6,0.0,4.2979942693409745
2021,SVK,989,542,0,2,0.0,3.6900369003690034
2021,PNG,5914,3251,6,23,1.8455859735466011,7.074746231928637
2021,NZL,2604,1382,0,18,0.0,13.024602026049203
2021,EGY,1890,1082,0,5,0.0,4.621072088724585
2021,UGA,2951,1727,1,13,0.5790387955993052,7.527504342790967
2021,CPV,2423,1291,0,5,0.0,3.8729666924864445
2021,NLD,2232,1143,0,13,0.0,11.373578302712161
2021,AUS,2124,1119,1,9,0.8936550491510277,8.04289544235925
2021,TGO,1886,1078,0,9,0.0,8.348794063079778
2021,SLE,2157,1279,0,5,0.0,3.9093041438623923
2021,LBN,1752,916,0,0,0.0,0.0
2021,KGZ,2418,1342,2,9,1.4903129657228018,6.7064083457526085
2021,MCO,1506,830,0,5,0.0,6.024096385542169
2021,BHR,2479,1372,1,4,0.7288629737609329,2.9154518950437316
2021,AND,2352,1222,2,11,1.6366612111292964,9.00163666121113
2021,GAB,2062,1151,1,10,0.8688097306689835,8.688097306689835
2021,HRV,2176,1259,0,6,0.0,4.765687053216839
2021,PRY,1006,532,1,3,1.8796992481203008,5.639097744360902
2021,THA,2463,1444,2,6,1.3850415512465375,4.1551246537396125
2021,UKR,2766,1349,0,4,0.0,2.965159377316531
2021,LAO,1803,1017,0,8,0.0,7.866273352999017
2021,NPL,3018,1712,0,8,0.0,4.672897196261682
2021,CMR,1087,606,0,5,0.0,8.25082508250825
2021,LBR,2039,1118,0,4,0.0,3.5778175313059033
2021,VAT,2580,1475,1,3,0.6779661016949153,2.0338983050847457
2021,LCA,2988,1626,0,8,0.0,4.920049200492005
2021,BEN,1054,582,1,0,1.7182130584192439,0.0
2021,MWI,1469,771,1,3,1.297016861219196,3.8910505836575875
2021,GRD,1930,1088,0,8,0.0,7.352941176470588
2021,ROU,1089,636,0,4,0.0,6.289308176100629
2021,STP,1694,930,0,5,0.0,5.376344086021506
2021,NAM,1331,715,1,2,1.3986013986013985,2.797202797202797
2021,IRN,2024,1053,0,0,0.0,0.0
2021,BIH,3103,1632,1,11,0.6127450980392157,6.740196078431373
2021,KWT,1905,1062,0,2,0.0,1.8832391713747645
2021,MNE,2113,1105,0,4,0.0,3.6199095022624435
2021,SOM,1379,772,0,2,0.0,2.5906735751295336
2021,YEM,2523,1390,0,0,0.0,0.0
2021,JAM,1763,1002,0,2,0.0,1.996007984031936
2021,IRQ,2118,1116,0,10,0.0,8.960573476702509
2021,MLT,3603,2001,1,9,0.49975012493753124,4.497751124437781
2021,SEN,1688,910,3,1,3.2967032967032965,1.098901098901099
2021,DMA,1921,1087,1,11,0.9199632014719411,10.119595216191351
2021,NGA,1905,1070,0,4,0.0,3.7383177570093458
2021,CZE,1646,962,0,4,0.0,4.158004158004158
2021,HTI,2217,1193,0,6,0.0,5.029337803855825
2021,MRT,1571,868,0,3,0.0,3.4562211981566824
2021,ESP,4005,2076,0,5,0.0,2.4084778420038533
2021,MAR,2955,1661,2,4,1.2040939193257074,2.408187838651415
2021,CAN,2745,1385,0,7,0.0,5.054151624548736
2021,MHL,1919,1117,0,2,0.0,1.7905102954341987
2021,USA,4412,2306,1,12,0.43365134431916735,5.203816131830009
2021,ZAF,1213,667,0,3,0.0,4.497751124437781
2021,QAT,2259,1200,1,4,0.8333333333333334,3.3333333333333335
2021,SDN,2047,1129,0,0,0.0,0.0
2021,MOZ,1513,849,0,10,0.0,11.778563015312132
2021,GTM,2624,1400,2,12,1.4285714285714286,8.571428571428571
2021,BWA,2605,1406,0,11,0.0,7.823613086770981
2021,TTO,2190,1226,1,8,0.8156606851549756,6.525285481239805
2021,GUY,2353,1260,0,10,0.0,7.936507936507936
2021,RWA,505,281,0,1,0.0,3.558718861209964
2021,JPN,2062,1153,0,5,0.0,4.336513443191674
2021,ARM,1327,708,0,1,0.0,1.4124293785310735
2021,WSM,2532,1447,0,13,0.0,8.984105044920526
2021,GHA,2063,1144,0,2,0.0,1.7482517482517483
2021,BEL,1946,1036,1,12,0.9652509652509653,11.583011583011583
2021,BLR,2614,1437,0,0,0.0,0.0
2021,SSD,2058,1087,0,6,0.0,5.519779208831647
2021,MNG,3166,1775,0,10,0.0,5.633802816901409
2021,OMN,1585,863,0,5,0.0,5.793742757821553
2021,PAK,2572,1403,1,5,0.7127583749109052,3.5637918745545263
2021,MLI,3630,1886,0,3,0.0,1.5906680805938496
2021,FRA,2168,1111,0,0,0.0,0.0
2021,IRL,2489,1285,0,6,0.0,4.669260700389105
2021,NER,2287,1185,0,13,0.0,10.970464135021098
2021,MUS,1809,989,0,2,0.0,2.0222446916076846
2021,BDI,2403,1316,0,0,0.0,0.0
2021,VNM,2003,1116,0,5,0.0,4.480286738351254
2021,PLW,1664,926,0,9,0.0,9.719222462203025
2021,TUR,3418,1804,2,22,1.1086474501108647,12.195121951219512
2021,FSM,2759,1475,1,19,0.6779661016949153,12.88135593220339
2021,DOM,1546,803,0,6,0.0,7.471980074719801
2021,ETH,1905,1042,1,5,0.9596928982725528,4.798464491362764
2021,EU,2080,1122,0,4,0.0,3.5650623885918002
2021,LBY,1551,835,0,0,0.0,0.0
2021,BRA,1467,798,1,1,1.2531328320802004,1.2531328320802004
2021,MDA,1505,817,1,5,1.2239902080783354,6.119951040391677
2021,SUR,1288,718,0,5,0.0,6.963788300835654
2021,PAN,1118,582,0,3,0.0,5.154639175257732
2021,URY,860,425,0,0,0.0,0.0
2021,COM,2987,1520,0,2,0.0,1.3157894736842104
2021,ZWE,1591,935,0,4,0.0,4.278074866310161
2021,VCT,2044,1123,0,5,0.0,4.452359750667854
2021,LUX,3676,1764,1,12,0.5668934240362812,6.802721088435374
2021,ZMB,2364,1324,0,2,0.0,1.5105740181268883
2021,TKM,1600,948,0,1,0.0,1.0548523206751055
2021,SMR,1871,1043,0,5,0.0,4.793863854266539
2021,COD,4250,2295,0,7,0.0,3.0501089324618733
2021,UZB,1307,723,4,3,5.532503457814661,4.149377593360996
2021,LIE,1679,859,0,5,0.0,5.820721769499419
2021,VEN,1950,1039,0,8,0.0,7.699711260827719
2021,GRC,2005,1063,0,10,0.0,9.40733772342427
2021,AZE,3693,2181,0,5,0.0,2.2925263640531863
2021,ISL,2060,1155,2,10,1.7316017316017316,8.658008658008658
2021,HUN,1782,862,0,0,0.0,0.0
2021,CAF,1380,761,0,4,0.0,5.256241787122208
2021,BGD,2438,1378,0,3,0.0,2.1770682148040637
2021,BRN,1205,676,0,2,0.0,2.9585798816568047
2021,MYS,2466,1352,0,1,0.0,0.7396449704142012
2021,MEX,1759,951,0,2,0.0,2.103049421661409
2021,AUT,1546,796,0,1,0.0,1.256281407035176
2021,COG,1521,786,0,3,0.0,3.8167938931297707
2021,CYP,2557,1333,0,2,0.0,1.5003750937734435
2021,SLB,2877,1615,0,9,0.0,5.572755417956657
2021,ATG,2663,1432,1,14,0.6983240223463687,9.776536312849162
2021,TJK,2286,1239,0,8,0.0,6.45682001614205
2021,PRK,3735,2040,0,8,0.0,3.9215686274509802
2021,LKA,1436,819,0,4,0.0,4.884004884004884
2021,POL,3171,1564,2,6,1.278772378516624,3.8363171355498724
2021,PHL,1483,765,0,4,0.0,5.228758169934641
2021,DZA,2129,1180,0,1,0.0,0.847457627118644
2021,ECU,2182,1100,0,3,0.0,2.7272727272727275
2021,PRT,887,494,0,3,0.0,6.0728744939271255
2021,BFA,2215,1225,0,9,0.0,7.346938775510203
2021,CRI,2095,1103,0,11,0.0,9.972801450589301
2021,CHN,1535,920,0,3,0.0,3.260869565217391
2021,GNB,491,271,0,2,0.0,7.380073800738007
2021,BGR,1282,706,0,4,0.0,5.6657223796034
2021,GBR,2926,1392,1,10,0.7183908045977011,7.183908045977011
2021,BRB,1795,825,0,4,0.0,4.848484848484849
2021,SWE,1407,822,0,6,0.0,7.299270072992701
2021,JOR,912,516,0,3,0.0,5.813953488372093
2021,ARG,1949,1050,1,3,0.9523809523809523,2.857142857142857
2021,IND,1566,853,1,2,1.1723329425556857,2.3446658851113713
2021,MDG,1737,907,0,6,0.0,6.615214994487321
2021,EST,2442,1273,0,5,0.0,3.927729772191673
2021,ALB,2031,1041,1,10,0.9606147934678194,9.606147934678194
2021,SWZ,2373,1264,0,4,0.0,3.1645569620253164
2021,NOR,1526,854,0,4,0.0,4.68384074941452
2021,TUN,1484,803,0,2,0.0,2.4906600249066004
2021,NRU,2541,1441,1,20,0.6939625260235947,13.879250520471894
2021,BTN,2214,1178,0,3,0.0,2.5466893039049237
2021,SRB,2153,1168,0,7,0.0,5.993150684931506
2021,SYR,2644,1441,0,2,0.0,1.3879250520471893
2021,GNQ,1389,748,0,0,0.0,0.0
2021,BOL,2762,1534,0,10,0.0,6.51890482398957
2021,IDN,612,379,0,1,0.0,2.638522427440633
2021,DJI,1440,818,0,3,0.0,3.667481662591687
2021,RUS,2737,1472,0,0,0.0,0.0
2021,BHS,1679,905,1,6,1.1049723756906078,6.629834254143646
2021,GIN,1513,819,0,7,0.0,8.547008547008549
2021,DNK,821,436,1,4,2.293577981651376,9.174311926605505
2022,SLV,1583,713,0,0,0.0,0.0
2022,GMB,1635,942,1,3,1.0615711252653928,3.1847133757961785
2022,GEO,2063,1166,0,4,0.0,3.4305317324185247
2022,FIN,1401,749,0,6,0.0,8.01068090787717
2022,SAU,1835,1050,0,4,0.0,3.8095238095238093
2022,TUV,1741,980,1,24,1.0204081632653061,24.489795918367346
2022,KAZ,2213,1281,0,5,0.0,3.9032006245121
2022,PER,2203,1212,0,4,0.0,3.3003300330033003
2022,PSE,4425,2111,0,0,0.0,0.0
2022,SVN,900,473,0,3,0.0,6.342494714587738
2022,LTU,1460,794,1,1,1.2594458438287153,1.2594458438287153
2022,SYC,1471,843,1,7,1.1862396204033216,8.30367734282325
2022,TON,2558,1457,0,14,0.0,9.60878517501716
2022,CHL,2495,1263,1,7,0.7917656373713381,5.542359461599366
2022,TLS,1814,1013,1,1,0.9871668311944718,0.9871668311944718
2022,DEU,2364,1164,1,7,0.8591065292096219,6.013745704467354
2022,COL,2245,1082,0,3,0.0,2.7726432532347505
2022,KHM,1652,975,0,3,0.0,3.076923076923077
2022,MDV,1422,765,0,5,0.0,6.5359477124183005
2022,KEN,4028,2341,0,9,0.0,3.844510892780863
2022,CIV,1373,753,1,8,1.3280212483399734,10.624169986719787
2022,MKD,2859,1534,1,4,0.651890482398957,2.607561929595828
2022,HND,1373,703,0,1,0.0,1.4224751066856332
2022,SGP,2022,1132,1,8,0.8833922261484098,7.067137809187279
2022,KOR,1241,707,1,1,1.4144271570014144,1.4144271570014144
2022,ISR,2550,1226,1,0,0.8156606851549756,0.0
2022,VUT,1976,1081,0,17,0.0,15.72617946345976
2022,KNA,1678,876,0,3,0.0,3.4246575342465753
2022,CUB,1941,1076,0,1,0.0,0.929368029739777
2022,CHE,1903,1016,0,2,0.0,1.968503937007874
2022,ERI,832,472,0,3,0.0,6.355932203389831
2022,NZL,2272,1103,0,5,0.0,4.533091568449683
2022,EGY,1889,1063,1,7,0.9407337723424272,6.58513640639699
2022,UGA,1459,816,1,12,1.2254901960784315,14.705882352941176
2022,CPV,1383,718,0,0,0.0,0.0
2022,AUS,2371,1230,1,5,0.8130081300813008,4.065040650406504
2022,NLD,1979,1001,1,6,0.999000999000999,5.994005994005994
2022,TGO,2824,1501,2,5,1.3324450366422385,3.331112591605596
2022,SLE,1628,983,0,5,0.0,5.0864699898270604
2022,LBN,2033,1049,0,1,0.0,0.9532888465204957
2022,KGZ,2192,1176,0,0,0.0,0.0
2022,ARE,1856,1057,2,7,1.8921475875118259,6.622516556291391
2022,LVA,1332,754,1,2,1.3262599469496021,2.6525198938992043
2022,TCD,2275,1246,0,4,0.0,3.2102728731942216
2022,KIR,1684,929,0,6,0.0,6.458557588805167
2022,AGO,1235,665,0,2,0.0,3.0075187969924815
2022,ITA,2103,1130,1,5,0.8849557522123894,4.424778761061947
2022,LSO,2320,1237,1,10,0.8084074373484236,8.084074373484237
2022,BLZ,2318,1329,2,9,1.5048908954100828,6.772009029345372
2022,FJI,1823,968,0,6,0.0,6.198347107438017
2022,TZA,1700,970,1,7,1.0309278350515465,7.216494845360825
2022,NIC,1323,656,0,0,0.0,0.0
2022,SVK,1375,717,2,4,2.7894002789400276,5.578800557880055
2022,PNG,3626,1981,0,8,0.0,4.038364462392731
2022,NAM,1905,1038,0,8,0.0,7.707129094412331
2022,IRN,3668,1831,0,0,0.0,0.0
2022,BIH,2801,1469,5,0,3.4036759700476513,0.0
2022,KWT,1255,671,0,2,0.0,2.9806259314456036
2022,MNE,2361,1123,5,2,4.452359750667854,1.7809439002671414
2022,YEM,2805,1520,0,1,0.0,0.6578947368421052
2022,SOM,2160,1174,1,10,0.8517887563884157,8.517887563884157
2022,JAM,2126,1170,0,6,0.0,5.128205128205129
2022,IRQ,1975,1085,1,3,0.9216589861751152,2.7649769585253456
2022,MLT,2686,1382,0,12,0.0,8.683068017366137
2022,SEN,1364,727,0,3,0.0,4.126547455295736
2022,NGA,1874,1015,0,11,0.0,10.83743842364532
2022,DMA,2696,1482,0,11,0.0,7.422402159244264
2022,MCO,1626,869,0,7,0.0,8.05523590333717
2022,AND,2756,1456,1,8,0.6868131868131868,5.4945054945054945
2022,BHR,2283,1323,2,4,1.5117157974300832,3.0234315948601664
2022,GAB,1354,726,0,6,0.0,8.264462809917356
2022,HRV,1957,1065,3,6,2.8169014084507045,5.633802816901409
2022,PRY,1251,654,1,1,1.529051987767584,1.529051987767584
2022,THA,2096,1184,1,11,0.8445945945945946,9.29054054054054
2022,UKR,2978,1453,1,0,0.6882312456985547,0.0
2022,LAO,1350,767,1,7,1.303780964797914,9.126466753585397
2022,NPL,2501,1439,0,7,0.0,4.864489228630994
2022,LBR,1410,788,0,8,0.0,10.15228426395939
2022,CMR,2220,1176,1,11,0.8503401360544217,9.353741496598639
2022,VAT,1559,877,0,9,0.0,10.262257696693274
2022,LCA,2934,1539,0,15,0.0,9.746588693957115
2022,BEN,1499,793,1,2,1.2610340479192939,2.5220680958385877
2022,MWI,1855,1012,0,8,0.0,7.905138339920948
2022,GRD,2653,1429,2,10,1.3995801259622112,6.997900629811057
2022,ROU,1128,620,0,5,0.0,8.064516129032258
2022,USA,3834,2065,3,9,1.452784503631961,4.358353510895883
2022,ZAF,2087,1135,0,4,0.0,3.524229074889868
2022,QAT,1841,973,6,1,6.166495375128468,1.027749229188078
2022,SDN,1425,769,0,1,0.0,1.3003901170351106
2022,MOZ,1389,759,0,7,0.0,9.22266139657444
2022,GTM,2651,1379,0,9,0.0,6.5264684554024655
2022,BWA,2866,1584,1,11,0.6313131313131314,6.944444444444444
2022,TTO,1907,1046,0,1,0.0,0.9560229445506692
2022,CZE,1925,1115,0,3,0.0,2.690582959641256
2022,HTI,2989,1595,0,3,0.0,1.8808777429467085
2022,MRT,1580,852,2,4,2.347417840375587,4.694835680751174
2022,ESP,3250,1691,6,2,3.5481963335304556,1.1827321111768185
2022,MAR,2364,1279,1,8,0.7818608287724785,6.254886630179828
2022,CAN,2254,1162,0,8,0.0,6.884681583476764
2022,MHL,2077,1160,1,10,0.8620689655172413,8.620689655172413
2022,SSD,1264,712,0,8,0.0,11.235955056179774
2022,MNG,2496,1456,1,10,0.6868131868131868,6.868131868131868
2022,OMN,1247,694,2,9,2.881844380403458,12.968299711815563
2022,PAK,2836,1509,0,5,0.0,3.3134526176275676
2022,MLI,4443,2314,0,1,0.0,0.43215211754537597
2022,FRA,3753,1860,0,1,0.0,0.5376344086021505
2022,IRL,2887,1526,0,8,0.0,5.242463958060289
2022,MUS,2199,1184,0,3,0.0,2.5337837837837838
2022,NER,1492,816,0,9,0.0,11.029411764705882
2022,BDI,2306,1245,0,2,0.0,1.606425702811245
2022,VNM,1456,844,0,2,0.0,2.3696682464454977
2022,PLW,2160,1173,6,8,5.115089514066496,6.820119352088661
2022,TUR,3310,1693,0,4,0.0,2.362669816893089
2022,FSM,2416,1308,0,14,0.0,10.703363914373089
2022,DOM,1740,918,0,5,0.0,5.446623093681917
2022,ETH,1229,688,1,6,1.4534883720930232,8.720930232558139
2022,EU,2546,1314,1,2,0.76103500761035,1.5220700152207
2022,LBY,1280,689,0,0,0.0,0.0
2022,BRA,2486,1318,2,0,1.5174506828528074,0.0
2022,GUY,2575,1440,7,6,4.861111111111112,4.166666666666667
2022,RWA,689,392,0,1,0.0,2.5510204081632653
2022,JPN,2353,1293,0,1,0.0,0.7733952049497294
2022,ARM,2062,1097,0,0,0.0,0.0
2022,GHA,1798,954,0,2,0.0,2.0964360587002098
2022,WSM,3369,1907,0,15,0.0,7.865757734661772
2022,BEL,2104,1070,1,4,0.9345794392523364,3.7383177570093458
2022,BLR,2394,1273,0,0,0.0,0.0
2022,SMR,2100,1193,0,3,0.0,2.5146689019279127
2022,COD,4209,2210,5,11,2.2624434389140275,4.97737556561086
2022,UZB,1792,987,1,5,1.0131712259371835,5.065856129685917
2022,LIE,1445,739,0,7,0.0,9.472259810554805
2022,VEN,2538,1299,1,2,0.7698229407236336,1.539645881447267
2022,GRC,2254,1170,0,7,0.0,5.982905982905983
2022,AZE,2899,1680,2,0,1.1904761904761907,0.0
2022,ISL,2533,1291,0,4,0.0,3.098373353989156
2022,HUN,1266,665,0,0,0.0,0.0
2022,MDA,1273,674,4,1,5.934718100890208,1.483679525222552
2022,SUR,1378,764,0,8,0.0,10.471204188481677
2022,URY,1884,995,0,4,0.0,4.020100502512563
2022,PAN,1707,899,2,5,2.2246941045606228,5.561735261401558
2022,COM,2131,1103,0,1,0.0,0.9066183136899365
2022,ZWE,2133,1231,1,11,0.8123476848090982,8.935824532900082
2022,VCT,2283,1267,0,2,0.0,1.5785319652722967
2022,ZMB,2288,1253,0,12,0.0,9.577015163607342
2022,LUX,3301,1576,1,7,0.6345177664974618,4.441624365482234
2022,TKM,1524,863,1,7,1.1587485515643106,8.111239860950173
2022,PRK,2568,1405,0,1,0.0,0.7117437722419929
2022,LKA,2581,1425,2,11,1.4035087719298245,7.719298245614035
2022,POL,3565,1795,0,1,0.0,0.5571030640668524
2022,PHL,2449,1308,1,10,0.764525993883792,7.6452599388379205
2022,DZA,1559,835,0,1,0.0,1.1976047904191616
2022,ECU,2542,1261,0,4,0.0,3.1720856463124503
2022,PRT,1703,920,0,4,0.0,4.3478260869565215
2022,BFA,2342,1219,0,3,0.0,2.4610336341263332
2022,CRI,1810,991,0,6,0.0,6.054490413723511
2022,CHN,3093,1795,0,2,0.0,1.1142061281337048
2022,GNB,729,398,0,2,0.0,5.025125628140704
2022,GBR,1849,928,0,1,0.0,1.0775862068965516
2022,BGR,1534,842,1,4,1.187648456057007,4.750593824228028
2022,CAF,1400,770,0,3,0.0,3.896103896103896
2022,BGD,2583,1517,1,7,0.6591957811470006,4.614370468029005
2022,BRN,1144,645,1,11,1.550387596899225,17.05426356589147
2022,MYS,1878,1011,2,7,1.9782393669634024,6.9238377843719086
2022,MEX,1400,753,0,1,0.0,1.3280212483399734
2022,AUT,1653,872,0,1,0.0,1.146788990825688
2022,CYP,2495,1283,0,2,0.0,1.558846453624318
2022,COG,1534,777,0,4,0.0,5.148005148005148
2022,SLB,2419,1355,0,8,0.0,5.904059040590406
2022,TJK,2262,1254,0,5,0.0,3.987240829346092
2022,ATG,3092,1603,0,32,0.0,19.96257018091079
2022,SRB,2620,1345,0,0,0.0,0.0
2022,SYR,2456,1317,0,3,0.0,2.277904328018223
2022,GNQ,1148,628,1,1,1.5923566878980893,1.5923566878980893
2022,BOL,4187,2233,0,15,0.0,6.717420510523959
2022,IDN,1132,612,1,3,1.6339869281045751,4.901960784313726
2022,DJI,1905,1063,0,9,0.0,8.466603951081844
2022,RUS,3297,1750,1,0,0.5714285714285715,0.0
2022,BHS,2026,1054,2,9,1.8975332068311195,8.538899430740038
2022,GIN,1799,958,0,2,0.0,2.08768267223382
2022,DNK,1863,959,0,4,0.0,4.1710114702815435
2022,BRB,3050,1434,2,6,1.3947001394700138,4.184100418410042
2022,SWE,1770,993,0,5,0.0,5.0352467270896275
2022,JOR,1128,631,0,3,0.0,4.754358161648177
2022,ARG,2127,1150,1,5,0.8695652173913044,4.3478260869565215
2022,IND,1726,928,0,3,0.0,3.2327586206896552
2022,MDG,2304,1190,1,6,0.8403361344537815,5.04201680672269
2022,EST,2330,1282,1,2,0.7800312012480499,1.5600624024960998
2022,ALB,2341,1205,0,2,0.0,1.6597510373443982
2022,SWZ,1777,917,1,1,1.0905125408942202,1.0905125408942202
2022,NOR,1773,965,1,14,1.0362694300518134,14.507772020725389
2022,NRU,2300,1279,0,8,0.0,6.254886630179828
2022,TUN,1406,755,1,3,1.3245033112582782,3.9735099337748343
2022,BTN,3203,1764,4,9,2.2675736961451247,5.1020408163265305
2023,CHN,1657,955,0,3,0.0,3.141361256544503
2023,CRI,1519,806,0,4,0.0,4.962779156327543
2023,PRT,1147,590,1,5,1.694915254237288,8.474576271186441
2023,BFA,5083,2727,0,1,0.0,0.3667033370003667
2023,ECU,1658,869,0,2,0.0,2.3014959723820483
2023,BGR,1539,885,0,2,0.0,2.2598870056497176
2023,GBR,2046,1020,0,2,0.0,1.9607843137254901
2023,GNB,910,477,0,1,0.0,2.0964360587002098
2023,PHL,2161,1212,0,13,0.0,10.726072607260726
2023,POL,2571,1362,1,1,0.7342143906020557,0.7342143906020557
2023,LKA,1977,1098,1,11,0.9107468123861566,10.018214936247723
2023,PRK,2505,1400,0,2,0.0,1.4285714285714286
2023,DZA,2216,1164,0,1,0.0,0.8591065292096219
2023,COG,1756,892,0,3,0.0,3.36322869955157
2023,CYP,2467,1249,0,2,0.0,1.6012810248198557
2023,AUT,1474,738,0,4,0.0,5.420054200542006
2023,MEX,3295,1729,0,3,0.0,1.735106998264893
2023,ATG,3116,1692,0,10,0.0,5.91016548463357
2023,TJK,1866,1080,0,7,0.0,6.481481481481481
2023,SLB,2764,1514,0,5,0.0,3.3025099075297226
2023,MYS,1662,902,1,2,1.1086474501108647,2.2172949002217295
2023,BRN,1034,597,0,2,0.0,3.3500837520938025
2023,BGD,1380,784,0,3,0.0,3.826530612244898
2023,CAF,1606,892,0,8,0.0,8.968609865470851
2023,GIN,1690,804,0,0,0.0,0.0
2023,BHS,1599,822,0,3,0.0,3.6496350364963503
2023,DNK,1669,898,1,7,1.1135857461024499,7.795100222717149
2023,IDN,1203,637,0,1,0.0,1.5698587127158556
2023,BOL,2940,1586,0,4,0.0,2.5220680958385877
2023,SYR,2477,1361,0,3,0.0,2.204261572373255
2023,GNQ,796,429,0,3,0.0,6.993006993006993
2023,SRB,4335,2069,0,0,0.0,0.0
2023,RUS,3493,1844,0,1,0.0,0.5422993492407809
2023,DJI,2449,1329,3,7,2.257336343115124,5.2671181339352895
2023,EST,2175,1134,0,1,0.0,0.8818342151675485
2023,BTN,2013,1106,1,14,0.9041591320072332,12.658227848101266
2023,TUN,1914,1019,0,4,0.0,3.9254170755642783
2023,NRU,2570,1410,1,6,0.7092198581560284,4.25531914893617
2023,NOR,1701,922,2,1,2.1691973969631237,1.0845986984815619
2023,SWZ,2040,1133,0,3,0.0,2.64783759929391
2023,ALB,1708,950,0,2,0.0,2.1052631578947367
2023,BRB,3134,1375,1,5,0.7272727272727272,3.6363636363636362
2023,IND,1739,952,0,0,0.0,0.0
2023,ARG,2232,1196,0,3,0.0,2.508361204013378
2023,JOR,1194,631,0,2,0.0,3.1695721077654517
2023,SWE,1660,968,0,6,0.0,6.198347107438017
2023,FSM,1961,1040,0,19,0.0,18.26923076923077
2023,TUR,3723,1929,0,8,0.0,4.147226542249871
2023,PLW,1680,982,0,11,0.0,11.20162932790224
2023,LBY,738,393,0,0,0.0,0.0
2023,BRA,2341,1279,0,5,0.0,3.9093041438623923
2023,EU,2678,1433,2,5,1.3956734124214933,3.4891835310537336
2023,ETH,1454,835,0,3,0.0,3.592814371257485
2023,DOM,1893,993,1,6,1.0070493454179255,6.042296072507553
2023,OMN,1063,589,1,3,1.697792869269949,5.093378607809847
2023,SSD,838,465,1,2,2.150537634408602,4.301075268817204
2023,MNG,2427,1397,1,7,0.7158196134574087,5.010737294201861
2023,VNM,1701,1018,0,7,0.0,6.8762278978389
2023,BDI,2542,1404,0,7,0.0,4.985754985754986
2023,MUS,2028,1157,3,12,2.592912705272256,10.371650821089023
2023,IRL,2058,1069,0,3,0.0,2.806361085126286
2023,FRA,2056,1063,0,5,0.0,4.703668861712135
2023,PAK,1761,1067,0,6,0.0,5.623242736644799
2023,MLI,3346,1771,0,4,0.0,2.258610954263128
2023,BEL,1522,809,1,4,1.2360939431396785,4.944375772558714
2023,WSM,1868,1043,0,10,0.0,9.587727708533079
2023,GHA,2140,1034,0,1,0.0,0.9671179883945842
2023,ARM,2246,1250,0,0,0.0,0.0
2023,BLR,1718,880,0,1,0.0,1.1363636363636362
2023,GUY,2530,1383,4,8,2.8922631959508314,5.784526391901663
2023,JPN,2089,1200,0,5,0.0,4.166666666666667
2023,RWA,810,448,0,2,0.0,4.464285714285714
2023,VEN,3735,2039,1,5,0.4904364884747425,2.4521824423737124
2023,LIE,1935,972,0,8,0.0,8.23045267489712
2023,UZB,2377,1311,0,6,0.0,4.576659038901602
2023,HUN,1391,683,0,1,0.0,1.4641288433382138
2023,ISL,2170,1061,0,4,0.0,3.770028275212064
2023,AZE,2754,1595,1,2,0.6269592476489029,1.2539184952978057
2023,GRC,2391,1270,0,9,0.0,7.086614173228346
2023,COD,3027,1587,0,9,0.0,5.671077504725898
2023,SMR,1947,1116,1,8,0.8960573476702509,7.168458781362007
2023,LUX,2326,1057,0,7,0.0,6.622516556291391
2023,ZMB,1832,1012,1,2,0.9881422924901185,1.976284584980237
2023,TKM,1859,1021,0,3,0.0,2.9382957884427032
2023,VCT,2608,1410,0,8,0.0,5.673758865248227
2023,ZWE,1309,747,1,9,1.3386880856760375,12.048192771084338
2023,PAN,1069,563,0,8,0.0,14.209591474245116
2023,URY,1020,505,1,1,1.9801980198019802,1.9801980198019802
2023,SUR,1601,857,0,6,0.0,7.001166861143524
2023,MDA,1046,585,1,0,1.7094017094017093,0.0
2023,COM,2218,1166,0,9,0.0,7.718696397941681
2023,MLT,3484,1792,0,5,0.0,2.7901785714285716
2023,IRQ,2397,1278,1,4,0.7824726134585289,3.1298904538341157
2023,JAM,3167,1798,0,8,0.0,4.4493882091212456
2023,SOM,1795,985,0,5,0.0,5.076142131979695
2023,YEM,2186,1190,0,1,0.0,0.8403361344537815
2023,DMA,2286,1240,0,3,0.0,2.4193548387096775
2023,NGA,1588,897,0,4,0.0,4.459308807134894
2023,SEN,1229,670,1,3,1.492537313432836,4.477611940298508
2023,IRN,3275,1682,1,1,0.5945303210463733,0.5945303210463733
2023,NAM,1596,933,3,8,3.215434083601286,8.57449088960343
2023,MNE,1702,944,0,3,0.0,3.1779661016949157
2023,KWT,1869,1037,2,5,1.9286403085824495,4.821600771456123
2023,BIH,3109,1544,0,0,0.0,0.0
2023,VAT,2195,1169,0,5,0.0,4.277159965782721
2023,CMR,1465,787,0,5,0.0,6.353240152477763
2023,LBR,1441,805,0,4,0.0,4.9689440993788825
2023,NPL,1943,1140,2,7,1.7543859649122808,6.140350877192983
2023,LAO,1586,921,1,5,1.0857763300760044,5.4288816503800215
2023,UKR,1575,832,0,2,0.0,2.403846153846154
2023,STP,1145,629,0,2,0.0,3.179650238473768
2023,ROU,1150,637,0,4,0.0,6.279434850863423
2023,GRD,2797,1456,0,9,0.0,6.181318681318681
2023,MWI,1437,726,1,0,1.3774104683195594,0.0
2023,LCA,2681,1429,0,7,0.0,4.89853044086774
2023,BEN,1704,917,0,2,0.0,2.1810250817884405
2023,GAB,2495,1334,0,6,0.0,4.497751124437781
2023,BHR,3072,1750,1,5,0.5714285714285715,2.857142857142857
2023,AND,2498,1308,0,11,0.0,8.409785932721713
2023,MCO,1846,1001,0,7,0.0,6.993006993006993
2023,PRY,2109,1123,0,4,0.0,3.561887800534283
2023,THA,1322,734,1,11,1.3623978201634876,14.986376021798364
2023,HRV,1646,900,2,4,2.2222222222222223,4.444444444444445
2023,BWA,1496,843,3,7,3.558718861209964,8.30367734282325
2023,TTO,2679,1418,1,5,0.7052186177715092,3.526093088857546
2023,QAT,2551,1331,2,1,1.5026296018031555,0.7513148009015778
2023,ZAF,2270,1191,0,2,0.0,1.6792611251049538
2023,USA,3625,1951,2,6,1.0251153254741159,3.075345976422348
2023,GTM,2584,1349,0,6,0.0,4.447739065974796
2023,SDN,1527,769,0,1,0.0,1.3003901170351106
2023,MOZ,1878,1058,0,11,0.0,10.396975425330814
2023,MAR,2255,1248,0,7,0.0,5.608974358974359
2023,MHL,2099,1147,0,12,0.0,10.462074978204011
2023,CAN,3917,1822,0,5,0.0,2.7442371020856204
2023,CZE,1599,882,0,1,0.0,1.1337868480725624
2023,ESP,3155,1658,2,2,1.2062726176115801,1.2062726176115801
2023,MRT,1544,825,2,5,2.4242424242424243,6.0606060606060606
2023,HTI,2089,1113,0,2,0.0,1.7969451931716083
2023,SYC,1531,900,3,7,3.3333333333333335,7.777777777777778
2023,LTU,1312,766,1,6,1.3054830287206267,7.832898172323759
2023,SVN,2060,1047,0,7,0.0,6.685768863419294
2023,PSE,2220,1107,0,1,0.0,0.9033423667570009
2023,PER,1842,973,0,6,0.0,6.166495375128468
2023,DEU,2438,1217,2,3,1.6433853738701725,2.4650780608052587
2023,COL,2562,1234,0,7,0.0,5.672609400324149
2023,TLS,1910,1091,1,8,0.9165902841429882,7.332722273143905
2023,TON,2940,1627,0,13,0.0,7.990165949600493
2023,CHL,2840,1383,0,7,0.0,5.061460592913956
2023,GEO,1806,1081,3,1,2.7752081406105455,0.9250693802035153
2023,SLV,2035,934,0,0,0.0,0.0
2023,GMB,2130,1182,0,13,0.0,10.998307952622675
2023,KAZ,1997,1150,0,4,0.0,3.4782608695652177
2023,TUV,2415,1364,2,9,1.466275659824047,6.5982404692082115
2023,FIN,1330,696,0,4,0.0,5.747126436781609
2023,SAU,2447,1360,3,3,2.2058823529411766,2.2058823529411766
2023,SGP,1873,1022,0,5,0.0,4.892367906066536
2023,KOR,1781,1029,4,6,3.887269193391642,5.830903790087463
2023,HND,1517,798,0,0,0.0,0.0
2023,MKD,1755,928,0,5,0.0,5.387931034482759
2023,CIV,1564,860,1,12,1.1627906976744187,13.953488372093023
2023,ERI,863,465,0,0,0.0,0.0
2023,CHE,1472,736,0,2,0.0,2.717391304347826
2023,CUB,2650,1388,0,4,0.0,2.881844380403458
2023,VUT,2516,1467,1,18,0.6816632583503749,12.269938650306749
2023,KNA,2018,1061,0,5,0.0,4.7125353440150795
2023,ISR,2720,1445,1,1,0.6920415224913494,0.6920415224913494
2023,MDV,2019,1129,0,8,0.0,7.085916740478299
2023,KHM,1374,793,0,2,0.0,2.5220680958385877
2023,KEN,2608,1475,1,1,0.6779661016949153,0.6779661016949153
2023,TGO,3385,1756,2,7,1.1389521640091116,3.986332574031891
2023,AUS,2904,1602,2,4,1.2484394506866416,2.4968789013732833
2023,NLD,1646,759,2,5,2.635046113306983,6.587615283267457
2023,KGZ,2565,1404,0,11,0.0,7.834757834757835
2023,LBN,1570,848,0,4,0.0,4.716981132075471
2023,SLE,2407,1441,0,5,0.0,3.4698126301179735
2023,EGY,2328,1317,1,5,0.7593014426727411,3.7965072133637054
2023,NZL,2486,1414,0,11,0.0,7.779349363507779
2023,CPV,1330,769,0,2,0.0,2.6007802340702213
2023,UGA,1791,1029,0,6,0.0,5.830903790087463
2023,TZA,1592,891,1,9,1.122334455667789,10.101010101010102
2023,FJI,1625,899,0,5,0.0,5.561735261401558
2023,PNG,4466,2570,2,30,0.7782101167315175,11.673151750972762
2023,SVK,1068,571,0,7,0.0,12.259194395796849
2023,NIC,2262,1183,0,1,0.0,0.8453085376162299
2023,AGO,2690,1375,1,5,0.7272727272727272,3.6363636363636362
2023,ITA,1935,924,0,1,0.0,1.0822510822510822
2023,KIR,1805,1025,0,3,0.0,2.926829268292683
2023,TCD,1458,796,0,6,0.0,7.537688442211055
2023,LVA,1670,949,0,1,0.0,1.053740779768177
2023,ARE,2100,1194,0,10,0.0,8.375209380234505
2023,BLZ,2094,1212,0,5,0.0,4.125412541254125
2023,LSO,1886,1017,2,3,1.9665683382497543,2.949852507374631
2024,DJI,1881,1045,1,3,0.9569377990430622,2.8708133971291865
2024,RUS,3037,1713,0,0,0.0,0.0
2024,GNQ,1062,628,0,2,0.0,3.1847133757961785
2024,SYR,2802,1621,0,2,0.0,1.2338062924120914
2024,SRB,2778,1271,0,0,0.0,0.0
2024,BOL,1604,937,0,5,0.0,5.3361792956243335
2024,IDN,1288,741,0,1,0.0,1.3495276653171389
2024,DNK,1567,838,0,2,0.0,2.3866348448687353
2024,BHS,1842,982,2,10,2.0366598778004072,10.183299389002038
2024,GIN,2477,1414,0,4,0.0,2.828854314002829
2024,SWE,1858,1030,0,1,0.0,0.970873786407767
2024,JOR,1495,769,0,0,0.0,0.0
2024,ARG,1924,992,0,0,0.0,0.0
2024,IND,1677,920,0,0,0.0,0.0
2024,BRB,2574,1323,0,6,0.0,4.535147392290249
2024,ALB,1924,969,0,0,0.0,0.0
2024,SWZ,1917,1124,5,6,4.448398576512456,5.338078291814947
2024,TUN,1818,1068,0,2,0.0,1.8726591760299625
2024,NRU,1590,881,4,5,4.540295119182747,5.675368898978434
2024,NOR,1695,882,0,0,0.0,0.0
2024,BTN,1060,571,0,0,0.0,0.0
2024,MDG,1337,826,1,5,1.2106537530266344,6.053268765133172
2024,EST,2170,1153,0,0,0.0,0.0
2024,DZA,1447,823,0,1,0.0,1.215066828675577
2024,LKA,1943,1137,1,5,0.8795074758135445,4.397537379067723
2024,POL,1340,740,0,0,0.0,0.0
2024,PRK,2061,1144,1,0,0.8741258741258742,0.0
2024,PHL,1811,1072,0,3,0.0,2.798507462686567
2024,GNB,902,512,0,3,0.0,5.859375
2024,BGR,1471,858,1,5,1.1655011655011656,5.827505827505828
2024,GBR,1965,993,0,6,0.0,6.042296072507553
2024,ECU,1472,878,0,3,0.0,3.416856492027335
2024,CRI,1459,818,0,0,0.0,0.0
2024,BFA,1704,1013,0,0,0.0,0.0
2024,PRT,1940,1062,1,5,0.9416195856873822,4.708097928436911
2024,CHN,2750,1582,0,1,0.0,0.6321112515802781
2024,CAF,1315,816,0,5,0.0,6.127450980392156
2024,BGD,3193,1898,0,4,0.0,2.107481559536354
2024,MYS,1930,1065,0,4,0.0,3.755868544600939
2024,SLB,2298,1382,0,7,0.0,5.065123010130246
2024,ATG,2456,1299,0,7,0.0,5.388760585065435
2024,TJK,1870,1074,0,13,0.0,12.104283054003723
2024,MEX,1750,1022,0,2,0.0,1.9569471624266144
2024,AUT,1257,641,0,1,0.0,1.5600624024960998
2024,COG,1175,651,0,2,0.0,3.0721966205837172
2024,CYP,2559,1352,0,0,0.0,0.0
2024,SMR,2566,1470,1,2,0.6802721088435374,1.3605442176870748
2024,COD,2836,1690,4,14,2.366863905325444,8.284023668639053
2024,AZE,2369,1401,1,8,0.7137758743754461,5.710206995003569
2024,GRC,2866,1533,0,4,0.0,2.609262883235486
2024,ISL,2586,1365,0,4,0.0,2.93040293040293
2024,HUN,2361,1113,1,0,0.8984725965858041,0.0
2024,UZB,1616,968,0,5,0.0,5.1652892561983474
2024,VEN,2909,1540,0,0,0.0,0.0
2024,LIE,1723,835,0,1,0.0,1.1976047904191616
2024,COM,1487,848,0,0,0.0,0.0
2024,MDA,1513,813,0,3,0.0,3.6900369003690034
2024,SUR,1446,824,0,4,0.0,4.854368932038835
2024,PAN,2028,1105,0,0,0.0,0.0
2024,URY,1503,660,0,0,0.0,0.0
2024,VCT,2305,1241,0,8,0.0,6.446414182111201
2024,ZWE,1655,948,1,4,1.0548523206751055,4.219409282700422
2024,TKM,1477,849,0,1,0.0,1.1778563015312131
2024,LUX,1654,867,0,0,0.0,0.0
2024,ZMB,2113,1234,0,4,0.0,3.2414910858995136
2024,FRA,3069,1661,1,2,0.6020469596628537,1.2040939193257074
2024,MLI,1612,1021,0,4,0.0,3.9177277179236043
2024,PAK,1562,928,0,2,0.0,2.155172413793103
2024,NER,1354,783,0,2,0.0,2.554278416347382
2024,MUS,1324,754,0,5,0.0,6.631299734748011
2024,IRL,1676,897,0,6,0.0,6.688963210702341
2024,VNM,1141,725,0,5,0.0,6.896551724137931
2024,BDI,1860,1120,0,4,0.0,3.571428571428571
2024,MNG,2547,1543,0,9,0.0,5.832793259883344
2024,SSD,2341,1342,0,4,0.0,2.9806259314456036
2024,OMN,845,504,2,2,3.968253968253968,3.968253968253968
2024,DOM,1504,845,2,1,2.366863905325444,1.183431952662722
2024,ETH,1371,789,2,2,2.5348542458808616,2.5348542458808616
2024,EU,2119,1194,0,4,0.0,3.3500837520938025
2024,BRA,2056,1154,0,6,0.0,5.199306759098787
2024,LBY,1237,708,0,1,0.0,1.4124293785310735
2024,PLW,1350,822,2,10,2.4330900243309004,12.165450121654501
2024,TUR,4065,2046,0,3,0.0,1.466275659824047
2024,FSM,2533,1413,0,16,0.0,11.32342533616419
2024,RWA,1095,632,0,3,0.0,4.746835443037975
2024,JPN,2293,1321,0,2,0.0,1.514004542013626
2024,GUY,2012,1126,0,8,0.0,7.104795737122558
2024,BLR,1873,1068,0,0,0.0,0.0
2024,ARM,1532,742,0,0,0.0,0.0
2024,WSM,1431,812,0,12,0.0,14.778325123152708
2024,GHA,1915,1005,0,0,0.0,0.0
2024,BEL,1300,716,0,2,0.0,2.793296089385475
2024,MOZ,1348,742,0,2,0.0,2.6954177897574128
2024,SDN,1641,940,0,1,0.0,1.0638297872340425
2024,GTM,2346,1210,0,6,0.0,4.958677685950414
2024,ZAF,1682,921,0,4,0.0,4.3431053203040175
2024,USA,3290,1691,2,3,1.1827321111768185,1.7740981667652278
2024,QAT,2278,1188,0,0,0.0,0.0
2024,TTO,2788,1466,2,2,1.364256480218281,1.364256480218281
2024,BWA,1560,928,0,3,0.0,3.2327586206896552
2024,HTI,2904,1680,0,7,0.0,4.166666666666667
2024,MRT,1468,838,2,2,2.3866348448687353,2.3866348448687353
2024,ESP,2858,1547,1,0,0.6464124111182935,0.0
2024,CZE,1073,596,0,0,0.0,0.0
2024,CAN,2162,1111,0,0,0.0,0.0
2024,MHL,1984,1157,1,3,0.8643042350907519,2.592912705272256
2024,MAR,2014,1164,0,4,0.0,3.4364261168384878
2024,BIH,1301,711,2,3,2.8129395218002813,4.219409282700422
2024,KWT,1947,1132,0,0,0.0,0.0
2024,MNE,2378,1298,0,6,0.0,4.622496147919877
2024,NAM,804,456,1,2,2.1929824561403506,4.385964912280701
2024,IRN,1793,959,0,0,0.0,0.0
2024,SEN,1171,667,1,4,1.4992503748125936,5.997001499250374
2024,NGA,2928,1638,2,6,1.221001221001221,3.663003663003663
2024,SOM,2033,1205,2,2,1.6597510373443982,1.6597510373443982
2024,YEM,1712,1002,0,1,0.0,0.998003992015968
2024,JAM,2593,1491,0,5,0.0,3.35345405767941
2024,IRQ,1844,1081,0,1,0.0,0.9250693802035153
2024,MLT,3434,1762,0,4,0.0,2.2701475595913734
2024,HRV,2814,1584,1,6,0.6313131313131314,3.787878787878788
2024,THA,1526,878,0,3,0.0,3.416856492027335
2024,PRY,2868,1593,1,4,0.6277463904582549,2.5109855618330195
2024,MCO,1521,863,0,2,0.0,2.317497103128621
2024,BHR,1637,892,0,0,0.0,0.0
2024,AND,2289,1255,1,8,0.7968127490039841,6.374501992031873
2024,GAB,1146,658,0,0,0.0,0.0
2024,MWI,1556,804,0,6,0.0,7.462686567164179
2024,BEN,1248,679,0,1,0.0,1.4727540500736376
2024,LCA,2091,1088,0,5,0.0,4.595588235294118
2024,GRD,2134,1067,0,6,0.0,5.623242736644799
2024,ROU,1174,628,0,2,0.0,3.1847133757961785
2024,STP,1284,697,1,7,1.4347202295552368,10.043041606886657
2024,LAO,2063,1196,0,10,0.0,8.361204013377925
2024,UKR,1642,848,0,0,0.0,0.0
2024,CMR,1642,933,0,2,0.0,2.1436227224008575
2024,LBR,1918,1135,0,4,0.0,3.524229074889868
2024,NPL,2036,1196,0,4,0.0,3.3444816053511706
2024,VAT,5473,2901,0,6,0.0,2.0682523267838677
2024,UGA,2165,1304,0,5,0.0,3.834355828220859
2024,CPV,1495,903,0,6,0.0,6.644518272425249
2024,NZL,1723,935,0,1,0.0,1.0695187165775402
2024,EGY,1924,1151,0,4,0.0,3.475238922675934
2024,SLE,2027,1157,0,2,0.0,1.7286084701815039
2024,LBN,1731,951,0,0,0.0,0.0
2024,KGZ,2368,1377,2,9,1.4524328249818446,6.5359477124183005
2024,NLD,2003,964,0,5,0.0,5.186721991701245
2024,AUS,3439,1897,1,6,0.5271481286241434,3.16288877174486
2024,TGO,1053,585,1,6,1.7094017094017093,10.256410256410257
2024,LSO,1768,1022,4,3,3.9138943248532287,2.935420743639922
2024,BLZ,1920,1076,0,8,0.0,7.434944237918216
2024,ARE,2044,1175,1,4,0.851063829787234,3.404255319148936
2024,TCD,1341,779,0,2,0.0,2.567394094993581
2024,LVA,1403,821,0,3,0.0,3.6540803897685747
2024,KIR,2958,1719,0,14,0.0,8.144269924374637
2024,ITA,1778,924,1,1,1.0822510822510822,1.0822510822510822
2024,AGO,3169,1634,2,1,1.2239902080783354,0.6119951040391677
2024,NIC,2355,1136,0,1,0.0,0.8802816901408451
2024,SVK,1882,966,0,3,0.0,3.105590062111801
2024,PNG,2214,1249,0,8,0.0,6.405124099279423
2024,FJI,1561,900,0,5,0.0,5.555555555555555
2024,TZA,1740,1081,2,9,1.8501387604070305,8.325624421831638
2024,SAU,1851,1122,0,3,0.0,2.6737967914438503
2024,FIN,2086,1082,0,3,0.0,2.7726432532347505
2024,KAZ,1513,895,1,5,1.1173184357541899,5.58659217877095
2024,TUV,2729,1633,0,22,0.0,13.472137170851195
2024,GMB,1828,1085,0,4,0.0,3.686635944700461
2024,SLV,1358,655,0,0,0.0,0.0
2024,GEO,1215,682,0,1,0.0,1.466275659824047
2024,CHL,1927,1063,0,3,0.0,2.8222013170272815
2024,TON,2766,1655,0,14,0.0,8.459214501510575
2024,TLS,1938,1057,0,3,0.0,2.838221381267739
2024,COL,2017,1029,0,4,0.0,3.887269193391642
2024,DEU,2395,1119,0,2,0.0,1.7873100983020553
2024,PSE,1660,920,0,0,0.0,0.0
2024,PER,1847,1135,1,6,0.881057268722467,5.286343612334802
2024,LTU,1376,784,0,1,0.0,1.2755102040816326
2024,SVN,1635,901,0,3,0.0,3.329633740288568
2024,SYC,1743,929,0,10,0.0,10.764262648008613
2024,KEN,2898,1746,3,11,1.7182130584192439,6.300114547537228
2024,KHM,1773,1058,1,1,0.945179584120983,0.945179584120983
2024,MDV,2359,1288,3,6,2.329192546583851,4.658385093167702
2024,ISR,4023,2005,0,0,0.0,0.0
2024,KNA,2654,1503,2,2,1.3306719893546242,1.3306719893546242
2024,VUT,1778,1109,0,10,0.0,9.017132551848512
2024,CHE,1179,653,0,2,0.0,3.0627871362940278
2024,CUB,1498,880,0,2,0.0,2.2727272727272725
2024,ERI,1175,644,0,0,0.0,0.0
2024,CIV,1082,588,0,3,0.0,5.1020408163265305
2024,HND,1214,702,0,2,0.0,2.849002849002849
2024,MKD,2460,1286,0,6,0.0,4.665629860031105
2024,KOR,727,410,0,0,0.0,0.0
2024,SGP,1963,1078,0,3,0.0,2.782931354359926
2025,BGD,4690,2690,1,4,0.37174721189591076,1.486988847583643
2025,CAF,2360,1266,1,2,0.7898894154818326,1.5797788309636651
2025,MYS,1439,757,0,0,0.0,0.0
2025,BRN,1325,721,0,2,0.0,2.7739251040221915
2025,SLB,3384,2012,1,7,0.49701789264413515,3.4791252485089466
2025,TJK,1629,967,1,5,1.0341261633919339,5.170630816959669
2025,ATG,2196,1265,0,6,0.0,4.743083003952569
2025,AUT,1421,742,0,2,0.0,2.6954177897574128
2025,MEX,1873,961,0,0,0.0,0.0
2025,CYP,1973,1052,0,2,0.0,1.9011406844106464
2025,COG,1620,861,0,2,0.0,2.3228803716608595
2025,DZA,2231,1124,0,0,0.0,0.0
2025,LKA,1969,1054,0,0,0.0,0.0
2025,POL,3024,1549,0,0,0.0,0.0
2025,PRK,1856,1057,0,0,0.0,0.0
2025,PHL,1978,1093,0,2,0.0,1.8298261665141813
2025,GNB,913,548,0,2,0.0,3.6496350364963503
2025,GBR,1778,945,0,0,0.0,0.0
2025,BGR,1630,1005,0,0,0.0,0.0
2025,CRI,1733,990,1,1,1.0101010101010102,1.0101010101010102
2025,BFA,2936,1508,0,0,0.0,0.0
2025,PRT,1910,1038,0,2,0.0,1.9267822736030829
2025,ECU,1845,1021,0,3,0.0,2.9382957884427032
2025,CHN,1954,1158,1,2,0.8635578583765112,1.7271157167530224
2025,JOR,1255,644,0,0,0.0,0.0
2025,SWE,1633,925,0,2,0.0,2.1621621621621623
2025,IND,1666,947,0,2,0.0,2.1119324181626187
2025,ARG,2883,1390,0,0,0.0,0.0
2025,BRB,4086,2003,0,4,0.0,1.99700449326011
2025,SWZ,1689,969,0,2,0.0,2.0639834881320946
2025,ALB,1623,897,2,2,2.229654403567447,2.229654403567447
2025,BTN,1395,793,2,5,2.5220680958385877,6.305170239596469
2025,NRU,1642,977,2,3,2.0470829068577276,3.0706243602865912
2025,TUN,3070,1631,0,1,0.0,0.6131207847946045
2025,NOR,1836,978,0,3,0.0,3.067484662576687
2025,EST,2002,1118,1,1,0.8944543828264758,0.8944543828264758
2025,MDG,2940,1473,2,3,1.357773251866938,2.0366598778004072
2025,DJI,2320,1284,0,3,0.0,2.336448598130841
2025,RUS,3015,1558,0,0,0.0,0.0
2025,BOL,2777,1385,0,5,0.0,3.6101083032490977
2025,GNQ,1226,662,0,4,0.0,6.042296072507553
2025,SYR,1118,583,0,0,0.0,0.0
2025,SRB,3543,1841,1,1,0.5431830526887561,0.5431830526887561
2025,IDN,1880,1044,0,2,0.0,1.9157088122605364
2025,DNK,1461,791,1,1,1.2642225031605563,1.2642225031605563
2025,GIN,1265,672,0,0,0.0,0.0
2025,BHS,1697,859,0,7,0.0,8.149010477299184
2025,JPN,3083,1743,0,0,0.0,0.0
2025,RWA,1793,1039,0,2,0.0,1.9249278152069298
2025,GUY,2230,1313,1,4,0.7616146230007617,3.0464584920030466
2025,BLR,3561,1739,0,0,0.0,0.0
2025,GHA,2995,1538,0,8,0.0,5.201560468140443
2025,WSM,1949,1145,0,10,0.0,8.73362445414847
2025,ARM,2899,1464,0,0,0.0,0.0
2025,BEL,838,457,0,1,0.0,2.1881838074398248
2025,MUS,1710,955,0,3,0.0,3.141361256544503
2025,NER,3743,1878,0,3,0.0,1.5974440894568689
2025,IRL,2440,1256,0,0,0.0,0.0
2025,FRA,4443,2123,0,3,0.0,1.4130946773433821
2025,MLI,3975,2070,1,1,0.4830917874396135,0.4830917874396135
2025,PAK,2518,1421,0,6,0.0,4.22237860661506
2025,VNM,1516,902,0,0,0.0,0.0
2025,BDI,1725,886,0,0,0.0,0.0
2025,MNG,2493,1500,0,3,0.0,2.0
2025,SSD,3128,1869,1,4,0.5350454788657035,2.140181915462814
2025,OMN,1154,659,2,1,3.0349013657056148,1.5174506828528074
2025,ETH,1480,849,4,0,4.7114252061248525,0.0
2025,DOM,1590,876,0,2,0.0,2.28310502283105
2025,BRA,1885,1020,0,6,0.0,5.88235294117647
2025,LBY,1241,668,0,1,0.0,1.4970059880239521
2025,PLW,1428,782,0,4,0.0,5.115089514066496
2025,FSM,1873,1108,1,5,0.9025270758122744,4.512635379061372
2025,TUR,3839,1961,1,0,0.5099439061703213,0.0
2025,COM,1970,1023,1,2,0.9775171065493646,1.9550342130987293
2025,MDA,838,476,0,1,0.0,2.100840336134454
2025,URY,1691,857,0,1,0.0,1.1668611435239205
2025,PAN,1737,944,0,2,0.0,2.1186440677966103
2025,SUR,2105,1116,1,5,0.8960573476702509,4.480286738351254
2025,VCT,1851,963,0,4,0.0,4.153686396677051
2025,ZWE,1800,1027,1,1,0.9737098344693281,0.9737098344693281
2025,TKM,1609,898,0,1,0.0,1.1135857461024499
2025,ZMB,2065,1232,0,3,0.0,2.435064935064935
2025,LUX,1030,545,0,0,0.0,0.0
2025,COD,3348,1845,0,2,0.0,1.084010840108401
2025,SMR,2750,1604,0,3,0.0,1.8703241895261844
2025,AZE,1822,1123,2,3,1.7809439002671414,2.6714158504007126
2025,GRC,3282,1746,0,3,0.0,1.7182130584192439
2025,HUN,2083,993,0,0,0.0,0.0
2025,ISL,2001,1051,1,2,0.9514747859181732,1.9029495718363465
2025,VEN,2049,1044,0,1,0.0,0.9578544061302682
2025,LIE,1875,921,0,2,0.0,2.1715526601520088
2025,UZB,1741,970,0,2,0.0,2.061855670103093
2025,HRV,1807,1069,0,0,0.0,0.0
2025,THA,2496,1348,0,2,0.0,1.483679525222552
2025,PRY,3323,1745,0,0,0.0,0.0
2025,AND,2753,1477,0,4,0.0,2.708192281651997
2025,BHR,2056,1168,1,1,0.8561643835616438,0.8561643835616438
2025,MCO,1505,829,0,2,0.0,2.4125452352231602
2025,GAB,1380,740,0,1,0.0,1.3513513513513513
2025,GRD,2724,1435,2,1,1.3937282229965158,0.6968641114982579
2025,MWI,1961,1172,0,6,0.0,5.1194539249146755
2025,BEN,2016,1145,0,4,0.0,3.493449781659389
2025,LCA,2741,1589,0,6,0.0,3.775959723096287
2025,STP,2464,1384,0,7,0.0,5.057803468208093
2025,ROU,2372,1244,0,2,0.0,1.607717041800643
2025,LAO,1679,1017,0,5,0.0,4.916420845624385
2025,UKR,2257,1159,0,1,0.0,0.8628127696289906
2025,VAT,1766,1003,0,3,0.0,2.991026919242273
2025,LBR,1454,841,0,2,0.0,2.378121284185493
2025,CMR,1697,918,0,4,0.0,4.357298474945535
2025,NPL,2194,1320,1,5,0.7575757575757576,3.787878787878788
2025,KWT,2307,1184,0,0,0.0,0.0
2025,BIH,3488,1777,0,1,0.0,0.5627462014631401
2025,MNE,1882,1048,0,1,0.0,0.9541984732824427
2025,IRN,2203,1159,0,0,0.0,0.0
2025,NAM,1714,966,0,4,0.0,4.140786749482402
2025,NGA,2594,1350,0,1,0.0,0.7407407407407407
2025,SEN,1368,726,0,2,0.0,2.7548209366391188
2025,JAM,1293,787,1,3,1.2706480304955527,3.8119440914866582
2025,YEM,1740,886,1,0,1.128668171557562,0.0
2025,SOM,1795,1044,0,12,0.0,11.494252873563218
2025,MLT,3498,1763,0,2,0.0,1.1344299489506524
2025,IRQ,2559,1331,2,4,1.5026296018031555,3.005259203606311
2025,HTI,2491,1352,1,1,0.7396449704142012,0.7396449704142012
2025,ESP,2299,1211,1,1,0.8257638315441783,0.8257638315441783
2025,MRT,1697,942,1,5,1.0615711252653928,5.307855626326964
2025,CZE,1246,702,0,1,0.0,1.4245014245014245
2025,MHL,1906,1072,0,3,0.0,2.798507462686567
2025,CAN,1725,964,0,2,0.0,2.074688796680498
2025,MAR,2009,1060,1,4,0.9433962264150944,3.7735849056603774
2025,MOZ,2158,1079,0,6,0.0,5.560704355885079
2025,SDN,1897,1017,0,0,0.0,0.0
2025,GTM,2515,1331,0,2,0.0,1.5026296018031555
2025,ZAF,2306,1275,1,6,0.7843137254901961,4.705882352941176
2025,USA,8445,3907,2,10,0.5119017148707448,2.5595085743537243
2025,QAT,1882,930,0,0,0.0,0.0
2025,TTO,2069,1129,1,0,0.8857395925597874,0.0
2025,BWA,984,522,1,2,1.9157088122605364,3.8314176245210727
2025,KEN,3440,1942,0,3,0.0,1.544799176107106
2025,MDV,1535,873,0,0,0.0,0.0
2025,KHM,1681,986,0,0,0.0,0.0
2025,KNA,3184,1754,0,3,0.0,1.7103762827822122
2025,VUT,1604,898,0,6,0.0,6.6815144766147
2025,ISR,4673,2384,0,0,0.0,0.0
2025,ERI,1121,647,0,0,0.0,0.0
2025,CHE,1286,676,0,1,0.0,1.4792899408284024
2025,CUB,2753,1474,0,2,0.0,1.3568521031207597
2025,MKD,1936,1094,0,4,0.0,3.656307129798903
2025,HND,1607,845,0,2,0.0,2.366863905325444
2025,CIV,2028,1123,0,4,0.0,3.561887800534283
2025,KOR,2428,1348,1,3,0.741839762611276,2.225519287833828
2025,SGP,1986,1096,0,1,0.0,0.9124087591240876
2025,FIN,2453,1247,0,2,0.0,1.6038492381716118
2025,SAU,2826,1596,2,3,1.2531328320802004,1.8796992481203008
2025,TUV,3161,1855,1,22,0.5390835579514826,11.859838274932613
2025,KAZ,2396,1447,1,1,0.691085003455425,0.691085003455425
2025,GMB,3652,2082,0,3,0.0,1.440922190201729
2025,GEO,1454,813,0,1,0.0,1.2300123001230012
2025,CHL,3024,1415,0,4,0.0,2.8268551236749113
2025,TON,2023,1176,0,5,0.0,4.251700680272109
2025,COL,4135,1915,3,13,1.566579634464752,6.788511749347259
2025,DEU,1626,868,0,3,0.0,3.4562211981566824
2025,TLS,2766,1559,1,3,0.6414368184733803,1.9243104554201411
2025,PER,2360,1222,0,1,0.0,0.8183306055646482
2025,PSE,2088,1071,0,0,0.0,0.0
2025,SVN,1907,978,0,0,0.0,0.0
2025,LTU,1605,937,2,1,2.1344717182497335,1.0672358591248667
2025,BLZ,2007,1107,1,1,0.9033423667570009,0.9033423667570009
2025,LSO,1998,1203,2,4,1.6625103906899419,3.3250207813798838
2025,TCD,3583,1787,0,4,0.0,2.2383883603805264
2025,LVA,1487,832,0,2,0.0,2.403846153846154
2025,ARE,1416,784,1,0,1.2755102040816326,0.0
2025,ITA,2241,1171,0,1,0.0,0.8539709649871904
2025,AGO,2743,1456,0,8,0.0,5.4945054945054945
2025,KIR,1436,871,4,2,4.5924225028702645,2.2962112514351323
2025,SVK,1588,830,0,0,0.0,0.0
2025,NIC,1432,745,0,0,0.0,0.0
2025,PNG,2112,1103,0,1,0.0,0.9066183136899365
2025,TZA,1493,857,1,2,1.1668611435239205,2.333722287047841
2025,FJI,3013,1690,0,5,0.0,2.9585798816568047
2025,CPV,1070,586,0,1,0.0,1.7064846416382253
2025,UGA,1448,881,0,1,0.0,1.1350737797956867
2025,NZL,1812,984,0,0,0.0,0.0
2025,EGY,2276,1219,0,0,0.0,0.0
2025,SLE,2181,1246,1,5,0.8025682182985554,4.012841091492777
2025,KGZ,2856,1582,0,1,0.0,0.6321112515802781
2025,LBN,2455,1282,0,0,0.0,0.0
2025,AUS,2431,1226,4,2,3.2626427406199023,1.6313213703099512
2025,NLD,1612,814,0,0,0.0,0.0
2025,TGO,3182,1607,0,0,0.0,0.0
